2026/09/26 17:14:13 Loaded 105 nodes and 840 links
2026/09/26 17:14:13 State Space Options: options:{max_actions:256 max_concurrent_actions:1 crash_on_yield:true} deadlock_detection:false
Generated 8 unique operations
Generated 8 operation groups
Group: Controller#0.Restart
  Op: role:{role_name:"Controller"} action_name:"Restart", MaxYields: 0
Group: Controller#0.Inspect
  Op: role:{role_name:"Controller"} action_name:"Inspect", MaxYields: 0
Group: Controller#0.Resume
  Op: role:{role_name:"Controller"} action_name:"Resume", MaxYields: 0
Group: Controller#0.Overlap
  Op: role:{role_name:"Controller"} action_name:"Overlap", MaxYields: 0
Group: Controller#0.Start
  Op: role:{role_name:"Controller"} action_name:"Start", MaxYields: 0
Group: Controller#0.Review
  Op: role:{role_name:"Controller"} action_name:"Review", MaxYields: 0
Group: Controller#0.Proof
  Op: role:{role_name:"Controller"} action_name:"Proof", MaxYields: 0
Group: Controller#0.Corrupt
  Op: role:{role_name:"Controller"} action_name:"Corrupt", MaxYields: 0
2026/09/26 17:14:13 FizzMo server listening on :50051
2026/09/26 17:14:13 Received StartTestRun request: 
Received ValidateTrace request: demo-run-id
  Request 0: role:{role_name:"Controller"} action_name:"Inspect"
  Response 0: return_values:{str_value:"DISABLED"} exec_time:{start_unix_nano:219986333 end_unix_nano:220050583} status:{code:STATUS_OK message:"OK"} roles:{role_name:"Controller"}
  Request 1: role:{role_name:"Controller"} action_name:"Restart"
  Response 1: return_values:{str_value:"DISABLED"} exec_time:{start_unix_nano:220847625 end_unix_nano:220902917} status:{code:STATUS_OK message:"OK"} roles:{role_name:"Controller"}
  Request 2: role:{role_name:"Controller"} action_name:"Start"
  Response 2: return_values:{str_value:"77|RUNNING|3|3|implementation|0|1|0|0|1"} exec_time:{start_unix_nano:221337917 end_unix_nano:3385861042} status:{code:STATUS_OK message:"OK"} roles:{role_name:"Controller"}
  Request 3: role:{role_name:"Controller"} action_name:"Resume"
  Response 3: return_values:{str_value:"DISABLED"} exec_time:{start_unix_nano:3386778542 end_unix_nano:3386827542} status:{code:STATUS_OK message:"OK"} roles:{role_name:"Controller"}
  Request 4: role:{role_name:"Controller"} action_name:"Corrupt"
  Response 4: return_values:{str_value:"DISABLED"} exec_time:{start_unix_nano:3387431917 end_unix_nano:3387504750} status:{code:STATUS_OK message:"OK"} roles:{role_name:"Controller"}
  Request 5: role:{role_name:"Controller"} action_name:"Inspect"
  Response 5: return_values:{str_value:"1|RUNNING|3|3|implementation|0|1|0|0|1"} exec_time:{start_unix_nano:3388112500 end_unix_nano:3856153667} status:{code:STATUS_OK message:"OK"} roles:{role_name:"Controller"}
  Request 6: role:{role_name:"Controller"} action_name:"Start"
  Response 6: return_values:{str_value:"DISABLED"} exec_time:{start_unix_nano:3856900542 end_unix_nano:3856913250} status:{code:STATUS_OK message:"OK"} roles:{role_name:"Controller"}
  Request 7: role:{role_name:"Controller"} action_name:"Restart"
  Response 7: return_values:{str_value:"DISABLED"} exec_time:{start_unix_nano:3857491417 end_unix_nano:3857512083} status:{code:STATUS_OK message:"OK"} roles:{role_name:"Controller"}
  Request 8: role:{role_name:"Controller"} action_name:"Restart"
  Response 8: return_values:{str_value:"DISABLED"} exec_time:{start_unix_nano:3858043208 end_unix_nano:3858056333} status:{code:STATUS_OK message:"OK"} roles:{role_name:"Controller"}
  Request 9: role:{role_name:"Controller"} action_name:"Start"
  Response 9: return_values:{str_value:"DISABLED"} exec_time:{start_unix_nano:3858423625 end_unix_nano:3858432250} status:{code:STATUS_OK message:"OK"} roles:{role_name:"Controller"}
  Request 10: role:{role_name:"Controller"} action_name:"Overlap"
  Response 10: return_values:{str_value:"DISABLED"} exec_time:{start_unix_nano:3858752083 end_unix_nano:3858827333} status:{code:STATUS_OK message:"OK"} roles:{role_name:"Controller"}
  Request 11: role:{role_name:"Controller"} action_name:"Restart"
  Response 11: return_values:{str_value:"DISABLED"} exec_time:{start_unix_nano:3859122542 end_unix_nano:3859129792} status:{code:STATUS_OK message:"OK"} roles:{role_name:"Controller"}
  Request 12: role:{role_name:"Controller"} action_name:"Corrupt"
  Response 12: return_values:{str_value:"DISABLED"} exec_time:{start_unix_nano:3859460375 end_unix_nano:3859468250} status:{code:STATUS_OK message:"OK"} roles:{role_name:"Controller"}
  Request 13: role:{role_name:"Controller"} action_name:"Overlap"
  Response 13: return_values:{str_value:"DISABLED"} exec_time:{start_unix_nano:3859730833 end_unix_nano:3859736042} status:{code:STATUS_OK message:"OK"} roles:{role_name:"Controller"}
  Request 14: role:{role_name:"Controller"} action_name:"Proof"
  Response 14: return_values:{str_value:"DISABLED"} exec_time:{start_unix_nano:3860029583 end_unix_nano:3860081500} status:{code:STATUS_OK message:"OK"} roles:{role_name:"Controller"}
  Request 15: role:{role_name:"Controller"} action_name:"Review"
  Response 15: return_values:{str_value:"77|RUNNING|4|4|implementation,review|0|1|1|0|1"} exec_time:{start_unix_nano:3860384167 end_unix_nano:5537939208} status:{code:STATUS_OK message:"OK"} roles:{role_name:"Controller"}
  Request 16: role:{role_name:"Controller"} action_name:"Proof"
  Response 16: return_values:{str_value:"77|RUNNING|5|4|implementation,review|0|1|1|0|1"} exec_time:{start_unix_nano:5538698417 end_unix_nano:6554113583} status:{code:STATUS_OK message:"OK"} roles:{role_name:"Controller"}
  Request 17: role:{role_name:"Controller"} action_name:"Resume"
  Response 17: return_values:{str_value:"DISABLED"} exec_time:{start_unix_nano:6554742167 end_unix_nano:6554754250} status:{code:STATUS_OK message:"OK"} roles:{role_name:"Controller"}
  Request 18: role:{role_name:"Controller"} action_name:"Review"
  Response 18: return_values:{str_value:"DISABLED"} exec_time:{start_unix_nano:6555073292 end_unix_nano:6555082167} status:{code:STATUS_OK message:"OK"} roles:{role_name:"Controller"}
  Request 19: role:{role_name:"Controller"} action_name:"Restart"
  Response 19: return_values:{str_value:"0|REVIEWED_AND_PROVEN|5|5|implementation,proof,review|0|1|1|1|1"} exec_time:{start_unix_nano:6555349625 end_unix_nano:8958466375} status:{code:STATUS_OK message:"OK"} roles:{role_name:"Controller"}
  Request 20: role:{role_name:"Controller"} action_name:"Proof"
  Response 20: return_values:{str_value:"DISABLED"} exec_time:{start_unix_nano:8959095917 end_unix_nano:8959105250} status:{code:STATUS_OK message:"OK"} roles:{role_name:"Controller"}
  Request 21: role:{role_name:"Controller"} action_name:"Corrupt"
  Response 21: return_values:{str_value:"DISABLED"} exec_time:{start_unix_nano:8959429917 end_unix_nano:8959437958} status:{code:STATUS_OK message:"OK"} roles:{role_name:"Controller"}
  Request 22: role:{role_name:"Controller"} action_name:"Corrupt"
  Response 22: return_values:{str_value:"DISABLED"} exec_time:{start_unix_nano:8959703458 end_unix_nano:8959711708} status:{code:STATUS_OK message:"OK"} roles:{role_name:"Controller"}
  Request 23: role:{role_name:"Controller"} action_name:"Overlap"
  Response 23: return_values:{str_value:"DISABLED"} exec_time:{start_unix_nano:8960161708 end_unix_nano:8960171917} status:{code:STATUS_OK message:"OK"} roles:{role_name:"Controller"}
  Request 24: role:{role_name:"Controller"} action_name:"Resume"
  Response 24: return_values:{str_value:"0|REVIEWED_AND_PROVEN|5|5|implementation,proof,review|0|1|1|1|1"} exec_time:{start_unix_nano:8960467167 end_unix_nano:9715611375} status:{code:STATUS_OK message:"OK"} roles:{role_name:"Controller"}
  Request 25: role:{role_name:"Controller"} action_name:"Overlap"
  Response 25: return_values:{str_value:"DISABLED"} exec_time:{start_unix_nano:9716157625 end_unix_nano:9716165792} status:{code:STATUS_OK message:"OK"} roles:{role_name:"Controller"}
  Request 26: role:{role_name:"Controller"} action_name:"Resume"
  Response 26: return_values:{str_value:"0|REVIEWED_AND_PROVEN|5|5|implementation,proof,review|0|1|1|1|1"} exec_time:{start_unix_nano:9716423333 end_unix_nano:10475692875} status:{code:STATUS_OK message:"OK"} roles:{role_name:"Controller"}
  Request 27: role:{role_name:"Controller"} action_name:"Corrupt"
  Response 27: return_values:{str_value:"DISABLED"} exec_time:{start_unix_nano:10476271083 end_unix_nano:10476280833} status:{code:STATUS_OK message:"OK"} roles:{role_name:"Controller"}
  Request 28: role:{role_name:"Controller"} action_name:"Overlap"
  Response 28: return_values:{str_value:"DISABLED"} exec_time:{start_unix_nano:10476680167 end_unix_nano:10476688042} status:{code:STATUS_OK message:"OK"} roles:{role_name:"Controller"}
  Request 29: role:{role_name:"Controller"} action_name:"Overlap"
  Response 29: return_values:{str_value:"DISABLED"} exec_time:{start_unix_nano:10476928000 end_unix_nano:10476933542} status:{code:STATUS_OK message:"OK"} roles:{role_name:"Controller"}
  Request 30: role:{role_name:"Controller"} action_name:"Corrupt"
  Response 30: return_values:{str_value:"DISABLED"} exec_time:{start_unix_nano:10477217542 end_unix_nano:10477222583} status:{code:STATUS_OK message:"OK"} roles:{role_name:"Controller"}
  Request 31: role:{role_name:"Controller"} action_name:"Proof"
  Response 31: return_values:{str_value:"DISABLED"} exec_time:{start_unix_nano:10477499292 end_unix_nano:10477504417} status:{code:STATUS_OK message:"OK"} roles:{role_name:"Controller"}
  Request 32: role:{role_name:"Controller"} action_name:"Start"
  Response 32: return_values:{str_value:"DISABLED"} exec_time:{start_unix_nano:10477877917 end_unix_nano:10477885167} status:{code:STATUS_OK message:"OK"} roles:{role_name:"Controller"}
  Request 33: role:{role_name:"Controller"} action_name:"Corrupt"
  Response 33: return_values:{str_value:"DISABLED"} exec_time:{start_unix_nano:10478090792 end_unix_nano:10478094500} status:{code:STATUS_OK message:"OK"} roles:{role_name:"Controller"}
  Request 34: role:{role_name:"Controller"} action_name:"Restart"
  Response 34: return_values:{str_value:"DISABLED"} exec_time:{start_unix_nano:10478824292 end_unix_nano:10478832167} status:{code:STATUS_OK message:"OK"} roles:{role_name:"Controller"}
  Request 35: role:{role_name:"Controller"} action_name:"Review"
  Response 35: return_values:{str_value:"DISABLED"} exec_time:{start_unix_nano:10479137250 end_unix_nano:10479141875} status:{code:STATUS_OK message:"OK"} roles:{role_name:"Controller"}
  Request 36: role:{role_name:"Controller"} action_name:"Review"
  Response 36: return_values:{str_value:"DISABLED"} exec_time:{start_unix_nano:10479487750 end_unix_nano:10479497042} status:{code:STATUS_OK message:"OK"} roles:{role_name:"Controller"}
  Request 37: role:{role_name:"Controller"} action_name:"Corrupt"
  Response 37: return_values:{str_value:"DISABLED"} exec_time:{start_unix_nano:10479830417 end_unix_nano:10479837792} status:{code:STATUS_OK message:"OK"} roles:{role_name:"Controller"}
  Request 38: role:{role_name:"Controller"} action_name:"Resume"
  Response 38: return_values:{str_value:"DISABLED"} exec_time:{start_unix_nano:10480135875 end_unix_nano:10480149542} status:{code:STATUS_OK message:"OK"} roles:{role_name:"Controller"}
  Request 39: role:{role_name:"Controller"} action_name:"Start"
  Response 39: return_values:{str_value:"DISABLED"} exec_time:{start_unix_nano:10480457875 end_unix_nano:10480465250} status:{code:STATUS_OK message:"OK"} roles:{role_name:"Controller"}
  Request 40: role:{role_name:"Controller"} action_name:"Start"
  Response 40: return_values:{str_value:"DISABLED"} exec_time:{start_unix_nano:10480753458 end_unix_nano:10480759000} status:{code:STATUS_OK message:"OK"} roles:{role_name:"Controller"}
  Request 41: role:{role_name:"Controller"} action_name:"Resume"
  Response 41: return_values:{str_value:"DISABLED"} exec_time:{start_unix_nano:10481144625 end_unix_nano:10481149917} status:{code:STATUS_OK message:"OK"} roles:{role_name:"Controller"}
  Request 42: role:{role_name:"Controller"} action_name:"Overlap"
  Response 42: return_values:{str_value:"DISABLED"} exec_time:{start_unix_nano:10481365625 end_unix_nano:10481376000} status:{code:STATUS_OK message:"OK"} roles:{role_name:"Controller"}
  Request 43: role:{role_name:"Controller"} action_name:"Start"
  Response 43: return_values:{str_value:"DISABLED"} exec_time:{start_unix_nano:10481595208 end_unix_nano:10481603083} status:{code:STATUS_OK message:"OK"} roles:{role_name:"Controller"}
  Request 44: role:{role_name:"Controller"} action_name:"Proof"
  Response 44: return_values:{str_value:"DISABLED"} exec_time:{start_unix_nano:10481841542 end_unix_nano:10481847708} status:{code:STATUS_OK message:"OK"} roles:{role_name:"Controller"}
  Request 45: role:{role_name:"Controller"} action_name:"Review"
  Response 45: return_values:{str_value:"DISABLED"} exec_time:{start_unix_nano:10482154083 end_unix_nano:10482162875} status:{code:STATUS_OK message:"OK"} roles:{role_name:"Controller"}
  Request 46: role:{role_name:"Controller"} action_name:"Start"
  Response 46: return_values:{str_value:"DISABLED"} exec_time:{start_unix_nano:10482443583 end_unix_nano:10482448625} status:{code:STATUS_OK message:"OK"} roles:{role_name:"Controller"}
  Request 47: role:{role_name:"Controller"} action_name:"Start"
  Response 47: return_values:{str_value:"DISABLED"} exec_time:{start_unix_nano:10482642417 end_unix_nano:10482647458} status:{code:STATUS_OK message:"OK"} roles:{role_name:"Controller"}
  Request 48: role:{role_name:"Controller"} action_name:"Restart"
  Response 48: return_values:{str_value:"DISABLED"} exec_time:{start_unix_nano:10482889208 end_unix_nano:10482896208} status:{code:STATUS_OK message:"OK"} roles:{role_name:"Controller"}
  Request 49: role:{role_name:"Controller"} action_name:"Corrupt"
  Response 49: return_values:{str_value:"DISABLED"} exec_time:{start_unix_nano:10483101458 end_unix_nano:10483106042} status:{code:STATUS_OK message:"OK"} roles:{role_name:"Controller"}
  Request 50: role:{role_name:"Controller"} action_name:"Review"
  Response 50: return_values:{str_value:"DISABLED"} exec_time:{start_unix_nano:10483389250 end_unix_nano:10483394375} status:{code:STATUS_OK message:"OK"} roles:{role_name:"Controller"}
  Request 51: role:{role_name:"Controller"} action_name:"Corrupt"
  Response 51: return_values:{str_value:"DISABLED"} exec_time:{start_unix_nano:10483637583 end_unix_nano:10483642292} status:{code:STATUS_OK message:"OK"} roles:{role_name:"Controller"}
  Request 52: role:{role_name:"Controller"} action_name:"Review"
  Response 52: return_values:{str_value:"DISABLED"} exec_time:{start_unix_nano:10483891125 end_unix_nano:10483897042} status:{code:STATUS_OK message:"OK"} roles:{role_name:"Controller"}
  Request 53: role:{role_name:"Controller"} action_name:"Review"
  Response 53: return_values:{str_value:"DISABLED"} exec_time:{start_unix_nano:10484112042 end_unix_nano:10484116292} status:{code:STATUS_OK message:"OK"} roles:{role_name:"Controller"}
  Request 54: role:{role_name:"Controller"} action_name:"Corrupt"
  Response 54: return_values:{str_value:"DISABLED"} exec_time:{start_unix_nano:10484348458 end_unix_nano:10484355458} status:{code:STATUS_OK message:"OK"} roles:{role_name:"Controller"}
  Request 55: role:{role_name:"Controller"} action_name:"Corrupt"
  Response 55: return_values:{str_value:"DISABLED"} exec_time:{start_unix_nano:10484597083 end_unix_nano:10484603750} status:{code:STATUS_OK message:"OK"} roles:{role_name:"Controller"}
  Request 56: role:{role_name:"Controller"} action_name:"Start"
  Response 56: return_values:{str_value:"DISABLED"} exec_time:{start_unix_nano:10484795833 end_unix_nano:10484800042} status:{code:STATUS_OK message:"OK"} roles:{role_name:"Controller"}
  Request 57: role:{role_name:"Controller"} action_name:"Proof"
  Response 57: return_values:{str_value:"DISABLED"} exec_time:{start_unix_nano:10484991500 end_unix_nano:10484996667} status:{code:STATUS_OK message:"OK"} roles:{role_name:"Controller"}
  Request 58: role:{role_name:"Controller"} action_name:"Inspect"
  Response 58: return_values:{str_value:"DISABLED"} exec_time:{start_unix_nano:10485162208 end_unix_nano:10485167167} status:{code:STATUS_OK message:"OK"} roles:{role_name:"Controller"}
  Request 59: role:{role_name:"Controller"} action_name:"Inspect"
  Response 59: return_values:{str_value:"DISABLED"} exec_time:{start_unix_nano:10485388083 end_unix_nano:10485395833} status:{code:STATUS_OK message:"OK"} roles:{role_name:"Controller"}
  Request 60: role:{role_name:"Controller"} action_name:"Inspect"
  Response 60: return_values:{str_value:"DISABLED"} exec_time:{start_unix_nano:10485599917 end_unix_nano:10485604292} status:{code:STATUS_OK message:"OK"} roles:{role_name:"Controller"}
  Request 61: role:{role_name:"Controller"} action_name:"Review"
  Response 61: return_values:{str_value:"DISABLED"} exec_time:{start_unix_nano:10485801250 end_unix_nano:10485807083} status:{code:STATUS_OK message:"OK"} roles:{role_name:"Controller"}
  Request 62: role:{role_name:"Controller"} action_name:"Start"
  Response 62: return_values:{str_value:"DISABLED"} exec_time:{start_unix_nano:10486014125 end_unix_nano:10486018667} status:{code:STATUS_OK message:"OK"} roles:{role_name:"Controller"}
  Request 63: role:{role_name:"Controller"} action_name:"Resume"
  Response 63: return_values:{str_value:"DISABLED"} exec_time:{start_unix_nano:10486223917 end_unix_nano:10486229583} status:{code:STATUS_OK message:"OK"} roles:{role_name:"Controller"}
  Request 64: role:{role_name:"Controller"} action_name:"Proof"
  Response 64: return_values:{str_value:"DISABLED"} exec_time:{start_unix_nano:10486432208 end_unix_nano:10486436583} status:{code:STATUS_OK message:"OK"} roles:{role_name:"Controller"}
  Request 65: role:{role_name:"Controller"} action_name:"Overlap"
  Response 65: return_values:{str_value:"DISABLED"} exec_time:{start_unix_nano:10486614042 end_unix_nano:10486618000} status:{code:STATUS_OK message:"OK"} roles:{role_name:"Controller"}
  Request 66: role:{role_name:"Controller"} action_name:"Review"
  Response 66: return_values:{str_value:"DISABLED"} exec_time:{start_unix_nano:10486805375 end_unix_nano:10486809208} status:{code:STATUS_OK message:"OK"} roles:{role_name:"Controller"}
  Request 67: role:{role_name:"Controller"} action_name:"Review"
  Response 67: return_values:{str_value:"DISABLED"} exec_time:{start_unix_nano:10487162292 end_unix_nano:10487166708} status:{code:STATUS_OK message:"OK"} roles:{role_name:"Controller"}
  Request 68: role:{role_name:"Controller"} action_name:"Proof"
  Response 68: return_values:{str_value:"DISABLED"} exec_time:{start_unix_nano:10487332500 end_unix_nano:10487363292} status:{code:STATUS_OK message:"OK"} roles:{role_name:"Controller"}
  Request 69: role:{role_name:"Controller"} action_name:"Proof"
  Response 69: return_values:{str_value:"DISABLED"} exec_time:{start_unix_nano:10487527792 end_unix_nano:10487531000} status:{code:STATUS_OK message:"OK"} roles:{role_name:"Controller"}
  Request 70: role:{role_name:"Controller"} action_name:"Inspect"
  Response 70: return_values:{str_value:"DISABLED"} exec_time:{start_unix_nano:10487700750 end_unix_nano:10487705875} status:{code:STATUS_OK message:"OK"} roles:{role_name:"Controller"}
  Request 71: role:{role_name:"Controller"} action_name:"Start"
  Response 71: return_values:{str_value:"DISABLED"} exec_time:{start_unix_nano:10487918792 end_unix_nano:10487925500} status:{code:STATUS_OK message:"OK"} roles:{role_name:"Controller"}
  Request 72: role:{role_name:"Controller"} action_name:"Proof"
  Response 72: return_values:{str_value:"DISABLED"} exec_time:{start_unix_nano:10488231667 end_unix_nano:10488236625} status:{code:STATUS_OK message:"OK"} roles:{role_name:"Controller"}
  Request 73: role:{role_name:"Controller"} action_name:"Overlap"
  Response 73: return_values:{str_value:"DISABLED"} exec_time:{start_unix_nano:10488469750 end_unix_nano:10488475375} status:{code:STATUS_OK message:"OK"} roles:{role_name:"Controller"}
  Request 74: role:{role_name:"Controller"} action_name:"Overlap"
  Response 74: return_values:{str_value:"DISABLED"} exec_time:{start_unix_nano:10488643875 end_unix_nano:10488647833} status:{code:STATUS_OK message:"OK"} roles:{role_name:"Controller"}
  Request 75: role:{role_name:"Controller"} action_name:"Resume"
  Response 75: return_values:{str_value:"DISABLED"} exec_time:{start_unix_nano:10488894292 end_unix_nano:10488899792} status:{code:STATUS_OK message:"OK"} roles:{role_name:"Controller"}
  Request 76: role:{role_name:"Controller"} action_name:"Proof"
  Response 76: return_values:{str_value:"DISABLED"} exec_time:{start_unix_nano:10489135708 end_unix_nano:10489142208} status:{code:STATUS_OK message:"OK"} roles:{role_name:"Controller"}
  Request 77: role:{role_name:"Controller"} action_name:"Start"
  Response 77: return_values:{str_value:"DISABLED"} exec_time:{start_unix_nano:10489349667 end_unix_nano:10489353750} status:{code:STATUS_OK message:"OK"} roles:{role_name:"Controller"}
  Request 78: role:{role_name:"Controller"} action_name:"Overlap"
  Response 78: return_values:{str_value:"DISABLED"} exec_time:{start_unix_nano:10489563250 end_unix_nano:10489567833} status:{code:STATUS_OK message:"OK"} roles:{role_name:"Controller"}
  Request 79: role:{role_name:"Controller"} action_name:"Start"
  Response 79: return_values:{str_value:"DISABLED"} exec_time:{start_unix_nano:10489761750 end_unix_nano:10489768583} status:{code:STATUS_OK message:"OK"} roles:{role_name:"Controller"}
  Request 80: role:{role_name:"Controller"} action_name:"Corrupt"
  Response 80: return_values:{str_value:"DISABLED"} exec_time:{start_unix_nano:10489994333 end_unix_nano:10490001958} status:{code:STATUS_OK message:"OK"} roles:{role_name:"Controller"}
  Request 81: role:{role_name:"Controller"} action_name:"Corrupt"
  Response 81: return_values:{str_value:"DISABLED"} exec_time:{start_unix_nano:10490242542 end_unix_nano:10490249625} status:{code:STATUS_OK message:"OK"} roles:{role_name:"Controller"}
  Request 82: role:{role_name:"Controller"} action_name:"Inspect"
  Response 82: return_values:{str_value:"DISABLED"} exec_time:{start_unix_nano:10490428625 end_unix_nano:10490433667} status:{code:STATUS_OK message:"OK"} roles:{role_name:"Controller"}
  Request 83: role:{role_name:"Controller"} action_name:"Inspect"
  Response 83: return_values:{str_value:"DISABLED"} exec_time:{start_unix_nano:10490584458 end_unix_nano:10490588042} status:{code:STATUS_OK message:"OK"} roles:{role_name:"Controller"}
  Request 84: role:{role_name:"Controller"} action_name:"Start"
  Response 84: return_values:{str_value:"DISABLED"} exec_time:{start_unix_nano:10490769042 end_unix_nano:10490773333} status:{code:STATUS_OK message:"OK"} roles:{role_name:"Controller"}
  Request 85: role:{role_name:"Controller"} action_name:"Review"
  Response 85: return_values:{str_value:"DISABLED"} exec_time:{start_unix_nano:10490985667 end_unix_nano:10490995000} status:{code:STATUS_OK message:"OK"} roles:{role_name:"Controller"}
  Request 86: role:{role_name:"Controller"} action_name:"Resume"
  Response 86: return_values:{str_value:"DISABLED"} exec_time:{start_unix_nano:10491184958 end_unix_nano:10491189000} status:{code:STATUS_OK message:"OK"} roles:{role_name:"Controller"}
  Request 87: role:{role_name:"Controller"} action_name:"Inspect"
  Response 87: return_values:{str_value:"DISABLED"} exec_time:{start_unix_nano:10491371542 end_unix_nano:10491376167} status:{code:STATUS_OK message:"OK"} roles:{role_name:"Controller"}
  Request 88: role:{role_name:"Controller"} action_name:"Proof"
  Response 88: return_values:{str_value:"DISABLED"} exec_time:{start_unix_nano:10491559125 end_unix_nano:10491564000} status:{code:STATUS_OK message:"OK"} roles:{role_name:"Controller"}
  Request 89: role:{role_name:"Controller"} action_name:"Restart"
  Response 89: return_values:{str_value:"DISABLED"} exec_time:{start_unix_nano:10491734000 end_unix_nano:10491740833} status:{code:STATUS_OK message:"OK"} roles:{role_name:"Controller"}
  Request 90: role:{role_name:"Controller"} action_name:"Resume"
  Response 90: return_values:{str_value:"DISABLED"} exec_time:{start_unix_nano:10491911792 end_unix_nano:10491916042} status:{code:STATUS_OK message:"OK"} roles:{role_name:"Controller"}
  Request 91: role:{role_name:"Controller"} action_name:"Overlap"
  Response 91: return_values:{str_value:"DISABLED"} exec_time:{start_unix_nano:10492236750 end_unix_nano:10492242625} status:{code:STATUS_OK message:"OK"} roles:{role_name:"Controller"}
  Request 92: role:{role_name:"Controller"} action_name:"Overlap"
  Response 92: return_values:{str_value:"DISABLED"} exec_time:{start_unix_nano:10492386958 end_unix_nano:10492390167} status:{code:STATUS_OK message:"OK"} roles:{role_name:"Controller"}
  Request 93: role:{role_name:"Controller"} action_name:"Resume"
  Response 93: return_values:{str_value:"DISABLED"} exec_time:{start_unix_nano:10492551583 end_unix_nano:10492555750} status:{code:STATUS_OK message:"OK"} roles:{role_name:"Controller"}
  Request 94: role:{role_name:"Controller"} action_name:"Overlap"
  Response 94: return_values:{str_value:"DISABLED"} exec_time:{start_unix_nano:10492725500 end_unix_nano:10492729583} status:{code:STATUS_OK message:"OK"} roles:{role_name:"Controller"}
  Request 95: role:{role_name:"Controller"} action_name:"Resume"
  Response 95: return_values:{str_value:"DISABLED"} exec_time:{start_unix_nano:10492925958 end_unix_nano:10492931083} status:{code:STATUS_OK message:"OK"} roles:{role_name:"Controller"}
  Request 96: role:{role_name:"Controller"} action_name:"Corrupt"
  Response 96: return_values:{str_value:"DISABLED"} exec_time:{start_unix_nano:10493083208 end_unix_nano:10493086750} status:{code:STATUS_OK message:"OK"} roles:{role_name:"Controller"}
  Request 97: role:{role_name:"Controller"} action_name:"Inspect"
  Response 97: return_values:{str_value:"DISABLED"} exec_time:{start_unix_nano:10493231875 end_unix_nano:10493235708} status:{code:STATUS_OK message:"OK"} roles:{role_name:"Controller"}
  Request 98: role:{role_name:"Controller"} action_name:"Start"
  Response 98: return_values:{str_value:"DISABLED"} exec_time:{start_unix_nano:10493389875 end_unix_nano:10493393708} status:{code:STATUS_OK message:"OK"} roles:{role_name:"Controller"}
  Request 99: role:{role_name:"Controller"} action_name:"Corrupt"
  Response 99: return_values:{str_value:"DISABLED"} exec_time:{start_unix_nano:10493540625 end_unix_nano:10493543833} status:{code:STATUS_OK message:"OK"} roles:{role_name:"Controller"}
  Request 100: role:{role_name:"Controller"} action_name:"Start"
  Response 100: return_values:{str_value:"DISABLED"} exec_time:{start_unix_nano:10493689292 end_unix_nano:10493692625} status:{code:STATUS_OK message:"OK"} roles:{role_name:"Controller"}
  Request 101: role:{role_name:"Controller"} action_name:"Review"
  Response 101: return_values:{str_value:"DISABLED"} exec_time:{start_unix_nano:10493919125 end_unix_nano:10493928958} status:{code:STATUS_OK message:"OK"} roles:{role_name:"Controller"}
  Request 102: role:{role_name:"Controller"} action_name:"Review"
  Response 102: return_values:{str_value:"DISABLED"} exec_time:{start_unix_nano:10494133417 end_unix_nano:10494140583} status:{code:STATUS_OK message:"OK"} roles:{role_name:"Controller"}
  Request 103: role:{role_name:"Controller"} action_name:"Inspect"
  Response 103: return_values:{str_value:"DISABLED"} exec_time:{start_unix_nano:10494310417 end_unix_nano:10494315042} status:{code:STATUS_OK message:"OK"} roles:{role_name:"Controller"}
  Request 104: role:{role_name:"Controller"} action_name:"Resume"
  Response 104: return_values:{str_value:"DISABLED"} exec_time:{start_unix_nano:10494470125 end_unix_nano:10494474167} status:{code:STATUS_OK message:"OK"} roles:{role_name:"Controller"}
  Request 105: role:{role_name:"Controller"} action_name:"Inspect"
  Response 105: return_values:{str_value:"DISABLED"} exec_time:{start_unix_nano:10494649750 end_unix_nano:10494657042} status:{code:STATUS_OK message:"OK"} roles:{role_name:"Controller"}
  Request 106: role:{role_name:"Controller"} action_name:"Inspect"
  Response 106: return_values:{str_value:"DISABLED"} exec_time:{start_unix_nano:10494825458 end_unix_nano:10494829208} status:{code:STATUS_OK message:"OK"} roles:{role_name:"Controller"}
  Request 107: role:{role_name:"Controller"} action_name:"Inspect"
  Response 107: return_values:{str_value:"DISABLED"} exec_time:{start_unix_nano:10494971875 end_unix_nano:10494975958} status:{code:STATUS_OK message:"OK"} roles:{role_name:"Controller"}
  Request 108: role:{role_name:"Controller"} action_name:"Review"
  Response 108: return_values:{str_value:"DISABLED"} exec_time:{start_unix_nano:10495126750 end_unix_nano:10495131167} status:{code:STATUS_OK message:"OK"} roles:{role_name:"Controller"}
  Request 109: role:{role_name:"Controller"} action_name:"Corrupt"
  Response 109: return_values:{str_value:"DISABLED"} exec_time:{start_unix_nano:10495361500 end_unix_nano:10495367833} status:{code:STATUS_OK message:"OK"} roles:{role_name:"Controller"}
  Request 110: role:{role_name:"Controller"} action_name:"Start"
  Response 110: return_values:{str_value:"DISABLED"} exec_time:{start_unix_nano:10495562583 end_unix_nano:10495566542} status:{code:STATUS_OK message:"OK"} roles:{role_name:"Controller"}
  Request 111: role:{role_name:"Controller"} action_name:"Review"
  Response 111: return_values:{str_value:"DISABLED"} exec_time:{start_unix_nano:10495716792 end_unix_nano:10495719708} status:{code:STATUS_OK message:"OK"} roles:{role_name:"Controller"}
  Request 112: role:{role_name:"Controller"} action_name:"Inspect"
  Response 112: return_values:{str_value:"DISABLED"} exec_time:{start_unix_nano:10495887708 end_unix_nano:10495897208} status:{code:STATUS_OK message:"OK"} roles:{role_name:"Controller"}
  Request 113: role:{role_name:"Controller"} action_name:"Review"
  Response 113: return_values:{str_value:"DISABLED"} exec_time:{start_unix_nano:10496065917 end_unix_nano:10496069625} status:{code:STATUS_OK message:"OK"} roles:{role_name:"Controller"}
  Request 114: role:{role_name:"Controller"} action_name:"Start"
  Response 114: return_values:{str_value:"DISABLED"} exec_time:{start_unix_nano:10496223000 end_unix_nano:10496226500} status:{code:STATUS_OK message:"OK"} roles:{role_name:"Controller"}
  Request 115: role:{role_name:"Controller"} action_name:"Inspect"
  Response 115: return_values:{str_value:"DISABLED"} exec_time:{start_unix_nano:10496517875 end_unix_nano:10496521458} status:{code:STATUS_OK message:"OK"} roles:{role_name:"Controller"}
  Request 116: role:{role_name:"Controller"} action_name:"Review"
  Response 116: return_values:{str_value:"DISABLED"} exec_time:{start_unix_nano:10496723833 end_unix_nano:10496728292} status:{code:STATUS_OK message:"OK"} roles:{role_name:"Controller"}
  Request 117: role:{role_name:"Controller"} action_name:"Start"
  Response 117: return_values:{str_value:"DISABLED"} exec_time:{start_unix_nano:10496937250 end_unix_nano:10496941417} status:{code:STATUS_OK message:"OK"} roles:{role_name:"Controller"}
  Request 118: role:{role_name:"Controller"} action_name:"Proof"
  Response 118: return_values:{str_value:"DISABLED"} exec_time:{start_unix_nano:10497108208 end_unix_nano:10497112417} status:{code:STATUS_OK message:"OK"} roles:{role_name:"Controller"}
  Request 119: role:{role_name:"Controller"} action_name:"Corrupt"
  Response 119: return_values:{str_value:"DISABLED"} exec_time:{start_unix_nano:10497292333 end_unix_nano:10497295750} status:{code:STATUS_OK message:"OK"} roles:{role_name:"Controller"}
  Request 120: role:{role_name:"Controller"} action_name:"Inspect"
  Response 120: return_values:{str_value:"DISABLED"} exec_time:{start_unix_nano:10497452125 end_unix_nano:10497456708} status:{code:STATUS_OK message:"OK"} roles:{role_name:"Controller"}
  Request 121: role:{role_name:"Controller"} action_name:"Review"
  Response 121: return_values:{str_value:"DISABLED"} exec_time:{start_unix_nano:10497605333 end_unix_nano:10497609708} status:{code:STATUS_OK message:"OK"} roles:{role_name:"Controller"}
  Request 122: role:{role_name:"Controller"} action_name:"Resume"
  Response 122: return_values:{str_value:"DISABLED"} exec_time:{start_unix_nano:10497805708 end_unix_nano:10497812208} status:{code:STATUS_OK message:"OK"} roles:{role_name:"Controller"}
  Request 123: role:{role_name:"Controller"} action_name:"Corrupt"
  Response 123: return_values:{str_value:"DISABLED"} exec_time:{start_unix_nano:10497984458 end_unix_nano:10497988250} status:{code:STATUS_OK message:"OK"} roles:{role_name:"Controller"}
  Request 124: role:{role_name:"Controller"} action_name:"Start"
  Response 124: return_values:{str_value:"DISABLED"} exec_time:{start_unix_nano:10498141792 end_unix_nano:10498144833} status:{code:STATUS_OK message:"OK"} roles:{role_name:"Controller"}
  Request 125: role:{role_name:"Controller"} action_name:"Proof"
  Response 125: return_values:{str_value:"DISABLED"} exec_time:{start_unix_nano:10498286875 end_unix_nano:10498290042} status:{code:STATUS_OK message:"OK"} roles:{role_name:"Controller"}
  Request 126: role:{role_name:"Controller"} action_name:"Review"
  Response 126: return_values:{str_value:"DISABLED"} exec_time:{start_unix_nano:10498446042 end_unix_nano:10498449708} status:{code:STATUS_OK message:"OK"} roles:{role_name:"Controller"}
  Request 127: role:{role_name:"Controller"} action_name:"Restart"
  Response 127: return_values:{str_value:"DISABLED"} exec_time:{start_unix_nano:10498650625 end_unix_nano:10498659208} status:{code:STATUS_OK message:"OK"} roles:{role_name:"Controller"}
  Request 128: role:{role_name:"Controller"} action_name:"Resume"
  Response 128: return_values:{str_value:"DISABLED"} exec_time:{start_unix_nano:10498886625 end_unix_nano:10498891917} status:{code:STATUS_OK message:"OK"} roles:{role_name:"Controller"}
  Request 129: role:{role_name:"Controller"} action_name:"Review"
  Response 129: return_values:{str_value:"DISABLED"} exec_time:{start_unix_nano:10499072500 end_unix_nano:10499075792} status:{code:STATUS_OK message:"OK"} roles:{role_name:"Controller"}
  Request 130: role:{role_name:"Controller"} action_name:"Restart"
  Response 130: return_values:{str_value:"DISABLED"} exec_time:{start_unix_nano:10499246208 end_unix_nano:10499249625} status:{code:STATUS_OK message:"OK"} roles:{role_name:"Controller"}
  Request 131: role:{role_name:"Controller"} action_name:"Inspect"
  Response 131: return_values:{str_value:"DISABLED"} exec_time:{start_unix_nano:10499389208 end_unix_nano:10499392417} status:{code:STATUS_OK message:"OK"} roles:{role_name:"Controller"}
  Request 132: role:{role_name:"Controller"} action_name:"Resume"
  Response 132: return_values:{str_value:"DISABLED"} exec_time:{start_unix_nano:10499595708 end_unix_nano:10499600083} status:{code:STATUS_OK message:"OK"} roles:{role_name:"Controller"}
  Request 133: role:{role_name:"Controller"} action_name:"Restart"
  Response 133: return_values:{str_value:"DISABLED"} exec_time:{start_unix_nano:10499799083 end_unix_nano:10499805250} status:{code:STATUS_OK message:"OK"} roles:{role_name:"Controller"}
  Request 134: role:{role_name:"Controller"} action_name:"Review"
  Response 134: return_values:{str_value:"DISABLED"} exec_time:{start_unix_nano:10500070958 end_unix_nano:10500075500} status:{code:STATUS_OK message:"OK"} roles:{role_name:"Controller"}
  Request 135: role:{role_name:"Controller"} action_name:"Overlap"
  Response 135: return_values:{str_value:"DISABLED"} exec_time:{start_unix_nano:10500274458 end_unix_nano:10500279917} status:{code:STATUS_OK message:"OK"} roles:{role_name:"Controller"}
  Request 136: role:{role_name:"Controller"} action_name:"Restart"
  Response 136: return_values:{str_value:"DISABLED"} exec_time:{start_unix_nano:10500460250 end_unix_nano:10500467333} status:{code:STATUS_OK message:"OK"} roles:{role_name:"Controller"}
  Request 137: role:{role_name:"Controller"} action_name:"Restart"
  Response 137: return_values:{str_value:"DISABLED"} exec_time:{start_unix_nano:10500648625 end_unix_nano:10500652375} status:{code:STATUS_OK message:"OK"} roles:{role_name:"Controller"}
  Request 138: role:{role_name:"Controller"} action_name:"Restart"
  Response 138: return_values:{str_value:"DISABLED"} exec_time:{start_unix_nano:10500807625 end_unix_nano:10500811250} status:{code:STATUS_OK message:"OK"} roles:{role_name:"Controller"}
  Request 139: role:{role_name:"Controller"} action_name:"Start"
  Response 139: return_values:{str_value:"DISABLED"} exec_time:{start_unix_nano:10501140250 end_unix_nano:10501144250} status:{code:STATUS_OK message:"OK"} roles:{role_name:"Controller"}
  Request 140: role:{role_name:"Controller"} action_name:"Proof"
  Response 140: return_values:{str_value:"DISABLED"} exec_time:{start_unix_nano:10501300625 end_unix_nano:10501304292} status:{code:STATUS_OK message:"OK"} roles:{role_name:"Controller"}
  Request 141: role:{role_name:"Controller"} action_name:"Resume"
  Response 141: return_values:{str_value:"DISABLED"} exec_time:{start_unix_nano:10501488792 end_unix_nano:10501493250} status:{code:STATUS_OK message:"OK"} roles:{role_name:"Controller"}
  Request 142: role:{role_name:"Controller"} action_name:"Review"
  Response 142: return_values:{str_value:"DISABLED"} exec_time:{start_unix_nano:10501663333 end_unix_nano:10501666958} status:{code:STATUS_OK message:"OK"} roles:{role_name:"Controller"}
  Request 143: role:{role_name:"Controller"} action_name:"Review"
  Response 143: return_values:{str_value:"DISABLED"} exec_time:{start_unix_nano:10501828750 end_unix_nano:10501831875} status:{code:STATUS_OK message:"OK"} roles:{role_name:"Controller"}
  Request 144: role:{role_name:"Controller"} action_name:"Corrupt"
  Response 144: return_values:{str_value:"DISABLED"} exec_time:{start_unix_nano:10501985083 end_unix_nano:10501990917} status:{code:STATUS_OK message:"OK"} roles:{role_name:"Controller"}
  Request 145: role:{role_name:"Controller"} action_name:"Proof"
  Response 145: return_values:{str_value:"DISABLED"} exec_time:{start_unix_nano:10502164792 end_unix_nano:10502168583} status:{code:STATUS_OK message:"OK"} roles:{role_name:"Controller"}
  Request 146: role:{role_name:"Controller"} action_name:"Restart"
  Response 146: return_values:{str_value:"DISABLED"} exec_time:{start_unix_nano:10502328292 end_unix_nano:10502332375} status:{code:STATUS_OK message:"OK"} roles:{role_name:"Controller"}
  Request 147: role:{role_name:"Controller"} action_name:"Inspect"
  Response 147: return_values:{str_value:"DISABLED"} exec_time:{start_unix_nano:10502469083 end_unix_nano:10502472625} status:{code:STATUS_OK message:"OK"} roles:{role_name:"Controller"}
  Request 148: role:{role_name:"Controller"} action_name:"Proof"
  Response 148: return_values:{str_value:"DISABLED"} exec_time:{start_unix_nano:10502635250 end_unix_nano:10502641542} status:{code:STATUS_OK message:"OK"} roles:{role_name:"Controller"}
  Request 149: role:{role_name:"Controller"} action_name:"Restart"
  Response 149: return_values:{str_value:"DISABLED"} exec_time:{start_unix_nano:10502806500 end_unix_nano:10502809750} status:{code:STATUS_OK message:"OK"} roles:{role_name:"Controller"}
  Request 150: role:{role_name:"Controller"} action_name:"Review"
  Response 150: return_values:{str_value:"DISABLED"} exec_time:{start_unix_nano:10502945917 end_unix_nano:10502949042} status:{code:STATUS_OK message:"OK"} roles:{role_name:"Controller"}
  Request 151: role:{role_name:"Controller"} action_name:"Review"
  Response 151: return_values:{str_value:"DISABLED"} exec_time:{start_unix_nano:10503088417 end_unix_nano:10503091000} status:{code:STATUS_OK message:"OK"} roles:{role_name:"Controller"}
  Request 152: role:{role_name:"Controller"} action_name:"Review"
  Response 152: return_values:{str_value:"DISABLED"} exec_time:{start_unix_nano:10503237958 end_unix_nano:10503240917} status:{code:STATUS_OK message:"OK"} roles:{role_name:"Controller"}
  Request 153: role:{role_name:"Controller"} action_name:"Restart"
  Response 153: return_values:{str_value:"DISABLED"} exec_time:{start_unix_nano:10503401917 end_unix_nano:10503407417} status:{code:STATUS_OK message:"OK"} roles:{role_name:"Controller"}
  Request 154: role:{role_name:"Controller"} action_name:"Resume"
  Response 154: return_values:{str_value:"DISABLED"} exec_time:{start_unix_nano:10503575792 end_unix_nano:10503579875} status:{code:STATUS_OK message:"OK"} roles:{role_name:"Controller"}
  Request 155: role:{role_name:"Controller"} action_name:"Inspect"
  Response 155: return_values:{str_value:"DISABLED"} exec_time:{start_unix_nano:10503751750 end_unix_nano:10503756583} status:{code:STATUS_OK message:"OK"} roles:{role_name:"Controller"}
  Request 156: role:{role_name:"Controller"} action_name:"Restart"
  Response 156: return_values:{str_value:"DISABLED"} exec_time:{start_unix_nano:10503947417 end_unix_nano:10503952917} status:{code:STATUS_OK message:"OK"} roles:{role_name:"Controller"}
  Request 157: role:{role_name:"Controller"} action_name:"Proof"
  Response 157: return_values:{str_value:"DISABLED"} exec_time:{start_unix_nano:10504113458 end_unix_nano:10504116542} status:{code:STATUS_OK message:"OK"} roles:{role_name:"Controller"}
  Request 158: role:{role_name:"Controller"} action_name:"Resume"
  Response 158: return_values:{str_value:"DISABLED"} exec_time:{start_unix_nano:10504276292 end_unix_nano:10504279708} status:{code:STATUS_OK message:"OK"} roles:{role_name:"Controller"}
  Request 159: role:{role_name:"Controller"} action_name:"Inspect"
  Response 159: return_values:{str_value:"DISABLED"} exec_time:{start_unix_nano:10504437250 end_unix_nano:10504440458} status:{code:STATUS_OK message:"OK"} roles:{role_name:"Controller"}
  Request 160: role:{role_name:"Controller"} action_name:"Proof"
  Response 160: return_values:{str_value:"DISABLED"} exec_time:{start_unix_nano:10504573792 end_unix_nano:10504577375} status:{code:STATUS_OK message:"OK"} roles:{role_name:"Controller"}
  Request 161: role:{role_name:"Controller"} action_name:"Proof"
  Response 161: return_values:{str_value:"DISABLED"} exec_time:{start_unix_nano:10504772583 end_unix_nano:10504776667} status:{code:STATUS_OK message:"OK"} roles:{role_name:"Controller"}
  Request 162: role:{role_name:"Controller"} action_name:"Restart"
  Response 162: return_values:{str_value:"DISABLED"} exec_time:{start_unix_nano:10504965583 end_unix_nano:10504982958} status:{code:STATUS_OK message:"OK"} roles:{role_name:"Controller"}
  Request 163: role:{role_name:"Controller"} action_name:"Start"
  Response 163: return_values:{str_value:"DISABLED"} exec_time:{start_unix_nano:10505343375 end_unix_nano:10505348375} status:{code:STATUS_OK message:"OK"} roles:{role_name:"Controller"}
  Request 164: role:{role_name:"Controller"} action_name:"Restart"
  Response 164: return_values:{str_value:"DISABLED"} exec_time:{start_unix_nano:10505514292 end_unix_nano:10505523083} status:{code:STATUS_OK message:"OK"} roles:{role_name:"Controller"}
  Request 165: role:{role_name:"Controller"} action_name:"Overlap"
  Response 165: return_values:{str_value:"DISABLED"} exec_time:{start_unix_nano:10505687958 end_unix_nano:10505692500} status:{code:STATUS_OK message:"OK"} roles:{role_name:"Controller"}
  Request 166: role:{role_name:"Controller"} action_name:"Resume"
  Response 166: return_values:{str_value:"DISABLED"} exec_time:{start_unix_nano:10505881708 end_unix_nano:10505885083} status:{code:STATUS_OK message:"OK"} roles:{role_name:"Controller"}
  Request 167: role:{role_name:"Controller"} action_name:"Restart"
  Response 167: return_values:{str_value:"DISABLED"} exec_time:{start_unix_nano:10506076625 end_unix_nano:10506080167} status:{code:STATUS_OK message:"OK"} roles:{role_name:"Controller"}
  Request 168: role:{role_name:"Controller"} action_name:"Start"
  Response 168: return_values:{str_value:"DISABLED"} exec_time:{start_unix_nano:10506268083 end_unix_nano:10506272417} status:{code:STATUS_OK message:"OK"} roles:{role_name:"Controller"}
  Request 169: role:{role_name:"Controller"} action_name:"Proof"
  Response 169: return_values:{str_value:"DISABLED"} exec_time:{start_unix_nano:10506492125 end_unix_nano:10506496250} status:{code:STATUS_OK message:"OK"} roles:{role_name:"Controller"}
  Request 170: role:{role_name:"Controller"} action_name:"Start"
  Response 170: return_values:{str_value:"DISABLED"} exec_time:{start_unix_nano:10506735208 end_unix_nano:10506740000} status:{code:STATUS_OK message:"OK"} roles:{role_name:"Controller"}
  Request 171: role:{role_name:"Controller"} action_name:"Corrupt"
  Response 171: return_values:{str_value:"DISABLED"} exec_time:{start_unix_nano:10506902292 end_unix_nano:10506906083} status:{code:STATUS_OK message:"OK"} roles:{role_name:"Controller"}
  Request 172: role:{role_name:"Controller"} action_name:"Review"
  Response 172: return_values:{str_value:"DISABLED"} exec_time:{start_unix_nano:10507058292 end_unix_nano:10507061958} status:{code:STATUS_OK message:"OK"} roles:{role_name:"Controller"}
  Request 173: role:{role_name:"Controller"} action_name:"Proof"
  Response 173: return_values:{str_value:"DISABLED"} exec_time:{start_unix_nano:10507237083 end_unix_nano:10507241000} status:{code:STATUS_OK message:"OK"} roles:{role_name:"Controller"}
  Request 174: role:{role_name:"Controller"} action_name:"Review"
  Response 174: return_values:{str_value:"DISABLED"} exec_time:{start_unix_nano:10507409208 end_unix_nano:10507411958} status:{code:STATUS_OK message:"OK"} roles:{role_name:"Controller"}
  Request 175: role:{role_name:"Controller"} action_name:"Inspect"
  Response 175: return_values:{str_value:"DISABLED"} exec_time:{start_unix_nano:10507551625 end_unix_nano:10507555375} status:{code:STATUS_OK message:"OK"} roles:{role_name:"Controller"}
  Request 176: role:{role_name:"Controller"} action_name:"Inspect"
  Response 176: return_values:{str_value:"DISABLED"} exec_time:{start_unix_nano:10507707417 end_unix_nano:10507710042} status:{code:STATUS_OK message:"OK"} roles:{role_name:"Controller"}
  Request 177: role:{role_name:"Controller"} action_name:"Restart"
  Response 177: return_values:{str_value:"DISABLED"} exec_time:{start_unix_nano:10507845750 end_unix_nano:10507848958} status:{code:STATUS_OK message:"OK"} roles:{role_name:"Controller"}
  Request 178: role:{role_name:"Controller"} action_name:"Restart"
  Response 178: return_values:{str_value:"DISABLED"} exec_time:{start_unix_nano:10507984000 end_unix_nano:10507987167} status:{code:STATUS_OK message:"OK"} roles:{role_name:"Controller"}
  Request 179: role:{role_name:"Controller"} action_name:"Corrupt"
  Response 179: return_values:{str_value:"DISABLED"} exec_time:{start_unix_nano:10508117792 end_unix_nano:10508120375} status:{code:STATUS_OK message:"OK"} roles:{role_name:"Controller"}
  Request 180: role:{role_name:"Controller"} action_name:"Proof"
  Response 180: return_values:{str_value:"DISABLED"} exec_time:{start_unix_nano:10508255417 end_unix_nano:10508258250} status:{code:STATUS_OK message:"OK"} roles:{role_name:"Controller"}
  Request 181: role:{role_name:"Controller"} action_name:"Resume"
  Response 181: return_values:{str_value:"DISABLED"} exec_time:{start_unix_nano:10508407708 end_unix_nano:10508412875} status:{code:STATUS_OK message:"OK"} roles:{role_name:"Controller"}
  Request 182: role:{role_name:"Controller"} action_name:"Proof"
  Response 182: return_values:{str_value:"DISABLED"} exec_time:{start_unix_nano:10508555667 end_unix_nano:10508558250} status:{code:STATUS_OK message:"OK"} roles:{role_name:"Controller"}
  Request 183: role:{role_name:"Controller"} action_name:"Start"
  Response 183: return_values:{str_value:"DISABLED"} exec_time:{start_unix_nano:10508687667 end_unix_nano:10508690625} status:{code:STATUS_OK message:"OK"} roles:{role_name:"Controller"}
  Request 184: role:{role_name:"Controller"} action_name:"Resume"
  Response 184: return_values:{str_value:"DISABLED"} exec_time:{start_unix_nano:10508828708 end_unix_nano:10508831625} status:{code:STATUS_OK message:"OK"} roles:{role_name:"Controller"}
  Request 185: role:{role_name:"Controller"} action_name:"Start"
  Response 185: return_values:{str_value:"DISABLED"} exec_time:{start_unix_nano:10508961250 end_unix_nano:10508964292} status:{code:STATUS_OK message:"OK"} roles:{role_name:"Controller"}
  Request 186: role:{role_name:"Controller"} action_name:"Inspect"
  Response 186: return_values:{str_value:"DISABLED"} exec_time:{start_unix_nano:10509096500 end_unix_nano:10509099375} status:{code:STATUS_OK message:"OK"} roles:{role_name:"Controller"}
  Request 187: role:{role_name:"Controller"} action_name:"Inspect"
  Response 187: return_values:{str_value:"DISABLED"} exec_time:{start_unix_nano:10509232875 end_unix_nano:10509235625} status:{code:STATUS_OK message:"OK"} roles:{role_name:"Controller"}
  Request 188: role:{role_name:"Controller"} action_name:"Inspect"
  Response 188: return_values:{str_value:"DISABLED"} exec_time:{start_unix_nano:10509579833 end_unix_nano:10509582708} status:{code:STATUS_OK message:"OK"} roles:{role_name:"Controller"}
  Request 189: role:{role_name:"Controller"} action_name:"Overlap"
  Response 189: return_values:{str_value:"DISABLED"} exec_time:{start_unix_nano:10509720875 end_unix_nano:10509723833} status:{code:STATUS_OK message:"OK"} roles:{role_name:"Controller"}
  Request 190: role:{role_name:"Controller"} action_name:"Proof"
  Response 190: return_values:{str_value:"DISABLED"} exec_time:{start_unix_nano:10509852875 end_unix_nano:10509858042} status:{code:STATUS_OK message:"OK"} roles:{role_name:"Controller"}
  Request 191: role:{role_name:"Controller"} action_name:"Inspect"
  Response 191: return_values:{str_value:"DISABLED"} exec_time:{start_unix_nano:10509984500 end_unix_nano:10509987083} status:{code:STATUS_OK message:"OK"} roles:{role_name:"Controller"}
  Request 192: role:{role_name:"Controller"} action_name:"Resume"
  Response 192: return_values:{str_value:"DISABLED"} exec_time:{start_unix_nano:10510113583 end_unix_nano:10510116292} status:{code:STATUS_OK message:"OK"} roles:{role_name:"Controller"}
  Request 193: role:{role_name:"Controller"} action_name:"Corrupt"
  Response 193: return_values:{str_value:"DISABLED"} exec_time:{start_unix_nano:10510242125 end_unix_nano:10510244792} status:{code:STATUS_OK message:"OK"} roles:{role_name:"Controller"}
  Request 194: role:{role_name:"Controller"} action_name:"Restart"
  Response 194: return_values:{str_value:"DISABLED"} exec_time:{start_unix_nano:10510384750 end_unix_nano:10510387917} status:{code:STATUS_OK message:"OK"} roles:{role_name:"Controller"}
  Request 195: role:{role_name:"Controller"} action_name:"Review"
  Response 195: return_values:{str_value:"DISABLED"} exec_time:{start_unix_nano:10510537875 end_unix_nano:10510541583} status:{code:STATUS_OK message:"OK"} roles:{role_name:"Controller"}
  Request 196: role:{role_name:"Controller"} action_name:"Start"
  Response 196: return_values:{str_value:"DISABLED"} exec_time:{start_unix_nano:10510692875 end_unix_nano:10510695917} status:{code:STATUS_OK message:"OK"} roles:{role_name:"Controller"}
  Request 197: role:{role_name:"Controller"} action_name:"Proof"
  Response 197: return_values:{str_value:"DISABLED"} exec_time:{start_unix_nano:10510839625 end_unix_nano:10510843167} status:{code:STATUS_OK message:"OK"} roles:{role_name:"Controller"}
  Request 198: role:{role_name:"Controller"} action_name:"Resume"
  Response 198: return_values:{str_value:"DISABLED"} exec_time:{start_unix_nano:10511005750 end_unix_nano:10511008625} status:{code:STATUS_OK message:"OK"} roles:{role_name:"Controller"}
  Request 199: role:{role_name:"Controller"} action_name:"Review"
  Response 199: return_values:{str_value:"DISABLED"} exec_time:{start_unix_nano:10511139417 end_unix_nano:10511142000} status:{code:STATUS_OK message:"OK"} roles:{role_name:"Controller"}
  Request 200: role:{role_name:"Controller"} action_name:"Corrupt"
  Response 200: return_values:{str_value:"DISABLED"} exec_time:{start_unix_nano:10511265708 end_unix_nano:10511268375} status:{code:STATUS_OK message:"OK"} roles:{role_name:"Controller"}
  Request 201: role:{role_name:"Controller"} action_name:"Inspect"
  Response 201: return_values:{str_value:"DISABLED"} exec_time:{start_unix_nano:10511392667 end_unix_nano:10511395500} status:{code:STATUS_OK message:"OK"} roles:{role_name:"Controller"}
  Request 202: role:{role_name:"Controller"} action_name:"Overlap"
  Response 202: return_values:{str_value:"DISABLED"} exec_time:{start_unix_nano:10511533250 end_unix_nano:10511535833} status:{code:STATUS_OK message:"OK"} roles:{role_name:"Controller"}
  Request 203: role:{role_name:"Controller"} action_name:"Review"
  Response 203: return_values:{str_value:"DISABLED"} exec_time:{start_unix_nano:10511662833 end_unix_nano:10511665375} status:{code:STATUS_OK message:"OK"} roles:{role_name:"Controller"}
  Request 204: role:{role_name:"Controller"} action_name:"Restart"
  Response 204: return_values:{str_value:"DISABLED"} exec_time:{start_unix_nano:10511808208 end_unix_nano:10511810833} status:{code:STATUS_OK message:"OK"} roles:{role_name:"Controller"}
  Request 205: role:{role_name:"Controller"} action_name:"Start"
  Response 205: return_values:{str_value:"DISABLED"} exec_time:{start_unix_nano:10511959875 end_unix_nano:10511962583} status:{code:STATUS_OK message:"OK"} roles:{role_name:"Controller"}
  Request 206: role:{role_name:"Controller"} action_name:"Overlap"
  Response 206: return_values:{str_value:"DISABLED"} exec_time:{start_unix_nano:10512089833 end_unix_nano:10512092458} status:{code:STATUS_OK message:"OK"} roles:{role_name:"Controller"}
  Request 207: role:{role_name:"Controller"} action_name:"Overlap"
  Response 207: return_values:{str_value:"DISABLED"} exec_time:{start_unix_nano:10512250667 end_unix_nano:10512253000} status:{code:STATUS_OK message:"OK"} roles:{role_name:"Controller"}
  Request 208: role:{role_name:"Controller"} action_name:"Inspect"
  Response 208: return_values:{str_value:"DISABLED"} exec_time:{start_unix_nano:10512387333 end_unix_nano:10512390625} status:{code:STATUS_OK message:"OK"} roles:{role_name:"Controller"}
  Request 209: role:{role_name:"Controller"} action_name:"Review"
  Response 209: return_values:{str_value:"DISABLED"} exec_time:{start_unix_nano:10512544333 end_unix_nano:10512546875} status:{code:STATUS_OK message:"OK"} roles:{role_name:"Controller"}
  Request 210: role:{role_name:"Controller"} action_name:"Overlap"
  Response 210: return_values:{str_value:"DISABLED"} exec_time:{start_unix_nano:10512716417 end_unix_nano:10512720625} status:{code:STATUS_OK message:"OK"} roles:{role_name:"Controller"}
  Request 211: role:{role_name:"Controller"} action_name:"Inspect"
  Response 211: return_values:{str_value:"DISABLED"} exec_time:{start_unix_nano:10512881042 end_unix_nano:10512884875} status:{code:STATUS_OK message:"OK"} roles:{role_name:"Controller"}
  Request 212: role:{role_name:"Controller"} action_name:"Proof"
  Response 212: return_values:{str_value:"DISABLED"} exec_time:{start_unix_nano:10513297125 end_unix_nano:10513300500} status:{code:STATUS_OK message:"OK"} roles:{role_name:"Controller"}
  Request 213: role:{role_name:"Controller"} action_name:"Restart"
  Response 213: return_values:{str_value:"DISABLED"} exec_time:{start_unix_nano:10513463208 end_unix_nano:10513466750} status:{code:STATUS_OK message:"OK"} roles:{role_name:"Controller"}
  Request 214: role:{role_name:"Controller"} action_name:"Start"
  Response 214: return_values:{str_value:"DISABLED"} exec_time:{start_unix_nano:10513649667 end_unix_nano:10513652875} status:{code:STATUS_OK message:"OK"} roles:{role_name:"Controller"}
  Request 215: role:{role_name:"Controller"} action_name:"Inspect"
  Response 215: return_values:{str_value:"DISABLED"} exec_time:{start_unix_nano:10513817083 end_unix_nano:10513822917} status:{code:STATUS_OK message:"OK"} roles:{role_name:"Controller"}
  Request 216: role:{role_name:"Controller"} action_name:"Corrupt"
  Response 216: return_values:{str_value:"DISABLED"} exec_time:{start_unix_nano:10513956583 end_unix_nano:10513959625} status:{code:STATUS_OK message:"OK"} roles:{role_name:"Controller"}
  Request 217: role:{role_name:"Controller"} action_name:"Overlap"
  Response 217: return_values:{str_value:"DISABLED"} exec_time:{start_unix_nano:10514103292 end_unix_nano:10514106500} status:{code:STATUS_OK message:"OK"} roles:{role_name:"Controller"}
  Request 218: role:{role_name:"Controller"} action_name:"Review"
  Response 218: return_values:{str_value:"DISABLED"} exec_time:{start_unix_nano:10514245833 end_unix_nano:10514248625} status:{code:STATUS_OK message:"OK"} roles:{role_name:"Controller"}
  Request 219: role:{role_name:"Controller"} action_name:"Resume"
  Response 219: return_values:{str_value:"DISABLED"} exec_time:{start_unix_nano:10514377292 end_unix_nano:10514380208} status:{code:STATUS_OK message:"OK"} roles:{role_name:"Controller"}
  Request 220: role:{role_name:"Controller"} action_name:"Restart"
  Response 220: return_values:{str_value:"DISABLED"} exec_time:{start_unix_nano:10514527167 end_unix_nano:10514530000} status:{code:STATUS_OK message:"OK"} roles:{role_name:"Controller"}
  Request 221: role:{role_name:"Controller"} action_name:"Start"
  Response 221: return_values:{str_value:"DISABLED"} exec_time:{start_unix_nano:10514658667 end_unix_nano:10514661542} status:{code:STATUS_OK message:"OK"} roles:{role_name:"Controller"}
  Request 222: role:{role_name:"Controller"} action_name:"Restart"
  Response 222: return_values:{str_value:"DISABLED"} exec_time:{start_unix_nano:10514800333 end_unix_nano:10514803167} status:{code:STATUS_OK message:"OK"} roles:{role_name:"Controller"}
  Request 223: role:{role_name:"Controller"} action_name:"Inspect"
  Response 223: return_values:{str_value:"DISABLED"} exec_time:{start_unix_nano:10514931542 end_unix_nano:10514934292} status:{code:STATUS_OK message:"OK"} roles:{role_name:"Controller"}
  Request 224: role:{role_name:"Controller"} action_name:"Resume"
  Response 224: return_values:{str_value:"DISABLED"} exec_time:{start_unix_nano:10515077875 end_unix_nano:10515081083} status:{code:STATUS_OK message:"OK"} roles:{role_name:"Controller"}
  Request 225: role:{role_name:"Controller"} action_name:"Start"
  Response 225: return_values:{str_value:"DISABLED"} exec_time:{start_unix_nano:10515543417 end_unix_nano:10515547958} status:{code:STATUS_OK message:"OK"} roles:{role_name:"Controller"}
  Request 226: role:{role_name:"Controller"} action_name:"Inspect"
  Response 226: return_values:{str_value:"DISABLED"} exec_time:{start_unix_nano:10515815958 end_unix_nano:10515819625} status:{code:STATUS_OK message:"OK"} roles:{role_name:"Controller"}
  Request 227: role:{role_name:"Controller"} action_name:"Overlap"
  Response 227: return_values:{str_value:"DISABLED"} exec_time:{start_unix_nano:10515961917 end_unix_nano:10515964833} status:{code:STATUS_OK message:"OK"} roles:{role_name:"Controller"}
  Request 228: role:{role_name:"Controller"} action_name:"Corrupt"
  Response 228: return_values:{str_value:"DISABLED"} exec_time:{start_unix_nano:10516125625 end_unix_nano:10516128417} status:{code:STATUS_OK message:"OK"} roles:{role_name:"Controller"}
  Request 229: role:{role_name:"Controller"} action_name:"Corrupt"
  Response 229: return_values:{str_value:"DISABLED"} exec_time:{start_unix_nano:10516301208 end_unix_nano:10516303792} status:{code:STATUS_OK message:"OK"} roles:{role_name:"Controller"}
  Request 230: role:{role_name:"Controller"} action_name:"Corrupt"
  Response 230: return_values:{str_value:"DISABLED"} exec_time:{start_unix_nano:10516438583 end_unix_nano:10516441083} status:{code:STATUS_OK message:"OK"} roles:{role_name:"Controller"}
  Request 231: role:{role_name:"Controller"} action_name:"Restart"
  Response 231: return_values:{str_value:"DISABLED"} exec_time:{start_unix_nano:10516578542 end_unix_nano:10516581583} status:{code:STATUS_OK message:"OK"} roles:{role_name:"Controller"}
  Request 232: role:{role_name:"Controller"} action_name:"Resume"
  Response 232: return_values:{str_value:"DISABLED"} exec_time:{start_unix_nano:10516714750 end_unix_nano:10516717375} status:{code:STATUS_OK message:"OK"} roles:{role_name:"Controller"}
  Request 233: role:{role_name:"Controller"} action_name:"Corrupt"
  Response 233: return_values:{str_value:"DISABLED"} exec_time:{start_unix_nano:10516858500 end_unix_nano:10516866167} status:{code:STATUS_OK message:"OK"} roles:{role_name:"Controller"}
  Request 234: role:{role_name:"Controller"} action_name:"Start"
  Response 234: return_values:{str_value:"DISABLED"} exec_time:{start_unix_nano:10517025375 end_unix_nano:10517030375} status:{code:STATUS_OK message:"OK"} roles:{role_name:"Controller"}
  Request 235: role:{role_name:"Controller"} action_name:"Proof"
  Response 235: return_values:{str_value:"DISABLED"} exec_time:{start_unix_nano:10517197125 end_unix_nano:10517200083} status:{code:STATUS_OK message:"OK"} roles:{role_name:"Controller"}
  Request 236: role:{role_name:"Controller"} action_name:"Start"
  Response 236: return_values:{str_value:"DISABLED"} exec_time:{start_unix_nano:10517338917 end_unix_nano:10517342000} status:{code:STATUS_OK message:"OK"} roles:{role_name:"Controller"}
  Request 237: role:{role_name:"Controller"} action_name:"Resume"
  Response 237: return_values:{str_value:"DISABLED"} exec_time:{start_unix_nano:10517481792 end_unix_nano:10517485208} status:{code:STATUS_OK message:"OK"} roles:{role_name:"Controller"}
  Request 238: role:{role_name:"Controller"} action_name:"Proof"
  Response 238: return_values:{str_value:"DISABLED"} exec_time:{start_unix_nano:10517630792 end_unix_nano:10517633167} status:{code:STATUS_OK message:"OK"} roles:{role_name:"Controller"}
  Request 239: role:{role_name:"Controller"} action_name:"Proof"
  Response 239: return_values:{str_value:"DISABLED"} exec_time:{start_unix_nano:10517782958 end_unix_nano:10517785667} status:{code:STATUS_OK message:"OK"} roles:{role_name:"Controller"}
  Request 240: role:{role_name:"Controller"} action_name:"Restart"
  Response 240: return_values:{str_value:"DISABLED"} exec_time:{start_unix_nano:10517964625 end_unix_nano:10517968333} status:{code:STATUS_OK message:"OK"} roles:{role_name:"Controller"}
  Request 241: role:{role_name:"Controller"} action_name:"Inspect"
  Response 241: return_values:{str_value:"DISABLED"} exec_time:{start_unix_nano:10518115958 end_unix_nano:10518121708} status:{code:STATUS_OK message:"OK"} roles:{role_name:"Controller"}
  Request 242: role:{role_name:"Controller"} action_name:"Review"
  Response 242: return_values:{str_value:"DISABLED"} exec_time:{start_unix_nano:10518273125 end_unix_nano:10518275833} status:{code:STATUS_OK message:"OK"} roles:{role_name:"Controller"}
  Request 243: role:{role_name:"Controller"} action_name:"Overlap"
  Response 243: return_values:{str_value:"DISABLED"} exec_time:{start_unix_nano:10518419250 end_unix_nano:10518421917} status:{code:STATUS_OK message:"OK"} roles:{role_name:"Controller"}
  Request 244: role:{role_name:"Controller"} action_name:"Proof"
  Response 244: return_values:{str_value:"DISABLED"} exec_time:{start_unix_nano:10518570542 end_unix_nano:10518573625} status:{code:STATUS_OK message:"OK"} roles:{role_name:"Controller"}
  Request 245: role:{role_name:"Controller"} action_name:"Overlap"
  Response 245: return_values:{str_value:"DISABLED"} exec_time:{start_unix_nano:10518719208 end_unix_nano:10518722083} status:{code:STATUS_OK message:"OK"} roles:{role_name:"Controller"}
  Request 246: role:{role_name:"Controller"} action_name:"Review"
  Response 246: return_values:{str_value:"DISABLED"} exec_time:{start_unix_nano:10518868042 end_unix_nano:10518874000} status:{code:STATUS_OK message:"OK"} roles:{role_name:"Controller"}
  Request 247: role:{role_name:"Controller"} action_name:"Restart"
  Response 247: return_values:{str_value:"DISABLED"} exec_time:{start_unix_nano:10519029417 end_unix_nano:10519032333} status:{code:STATUS_OK message:"OK"} roles:{role_name:"Controller"}
  Request 248: role:{role_name:"Controller"} action_name:"Proof"
  Response 248: return_values:{str_value:"DISABLED"} exec_time:{start_unix_nano:10519178542 end_unix_nano:10519181375} status:{code:STATUS_OK message:"OK"} roles:{role_name:"Controller"}
  Request 249: role:{role_name:"Controller"} action_name:"Corrupt"
  Response 249: return_values:{str_value:"DISABLED"} exec_time:{start_unix_nano:10519331500 end_unix_nano:10519334542} status:{code:STATUS_OK message:"OK"} roles:{role_name:"Controller"}
  Request 250: role:{role_name:"Controller"} action_name:"Start"
  Response 250: return_values:{str_value:"DISABLED"} exec_time:{start_unix_nano:10519517708 end_unix_nano:10519521917} status:{code:STATUS_OK message:"OK"} roles:{role_name:"Controller"}
  Request 251: role:{role_name:"Controller"} action_name:"Corrupt"
  Response 251: return_values:{str_value:"DISABLED"} exec_time:{start_unix_nano:10519767667 end_unix_nano:10519771375} status:{code:STATUS_OK message:"OK"} roles:{role_name:"Controller"}
  Request 252: role:{role_name:"Controller"} action_name:"Overlap"
  Response 252: return_values:{str_value:"DISABLED"} exec_time:{start_unix_nano:10519983708 end_unix_nano:10519987250} status:{code:STATUS_OK message:"OK"} roles:{role_name:"Controller"}
  Request 253: role:{role_name:"Controller"} action_name:"Start"
  Response 253: return_values:{str_value:"DISABLED"} exec_time:{start_unix_nano:10520179458 end_unix_nano:10520182792} status:{code:STATUS_OK message:"OK"} roles:{role_name:"Controller"}
  Request 254: role:{role_name:"Controller"} action_name:"Inspect"
  Response 254: return_values:{str_value:"DISABLED"} exec_time:{start_unix_nano:10520472667 end_unix_nano:10520479833} status:{code:STATUS_OK message:"OK"} roles:{role_name:"Controller"}
  Request 255: role:{role_name:"Controller"} action_name:"Corrupt"
  Response 255: return_values:{str_value:"DISABLED"} exec_time:{start_unix_nano:10520707792 end_unix_nano:10520712417} status:{code:STATUS_OK message:"OK"} roles:{role_name:"Controller"}
Validating trace for RunId: demo-run-id
    Action Link: Controller#0.Inspect
    Found matching Source Link: dest:6 name:"Controller#0.Inspect" weight:0.125 type:"action" 10:"\n\x14Controller#0.Inspect\x12\n\"DISABLED\""
  End of Request 0, current nodeId: 6, node: map[channel_messages:map[] channels:map[] current:0 failedInvariants:<nil> name:yield returns:{"Controller#0.Inspect":"DISABLED"} roles:[map[fields:map[attempts:0 current:1 fault:false generation:0 inspected:false phase:new proof:0 repair:0 repeats:0 reports: review:0 saved:0 status:ABSENT] name:Controller params:map[] ref:0 ref_string:Controller#0]] state:map[controller:role Controller#0] stats:map[counts:map[Controller#0.Inspect:1] totalActions:1] threads:[] witness:[[false false false false]]]
. Expected DISABLED
. Actual [str_value:"DISABLED"], len:1
    Action Link: Controller#0.Restart
    Found matching Source Link: src:6 dest:5 name:"Controller#0.Restart" weight:0.125 type:"action" 10:"\n\x14Controller#0.Restart\x12\n\"DISABLED\""
  End of Request 1, current nodeId: 5, node: map[channel_messages:map[] channels:map[] current:0 failedInvariants:<nil> name:yield returns:{"Controller#0.Restart":"DISABLED"} roles:[map[fields:map[attempts:0 current:1 fault:false generation:0 inspected:false phase:new proof:0 repair:0 repeats:0 reports: review:0 saved:0 status:ABSENT] name:Controller params:map[] ref:0 ref_string:Controller#0]] state:map[controller:role Controller#0] stats:map[counts:map[Controller#0.Restart:1] totalActions:1] threads:[] witness:[[false false false false]]]
. Expected DISABLED
. Actual [str_value:"DISABLED"], len:1
    Action Link: Controller#0.Start
    Found matching Source Link: src:5 dest:1 name:"Controller#0.Start" labels:"Projection.call" weight:0.125 type:"action" 10:"\n\x12Controller#0.Start\x12)\"77|RUNNING|3|3|implementation|0|1|0|0|1\""
  End of Request 2, current nodeId: 1, node: map[channel_messages:map[] channels:map[] current:0 failedInvariants:<nil> name:yield returns:{"Controller#0.Start":"77|RUNNING|3|3|implementation|0|1|0|0|1"} roles:[map[fields:map[attempts:3 current:1 fault:false generation:1 inspected:false phase:review proof:0 repair:0 repeats:0 reports:implementation review:0 saved:3 status:RUNNING] name:Controller params:map[] ref:0 ref_string:Controller#0]] state:map[controller:role Controller#0] stats:map[counts:map[Controller#0.Start:1] totalActions:1] threads:[] witness:[[false false false false]]]
. Expected 77|RUNNING|3|3|implementation|0|1|0|0|1
. Actual [str_value:"77|RUNNING|3|3|implementation|0|1|0|0|1"], len:1
    Action Link: Controller#0.Resume
    Found matching Source Link: src:1 dest:15 name:"Controller#0.Resume" weight:0.125 type:"action" 10:"\n\x13Controller#0.Resume\x12\n\"DISABLED\""
  End of Request 3, current nodeId: 15, node: map[channel_messages:map[] channels:map[] current:0 failedInvariants:<nil> name:yield returns:{"Controller#0.Resume":"DISABLED"} roles:[map[fields:map[attempts:3 current:1 fault:false generation:1 inspected:false phase:review proof:0 repair:0 repeats:0 reports:implementation review:0 saved:3 status:RUNNING] name:Controller params:map[] ref:0 ref_string:Controller#0]] state:map[controller:role Controller#0] stats:map[counts:map[Controller#0.Resume:1 Controller#0.Start:1] totalActions:2] threads:[] witness:[[false false false false]]]
. Expected DISABLED
. Actual [str_value:"DISABLED"], len:1
    Action Link: Controller#0.Corrupt
    Found matching Source Link: src:15 dest:12 name:"Controller#0.Corrupt" weight:0.125 type:"action" 10:"\n\x14Controller#0.Corrupt\x12\n\"DISABLED\""
  End of Request 4, current nodeId: 12, node: map[channel_messages:map[] channels:map[] current:0 failedInvariants:<nil> name:yield returns:{"Controller#0.Corrupt":"DISABLED"} roles:[map[fields:map[attempts:3 current:1 fault:false generation:1 inspected:false phase:review proof:0 repair:0 repeats:0 reports:implementation review:0 saved:3 status:RUNNING] name:Controller params:map[] ref:0 ref_string:Controller#0]] state:map[controller:role Controller#0] stats:map[counts:map[Controller#0.Corrupt:1 Controller#0.Start:1] totalActions:2] threads:[] witness:[[false false false false]]]
. Expected DISABLED
. Actual [str_value:"DISABLED"], len:1
    Action Link: Controller#0.Inspect
    Found matching Source Link: src:12 dest:14 name:"Controller#0.Inspect" labels:"Projection.call" weight:0.125 type:"action" 10:"\n\x14Controller#0.Inspect\x12(\"1|RUNNING|3|3|implementation|0|1|0|0|1\""
  End of Request 5, current nodeId: 14, node: map[channel_messages:map[] channels:map[] current:0 failedInvariants:<nil> name:yield returns:{"Controller#0.Inspect":"1|RUNNING|3|3|implementation|0|1|0|0|1"} roles:[map[fields:map[attempts:3 current:1 fault:false generation:1 inspected:true phase:review proof:0 repair:0 repeats:0 reports:implementation review:0 saved:3 status:RUNNING] name:Controller params:map[] ref:0 ref_string:Controller#0]] state:map[controller:role Controller#0] stats:map[counts:map[Controller#0.Inspect:1 Controller#0.Start:1] totalActions:2] threads:[] witness:[[false false false false]]]
. Expected 1|RUNNING|3|3|implementation|0|1|0|0|1
. Actual [str_value:"1|RUNNING|3|3|implementation|0|1|0|0|1"], len:1
    Action Link: Controller#0.Start
    Found matching Source Link: src:14 dest:25 name:"Controller#0.Start" weight:0.125 type:"action" 10:"\n\x12Controller#0.Start\x12\n\"DISABLED\""
  End of Request 6, current nodeId: 25, node: map[channel_messages:map[] channels:map[] current:0 failedInvariants:<nil> name:yield returns:{"Controller#0.Start":"DISABLED"} roles:[map[fields:map[attempts:3 current:1 fault:false generation:1 inspected:true phase:review proof:0 repair:0 repeats:0 reports:implementation review:0 saved:3 status:RUNNING] name:Controller params:map[] ref:0 ref_string:Controller#0]] state:map[controller:role Controller#0] stats:map[counts:map[Controller#0.Inspect:1 Controller#0.Start:2] totalActions:3] threads:[] witness:[[false false false false]]]
. Expected DISABLED
. Actual [str_value:"DISABLED"], len:1
    Action Link: Controller#0.Restart
    Found matching Source Link: src:25 dest:29 name:"Controller#0.Restart" weight:0.125 type:"action" 10:"\n\x14Controller#0.Restart\x12\n\"DISABLED\""
  End of Request 7, current nodeId: 29, node: map[channel_messages:map[] channels:map[] current:0 failedInvariants:<nil> name:yield returns:{"Controller#0.Restart":"DISABLED"} roles:[map[fields:map[attempts:3 current:1 fault:false generation:1 inspected:true phase:review proof:0 repair:0 repeats:0 reports:implementation review:0 saved:3 status:RUNNING] name:Controller params:map[] ref:0 ref_string:Controller#0]] state:map[controller:role Controller#0] stats:map[counts:map[Controller#0.Inspect:1 Controller#0.Restart:1 Controller#0.Start:1] totalActions:3] threads:[] witness:[[false false false false]]]
. Expected DISABLED
. Actual [str_value:"DISABLED"], len:1
    Action Link: Controller#0.Restart
    Found matching Source Link: src:29 dest:29 name:"Controller#0.Restart" weight:0.125 type:"action" 10:"\n\x14Controller#0.Restart\x12\n\"DISABLED\""
  End of Request 8, current nodeId: 29, node: map[channel_messages:map[] channels:map[] current:0 failedInvariants:<nil> name:yield returns:{"Controller#0.Restart":"DISABLED"} roles:[map[fields:map[attempts:3 current:1 fault:false generation:1 inspected:true phase:review proof:0 repair:0 repeats:0 reports:implementation review:0 saved:3 status:RUNNING] name:Controller params:map[] ref:0 ref_string:Controller#0]] state:map[controller:role Controller#0] stats:map[counts:map[Controller#0.Inspect:1 Controller#0.Restart:1 Controller#0.Start:1] totalActions:3] threads:[] witness:[[false false false false]]]
. Expected DISABLED
. Actual [str_value:"DISABLED"], len:1
    Action Link: Controller#0.Start
    Found matching Source Link: src:29 dest:25 name:"Controller#0.Start" weight:0.125 type:"action" 10:"\n\x12Controller#0.Start\x12\n\"DISABLED\""
  End of Request 9, current nodeId: 25, node: map[channel_messages:map[] channels:map[] current:0 failedInvariants:<nil> name:yield returns:{"Controller#0.Start":"DISABLED"} roles:[map[fields:map[attempts:3 current:1 fault:false generation:1 inspected:true phase:review proof:0 repair:0 repeats:0 reports:implementation review:0 saved:3 status:RUNNING] name:Controller params:map[] ref:0 ref_string:Controller#0]] state:map[controller:role Controller#0] stats:map[counts:map[Controller#0.Inspect:1 Controller#0.Start:2] totalActions:3] threads:[] witness:[[false false false false]]]
. Expected DISABLED
. Actual [str_value:"DISABLED"], len:1
    Action Link: Controller#0.Overlap
    Found matching Source Link: src:25 dest:32 name:"Controller#0.Overlap" weight:0.125 type:"action" 10:"\n\x14Controller#0.Overlap\x12\n\"DISABLED\""
  End of Request 10, current nodeId: 32, node: map[channel_messages:map[] channels:map[] current:0 failedInvariants:<nil> name:yield returns:{"Controller#0.Overlap":"DISABLED"} roles:[map[fields:map[attempts:3 current:1 fault:false generation:1 inspected:true phase:review proof:0 repair:0 repeats:0 reports:implementation review:0 saved:3 status:RUNNING] name:Controller params:map[] ref:0 ref_string:Controller#0]] state:map[controller:role Controller#0] stats:map[counts:map[Controller#0.Inspect:1 Controller#0.Overlap:1 Controller#0.Start:1] totalActions:3] threads:[] witness:[[false false false false]]]
. Expected DISABLED
. Actual [str_value:"DISABLED"], len:1
    Action Link: Controller#0.Restart
    Found matching Source Link: src:32 dest:29 name:"Controller#0.Restart" weight:0.125 type:"action" 10:"\n\x14Controller#0.Restart\x12\n\"DISABLED\""
  End of Request 11, current nodeId: 29, node: map[channel_messages:map[] channels:map[] current:0 failedInvariants:<nil> name:yield returns:{"Controller#0.Restart":"DISABLED"} roles:[map[fields:map[attempts:3 current:1 fault:false generation:1 inspected:true phase:review proof:0 repair:0 repeats:0 reports:implementation review:0 saved:3 status:RUNNING] name:Controller params:map[] ref:0 ref_string:Controller#0]] state:map[controller:role Controller#0] stats:map[counts:map[Controller#0.Inspect:1 Controller#0.Restart:1 Controller#0.Start:1] totalActions:3] threads:[] witness:[[false false false false]]]
. Expected DISABLED
. Actual [str_value:"DISABLED"], len:1
    Action Link: Controller#0.Corrupt
    Found matching Source Link: src:29 dest:28 name:"Controller#0.Corrupt" weight:0.125 type:"action" 10:"\n\x14Controller#0.Corrupt\x12\n\"DISABLED\""
  End of Request 12, current nodeId: 28, node: map[channel_messages:map[] channels:map[] current:0 failedInvariants:<nil> name:yield returns:{"Controller#0.Corrupt":"DISABLED"} roles:[map[fields:map[attempts:3 current:1 fault:false generation:1 inspected:true phase:review proof:0 repair:0 repeats:0 reports:implementation review:0 saved:3 status:RUNNING] name:Controller params:map[] ref:0 ref_string:Controller#0]] state:map[controller:role Controller#0] stats:map[counts:map[Controller#0.Corrupt:1 Controller#0.Inspect:1 Controller#0.Start:1] totalActions:3] threads:[] witness:[[false false false false]]]
. Expected DISABLED
. Actual [str_value:"DISABLED"], len:1
    Action Link: Controller#0.Overlap
    Found matching Source Link: src:28 dest:32 name:"Controller#0.Overlap" weight:0.125 type:"action" 10:"\n\x14Controller#0.Overlap\x12\n\"DISABLED\""
  End of Request 13, current nodeId: 32, node: map[channel_messages:map[] channels:map[] current:0 failedInvariants:<nil> name:yield returns:{"Controller#0.Overlap":"DISABLED"} roles:[map[fields:map[attempts:3 current:1 fault:false generation:1 inspected:true phase:review proof:0 repair:0 repeats:0 reports:implementation review:0 saved:3 status:RUNNING] name:Controller params:map[] ref:0 ref_string:Controller#0]] state:map[controller:role Controller#0] stats:map[counts:map[Controller#0.Inspect:1 Controller#0.Overlap:1 Controller#0.Start:1] totalActions:3] threads:[] witness:[[false false false false]]]
. Expected DISABLED
. Actual [str_value:"DISABLED"], len:1
    Action Link: Controller#0.Proof
    Found matching Source Link: src:32 dest:27 name:"Controller#0.Proof" weight:0.125 type:"action" 10:"\n\x12Controller#0.Proof\x12\n\"DISABLED\""
  End of Request 14, current nodeId: 27, node: map[channel_messages:map[] channels:map[] current:0 failedInvariants:<nil> name:yield returns:{"Controller#0.Proof":"DISABLED"} roles:[map[fields:map[attempts:3 current:1 fault:false generation:1 inspected:true phase:review proof:0 repair:0 repeats:0 reports:implementation review:0 saved:3 status:RUNNING] name:Controller params:map[] ref:0 ref_string:Controller#0]] state:map[controller:role Controller#0] stats:map[counts:map[Controller#0.Inspect:1 Controller#0.Proof:1 Controller#0.Start:1] totalActions:3] threads:[] witness:[[false false false false]]]
. Expected DISABLED
. Actual [str_value:"DISABLED"], len:1
    Action Link: Controller#0.Review
    Found matching Source Link: src:27 dest:26 name:"Controller#0.Review" labels:"Projection.call" weight:0.125 type:"action" 10:"\n\x13Controller#0.Review\x120\"77|RUNNING|4|4|implementation,review|0|1|1|0|1\""
  End of Request 15, current nodeId: 26, node: map[channel_messages:map[] channels:map[] current:0 failedInvariants:<nil> name:yield returns:{"Controller#0.Review":"77|RUNNING|4|4|implementation,review|0|1|1|0|1"} roles:[map[fields:map[attempts:4 current:1 fault:false generation:1 inspected:true phase:proof proof:0 repair:0 repeats:0 reports:implementation,review review:1 saved:4 status:RUNNING] name:Controller params:map[] ref:0 ref_string:Controller#0]] state:map[controller:role Controller#0] stats:map[counts:map[Controller#0.Inspect:1 Controller#0.Review:1 Controller#0.Start:1] totalActions:3] threads:[] witness:[[false false false false]]]
. Expected 77|RUNNING|4|4|implementation,review|0|1|1|0|1
. Actual [str_value:"77|RUNNING|4|4|implementation,review|0|1|1|0|1"], len:1
    Action Link: Controller#0.Proof
    Found matching Source Link: src:26 dest:43 name:"Controller#0.Proof" labels:"Projection.call" weight:0.125 type:"action" 10:"\n\x12Controller#0.Proof\x120\"77|RUNNING|5|4|implementation,review|0|1|1|0|1\""
  End of Request 16, current nodeId: 43, node: map[channel_messages:map[] channels:map[] current:0 failedInvariants:<nil> name:yield returns:{"Controller#0.Proof":"77|RUNNING|5|4|implementation,review|0|1|1|0|1"} roles:[map[fields:map[attempts:5 current:1 fault:false generation:1 inspected:true phase:pending proof:0 repair:0 repeats:0 reports:implementation,review review:1 saved:4 status:RUNNING] name:Controller params:map[] ref:0 ref_string:Controller#0]] state:map[controller:role Controller#0] stats:map[counts:map[Controller#0.Inspect:1 Controller#0.Proof:1 Controller#0.Review:1 Controller#0.Start:1] totalActions:4] threads:[] witness:[[false false false false]]]
. Expected 77|RUNNING|5|4|implementation,review|0|1|1|0|1
. Actual [str_value:"77|RUNNING|5|4|implementation,review|0|1|1|0|1"], len:1
    Action Link: Controller#0.Resume
    Found matching Source Link: src:43 dest:63 name:"Controller#0.Resume" weight:0.125 type:"action" 10:"\n\x13Controller#0.Resume\x12\n\"DISABLED\""
  End of Request 17, current nodeId: 63, node: map[channel_messages:map[] channels:map[] current:0 failedInvariants:<nil> name:yield returns:{"Controller#0.Resume":"DISABLED"} roles:[map[fields:map[attempts:5 current:1 fault:false generation:1 inspected:true phase:pending proof:0 repair:0 repeats:0 reports:implementation,review review:1 saved:4 status:RUNNING] name:Controller params:map[] ref:0 ref_string:Controller#0]] state:map[controller:role Controller#0] stats:map[counts:map[Controller#0.Inspect:1 Controller#0.Proof:1 Controller#0.Resume:1 Controller#0.Review:1 Controller#0.Start:1] totalActions:5] threads:[] witness:[[false false false false]]]
. Expected DISABLED
. Actual [str_value:"DISABLED"], len:1
    Action Link: Controller#0.Review
    Found matching Source Link: src:63 dest:58 name:"Controller#0.Review" weight:0.125 type:"action" 10:"\n\x13Controller#0.Review\x12\n\"DISABLED\""
  End of Request 18, current nodeId: 58, node: map[channel_messages:map[] channels:map[] current:0 failedInvariants:<nil> name:yield returns:{"Controller#0.Review":"DISABLED"} roles:[map[fields:map[attempts:5 current:1 fault:false generation:1 inspected:true phase:pending proof:0 repair:0 repeats:0 reports:implementation,review review:1 saved:4 status:RUNNING] name:Controller params:map[] ref:0 ref_string:Controller#0]] state:map[controller:role Controller#0] stats:map[counts:map[Controller#0.Inspect:1 Controller#0.Proof:1 Controller#0.Review:2 Controller#0.Start:1] totalActions:5] threads:[] witness:[[false false false false]]]
. Expected DISABLED
. Actual [str_value:"DISABLED"], len:1
    Action Link: Controller#0.Restart
    Found matching Source Link: src:58 dest:61 name:"Controller#0.Restart" labels:"Projection.call" weight:0.125 type:"action" 10:"\n\x14Controller#0.Restart\x12A\"0|REVIEWED_AND_PROVEN|5|5|implementation,proof,review|0|1|1|1|1\""
  End of Request 19, current nodeId: 61, node: map[channel_messages:map[] channels:map[] current:0 failedInvariants:<nil> name:yield returns:{"Controller#0.Restart":"0|REVIEWED_AND_PROVEN|5|5|implementation,proof,review|0|1|1|1|1"} roles:[map[fields:map[attempts:5 current:1 fault:false generation:1 inspected:true phase:terminal proof:1 repair:0 repeats:0 reports:implementation,proof,review review:1 saved:5 status:REVIEWED_AND_PROVEN] name:Controller params:map[] ref:0 ref_string:Controller#0]] state:map[controller:role Controller#0] stats:map[counts:map[Controller#0.Inspect:1 Controller#0.Proof:1 Controller#0.Restart:1 Controller#0.Review:1 Controller#0.Start:1] totalActions:5] threads:[] witness:[[false false false false]]]
. Expected 0|REVIEWED_AND_PROVEN|5|5|implementation,proof,review|0|1|1|1|1
. Actual [str_value:"0|REVIEWED_AND_PROVEN|5|5|implementation,proof,review|0|1|1|1|1"], len:1
    Action Link: Controller#0.Proof
    Found matching Source Link: src:61 dest:75 name:"Controller#0.Proof" weight:0.125 type:"action" 10:"\n\x12Controller#0.Proof\x12\n\"DISABLED\""
  End of Request 20, current nodeId: 75, node: map[channel_messages:map[] channels:map[] current:0 failedInvariants:<nil> name:yield returns:{"Controller#0.Proof":"DISABLED"} roles:[map[fields:map[attempts:5 current:1 fault:false generation:1 inspected:true phase:terminal proof:1 repair:0 repeats:0 reports:implementation,proof,review review:1 saved:5 status:REVIEWED_AND_PROVEN] name:Controller params:map[] ref:0 ref_string:Controller#0]] state:map[controller:role Controller#0] stats:map[counts:map[Controller#0.Inspect:1 Controller#0.Proof:2 Controller#0.Restart:1 Controller#0.Review:1 Controller#0.Start:1] totalActions:6] threads:[] witness:[[false false false false]]]
. Expected DISABLED
. Actual [str_value:"DISABLED"], len:1
    Action Link: Controller#0.Corrupt
    Found matching Source Link: src:75 dest:76 name:"Controller#0.Corrupt" weight:0.125 type:"action" 10:"\n\x14Controller#0.Corrupt\x12\n\"DISABLED\""
  End of Request 21, current nodeId: 76, node: map[channel_messages:map[] channels:map[] current:0 failedInvariants:<nil> name:yield returns:{"Controller#0.Corrupt":"DISABLED"} roles:[map[fields:map[attempts:5 current:1 fault:false generation:1 inspected:true phase:terminal proof:1 repair:0 repeats:0 reports:implementation,proof,review review:1 saved:5 status:REVIEWED_AND_PROVEN] name:Controller params:map[] ref:0 ref_string:Controller#0]] state:map[controller:role Controller#0] stats:map[counts:map[Controller#0.Corrupt:1 Controller#0.Inspect:1 Controller#0.Proof:1 Controller#0.Restart:1 Controller#0.Review:1 Controller#0.Start:1] totalActions:6] threads:[] witness:[[false false false false]]]
. Expected DISABLED
. Actual [str_value:"DISABLED"], len:1
    Action Link: Controller#0.Corrupt
    Found matching Source Link: src:76 dest:76 name:"Controller#0.Corrupt" weight:0.125 type:"action" 10:"\n\x14Controller#0.Corrupt\x12\n\"DISABLED\""
  End of Request 22, current nodeId: 76, node: map[channel_messages:map[] channels:map[] current:0 failedInvariants:<nil> name:yield returns:{"Controller#0.Corrupt":"DISABLED"} roles:[map[fields:map[attempts:5 current:1 fault:false generation:1 inspected:true phase:terminal proof:1 repair:0 repeats:0 reports:implementation,proof,review review:1 saved:5 status:REVIEWED_AND_PROVEN] name:Controller params:map[] ref:0 ref_string:Controller#0]] state:map[controller:role Controller#0] stats:map[counts:map[Controller#0.Corrupt:1 Controller#0.Inspect:1 Controller#0.Proof:1 Controller#0.Restart:1 Controller#0.Review:1 Controller#0.Start:1] totalActions:6] threads:[] witness:[[false false false false]]]
. Expected DISABLED
. Actual [str_value:"DISABLED"], len:1
    Action Link: Controller#0.Overlap
    Found matching Source Link: src:76 dest:80 name:"Controller#0.Overlap" weight:0.125 type:"action" 10:"\n\x14Controller#0.Overlap\x12\n\"DISABLED\""
  End of Request 23, current nodeId: 80, node: map[channel_messages:map[] channels:map[] current:0 failedInvariants:<nil> name:yield returns:{"Controller#0.Overlap":"DISABLED"} roles:[map[fields:map[attempts:5 current:1 fault:false generation:1 inspected:true phase:terminal proof:1 repair:0 repeats:0 reports:implementation,proof,review review:1 saved:5 status:REVIEWED_AND_PROVEN] name:Controller params:map[] ref:0 ref_string:Controller#0]] state:map[controller:role Controller#0] stats:map[counts:map[Controller#0.Inspect:1 Controller#0.Overlap:1 Controller#0.Proof:1 Controller#0.Restart:1 Controller#0.Review:1 Controller#0.Start:1] totalActions:6] threads:[] witness:[[false false false false]]]
. Expected DISABLED
. Actual [str_value:"DISABLED"], len:1
    Action Link: Controller#0.Resume
    Found matching Source Link: src:80 dest:79 name:"Controller#0.Resume" labels:"Projection.call" weight:0.125 type:"action" 10:"\n\x13Controller#0.Resume\x12A\"0|REVIEWED_AND_PROVEN|5|5|implementation,proof,review|0|1|1|1|1\""
  End of Request 24, current nodeId: 79, node: map[channel_messages:map[] channels:map[] current:0 failedInvariants:<nil> name:yield returns:{"Controller#0.Resume":"0|REVIEWED_AND_PROVEN|5|5|implementation,proof,review|0|1|1|1|1"} roles:[map[fields:map[attempts:5 current:1 fault:false generation:1 inspected:true phase:terminal proof:1 repair:0 repeats:1 reports:implementation,proof,review review:1 saved:5 status:REVIEWED_AND_PROVEN] name:Controller params:map[] ref:0 ref_string:Controller#0]] state:map[controller:role Controller#0] stats:map[counts:map[Controller#0.Inspect:1 Controller#0.Proof:1 Controller#0.Restart:1 Controller#0.Resume:1 Controller#0.Review:1 Controller#0.Start:1] totalActions:6] threads:[] witness:[[false false false false]]]
. Expected 0|REVIEWED_AND_PROVEN|5|5|implementation,proof,review|0|1|1|1|1
. Actual [str_value:"0|REVIEWED_AND_PROVEN|5|5|implementation,proof,review|0|1|1|1|1"], len:1
    Action Link: Controller#0.Overlap
    Found matching Source Link: src:79 dest:96 name:"Controller#0.Overlap" weight:0.125 type:"action" 10:"\n\x14Controller#0.Overlap\x12\n\"DISABLED\""
  End of Request 25, current nodeId: 96, node: map[channel_messages:map[] channels:map[] current:0 failedInvariants:<nil> name:yield returns:{"Controller#0.Overlap":"DISABLED"} roles:[map[fields:map[attempts:5 current:1 fault:false generation:1 inspected:true phase:terminal proof:1 repair:0 repeats:1 reports:implementation,proof,review review:1 saved:5 status:REVIEWED_AND_PROVEN] name:Controller params:map[] ref:0 ref_string:Controller#0]] state:map[controller:role Controller#0] stats:map[counts:map[Controller#0.Inspect:1 Controller#0.Overlap:1 Controller#0.Proof:1 Controller#0.Restart:1 Controller#0.Resume:1 Controller#0.Review:1 Controller#0.Start:1] totalActions:7] threads:[] witness:[[false false false false]]]
. Expected DISABLED
. Actual [str_value:"DISABLED"], len:1
    Action Link: Controller#0.Resume
    Found matching Source Link: src:96 dest:95 name:"Controller#0.Resume" labels:"Projection.call" weight:0.125 type:"action" 10:"\n\x13Controller#0.Resume\x12A\"0|REVIEWED_AND_PROVEN|5|5|implementation,proof,review|0|1|1|1|1\""
  End of Request 26, current nodeId: 95, node: map[channel_messages:map[] channels:map[] current:0 failedInvariants:<nil> name:yield returns:{"Controller#0.Resume":"0|REVIEWED_AND_PROVEN|5|5|implementation,proof,review|0|1|1|1|1"} roles:[map[fields:map[attempts:5 current:1 fault:false generation:1 inspected:true phase:terminal proof:1 repair:0 repeats:2 reports:implementation,proof,review review:1 saved:5 status:REVIEWED_AND_PROVEN] name:Controller params:map[] ref:0 ref_string:Controller#0]] state:map[controller:role Controller#0] stats:map[counts:map[Controller#0.Inspect:1 Controller#0.Proof:1 Controller#0.Restart:1 Controller#0.Resume:2 Controller#0.Review:1 Controller#0.Start:1] totalActions:7] threads:[] witness:[[false false false false]]]
. Expected 0|REVIEWED_AND_PROVEN|5|5|implementation,proof,review|0|1|1|1|1
. Actual [str_value:"0|REVIEWED_AND_PROVEN|5|5|implementation,proof,review|0|1|1|1|1"], len:1
    Action Link: Controller#0.Corrupt
    Found matching Source Link: src:95 dest:100 name:"Controller#0.Corrupt" weight:0.125 type:"action" 10:"\n\x14Controller#0.Corrupt\x12\n\"DISABLED\""
  End of Request 27, current nodeId: 100, node: map[channel_messages:map[] channels:map[] current:0 failedInvariants:<nil> name:yield returns:{"Controller#0.Corrupt":"DISABLED"} roles:[map[fields:map[attempts:5 current:1 fault:false generation:1 inspected:true phase:terminal proof:1 repair:0 repeats:2 reports:implementation,proof,review review:1 saved:5 status:REVIEWED_AND_PROVEN] name:Controller params:map[] ref:0 ref_string:Controller#0]] state:map[controller:role Controller#0] stats:map[counts:map[Controller#0.Corrupt:1 Controller#0.Inspect:1 Controller#0.Proof:1 Controller#0.Restart:1 Controller#0.Resume:2 Controller#0.Review:1 Controller#0.Start:1] totalActions:8] threads:[] witness:[[false false false false]]]
. Expected DISABLED
. Actual [str_value:"DISABLED"], len:1
    Action Link: Controller#0.Overlap
    Found matching Source Link: src:100 dest:104 name:"Controller#0.Overlap" weight:0.125 type:"action" 10:"\n\x14Controller#0.Overlap\x12\n\"DISABLED\""
  End of Request 28, current nodeId: 104, node: map[channel_messages:map[] channels:map[] current:0 failedInvariants:<nil> name:yield returns:{"Controller#0.Overlap":"DISABLED"} roles:[map[fields:map[attempts:5 current:1 fault:false generation:1 inspected:true phase:terminal proof:1 repair:0 repeats:2 reports:implementation,proof,review review:1 saved:5 status:REVIEWED_AND_PROVEN] name:Controller params:map[] ref:0 ref_string:Controller#0]] state:map[controller:role Controller#0] stats:map[counts:map[Controller#0.Inspect:1 Controller#0.Overlap:1 Controller#0.Proof:1 Controller#0.Restart:1 Controller#0.Resume:2 Controller#0.Review:1 Controller#0.Start:1] totalActions:8] threads:[] witness:[[false false false false]]]
. Expected DISABLED
. Actual [str_value:"DISABLED"], len:1
    Action Link: Controller#0.Overlap
    Found matching Source Link: src:104 dest:104 name:"Controller#0.Overlap" weight:0.125 type:"action" 10:"\n\x14Controller#0.Overlap\x12\n\"DISABLED\""
  End of Request 29, current nodeId: 104, node: map[channel_messages:map[] channels:map[] current:0 failedInvariants:<nil> name:yield returns:{"Controller#0.Overlap":"DISABLED"} roles:[map[fields:map[attempts:5 current:1 fault:false generation:1 inspected:true phase:terminal proof:1 repair:0 repeats:2 reports:implementation,proof,review review:1 saved:5 status:REVIEWED_AND_PROVEN] name:Controller params:map[] ref:0 ref_string:Controller#0]] state:map[controller:role Controller#0] stats:map[counts:map[Controller#0.Inspect:1 Controller#0.Overlap:1 Controller#0.Proof:1 Controller#0.Restart:1 Controller#0.Resume:2 Controller#0.Review:1 Controller#0.Start:1] totalActions:8] threads:[] witness:[[false false false false]]]
. Expected DISABLED
. Actual [str_value:"DISABLED"], len:1
    Action Link: Controller#0.Corrupt
    Found matching Source Link: src:104 dest:100 name:"Controller#0.Corrupt" weight:0.125 type:"action" 10:"\n\x14Controller#0.Corrupt\x12\n\"DISABLED\""
  End of Request 30, current nodeId: 100, node: map[channel_messages:map[] channels:map[] current:0 failedInvariants:<nil> name:yield returns:{"Controller#0.Corrupt":"DISABLED"} roles:[map[fields:map[attempts:5 current:1 fault:false generation:1 inspected:true phase:terminal proof:1 repair:0 repeats:2 reports:implementation,proof,review review:1 saved:5 status:REVIEWED_AND_PROVEN] name:Controller params:map[] ref:0 ref_string:Controller#0]] state:map[controller:role Controller#0] stats:map[counts:map[Controller#0.Corrupt:1 Controller#0.Inspect:1 Controller#0.Proof:1 Controller#0.Restart:1 Controller#0.Resume:2 Controller#0.Review:1 Controller#0.Start:1] totalActions:8] threads:[] witness:[[false false false false]]]
. Expected DISABLED
. Actual [str_value:"DISABLED"], len:1
    Action Link: Controller#0.Proof
    Found matching Source Link: src:100 dest:99 name:"Controller#0.Proof" weight:0.125 type:"action" 10:"\n\x12Controller#0.Proof\x12\n\"DISABLED\""
  End of Request 31, current nodeId: 99, node: map[channel_messages:map[] channels:map[] current:0 failedInvariants:<nil> name:yield returns:{"Controller#0.Proof":"DISABLED"} roles:[map[fields:map[attempts:5 current:1 fault:false generation:1 inspected:true phase:terminal proof:1 repair:0 repeats:2 reports:implementation,proof,review review:1 saved:5 status:REVIEWED_AND_PROVEN] name:Controller params:map[] ref:0 ref_string:Controller#0]] state:map[controller:role Controller#0] stats:map[counts:map[Controller#0.Inspect:1 Controller#0.Proof:2 Controller#0.Restart:1 Controller#0.Resume:2 Controller#0.Review:1 Controller#0.Start:1] totalActions:8] threads:[] witness:[[false false false false]]]
. Expected DISABLED
. Actual [str_value:"DISABLED"], len:1
    Action Link: Controller#0.Start
    Found matching Source Link: src:99 dest:97 name:"Controller#0.Start" weight:0.125 type:"action" 10:"\n\x12Controller#0.Start\x12\n\"DISABLED\""
  End of Request 32, current nodeId: 97, node: map[channel_messages:map[] channels:map[] current:0 failedInvariants:<nil> name:yield returns:{"Controller#0.Start":"DISABLED"} roles:[map[fields:map[attempts:5 current:1 fault:false generation:1 inspected:true phase:terminal proof:1 repair:0 repeats:2 reports:implementation,proof,review review:1 saved:5 status:REVIEWED_AND_PROVEN] name:Controller params:map[] ref:0 ref_string:Controller#0]] state:map[controller:role Controller#0] stats:map[counts:map[Controller#0.Inspect:1 Controller#0.Proof:1 Controller#0.Restart:1 Controller#0.Resume:2 Controller#0.Review:1 Controller#0.Start:2] totalActions:8] threads:[] witness:[[false false false false]]]
. Expected DISABLED
. Actual [str_value:"DISABLED"], len:1
    Action Link: Controller#0.Corrupt
    Found matching Source Link: src:97 dest:100 name:"Controller#0.Corrupt" weight:0.125 type:"action" 10:"\n\x14Controller#0.Corrupt\x12\n\"DISABLED\""
  End of Request 33, current nodeId: 100, node: map[channel_messages:map[] channels:map[] current:0 failedInvariants:<nil> name:yield returns:{"Controller#0.Corrupt":"DISABLED"} roles:[map[fields:map[attempts:5 current:1 fault:false generation:1 inspected:true phase:terminal proof:1 repair:0 repeats:2 reports:implementation,proof,review review:1 saved:5 status:REVIEWED_AND_PROVEN] name:Controller params:map[] ref:0 ref_string:Controller#0]] state:map[controller:role Controller#0] stats:map[counts:map[Controller#0.Corrupt:1 Controller#0.Inspect:1 Controller#0.Proof:1 Controller#0.Restart:1 Controller#0.Resume:2 Controller#0.Review:1 Controller#0.Start:1] totalActions:8] threads:[] witness:[[false false false false]]]
. Expected DISABLED
. Actual [str_value:"DISABLED"], len:1
    Action Link: Controller#0.Restart
    Found matching Source Link: src:100 dest:101 name:"Controller#0.Restart" weight:0.125 type:"action" 10:"\n\x14Controller#0.Restart\x12\n\"DISABLED\""
  End of Request 34, current nodeId: 101, node: map[channel_messages:map[] channels:map[] current:0 failedInvariants:<nil> name:yield returns:{"Controller#0.Restart":"DISABLED"} roles:[map[fields:map[attempts:5 current:1 fault:false generation:1 inspected:true phase:terminal proof:1 repair:0 repeats:2 reports:implementation,proof,review review:1 saved:5 status:REVIEWED_AND_PROVEN] name:Controller params:map[] ref:0 ref_string:Controller#0]] state:map[controller:role Controller#0] stats:map[counts:map[Controller#0.Inspect:1 Controller#0.Proof:1 Controller#0.Restart:2 Controller#0.Resume:2 Controller#0.Review:1 Controller#0.Start:1] totalActions:8] threads:[] witness:[[false false false false]]]
. Expected DISABLED
. Actual [str_value:"DISABLED"], len:1
    Action Link: Controller#0.Review
    Found matching Source Link: src:101 dest:98 name:"Controller#0.Review" weight:0.125 type:"action" 10:"\n\x13Controller#0.Review\x12\n\"DISABLED\""
  End of Request 35, current nodeId: 98, node: map[channel_messages:map[] channels:map[] current:0 failedInvariants:<nil> name:yield returns:{"Controller#0.Review":"DISABLED"} roles:[map[fields:map[attempts:5 current:1 fault:false generation:1 inspected:true phase:terminal proof:1 repair:0 repeats:2 reports:implementation,proof,review review:1 saved:5 status:REVIEWED_AND_PROVEN] name:Controller params:map[] ref:0 ref_string:Controller#0]] state:map[controller:role Controller#0] stats:map[counts:map[Controller#0.Inspect:1 Controller#0.Proof:1 Controller#0.Restart:1 Controller#0.Resume:2 Controller#0.Review:2 Controller#0.Start:1] totalActions:8] threads:[] witness:[[false false false false]]]
. Expected DISABLED
. Actual [str_value:"DISABLED"], len:1
    Action Link: Controller#0.Review
    Found matching Source Link: src:98 dest:98 name:"Controller#0.Review" weight:0.125 type:"action" 10:"\n\x13Controller#0.Review\x12\n\"DISABLED\""
  End of Request 36, current nodeId: 98, node: map[channel_messages:map[] channels:map[] current:0 failedInvariants:<nil> name:yield returns:{"Controller#0.Review":"DISABLED"} roles:[map[fields:map[attempts:5 current:1 fault:false generation:1 inspected:true phase:terminal proof:1 repair:0 repeats:2 reports:implementation,proof,review review:1 saved:5 status:REVIEWED_AND_PROVEN] name:Controller params:map[] ref:0 ref_string:Controller#0]] state:map[controller:role Controller#0] stats:map[counts:map[Controller#0.Inspect:1 Controller#0.Proof:1 Controller#0.Restart:1 Controller#0.Resume:2 Controller#0.Review:2 Controller#0.Start:1] totalActions:8] threads:[] witness:[[false false false false]]]
. Expected DISABLED
. Actual [str_value:"DISABLED"], len:1
    Action Link: Controller#0.Corrupt
    Found matching Source Link: src:98 dest:100 name:"Controller#0.Corrupt" weight:0.125 type:"action" 10:"\n\x14Controller#0.Corrupt\x12\n\"DISABLED\""
  End of Request 37, current nodeId: 100, node: map[channel_messages:map[] channels:map[] current:0 failedInvariants:<nil> name:yield returns:{"Controller#0.Corrupt":"DISABLED"} roles:[map[fields:map[attempts:5 current:1 fault:false generation:1 inspected:true phase:terminal proof:1 repair:0 repeats:2 reports:implementation,proof,review review:1 saved:5 status:REVIEWED_AND_PROVEN] name:Controller params:map[] ref:0 ref_string:Controller#0]] state:map[controller:role Controller#0] stats:map[counts:map[Controller#0.Corrupt:1 Controller#0.Inspect:1 Controller#0.Proof:1 Controller#0.Restart:1 Controller#0.Resume:2 Controller#0.Review:1 Controller#0.Start:1] totalActions:8] threads:[] witness:[[false false false false]]]
. Expected DISABLED
. Actual [str_value:"DISABLED"], len:1
    Action Link: Controller#0.Resume
    Found matching Source Link: src:100 dest:103 name:"Controller#0.Resume" weight:0.125 type:"action" 10:"\n\x13Controller#0.Resume\x12\n\"DISABLED\""
  End of Request 38, current nodeId: 103, node: map[channel_messages:map[] channels:map[] current:0 failedInvariants:<nil> name:yield returns:{"Controller#0.Resume":"DISABLED"} roles:[map[fields:map[attempts:5 current:1 fault:false generation:1 inspected:true phase:terminal proof:1 repair:0 repeats:2 reports:implementation,proof,review review:1 saved:5 status:REVIEWED_AND_PROVEN] name:Controller params:map[] ref:0 ref_string:Controller#0]] state:map[controller:role Controller#0] stats:map[counts:map[Controller#0.Inspect:1 Controller#0.Proof:1 Controller#0.Restart:1 Controller#0.Resume:3 Controller#0.Review:1 Controller#0.Start:1] totalActions:8] threads:[] witness:[[false false false false]]]
. Expected DISABLED
. Actual [str_value:"DISABLED"], len:1
    Action Link: Controller#0.Start
    Found matching Source Link: src:103 dest:97 name:"Controller#0.Start" weight:0.125 type:"action" 10:"\n\x12Controller#0.Start\x12\n\"DISABLED\""
  End of Request 39, current nodeId: 97, node: map[channel_messages:map[] channels:map[] current:0 failedInvariants:<nil> name:yield returns:{"Controller#0.Start":"DISABLED"} roles:[map[fields:map[attempts:5 current:1 fault:false generation:1 inspected:true phase:terminal proof:1 repair:0 repeats:2 reports:implementation,proof,review review:1 saved:5 status:REVIEWED_AND_PROVEN] name:Controller params:map[] ref:0 ref_string:Controller#0]] state:map[controller:role Controller#0] stats:map[counts:map[Controller#0.Inspect:1 Controller#0.Proof:1 Controller#0.Restart:1 Controller#0.Resume:2 Controller#0.Review:1 Controller#0.Start:2] totalActions:8] threads:[] witness:[[false false false false]]]
. Expected DISABLED
. Actual [str_value:"DISABLED"], len:1
    Action Link: Controller#0.Start
    Found matching Source Link: src:97 dest:97 name:"Controller#0.Start" weight:0.125 type:"action" 10:"\n\x12Controller#0.Start\x12\n\"DISABLED\""
  End of Request 40, current nodeId: 97, node: map[channel_messages:map[] channels:map[] current:0 failedInvariants:<nil> name:yield returns:{"Controller#0.Start":"DISABLED"} roles:[map[fields:map[attempts:5 current:1 fault:false generation:1 inspected:true phase:terminal proof:1 repair:0 repeats:2 reports:implementation,proof,review review:1 saved:5 status:REVIEWED_AND_PROVEN] name:Controller params:map[] ref:0 ref_string:Controller#0]] state:map[controller:role Controller#0] stats:map[counts:map[Controller#0.Inspect:1 Controller#0.Proof:1 Controller#0.Restart:1 Controller#0.Resume:2 Controller#0.Review:1 Controller#0.Start:2] totalActions:8] threads:[] witness:[[false false false false]]]
. Expected DISABLED
. Actual [str_value:"DISABLED"], len:1
    Action Link: Controller#0.Resume
    Found matching Source Link: src:97 dest:103 name:"Controller#0.Resume" weight:0.125 type:"action" 10:"\n\x13Controller#0.Resume\x12\n\"DISABLED\""
  End of Request 41, current nodeId: 103, node: map[channel_messages:map[] channels:map[] current:0 failedInvariants:<nil> name:yield returns:{"Controller#0.Resume":"DISABLED"} roles:[map[fields:map[attempts:5 current:1 fault:false generation:1 inspected:true phase:terminal proof:1 repair:0 repeats:2 reports:implementation,proof,review review:1 saved:5 status:REVIEWED_AND_PROVEN] name:Controller params:map[] ref:0 ref_string:Controller#0]] state:map[controller:role Controller#0] stats:map[counts:map[Controller#0.Inspect:1 Controller#0.Proof:1 Controller#0.Restart:1 Controller#0.Resume:3 Controller#0.Review:1 Controller#0.Start:1] totalActions:8] threads:[] witness:[[false false false false]]]
. Expected DISABLED
. Actual [str_value:"DISABLED"], len:1
    Action Link: Controller#0.Overlap
    Found matching Source Link: src:103 dest:104 name:"Controller#0.Overlap" weight:0.125 type:"action" 10:"\n\x14Controller#0.Overlap\x12\n\"DISABLED\""
  End of Request 42, current nodeId: 104, node: map[channel_messages:map[] channels:map[] current:0 failedInvariants:<nil> name:yield returns:{"Controller#0.Overlap":"DISABLED"} roles:[map[fields:map[attempts:5 current:1 fault:false generation:1 inspected:true phase:terminal proof:1 repair:0 repeats:2 reports:implementation,proof,review review:1 saved:5 status:REVIEWED_AND_PROVEN] name:Controller params:map[] ref:0 ref_string:Controller#0]] state:map[controller:role Controller#0] stats:map[counts:map[Controller#0.Inspect:1 Controller#0.Overlap:1 Controller#0.Proof:1 Controller#0.Restart:1 Controller#0.Resume:2 Controller#0.Review:1 Controller#0.Start:1] totalActions:8] threads:[] witness:[[false false false false]]]
. Expected DISABLED
. Actual [str_value:"DISABLED"], len:1
    Action Link: Controller#0.Start
    Found matching Source Link: src:104 dest:97 name:"Controller#0.Start" weight:0.125 type:"action" 10:"\n\x12Controller#0.Start\x12\n\"DISABLED\""
  End of Request 43, current nodeId: 97, node: map[channel_messages:map[] channels:map[] current:0 failedInvariants:<nil> name:yield returns:{"Controller#0.Start":"DISABLED"} roles:[map[fields:map[attempts:5 current:1 fault:false generation:1 inspected:true phase:terminal proof:1 repair:0 repeats:2 reports:implementation,proof,review review:1 saved:5 status:REVIEWED_AND_PROVEN] name:Controller params:map[] ref:0 ref_string:Controller#0]] state:map[controller:role Controller#0] stats:map[counts:map[Controller#0.Inspect:1 Controller#0.Proof:1 Controller#0.Restart:1 Controller#0.Resume:2 Controller#0.Review:1 Controller#0.Start:2] totalActions:8] threads:[] witness:[[false false false false]]]
. Expected DISABLED
. Actual [str_value:"DISABLED"], len:1
    Action Link: Controller#0.Proof
    Found matching Source Link: src:97 dest:99 name:"Controller#0.Proof" weight:0.125 type:"action" 10:"\n\x12Controller#0.Proof\x12\n\"DISABLED\""
  End of Request 44, current nodeId: 99, node: map[channel_messages:map[] channels:map[] current:0 failedInvariants:<nil> name:yield returns:{"Controller#0.Proof":"DISABLED"} roles:[map[fields:map[attempts:5 current:1 fault:false generation:1 inspected:true phase:terminal proof:1 repair:0 repeats:2 reports:implementation,proof,review review:1 saved:5 status:REVIEWED_AND_PROVEN] name:Controller params:map[] ref:0 ref_string:Controller#0]] state:map[controller:role Controller#0] stats:map[counts:map[Controller#0.Inspect:1 Controller#0.Proof:2 Controller#0.Restart:1 Controller#0.Resume:2 Controller#0.Review:1 Controller#0.Start:1] totalActions:8] threads:[] witness:[[false false false false]]]
. Expected DISABLED
. Actual [str_value:"DISABLED"], len:1
    Action Link: Controller#0.Review
    Found matching Source Link: src:99 dest:98 name:"Controller#0.Review" weight:0.125 type:"action" 10:"\n\x13Controller#0.Review\x12\n\"DISABLED\""
  End of Request 45, current nodeId: 98, node: map[channel_messages:map[] channels:map[] current:0 failedInvariants:<nil> name:yield returns:{"Controller#0.Review":"DISABLED"} roles:[map[fields:map[attempts:5 current:1 fault:false generation:1 inspected:true phase:terminal proof:1 repair:0 repeats:2 reports:implementation,proof,review review:1 saved:5 status:REVIEWED_AND_PROVEN] name:Controller params:map[] ref:0 ref_string:Controller#0]] state:map[controller:role Controller#0] stats:map[counts:map[Controller#0.Inspect:1 Controller#0.Proof:1 Controller#0.Restart:1 Controller#0.Resume:2 Controller#0.Review:2 Controller#0.Start:1] totalActions:8] threads:[] witness:[[false false false false]]]
. Expected DISABLED
. Actual [str_value:"DISABLED"], len:1
    Action Link: Controller#0.Start
    Found matching Source Link: src:98 dest:97 name:"Controller#0.Start" weight:0.125 type:"action" 10:"\n\x12Controller#0.Start\x12\n\"DISABLED\""
  End of Request 46, current nodeId: 97, node: map[channel_messages:map[] channels:map[] current:0 failedInvariants:<nil> name:yield returns:{"Controller#0.Start":"DISABLED"} roles:[map[fields:map[attempts:5 current:1 fault:false generation:1 inspected:true phase:terminal proof:1 repair:0 repeats:2 reports:implementation,proof,review review:1 saved:5 status:REVIEWED_AND_PROVEN] name:Controller params:map[] ref:0 ref_string:Controller#0]] state:map[controller:role Controller#0] stats:map[counts:map[Controller#0.Inspect:1 Controller#0.Proof:1 Controller#0.Restart:1 Controller#0.Resume:2 Controller#0.Review:1 Controller#0.Start:2] totalActions:8] threads:[] witness:[[false false false false]]]
. Expected DISABLED
. Actual [str_value:"DISABLED"], len:1
    Action Link: Controller#0.Start
    Found matching Source Link: src:97 dest:97 name:"Controller#0.Start" weight:0.125 type:"action" 10:"\n\x12Controller#0.Start\x12\n\"DISABLED\""
  End of Request 47, current nodeId: 97, node: map[channel_messages:map[] channels:map[] current:0 failedInvariants:<nil> name:yield returns:{"Controller#0.Start":"DISABLED"} roles:[map[fields:map[attempts:5 current:1 fault:false generation:1 inspected:true phase:terminal proof:1 repair:0 repeats:2 reports:implementation,proof,review review:1 saved:5 status:REVIEWED_AND_PROVEN] name:Controller params:map[] ref:0 ref_string:Controller#0]] state:map[controller:role Controller#0] stats:map[counts:map[Controller#0.Inspect:1 Controller#0.Proof:1 Controller#0.Restart:1 Controller#0.Resume:2 Controller#0.Review:1 Controller#0.Start:2] totalActions:8] threads:[] witness:[[false false false false]]]
. Expected DISABLED
. Actual [str_value:"DISABLED"], len:1
    Action Link: Controller#0.Restart
    Found matching Source Link: src:97 dest:101 name:"Controller#0.Restart" weight:0.125 type:"action" 10:"\n\x14Controller#0.Restart\x12\n\"DISABLED\""
  End of Request 48, current nodeId: 101, node: map[channel_messages:map[] channels:map[] current:0 failedInvariants:<nil> name:yield returns:{"Controller#0.Restart":"DISABLED"} roles:[map[fields:map[attempts:5 current:1 fault:false generation:1 inspected:true phase:terminal proof:1 repair:0 repeats:2 reports:implementation,proof,review review:1 saved:5 status:REVIEWED_AND_PROVEN] name:Controller params:map[] ref:0 ref_string:Controller#0]] state:map[controller:role Controller#0] stats:map[counts:map[Controller#0.Inspect:1 Controller#0.Proof:1 Controller#0.Restart:2 Controller#0.Resume:2 Controller#0.Review:1 Controller#0.Start:1] totalActions:8] threads:[] witness:[[false false false false]]]
. Expected DISABLED
. Actual [str_value:"DISABLED"], len:1
    Action Link: Controller#0.Corrupt
    Found matching Source Link: src:101 dest:100 name:"Controller#0.Corrupt" weight:0.125 type:"action" 10:"\n\x14Controller#0.Corrupt\x12\n\"DISABLED\""
  End of Request 49, current nodeId: 100, node: map[channel_messages:map[] channels:map[] current:0 failedInvariants:<nil> name:yield returns:{"Controller#0.Corrupt":"DISABLED"} roles:[map[fields:map[attempts:5 current:1 fault:false generation:1 inspected:true phase:terminal proof:1 repair:0 repeats:2 reports:implementation,proof,review review:1 saved:5 status:REVIEWED_AND_PROVEN] name:Controller params:map[] ref:0 ref_string:Controller#0]] state:map[controller:role Controller#0] stats:map[counts:map[Controller#0.Corrupt:1 Controller#0.Inspect:1 Controller#0.Proof:1 Controller#0.Restart:1 Controller#0.Resume:2 Controller#0.Review:1 Controller#0.Start:1] totalActions:8] threads:[] witness:[[false false false false]]]
. Expected DISABLED
. Actual [str_value:"DISABLED"], len:1
    Action Link: Controller#0.Review
    Found matching Source Link: src:100 dest:98 name:"Controller#0.Review" weight:0.125 type:"action" 10:"\n\x13Controller#0.Review\x12\n\"DISABLED\""
  End of Request 50, current nodeId: 98, node: map[channel_messages:map[] channels:map[] current:0 failedInvariants:<nil> name:yield returns:{"Controller#0.Review":"DISABLED"} roles:[map[fields:map[attempts:5 current:1 fault:false generation:1 inspected:true phase:terminal proof:1 repair:0 repeats:2 reports:implementation,proof,review review:1 saved:5 status:REVIEWED_AND_PROVEN] name:Controller params:map[] ref:0 ref_string:Controller#0]] state:map[controller:role Controller#0] stats:map[counts:map[Controller#0.Inspect:1 Controller#0.Proof:1 Controller#0.Restart:1 Controller#0.Resume:2 Controller#0.Review:2 Controller#0.Start:1] totalActions:8] threads:[] witness:[[false false false false]]]
. Expected DISABLED
. Actual [str_value:"DISABLED"], len:1
    Action Link: Controller#0.Corrupt
    Found matching Source Link: src:98 dest:100 name:"Controller#0.Corrupt" weight:0.125 type:"action" 10:"\n\x14Controller#0.Corrupt\x12\n\"DISABLED\""
  End of Request 51, current nodeId: 100, node: map[channel_messages:map[] channels:map[] current:0 failedInvariants:<nil> name:yield returns:{"Controller#0.Corrupt":"DISABLED"} roles:[map[fields:map[attempts:5 current:1 fault:false generation:1 inspected:true phase:terminal proof:1 repair:0 repeats:2 reports:implementation,proof,review review:1 saved:5 status:REVIEWED_AND_PROVEN] name:Controller params:map[] ref:0 ref_string:Controller#0]] state:map[controller:role Controller#0] stats:map[counts:map[Controller#0.Corrupt:1 Controller#0.Inspect:1 Controller#0.Proof:1 Controller#0.Restart:1 Controller#0.Resume:2 Controller#0.Review:1 Controller#0.Start:1] totalActions:8] threads:[] witness:[[false false false false]]]
. Expected DISABLED
. Actual [str_value:"DISABLED"], len:1
    Action Link: Controller#0.Review
    Found matching Source Link: src:100 dest:98 name:"Controller#0.Review" weight:0.125 type:"action" 10:"\n\x13Controller#0.Review\x12\n\"DISABLED\""
  End of Request 52, current nodeId: 98, node: map[channel_messages:map[] channels:map[] current:0 failedInvariants:<nil> name:yield returns:{"Controller#0.Review":"DISABLED"} roles:[map[fields:map[attempts:5 current:1 fault:false generation:1 inspected:true phase:terminal proof:1 repair:0 repeats:2 reports:implementation,proof,review review:1 saved:5 status:REVIEWED_AND_PROVEN] name:Controller params:map[] ref:0 ref_string:Controller#0]] state:map[controller:role Controller#0] stats:map[counts:map[Controller#0.Inspect:1 Controller#0.Proof:1 Controller#0.Restart:1 Controller#0.Resume:2 Controller#0.Review:2 Controller#0.Start:1] totalActions:8] threads:[] witness:[[false false false false]]]
. Expected DISABLED
. Actual [str_value:"DISABLED"], len:1
    Action Link: Controller#0.Review
    Found matching Source Link: src:98 dest:98 name:"Controller#0.Review" weight:0.125 type:"action" 10:"\n\x13Controller#0.Review\x12\n\"DISABLED\""
  End of Request 53, current nodeId: 98, node: map[channel_messages:map[] channels:map[] current:0 failedInvariants:<nil> name:yield returns:{"Controller#0.Review":"DISABLED"} roles:[map[fields:map[attempts:5 current:1 fault:false generation:1 inspected:true phase:terminal proof:1 repair:0 repeats:2 reports:implementation,proof,review review:1 saved:5 status:REVIEWED_AND_PROVEN] name:Controller params:map[] ref:0 ref_string:Controller#0]] state:map[controller:role Controller#0] stats:map[counts:map[Controller#0.Inspect:1 Controller#0.Proof:1 Controller#0.Restart:1 Controller#0.Resume:2 Controller#0.Review:2 Controller#0.Start:1] totalActions:8] threads:[] witness:[[false false false false]]]
. Expected DISABLED
. Actual [str_value:"DISABLED"], len:1
    Action Link: Controller#0.Corrupt
    Found matching Source Link: src:98 dest:100 name:"Controller#0.Corrupt" weight:0.125 type:"action" 10:"\n\x14Controller#0.Corrupt\x12\n\"DISABLED\""
  End of Request 54, current nodeId: 100, node: map[channel_messages:map[] channels:map[] current:0 failedInvariants:<nil> name:yield returns:{"Controller#0.Corrupt":"DISABLED"} roles:[map[fields:map[attempts:5 current:1 fault:false generation:1 inspected:true phase:terminal proof:1 repair:0 repeats:2 reports:implementation,proof,review review:1 saved:5 status:REVIEWED_AND_PROVEN] name:Controller params:map[] ref:0 ref_string:Controller#0]] state:map[controller:role Controller#0] stats:map[counts:map[Controller#0.Corrupt:1 Controller#0.Inspect:1 Controller#0.Proof:1 Controller#0.Restart:1 Controller#0.Resume:2 Controller#0.Review:1 Controller#0.Start:1] totalActions:8] threads:[] witness:[[false false false false]]]
. Expected DISABLED
. Actual [str_value:"DISABLED"], len:1
    Action Link: Controller#0.Corrupt
    Found matching Source Link: src:100 dest:100 name:"Controller#0.Corrupt" weight:0.125 type:"action" 10:"\n\x14Controller#0.Corrupt\x12\n\"DISABLED\""
  End of Request 55, current nodeId: 100, node: map[channel_messages:map[] channels:map[] current:0 failedInvariants:<nil> name:yield returns:{"Controller#0.Corrupt":"DISABLED"} roles:[map[fields:map[attempts:5 current:1 fault:false generation:1 inspected:true phase:terminal proof:1 repair:0 repeats:2 reports:implementation,proof,review review:1 saved:5 status:REVIEWED_AND_PROVEN] name:Controller params:map[] ref:0 ref_string:Controller#0]] state:map[controller:role Controller#0] stats:map[counts:map[Controller#0.Corrupt:1 Controller#0.Inspect:1 Controller#0.Proof:1 Controller#0.Restart:1 Controller#0.Resume:2 Controller#0.Review:1 Controller#0.Start:1] totalActions:8] threads:[] witness:[[false false false false]]]
. Expected DISABLED
. Actual [str_value:"DISABLED"], len:1
    Action Link: Controller#0.Start
    Found matching Source Link: src:100 dest:97 name:"Controller#0.Start" weight:0.125 type:"action" 10:"\n\x12Controller#0.Start\x12\n\"DISABLED\""
  End of Request 56, current nodeId: 97, node: map[channel_messages:map[] channels:map[] current:0 failedInvariants:<nil> name:yield returns:{"Controller#0.Start":"DISABLED"} roles:[map[fields:map[attempts:5 current:1 fault:false generation:1 inspected:true phase:terminal proof:1 repair:0 repeats:2 reports:implementation,proof,review review:1 saved:5 status:REVIEWED_AND_PROVEN] name:Controller params:map[] ref:0 ref_string:Controller#0]] state:map[controller:role Controller#0] stats:map[counts:map[Controller#0.Inspect:1 Controller#0.Proof:1 Controller#0.Restart:1 Controller#0.Resume:2 Controller#0.Review:1 Controller#0.Start:2] totalActions:8] threads:[] witness:[[false false false false]]]
. Expected DISABLED
. Actual [str_value:"DISABLED"], len:1
    Action Link: Controller#0.Proof
    Found matching Source Link: src:97 dest:99 name:"Controller#0.Proof" weight:0.125 type:"action" 10:"\n\x12Controller#0.Proof\x12\n\"DISABLED\""
  End of Request 57, current nodeId: 99, node: map[channel_messages:map[] channels:map[] current:0 failedInvariants:<nil> name:yield returns:{"Controller#0.Proof":"DISABLED"} roles:[map[fields:map[attempts:5 current:1 fault:false generation:1 inspected:true phase:terminal proof:1 repair:0 repeats:2 reports:implementation,proof,review review:1 saved:5 status:REVIEWED_AND_PROVEN] name:Controller params:map[] ref:0 ref_string:Controller#0]] state:map[controller:role Controller#0] stats:map[counts:map[Controller#0.Inspect:1 Controller#0.Proof:2 Controller#0.Restart:1 Controller#0.Resume:2 Controller#0.Review:1 Controller#0.Start:1] totalActions:8] threads:[] witness:[[false false false false]]]
. Expected DISABLED
. Actual [str_value:"DISABLED"], len:1
    Action Link: Controller#0.Inspect
    Found matching Source Link: src:99 dest:102 name:"Controller#0.Inspect" weight:0.125 type:"action" 10:"\n\x14Controller#0.Inspect\x12\n\"DISABLED\""
  End of Request 58, current nodeId: 102, node: map[channel_messages:map[] channels:map[] current:0 failedInvariants:<nil> name:yield returns:{"Controller#0.Inspect":"DISABLED"} roles:[map[fields:map[attempts:5 current:1 fault:false generation:1 inspected:true phase:terminal proof:1 repair:0 repeats:2 reports:implementation,proof,review review:1 saved:5 status:REVIEWED_AND_PROVEN] name:Controller params:map[] ref:0 ref_string:Controller#0]] state:map[controller:role Controller#0] stats:map[counts:map[Controller#0.Inspect:2 Controller#0.Proof:1 Controller#0.Restart:1 Controller#0.Resume:2 Controller#0.Review:1 Controller#0.Start:1] totalActions:8] threads:[] witness:[[false false false false]]]
. Expected DISABLED
. Actual [str_value:"DISABLED"], len:1
    Action Link: Controller#0.Inspect
    Found matching Source Link: src:102 dest:102 name:"Controller#0.Inspect" weight:0.125 type:"action" 10:"\n\x14Controller#0.Inspect\x12\n\"DISABLED\""
  End of Request 59, current nodeId: 102, node: map[channel_messages:map[] channels:map[] current:0 failedInvariants:<nil> name:yield returns:{"Controller#0.Inspect":"DISABLED"} roles:[map[fields:map[attempts:5 current:1 fault:false generation:1 inspected:true phase:terminal proof:1 repair:0 repeats:2 reports:implementation,proof,review review:1 saved:5 status:REVIEWED_AND_PROVEN] name:Controller params:map[] ref:0 ref_string:Controller#0]] state:map[controller:role Controller#0] stats:map[counts:map[Controller#0.Inspect:2 Controller#0.Proof:1 Controller#0.Restart:1 Controller#0.Resume:2 Controller#0.Review:1 Controller#0.Start:1] totalActions:8] threads:[] witness:[[false false false false]]]
. Expected DISABLED
. Actual [str_value:"DISABLED"], len:1
    Action Link: Controller#0.Inspect
    Found matching Source Link: src:102 dest:102 name:"Controller#0.Inspect" weight:0.125 type:"action" 10:"\n\x14Controller#0.Inspect\x12\n\"DISABLED\""
  End of Request 60, current nodeId: 102, node: map[channel_messages:map[] channels:map[] current:0 failedInvariants:<nil> name:yield returns:{"Controller#0.Inspect":"DISABLED"} roles:[map[fields:map[attempts:5 current:1 fault:false generation:1 inspected:true phase:terminal proof:1 repair:0 repeats:2 reports:implementation,proof,review review:1 saved:5 status:REVIEWED_AND_PROVEN] name:Controller params:map[] ref:0 ref_string:Controller#0]] state:map[controller:role Controller#0] stats:map[counts:map[Controller#0.Inspect:2 Controller#0.Proof:1 Controller#0.Restart:1 Controller#0.Resume:2 Controller#0.Review:1 Controller#0.Start:1] totalActions:8] threads:[] witness:[[false false false false]]]
. Expected DISABLED
. Actual [str_value:"DISABLED"], len:1
    Action Link: Controller#0.Review
    Found matching Source Link: src:102 dest:98 name:"Controller#0.Review" weight:0.125 type:"action" 10:"\n\x13Controller#0.Review\x12\n\"DISABLED\""
  End of Request 61, current nodeId: 98, node: map[channel_messages:map[] channels:map[] current:0 failedInvariants:<nil> name:yield returns:{"Controller#0.Review":"DISABLED"} roles:[map[fields:map[attempts:5 current:1 fault:false generation:1 inspected:true phase:terminal proof:1 repair:0 repeats:2 reports:implementation,proof,review review:1 saved:5 status:REVIEWED_AND_PROVEN] name:Controller params:map[] ref:0 ref_string:Controller#0]] state:map[controller:role Controller#0] stats:map[counts:map[Controller#0.Inspect:1 Controller#0.Proof:1 Controller#0.Restart:1 Controller#0.Resume:2 Controller#0.Review:2 Controller#0.Start:1] totalActions:8] threads:[] witness:[[false false false false]]]
. Expected DISABLED
. Actual [str_value:"DISABLED"], len:1
    Action Link: Controller#0.Start
    Found matching Source Link: src:98 dest:97 name:"Controller#0.Start" weight:0.125 type:"action" 10:"\n\x12Controller#0.Start\x12\n\"DISABLED\""
  End of Request 62, current nodeId: 97, node: map[channel_messages:map[] channels:map[] current:0 failedInvariants:<nil> name:yield returns:{"Controller#0.Start":"DISABLED"} roles:[map[fields:map[attempts:5 current:1 fault:false generation:1 inspected:true phase:terminal proof:1 repair:0 repeats:2 reports:implementation,proof,review review:1 saved:5 status:REVIEWED_AND_PROVEN] name:Controller params:map[] ref:0 ref_string:Controller#0]] state:map[controller:role Controller#0] stats:map[counts:map[Controller#0.Inspect:1 Controller#0.Proof:1 Controller#0.Restart:1 Controller#0.Resume:2 Controller#0.Review:1 Controller#0.Start:2] totalActions:8] threads:[] witness:[[false false false false]]]
. Expected DISABLED
. Actual [str_value:"DISABLED"], len:1
    Action Link: Controller#0.Resume
    Found matching Source Link: src:97 dest:103 name:"Controller#0.Resume" weight:0.125 type:"action" 10:"\n\x13Controller#0.Resume\x12\n\"DISABLED\""
  End of Request 63, current nodeId: 103, node: map[channel_messages:map[] channels:map[] current:0 failedInvariants:<nil> name:yield returns:{"Controller#0.Resume":"DISABLED"} roles:[map[fields:map[attempts:5 current:1 fault:false generation:1 inspected:true phase:terminal proof:1 repair:0 repeats:2 reports:implementation,proof,review review:1 saved:5 status:REVIEWED_AND_PROVEN] name:Controller params:map[] ref:0 ref_string:Controller#0]] state:map[controller:role Controller#0] stats:map[counts:map[Controller#0.Inspect:1 Controller#0.Proof:1 Controller#0.Restart:1 Controller#0.Resume:3 Controller#0.Review:1 Controller#0.Start:1] totalActions:8] threads:[] witness:[[false false false false]]]
. Expected DISABLED
. Actual [str_value:"DISABLED"], len:1
    Action Link: Controller#0.Proof
    Found matching Source Link: src:103 dest:99 name:"Controller#0.Proof" weight:0.125 type:"action" 10:"\n\x12Controller#0.Proof\x12\n\"DISABLED\""
  End of Request 64, current nodeId: 99, node: map[channel_messages:map[] channels:map[] current:0 failedInvariants:<nil> name:yield returns:{"Controller#0.Proof":"DISABLED"} roles:[map[fields:map[attempts:5 current:1 fault:false generation:1 inspected:true phase:terminal proof:1 repair:0 repeats:2 reports:implementation,proof,review review:1 saved:5 status:REVIEWED_AND_PROVEN] name:Controller params:map[] ref:0 ref_string:Controller#0]] state:map[controller:role Controller#0] stats:map[counts:map[Controller#0.Inspect:1 Controller#0.Proof:2 Controller#0.Restart:1 Controller#0.Resume:2 Controller#0.Review:1 Controller#0.Start:1] totalActions:8] threads:[] witness:[[false false false false]]]
. Expected DISABLED
. Actual [str_value:"DISABLED"], len:1
    Action Link: Controller#0.Overlap
    Found matching Source Link: src:99 dest:104 name:"Controller#0.Overlap" weight:0.125 type:"action" 10:"\n\x14Controller#0.Overlap\x12\n\"DISABLED\""
  End of Request 65, current nodeId: 104, node: map[channel_messages:map[] channels:map[] current:0 failedInvariants:<nil> name:yield returns:{"Controller#0.Overlap":"DISABLED"} roles:[map[fields:map[attempts:5 current:1 fault:false generation:1 inspected:true phase:terminal proof:1 repair:0 repeats:2 reports:implementation,proof,review review:1 saved:5 status:REVIEWED_AND_PROVEN] name:Controller params:map[] ref:0 ref_string:Controller#0]] state:map[controller:role Controller#0] stats:map[counts:map[Controller#0.Inspect:1 Controller#0.Overlap:1 Controller#0.Proof:1 Controller#0.Restart:1 Controller#0.Resume:2 Controller#0.Review:1 Controller#0.Start:1] totalActions:8] threads:[] witness:[[false false false false]]]
. Expected DISABLED
. Actual [str_value:"DISABLED"], len:1
    Action Link: Controller#0.Review
    Found matching Source Link: src:104 dest:98 name:"Controller#0.Review" weight:0.125 type:"action" 10:"\n\x13Controller#0.Review\x12\n\"DISABLED\""
  End of Request 66, current nodeId: 98, node: map[channel_messages:map[] channels:map[] current:0 failedInvariants:<nil> name:yield returns:{"Controller#0.Review":"DISABLED"} roles:[map[fields:map[attempts:5 current:1 fault:false generation:1 inspected:true phase:terminal proof:1 repair:0 repeats:2 reports:implementation,proof,review review:1 saved:5 status:REVIEWED_AND_PROVEN] name:Controller params:map[] ref:0 ref_string:Controller#0]] state:map[controller:role Controller#0] stats:map[counts:map[Controller#0.Inspect:1 Controller#0.Proof:1 Controller#0.Restart:1 Controller#0.Resume:2 Controller#0.Review:2 Controller#0.Start:1] totalActions:8] threads:[] witness:[[false false false false]]]
. Expected DISABLED
. Actual [str_value:"DISABLED"], len:1
    Action Link: Controller#0.Review
    Found matching Source Link: src:98 dest:98 name:"Controller#0.Review" weight:0.125 type:"action" 10:"\n\x13Controller#0.Review\x12\n\"DISABLED\""
  End of Request 67, current nodeId: 98, node: map[channel_messages:map[] channels:map[] current:0 failedInvariants:<nil> name:yield returns:{"Controller#0.Review":"DISABLED"} roles:[map[fields:map[attempts:5 current:1 fault:false generation:1 inspected:true phase:terminal proof:1 repair:0 repeats:2 reports:implementation,proof,review review:1 saved:5 status:REVIEWED_AND_PROVEN] name:Controller params:map[] ref:0 ref_string:Controller#0]] state:map[controller:role Controller#0] stats:map[counts:map[Controller#0.Inspect:1 Controller#0.Proof:1 Controller#0.Restart:1 Controller#0.Resume:2 Controller#0.Review:2 Controller#0.Start:1] totalActions:8] threads:[] witness:[[false false false false]]]
. Expected DISABLED
. Actual [str_value:"DISABLED"], len:1
    Action Link: Controller#0.Proof
    Found matching Source Link: src:98 dest:99 name:"Controller#0.Proof" weight:0.125 type:"action" 10:"\n\x12Controller#0.Proof\x12\n\"DISABLED\""
  End of Request 68, current nodeId: 99, node: map[channel_messages:map[] channels:map[] current:0 failedInvariants:<nil> name:yield returns:{"Controller#0.Proof":"DISABLED"} roles:[map[fields:map[attempts:5 current:1 fault:false generation:1 inspected:true phase:terminal proof:1 repair:0 repeats:2 reports:implementation,proof,review review:1 saved:5 status:REVIEWED_AND_PROVEN] name:Controller params:map[] ref:0 ref_string:Controller#0]] state:map[controller:role Controller#0] stats:map[counts:map[Controller#0.Inspect:1 Controller#0.Proof:2 Controller#0.Restart:1 Controller#0.Resume:2 Controller#0.Review:1 Controller#0.Start:1] totalActions:8] threads:[] witness:[[false false false false]]]
. Expected DISABLED
. Actual [str_value:"DISABLED"], len:1
    Action Link: Controller#0.Proof
    Found matching Source Link: src:99 dest:99 name:"Controller#0.Proof" weight:0.125 type:"action" 10:"\n\x12Controller#0.Proof\x12\n\"DISABLED\""
  End of Request 69, current nodeId: 99, node: map[channel_messages:map[] channels:map[] current:0 failedInvariants:<nil> name:yield returns:{"Controller#0.Proof":"DISABLED"} roles:[map[fields:map[attempts:5 current:1 fault:false generation:1 inspected:true phase:terminal proof:1 repair:0 repeats:2 reports:implementation,proof,review review:1 saved:5 status:REVIEWED_AND_PROVEN] name:Controller params:map[] ref:0 ref_string:Controller#0]] state:map[controller:role Controller#0] stats:map[counts:map[Controller#0.Inspect:1 Controller#0.Proof:2 Controller#0.Restart:1 Controller#0.Resume:2 Controller#0.Review:1 Controller#0.Start:1] totalActions:8] threads:[] witness:[[false false false false]]]
. Expected DISABLED
. Actual [str_value:"DISABLED"], len:1
    Action Link: Controller#0.Inspect
    Found matching Source Link: src:99 dest:102 name:"Controller#0.Inspect" weight:0.125 type:"action" 10:"\n\x14Controller#0.Inspect\x12\n\"DISABLED\""
  End of Request 70, current nodeId: 102, node: map[channel_messages:map[] channels:map[] current:0 failedInvariants:<nil> name:yield returns:{"Controller#0.Inspect":"DISABLED"} roles:[map[fields:map[attempts:5 current:1 fault:false generation:1 inspected:true phase:terminal proof:1 repair:0 repeats:2 reports:implementation,proof,review review:1 saved:5 status:REVIEWED_AND_PROVEN] name:Controller params:map[] ref:0 ref_string:Controller#0]] state:map[controller:role Controller#0] stats:map[counts:map[Controller#0.Inspect:2 Controller#0.Proof:1 Controller#0.Restart:1 Controller#0.Resume:2 Controller#0.Review:1 Controller#0.Start:1] totalActions:8] threads:[] witness:[[false false false false]]]
. Expected DISABLED
. Actual [str_value:"DISABLED"], len:1
    Action Link: Controller#0.Start
    Found matching Source Link: src:102 dest:97 name:"Controller#0.Start" weight:0.125 type:"action" 10:"\n\x12Controller#0.Start\x12\n\"DISABLED\""
  End of Request 71, current nodeId: 97, node: map[channel_messages:map[] channels:map[] current:0 failedInvariants:<nil> name:yield returns:{"Controller#0.Start":"DISABLED"} roles:[map[fields:map[attempts:5 current:1 fault:false generation:1 inspected:true phase:terminal proof:1 repair:0 repeats:2 reports:implementation,proof,review review:1 saved:5 status:REVIEWED_AND_PROVEN] name:Controller params:map[] ref:0 ref_string:Controller#0]] state:map[controller:role Controller#0] stats:map[counts:map[Controller#0.Inspect:1 Controller#0.Proof:1 Controller#0.Restart:1 Controller#0.Resume:2 Controller#0.Review:1 Controller#0.Start:2] totalActions:8] threads:[] witness:[[false false false false]]]
. Expected DISABLED
. Actual [str_value:"DISABLED"], len:1
    Action Link: Controller#0.Proof
    Found matching Source Link: src:97 dest:99 name:"Controller#0.Proof" weight:0.125 type:"action" 10:"\n\x12Controller#0.Proof\x12\n\"DISABLED\""
  End of Request 72, current nodeId: 99, node: map[channel_messages:map[] channels:map[] current:0 failedInvariants:<nil> name:yield returns:{"Controller#0.Proof":"DISABLED"} roles:[map[fields:map[attempts:5 current:1 fault:false generation:1 inspected:true phase:terminal proof:1 repair:0 repeats:2 reports:implementation,proof,review review:1 saved:5 status:REVIEWED_AND_PROVEN] name:Controller params:map[] ref:0 ref_string:Controller#0]] state:map[controller:role Controller#0] stats:map[counts:map[Controller#0.Inspect:1 Controller#0.Proof:2 Controller#0.Restart:1 Controller#0.Resume:2 Controller#0.Review:1 Controller#0.Start:1] totalActions:8] threads:[] witness:[[false false false false]]]
. Expected DISABLED
. Actual [str_value:"DISABLED"], len:1
    Action Link: Controller#0.Overlap
    Found matching Source Link: src:99 dest:104 name:"Controller#0.Overlap" weight:0.125 type:"action" 10:"\n\x14Controller#0.Overlap\x12\n\"DISABLED\""
  End of Request 73, current nodeId: 104, node: map[channel_messages:map[] channels:map[] current:0 failedInvariants:<nil> name:yield returns:{"Controller#0.Overlap":"DISABLED"} roles:[map[fields:map[attempts:5 current:1 fault:false generation:1 inspected:true phase:terminal proof:1 repair:0 repeats:2 reports:implementation,proof,review review:1 saved:5 status:REVIEWED_AND_PROVEN] name:Controller params:map[] ref:0 ref_string:Controller#0]] state:map[controller:role Controller#0] stats:map[counts:map[Controller#0.Inspect:1 Controller#0.Overlap:1 Controller#0.Proof:1 Controller#0.Restart:1 Controller#0.Resume:2 Controller#0.Review:1 Controller#0.Start:1] totalActions:8] threads:[] witness:[[false false false false]]]
. Expected DISABLED
. Actual [str_value:"DISABLED"], len:1
    Action Link: Controller#0.Overlap
    Found matching Source Link: src:104 dest:104 name:"Controller#0.Overlap" weight:0.125 type:"action" 10:"\n\x14Controller#0.Overlap\x12\n\"DISABLED\""
  End of Request 74, current nodeId: 104, node: map[channel_messages:map[] channels:map[] current:0 failedInvariants:<nil> name:yield returns:{"Controller#0.Overlap":"DISABLED"} roles:[map[fields:map[attempts:5 current:1 fault:false generation:1 inspected:true phase:terminal proof:1 repair:0 repeats:2 reports:implementation,proof,review review:1 saved:5 status:REVIEWED_AND_PROVEN] name:Controller params:map[] ref:0 ref_string:Controller#0]] state:map[controller:role Controller#0] stats:map[counts:map[Controller#0.Inspect:1 Controller#0.Overlap:1 Controller#0.Proof:1 Controller#0.Restart:1 Controller#0.Resume:2 Controller#0.Review:1 Controller#0.Start:1] totalActions:8] threads:[] witness:[[false false false false]]]
. Expected DISABLED
. Actual [str_value:"DISABLED"], len:1
    Action Link: Controller#0.Resume
    Found matching Source Link: src:104 dest:103 name:"Controller#0.Resume" weight:0.125 type:"action" 10:"\n\x13Controller#0.Resume\x12\n\"DISABLED\""
  End of Request 75, current nodeId: 103, node: map[channel_messages:map[] channels:map[] current:0 failedInvariants:<nil> name:yield returns:{"Controller#0.Resume":"DISABLED"} roles:[map[fields:map[attempts:5 current:1 fault:false generation:1 inspected:true phase:terminal proof:1 repair:0 repeats:2 reports:implementation,proof,review review:1 saved:5 status:REVIEWED_AND_PROVEN] name:Controller params:map[] ref:0 ref_string:Controller#0]] state:map[controller:role Controller#0] stats:map[counts:map[Controller#0.Inspect:1 Controller#0.Proof:1 Controller#0.Restart:1 Controller#0.Resume:3 Controller#0.Review:1 Controller#0.Start:1] totalActions:8] threads:[] witness:[[false false false false]]]
. Expected DISABLED
. Actual [str_value:"DISABLED"], len:1
    Action Link: Controller#0.Proof
    Found matching Source Link: src:103 dest:99 name:"Controller#0.Proof" weight:0.125 type:"action" 10:"\n\x12Controller#0.Proof\x12\n\"DISABLED\""
  End of Request 76, current nodeId: 99, node: map[channel_messages:map[] channels:map[] current:0 failedInvariants:<nil> name:yield returns:{"Controller#0.Proof":"DISABLED"} roles:[map[fields:map[attempts:5 current:1 fault:false generation:1 inspected:true phase:terminal proof:1 repair:0 repeats:2 reports:implementation,proof,review review:1 saved:5 status:REVIEWED_AND_PROVEN] name:Controller params:map[] ref:0 ref_string:Controller#0]] state:map[controller:role Controller#0] stats:map[counts:map[Controller#0.Inspect:1 Controller#0.Proof:2 Controller#0.Restart:1 Controller#0.Resume:2 Controller#0.Review:1 Controller#0.Start:1] totalActions:8] threads:[] witness:[[false false false false]]]
. Expected DISABLED
. Actual [str_value:"DISABLED"], len:1
    Action Link: Controller#0.Start
    Found matching Source Link: src:99 dest:97 name:"Controller#0.Start" weight:0.125 type:"action" 10:"\n\x12Controller#0.Start\x12\n\"DISABLED\""
  End of Request 77, current nodeId: 97, node: map[channel_messages:map[] channels:map[] current:0 failedInvariants:<nil> name:yield returns:{"Controller#0.Start":"DISABLED"} roles:[map[fields:map[attempts:5 current:1 fault:false generation:1 inspected:true phase:terminal proof:1 repair:0 repeats:2 reports:implementation,proof,review review:1 saved:5 status:REVIEWED_AND_PROVEN] name:Controller params:map[] ref:0 ref_string:Controller#0]] state:map[controller:role Controller#0] stats:map[counts:map[Controller#0.Inspect:1 Controller#0.Proof:1 Controller#0.Restart:1 Controller#0.Resume:2 Controller#0.Review:1 Controller#0.Start:2] totalActions:8] threads:[] witness:[[false false false false]]]
. Expected DISABLED
. Actual [str_value:"DISABLED"], len:1
    Action Link: Controller#0.Overlap
    Found matching Source Link: src:97 dest:104 name:"Controller#0.Overlap" weight:0.125 type:"action" 10:"\n\x14Controller#0.Overlap\x12\n\"DISABLED\""
  End of Request 78, current nodeId: 104, node: map[channel_messages:map[] channels:map[] current:0 failedInvariants:<nil> name:yield returns:{"Controller#0.Overlap":"DISABLED"} roles:[map[fields:map[attempts:5 current:1 fault:false generation:1 inspected:true phase:terminal proof:1 repair:0 repeats:2 reports:implementation,proof,review review:1 saved:5 status:REVIEWED_AND_PROVEN] name:Controller params:map[] ref:0 ref_string:Controller#0]] state:map[controller:role Controller#0] stats:map[counts:map[Controller#0.Inspect:1 Controller#0.Overlap:1 Controller#0.Proof:1 Controller#0.Restart:1 Controller#0.Resume:2 Controller#0.Review:1 Controller#0.Start:1] totalActions:8] threads:[] witness:[[false false false false]]]
. Expected DISABLED
. Actual [str_value:"DISABLED"], len:1
    Action Link: Controller#0.Start
    Found matching Source Link: src:104 dest:97 name:"Controller#0.Start" weight:0.125 type:"action" 10:"\n\x12Controller#0.Start\x12\n\"DISABLED\""
  End of Request 79, current nodeId: 97, node: map[channel_messages:map[] channels:map[] current:0 failedInvariants:<nil> name:yield returns:{"Controller#0.Start":"DISABLED"} roles:[map[fields:map[attempts:5 current:1 fault:false generation:1 inspected:true phase:terminal proof:1 repair:0 repeats:2 reports:implementation,proof,review review:1 saved:5 status:REVIEWED_AND_PROVEN] name:Controller params:map[] ref:0 ref_string:Controller#0]] state:map[controller:role Controller#0] stats:map[counts:map[Controller#0.Inspect:1 Controller#0.Proof:1 Controller#0.Restart:1 Controller#0.Resume:2 Controller#0.Review:1 Controller#0.Start:2] totalActions:8] threads:[] witness:[[false false false false]]]
. Expected DISABLED
. Actual [str_value:"DISABLED"], len:1
    Action Link: Controller#0.Corrupt
    Found matching Source Link: src:97 dest:100 name:"Controller#0.Corrupt" weight:0.125 type:"action" 10:"\n\x14Controller#0.Corrupt\x12\n\"DISABLED\""
  End of Request 80, current nodeId: 100, node: map[channel_messages:map[] channels:map[] current:0 failedInvariants:<nil> name:yield returns:{"Controller#0.Corrupt":"DISABLED"} roles:[map[fields:map[attempts:5 current:1 fault:false generation:1 inspected:true phase:terminal proof:1 repair:0 repeats:2 reports:implementation,proof,review review:1 saved:5 status:REVIEWED_AND_PROVEN] name:Controller params:map[] ref:0 ref_string:Controller#0]] state:map[controller:role Controller#0] stats:map[counts:map[Controller#0.Corrupt:1 Controller#0.Inspect:1 Controller#0.Proof:1 Controller#0.Restart:1 Controller#0.Resume:2 Controller#0.Review:1 Controller#0.Start:1] totalActions:8] threads:[] witness:[[false false false false]]]
. Expected DISABLED
. Actual [str_value:"DISABLED"], len:1
    Action Link: Controller#0.Corrupt
    Found matching Source Link: src:100 dest:100 name:"Controller#0.Corrupt" weight:0.125 type:"action" 10:"\n\x14Controller#0.Corrupt\x12\n\"DISABLED\""
  End of Request 81, current nodeId: 100, node: map[channel_messages:map[] channels:map[] current:0 failedInvariants:<nil> name:yield returns:{"Controller#0.Corrupt":"DISABLED"} roles:[map[fields:map[attempts:5 current:1 fault:false generation:1 inspected:true phase:terminal proof:1 repair:0 repeats:2 reports:implementation,proof,review review:1 saved:5 status:REVIEWED_AND_PROVEN] name:Controller params:map[] ref:0 ref_string:Controller#0]] state:map[controller:role Controller#0] stats:map[counts:map[Controller#0.Corrupt:1 Controller#0.Inspect:1 Controller#0.Proof:1 Controller#0.Restart:1 Controller#0.Resume:2 Controller#0.Review:1 Controller#0.Start:1] totalActions:8] threads:[] witness:[[false false false false]]]
. Expected DISABLED
. Actual [str_value:"DISABLED"], len:1
    Action Link: Controller#0.Inspect
    Found matching Source Link: src:100 dest:102 name:"Controller#0.Inspect" weight:0.125 type:"action" 10:"\n\x14Controller#0.Inspect\x12\n\"DISABLED\""
  End of Request 82, current nodeId: 102, node: map[channel_messages:map[] channels:map[] current:0 failedInvariants:<nil> name:yield returns:{"Controller#0.Inspect":"DISABLED"} roles:[map[fields:map[attempts:5 current:1 fault:false generation:1 inspected:true phase:terminal proof:1 repair:0 repeats:2 reports:implementation,proof,review review:1 saved:5 status:REVIEWED_AND_PROVEN] name:Controller params:map[] ref:0 ref_string:Controller#0]] state:map[controller:role Controller#0] stats:map[counts:map[Controller#0.Inspect:2 Controller#0.Proof:1 Controller#0.Restart:1 Controller#0.Resume:2 Controller#0.Review:1 Controller#0.Start:1] totalActions:8] threads:[] witness:[[false false false false]]]
. Expected DISABLED
. Actual [str_value:"DISABLED"], len:1
    Action Link: Controller#0.Inspect
    Found matching Source Link: src:102 dest:102 name:"Controller#0.Inspect" weight:0.125 type:"action" 10:"\n\x14Controller#0.Inspect\x12\n\"DISABLED\""
  End of Request 83, current nodeId: 102, node: map[channel_messages:map[] channels:map[] current:0 failedInvariants:<nil> name:yield returns:{"Controller#0.Inspect":"DISABLED"} roles:[map[fields:map[attempts:5 current:1 fault:false generation:1 inspected:true phase:terminal proof:1 repair:0 repeats:2 reports:implementation,proof,review review:1 saved:5 status:REVIEWED_AND_PROVEN] name:Controller params:map[] ref:0 ref_string:Controller#0]] state:map[controller:role Controller#0] stats:map[counts:map[Controller#0.Inspect:2 Controller#0.Proof:1 Controller#0.Restart:1 Controller#0.Resume:2 Controller#0.Review:1 Controller#0.Start:1] totalActions:8] threads:[] witness:[[false false false false]]]
. Expected DISABLED
. Actual [str_value:"DISABLED"], len:1
    Action Link: Controller#0.Start
    Found matching Source Link: src:102 dest:97 name:"Controller#0.Start" weight:0.125 type:"action" 10:"\n\x12Controller#0.Start\x12\n\"DISABLED\""
  End of Request 84, current nodeId: 97, node: map[channel_messages:map[] channels:map[] current:0 failedInvariants:<nil> name:yield returns:{"Controller#0.Start":"DISABLED"} roles:[map[fields:map[attempts:5 current:1 fault:false generation:1 inspected:true phase:terminal proof:1 repair:0 repeats:2 reports:implementation,proof,review review:1 saved:5 status:REVIEWED_AND_PROVEN] name:Controller params:map[] ref:0 ref_string:Controller#0]] state:map[controller:role Controller#0] stats:map[counts:map[Controller#0.Inspect:1 Controller#0.Proof:1 Controller#0.Restart:1 Controller#0.Resume:2 Controller#0.Review:1 Controller#0.Start:2] totalActions:8] threads:[] witness:[[false false false false]]]
. Expected DISABLED
. Actual [str_value:"DISABLED"], len:1
    Action Link: Controller#0.Review
    Found matching Source Link: src:97 dest:98 name:"Controller#0.Review" weight:0.125 type:"action" 10:"\n\x13Controller#0.Review\x12\n\"DISABLED\""
  End of Request 85, current nodeId: 98, node: map[channel_messages:map[] channels:map[] current:0 failedInvariants:<nil> name:yield returns:{"Controller#0.Review":"DISABLED"} roles:[map[fields:map[attempts:5 current:1 fault:false generation:1 inspected:true phase:terminal proof:1 repair:0 repeats:2 reports:implementation,proof,review review:1 saved:5 status:REVIEWED_AND_PROVEN] name:Controller params:map[] ref:0 ref_string:Controller#0]] state:map[controller:role Controller#0] stats:map[counts:map[Controller#0.Inspect:1 Controller#0.Proof:1 Controller#0.Restart:1 Controller#0.Resume:2 Controller#0.Review:2 Controller#0.Start:1] totalActions:8] threads:[] witness:[[false false false false]]]
. Expected DISABLED
. Actual [str_value:"DISABLED"], len:1
    Action Link: Controller#0.Resume
    Found matching Source Link: src:98 dest:103 name:"Controller#0.Resume" weight:0.125 type:"action" 10:"\n\x13Controller#0.Resume\x12\n\"DISABLED\""
  End of Request 86, current nodeId: 103, node: map[channel_messages:map[] channels:map[] current:0 failedInvariants:<nil> name:yield returns:{"Controller#0.Resume":"DISABLED"} roles:[map[fields:map[attempts:5 current:1 fault:false generation:1 inspected:true phase:terminal proof:1 repair:0 repeats:2 reports:implementation,proof,review review:1 saved:5 status:REVIEWED_AND_PROVEN] name:Controller params:map[] ref:0 ref_string:Controller#0]] state:map[controller:role Controller#0] stats:map[counts:map[Controller#0.Inspect:1 Controller#0.Proof:1 Controller#0.Restart:1 Controller#0.Resume:3 Controller#0.Review:1 Controller#0.Start:1] totalActions:8] threads:[] witness:[[false false false false]]]
. Expected DISABLED
. Actual [str_value:"DISABLED"], len:1
    Action Link: Controller#0.Inspect
    Found matching Source Link: src:103 dest:102 name:"Controller#0.Inspect" weight:0.125 type:"action" 10:"\n\x14Controller#0.Inspect\x12\n\"DISABLED\""
  End of Request 87, current nodeId: 102, node: map[channel_messages:map[] channels:map[] current:0 failedInvariants:<nil> name:yield returns:{"Controller#0.Inspect":"DISABLED"} roles:[map[fields:map[attempts:5 current:1 fault:false generation:1 inspected:true phase:terminal proof:1 repair:0 repeats:2 reports:implementation,proof,review review:1 saved:5 status:REVIEWED_AND_PROVEN] name:Controller params:map[] ref:0 ref_string:Controller#0]] state:map[controller:role Controller#0] stats:map[counts:map[Controller#0.Inspect:2 Controller#0.Proof:1 Controller#0.Restart:1 Controller#0.Resume:2 Controller#0.Review:1 Controller#0.Start:1] totalActions:8] threads:[] witness:[[false false false false]]]
. Expected DISABLED
. Actual [str_value:"DISABLED"], len:1
    Action Link: Controller#0.Proof
    Found matching Source Link: src:102 dest:99 name:"Controller#0.Proof" weight:0.125 type:"action" 10:"\n\x12Controller#0.Proof\x12\n\"DISABLED\""
  End of Request 88, current nodeId: 99, node: map[channel_messages:map[] channels:map[] current:0 failedInvariants:<nil> name:yield returns:{"Controller#0.Proof":"DISABLED"} roles:[map[fields:map[attempts:5 current:1 fault:false generation:1 inspected:true phase:terminal proof:1 repair:0 repeats:2 reports:implementation,proof,review review:1 saved:5 status:REVIEWED_AND_PROVEN] name:Controller params:map[] ref:0 ref_string:Controller#0]] state:map[controller:role Controller#0] stats:map[counts:map[Controller#0.Inspect:1 Controller#0.Proof:2 Controller#0.Restart:1 Controller#0.Resume:2 Controller#0.Review:1 Controller#0.Start:1] totalActions:8] threads:[] witness:[[false false false false]]]
. Expected DISABLED
. Actual [str_value:"DISABLED"], len:1
    Action Link: Controller#0.Restart
    Found matching Source Link: src:99 dest:101 name:"Controller#0.Restart" weight:0.125 type:"action" 10:"\n\x14Controller#0.Restart\x12\n\"DISABLED\""
  End of Request 89, current nodeId: 101, node: map[channel_messages:map[] channels:map[] current:0 failedInvariants:<nil> name:yield returns:{"Controller#0.Restart":"DISABLED"} roles:[map[fields:map[attempts:5 current:1 fault:false generation:1 inspected:true phase:terminal proof:1 repair:0 repeats:2 reports:implementation,proof,review review:1 saved:5 status:REVIEWED_AND_PROVEN] name:Controller params:map[] ref:0 ref_string:Controller#0]] state:map[controller:role Controller#0] stats:map[counts:map[Controller#0.Inspect:1 Controller#0.Proof:1 Controller#0.Restart:2 Controller#0.Resume:2 Controller#0.Review:1 Controller#0.Start:1] totalActions:8] threads:[] witness:[[false false false false]]]
. Expected DISABLED
. Actual [str_value:"DISABLED"], len:1
    Action Link: Controller#0.Resume
    Found matching Source Link: src:101 dest:103 name:"Controller#0.Resume" weight:0.125 type:"action" 10:"\n\x13Controller#0.Resume\x12\n\"DISABLED\""
  End of Request 90, current nodeId: 103, node: map[channel_messages:map[] channels:map[] current:0 failedInvariants:<nil> name:yield returns:{"Controller#0.Resume":"DISABLED"} roles:[map[fields:map[attempts:5 current:1 fault:false generation:1 inspected:true phase:terminal proof:1 repair:0 repeats:2 reports:implementation,proof,review review:1 saved:5 status:REVIEWED_AND_PROVEN] name:Controller params:map[] ref:0 ref_string:Controller#0]] state:map[controller:role Controller#0] stats:map[counts:map[Controller#0.Inspect:1 Controller#0.Proof:1 Controller#0.Restart:1 Controller#0.Resume:3 Controller#0.Review:1 Controller#0.Start:1] totalActions:8] threads:[] witness:[[false false false false]]]
. Expected DISABLED
. Actual [str_value:"DISABLED"], len:1
    Action Link: Controller#0.Overlap
    Found matching Source Link: src:103 dest:104 name:"Controller#0.Overlap" weight:0.125 type:"action" 10:"\n\x14Controller#0.Overlap\x12\n\"DISABLED\""
  End of Request 91, current nodeId: 104, node: map[channel_messages:map[] channels:map[] current:0 failedInvariants:<nil> name:yield returns:{"Controller#0.Overlap":"DISABLED"} roles:[map[fields:map[attempts:5 current:1 fault:false generation:1 inspected:true phase:terminal proof:1 repair:0 repeats:2 reports:implementation,proof,review review:1 saved:5 status:REVIEWED_AND_PROVEN] name:Controller params:map[] ref:0 ref_string:Controller#0]] state:map[controller:role Controller#0] stats:map[counts:map[Controller#0.Inspect:1 Controller#0.Overlap:1 Controller#0.Proof:1 Controller#0.Restart:1 Controller#0.Resume:2 Controller#0.Review:1 Controller#0.Start:1] totalActions:8] threads:[] witness:[[false false false false]]]
. Expected DISABLED
. Actual [str_value:"DISABLED"], len:1
    Action Link: Controller#0.Overlap
    Found matching Source Link: src:104 dest:104 name:"Controller#0.Overlap" weight:0.125 type:"action" 10:"\n\x14Controller#0.Overlap\x12\n\"DISABLED\""
  End of Request 92, current nodeId: 104, node: map[channel_messages:map[] channels:map[] current:0 failedInvariants:<nil> name:yield returns:{"Controller#0.Overlap":"DISABLED"} roles:[map[fields:map[attempts:5 current:1 fault:false generation:1 inspected:true phase:terminal proof:1 repair:0 repeats:2 reports:implementation,proof,review review:1 saved:5 status:REVIEWED_AND_PROVEN] name:Controller params:map[] ref:0 ref_string:Controller#0]] state:map[controller:role Controller#0] stats:map[counts:map[Controller#0.Inspect:1 Controller#0.Overlap:1 Controller#0.Proof:1 Controller#0.Restart:1 Controller#0.Resume:2 Controller#0.Review:1 Controller#0.Start:1] totalActions:8] threads:[] witness:[[false false false false]]]
. Expected DISABLED
. Actual [str_value:"DISABLED"], len:1
    Action Link: Controller#0.Resume
    Found matching Source Link: src:104 dest:103 name:"Controller#0.Resume" weight:0.125 type:"action" 10:"\n\x13Controller#0.Resume\x12\n\"DISABLED\""
  End of Request 93, current nodeId: 103, node: map[channel_messages:map[] channels:map[] current:0 failedInvariants:<nil> name:yield returns:{"Controller#0.Resume":"DISABLED"} roles:[map[fields:map[attempts:5 current:1 fault:false generation:1 inspected:true phase:terminal proof:1 repair:0 repeats:2 reports:implementation,proof,review review:1 saved:5 status:REVIEWED_AND_PROVEN] name:Controller params:map[] ref:0 ref_string:Controller#0]] state:map[controller:role Controller#0] stats:map[counts:map[Controller#0.Inspect:1 Controller#0.Proof:1 Controller#0.Restart:1 Controller#0.Resume:3 Controller#0.Review:1 Controller#0.Start:1] totalActions:8] threads:[] witness:[[false false false false]]]
. Expected DISABLED
. Actual [str_value:"DISABLED"], len:1
    Action Link: Controller#0.Overlap
    Found matching Source Link: src:103 dest:104 name:"Controller#0.Overlap" weight:0.125 type:"action" 10:"\n\x14Controller#0.Overlap\x12\n\"DISABLED\""
  End of Request 94, current nodeId: 104, node: map[channel_messages:map[] channels:map[] current:0 failedInvariants:<nil> name:yield returns:{"Controller#0.Overlap":"DISABLED"} roles:[map[fields:map[attempts:5 current:1 fault:false generation:1 inspected:true phase:terminal proof:1 repair:0 repeats:2 reports:implementation,proof,review review:1 saved:5 status:REVIEWED_AND_PROVEN] name:Controller params:map[] ref:0 ref_string:Controller#0]] state:map[controller:role Controller#0] stats:map[counts:map[Controller#0.Inspect:1 Controller#0.Overlap:1 Controller#0.Proof:1 Controller#0.Restart:1 Controller#0.Resume:2 Controller#0.Review:1 Controller#0.Start:1] totalActions:8] threads:[] witness:[[false false false false]]]
. Expected DISABLED
. Actual [str_value:"DISABLED"], len:1
    Action Link: Controller#0.Resume
    Found matching Source Link: src:104 dest:103 name:"Controller#0.Resume" weight:0.125 type:"action" 10:"\n\x13Controller#0.Resume\x12\n\"DISABLED\""
  End of Request 95, current nodeId: 103, node: map[channel_messages:map[] channels:map[] current:0 failedInvariants:<nil> name:yield returns:{"Controller#0.Resume":"DISABLED"} roles:[map[fields:map[attempts:5 current:1 fault:false generation:1 inspected:true phase:terminal proof:1 repair:0 repeats:2 reports:implementation,proof,review review:1 saved:5 status:REVIEWED_AND_PROVEN] name:Controller params:map[] ref:0 ref_string:Controller#0]] state:map[controller:role Controller#0] stats:map[counts:map[Controller#0.Inspect:1 Controller#0.Proof:1 Controller#0.Restart:1 Controller#0.Resume:3 Controller#0.Review:1 Controller#0.Start:1] totalActions:8] threads:[] witness:[[false false false false]]]
. Expected DISABLED
. Actual [str_value:"DISABLED"], len:1
    Action Link: Controller#0.Corrupt
    Found matching Source Link: src:103 dest:100 name:"Controller#0.Corrupt" weight:0.125 type:"action" 10:"\n\x14Controller#0.Corrupt\x12\n\"DISABLED\""
  End of Request 96, current nodeId: 100, node: map[channel_messages:map[] channels:map[] current:0 failedInvariants:<nil> name:yield returns:{"Controller#0.Corrupt":"DISABLED"} roles:[map[fields:map[attempts:5 current:1 fault:false generation:1 inspected:true phase:terminal proof:1 repair:0 repeats:2 reports:implementation,proof,review review:1 saved:5 status:REVIEWED_AND_PROVEN] name:Controller params:map[] ref:0 ref_string:Controller#0]] state:map[controller:role Controller#0] stats:map[counts:map[Controller#0.Corrupt:1 Controller#0.Inspect:1 Controller#0.Proof:1 Controller#0.Restart:1 Controller#0.Resume:2 Controller#0.Review:1 Controller#0.Start:1] totalActions:8] threads:[] witness:[[false false false false]]]
. Expected DISABLED
. Actual [str_value:"DISABLED"], len:1
    Action Link: Controller#0.Inspect
    Found matching Source Link: src:100 dest:102 name:"Controller#0.Inspect" weight:0.125 type:"action" 10:"\n\x14Controller#0.Inspect\x12\n\"DISABLED\""
  End of Request 97, current nodeId: 102, node: map[channel_messages:map[] channels:map[] current:0 failedInvariants:<nil> name:yield returns:{"Controller#0.Inspect":"DISABLED"} roles:[map[fields:map[attempts:5 current:1 fault:false generation:1 inspected:true phase:terminal proof:1 repair:0 repeats:2 reports:implementation,proof,review review:1 saved:5 status:REVIEWED_AND_PROVEN] name:Controller params:map[] ref:0 ref_string:Controller#0]] state:map[controller:role Controller#0] stats:map[counts:map[Controller#0.Inspect:2 Controller#0.Proof:1 Controller#0.Restart:1 Controller#0.Resume:2 Controller#0.Review:1 Controller#0.Start:1] totalActions:8] threads:[] witness:[[false false false false]]]
. Expected DISABLED
. Actual [str_value:"DISABLED"], len:1
    Action Link: Controller#0.Start
    Found matching Source Link: src:102 dest:97 name:"Controller#0.Start" weight:0.125 type:"action" 10:"\n\x12Controller#0.Start\x12\n\"DISABLED\""
  End of Request 98, current nodeId: 97, node: map[channel_messages:map[] channels:map[] current:0 failedInvariants:<nil> name:yield returns:{"Controller#0.Start":"DISABLED"} roles:[map[fields:map[attempts:5 current:1 fault:false generation:1 inspected:true phase:terminal proof:1 repair:0 repeats:2 reports:implementation,proof,review review:1 saved:5 status:REVIEWED_AND_PROVEN] name:Controller params:map[] ref:0 ref_string:Controller#0]] state:map[controller:role Controller#0] stats:map[counts:map[Controller#0.Inspect:1 Controller#0.Proof:1 Controller#0.Restart:1 Controller#0.Resume:2 Controller#0.Review:1 Controller#0.Start:2] totalActions:8] threads:[] witness:[[false false false false]]]
. Expected DISABLED
. Actual [str_value:"DISABLED"], len:1
    Action Link: Controller#0.Corrupt
    Found matching Source Link: src:97 dest:100 name:"Controller#0.Corrupt" weight:0.125 type:"action" 10:"\n\x14Controller#0.Corrupt\x12\n\"DISABLED\""
  End of Request 99, current nodeId: 100, node: map[channel_messages:map[] channels:map[] current:0 failedInvariants:<nil> name:yield returns:{"Controller#0.Corrupt":"DISABLED"} roles:[map[fields:map[attempts:5 current:1 fault:false generation:1 inspected:true phase:terminal proof:1 repair:0 repeats:2 reports:implementation,proof,review review:1 saved:5 status:REVIEWED_AND_PROVEN] name:Controller params:map[] ref:0 ref_string:Controller#0]] state:map[controller:role Controller#0] stats:map[counts:map[Controller#0.Corrupt:1 Controller#0.Inspect:1 Controller#0.Proof:1 Controller#0.Restart:1 Controller#0.Resume:2 Controller#0.Review:1 Controller#0.Start:1] totalActions:8] threads:[] witness:[[false false false false]]]
. Expected DISABLED
. Actual [str_value:"DISABLED"], len:1
    Action Link: Controller#0.Start
    Found matching Source Link: src:100 dest:97 name:"Controller#0.Start" weight:0.125 type:"action" 10:"\n\x12Controller#0.Start\x12\n\"DISABLED\""
  End of Request 100, current nodeId: 97, node: map[channel_messages:map[] channels:map[] current:0 failedInvariants:<nil> name:yield returns:{"Controller#0.Start":"DISABLED"} roles:[map[fields:map[attempts:5 current:1 fault:false generation:1 inspected:true phase:terminal proof:1 repair:0 repeats:2 reports:implementation,proof,review review:1 saved:5 status:REVIEWED_AND_PROVEN] name:Controller params:map[] ref:0 ref_string:Controller#0]] state:map[controller:role Controller#0] stats:map[counts:map[Controller#0.Inspect:1 Controller#0.Proof:1 Controller#0.Restart:1 Controller#0.Resume:2 Controller#0.Review:1 Controller#0.Start:2] totalActions:8] threads:[] witness:[[false false false false]]]
. Expected DISABLED
. Actual [str_value:"DISABLED"], len:1
    Action Link: Controller#0.Review
    Found matching Source Link: src:97 dest:98 name:"Controller#0.Review" weight:0.125 type:"action" 10:"\n\x13Controller#0.Review\x12\n\"DISABLED\""
  End of Request 101, current nodeId: 98, node: map[channel_messages:map[] channels:map[] current:0 failedInvariants:<nil> name:yield returns:{"Controller#0.Review":"DISABLED"} roles:[map[fields:map[attempts:5 current:1 fault:false generation:1 inspected:true phase:terminal proof:1 repair:0 repeats:2 reports:implementation,proof,review review:1 saved:5 status:REVIEWED_AND_PROVEN] name:Controller params:map[] ref:0 ref_string:Controller#0]] state:map[controller:role Controller#0] stats:map[counts:map[Controller#0.Inspect:1 Controller#0.Proof:1 Controller#0.Restart:1 Controller#0.Resume:2 Controller#0.Review:2 Controller#0.Start:1] totalActions:8] threads:[] witness:[[false false false false]]]
. Expected DISABLED
. Actual [str_value:"DISABLED"], len:1
    Action Link: Controller#0.Review
    Found matching Source Link: src:98 dest:98 name:"Controller#0.Review" weight:0.125 type:"action" 10:"\n\x13Controller#0.Review\x12\n\"DISABLED\""
  End of Request 102, current nodeId: 98, node: map[channel_messages:map[] channels:map[] current:0 failedInvariants:<nil> name:yield returns:{"Controller#0.Review":"DISABLED"} roles:[map[fields:map[attempts:5 current:1 fault:false generation:1 inspected:true phase:terminal proof:1 repair:0 repeats:2 reports:implementation,proof,review review:1 saved:5 status:REVIEWED_AND_PROVEN] name:Controller params:map[] ref:0 ref_string:Controller#0]] state:map[controller:role Controller#0] stats:map[counts:map[Controller#0.Inspect:1 Controller#0.Proof:1 Controller#0.Restart:1 Controller#0.Resume:2 Controller#0.Review:2 Controller#0.Start:1] totalActions:8] threads:[] witness:[[false false false false]]]
. Expected DISABLED
. Actual [str_value:"DISABLED"], len:1
    Action Link: Controller#0.Inspect
    Found matching Source Link: src:98 dest:102 name:"Controller#0.Inspect" weight:0.125 type:"action" 10:"\n\x14Controller#0.Inspect\x12\n\"DISABLED\""
  End of Request 103, current nodeId: 102, node: map[channel_messages:map[] channels:map[] current:0 failedInvariants:<nil> name:yield returns:{"Controller#0.Inspect":"DISABLED"} roles:[map[fields:map[attempts:5 current:1 fault:false generation:1 inspected:true phase:terminal proof:1 repair:0 repeats:2 reports:implementation,proof,review review:1 saved:5 status:REVIEWED_AND_PROVEN] name:Controller params:map[] ref:0 ref_string:Controller#0]] state:map[controller:role Controller#0] stats:map[counts:map[Controller#0.Inspect:2 Controller#0.Proof:1 Controller#0.Restart:1 Controller#0.Resume:2 Controller#0.Review:1 Controller#0.Start:1] totalActions:8] threads:[] witness:[[false false false false]]]
. Expected DISABLED
. Actual [str_value:"DISABLED"], len:1
    Action Link: Controller#0.Resume
    Found matching Source Link: src:102 dest:103 name:"Controller#0.Resume" weight:0.125 type:"action" 10:"\n\x13Controller#0.Resume\x12\n\"DISABLED\""
  End of Request 104, current nodeId: 103, node: map[channel_messages:map[] channels:map[] current:0 failedInvariants:<nil> name:yield returns:{"Controller#0.Resume":"DISABLED"} roles:[map[fields:map[attempts:5 current:1 fault:false generation:1 inspected:true phase:terminal proof:1 repair:0 repeats:2 reports:implementation,proof,review review:1 saved:5 status:REVIEWED_AND_PROVEN] name:Controller params:map[] ref:0 ref_string:Controller#0]] state:map[controller:role Controller#0] stats:map[counts:map[Controller#0.Inspect:1 Controller#0.Proof:1 Controller#0.Restart:1 Controller#0.Resume:3 Controller#0.Review:1 Controller#0.Start:1] totalActions:8] threads:[] witness:[[false false false false]]]
. Expected DISABLED
. Actual [str_value:"DISABLED"], len:1
    Action Link: Controller#0.Inspect
    Found matching Source Link: src:103 dest:102 name:"Controller#0.Inspect" weight:0.125 type:"action" 10:"\n\x14Controller#0.Inspect\x12\n\"DISABLED\""
  End of Request 105, current nodeId: 102, node: map[channel_messages:map[] channels:map[] current:0 failedInvariants:<nil> name:yield returns:{"Controller#0.Inspect":"DISABLED"} roles:[map[fields:map[attempts:5 current:1 fault:false generation:1 inspected:true phase:terminal proof:1 repair:0 repeats:2 reports:implementation,proof,review review:1 saved:5 status:REVIEWED_AND_PROVEN] name:Controller params:map[] ref:0 ref_string:Controller#0]] state:map[controller:role Controller#0] stats:map[counts:map[Controller#0.Inspect:2 Controller#0.Proof:1 Controller#0.Restart:1 Controller#0.Resume:2 Controller#0.Review:1 Controller#0.Start:1] totalActions:8] threads:[] witness:[[false false false false]]]
. Expected DISABLED
. Actual [str_value:"DISABLED"], len:1
    Action Link: Controller#0.Inspect
    Found matching Source Link: src:102 dest:102 name:"Controller#0.Inspect" weight:0.125 type:"action" 10:"\n\x14Controller#0.Inspect\x12\n\"DISABLED\""
  End of Request 106, current nodeId: 102, node: map[channel_messages:map[] channels:map[] current:0 failedInvariants:<nil> name:yield returns:{"Controller#0.Inspect":"DISABLED"} roles:[map[fields:map[attempts:5 current:1 fault:false generation:1 inspected:true phase:terminal proof:1 repair:0 repeats:2 reports:implementation,proof,review review:1 saved:5 status:REVIEWED_AND_PROVEN] name:Controller params:map[] ref:0 ref_string:Controller#0]] state:map[controller:role Controller#0] stats:map[counts:map[Controller#0.Inspect:2 Controller#0.Proof:1 Controller#0.Restart:1 Controller#0.Resume:2 Controller#0.Review:1 Controller#0.Start:1] totalActions:8] threads:[] witness:[[false false false false]]]
. Expected DISABLED
. Actual [str_value:"DISABLED"], len:1
    Action Link: Controller#0.Inspect
    Found matching Source Link: src:102 dest:102 name:"Controller#0.Inspect" weight:0.125 type:"action" 10:"\n\x14Controller#0.Inspect\x12\n\"DISABLED\""
  End of Request 107, current nodeId: 102, node: map[channel_messages:map[] channels:map[] current:0 failedInvariants:<nil> name:yield returns:{"Controller#0.Inspect":"DISABLED"} roles:[map[fields:map[attempts:5 current:1 fault:false generation:1 inspected:true phase:terminal proof:1 repair:0 repeats:2 reports:implementation,proof,review review:1 saved:5 status:REVIEWED_AND_PROVEN] name:Controller params:map[] ref:0 ref_string:Controller#0]] state:map[controller:role Controller#0] stats:map[counts:map[Controller#0.Inspect:2 Controller#0.Proof:1 Controller#0.Restart:1 Controller#0.Resume:2 Controller#0.Review:1 Controller#0.Start:1] totalActions:8] threads:[] witness:[[false false false false]]]
. Expected DISABLED
. Actual [str_value:"DISABLED"], len:1
    Action Link: Controller#0.Review
    Found matching Source Link: src:102 dest:98 name:"Controller#0.Review" weight:0.125 type:"action" 10:"\n\x13Controller#0.Review\x12\n\"DISABLED\""
  End of Request 108, current nodeId: 98, node: map[channel_messages:map[] channels:map[] current:0 failedInvariants:<nil> name:yield returns:{"Controller#0.Review":"DISABLED"} roles:[map[fields:map[attempts:5 current:1 fault:false generation:1 inspected:true phase:terminal proof:1 repair:0 repeats:2 reports:implementation,proof,review review:1 saved:5 status:REVIEWED_AND_PROVEN] name:Controller params:map[] ref:0 ref_string:Controller#0]] state:map[controller:role Controller#0] stats:map[counts:map[Controller#0.Inspect:1 Controller#0.Proof:1 Controller#0.Restart:1 Controller#0.Resume:2 Controller#0.Review:2 Controller#0.Start:1] totalActions:8] threads:[] witness:[[false false false false]]]
. Expected DISABLED
. Actual [str_value:"DISABLED"], len:1
    Action Link: Controller#0.Corrupt
    Found matching Source Link: src:98 dest:100 name:"Controller#0.Corrupt" weight:0.125 type:"action" 10:"\n\x14Controller#0.Corrupt\x12\n\"DISABLED\""
  End of Request 109, current nodeId: 100, node: map[channel_messages:map[] channels:map[] current:0 failedInvariants:<nil> name:yield returns:{"Controller#0.Corrupt":"DISABLED"} roles:[map[fields:map[attempts:5 current:1 fault:false generation:1 inspected:true phase:terminal proof:1 repair:0 repeats:2 reports:implementation,proof,review review:1 saved:5 status:REVIEWED_AND_PROVEN] name:Controller params:map[] ref:0 ref_string:Controller#0]] state:map[controller:role Controller#0] stats:map[counts:map[Controller#0.Corrupt:1 Controller#0.Inspect:1 Controller#0.Proof:1 Controller#0.Restart:1 Controller#0.Resume:2 Controller#0.Review:1 Controller#0.Start:1] totalActions:8] threads:[] witness:[[false false false false]]]
. Expected DISABLED
. Actual [str_value:"DISABLED"], len:1
    Action Link: Controller#0.Start
    Found matching Source Link: src:100 dest:97 name:"Controller#0.Start" weight:0.125 type:"action" 10:"\n\x12Controller#0.Start\x12\n\"DISABLED\""
  End of Request 110, current nodeId: 97, node: map[channel_messages:map[] channels:map[] current:0 failedInvariants:<nil> name:yield returns:{"Controller#0.Start":"DISABLED"} roles:[map[fields:map[attempts:5 current:1 fault:false generation:1 inspected:true phase:terminal proof:1 repair:0 repeats:2 reports:implementation,proof,review review:1 saved:5 status:REVIEWED_AND_PROVEN] name:Controller params:map[] ref:0 ref_string:Controller#0]] state:map[controller:role Controller#0] stats:map[counts:map[Controller#0.Inspect:1 Controller#0.Proof:1 Controller#0.Restart:1 Controller#0.Resume:2 Controller#0.Review:1 Controller#0.Start:2] totalActions:8] threads:[] witness:[[false false false false]]]
. Expected DISABLED
. Actual [str_value:"DISABLED"], len:1
    Action Link: Controller#0.Review
    Found matching Source Link: src:97 dest:98 name:"Controller#0.Review" weight:0.125 type:"action" 10:"\n\x13Controller#0.Review\x12\n\"DISABLED\""
  End of Request 111, current nodeId: 98, node: map[channel_messages:map[] channels:map[] current:0 failedInvariants:<nil> name:yield returns:{"Controller#0.Review":"DISABLED"} roles:[map[fields:map[attempts:5 current:1 fault:false generation:1 inspected:true phase:terminal proof:1 repair:0 repeats:2 reports:implementation,proof,review review:1 saved:5 status:REVIEWED_AND_PROVEN] name:Controller params:map[] ref:0 ref_string:Controller#0]] state:map[controller:role Controller#0] stats:map[counts:map[Controller#0.Inspect:1 Controller#0.Proof:1 Controller#0.Restart:1 Controller#0.Resume:2 Controller#0.Review:2 Controller#0.Start:1] totalActions:8] threads:[] witness:[[false false false false]]]
. Expected DISABLED
. Actual [str_value:"DISABLED"], len:1
    Action Link: Controller#0.Inspect
    Found matching Source Link: src:98 dest:102 name:"Controller#0.Inspect" weight:0.125 type:"action" 10:"\n\x14Controller#0.Inspect\x12\n\"DISABLED\""
  End of Request 112, current nodeId: 102, node: map[channel_messages:map[] channels:map[] current:0 failedInvariants:<nil> name:yield returns:{"Controller#0.Inspect":"DISABLED"} roles:[map[fields:map[attempts:5 current:1 fault:false generation:1 inspected:true phase:terminal proof:1 repair:0 repeats:2 reports:implementation,proof,review review:1 saved:5 status:REVIEWED_AND_PROVEN] name:Controller params:map[] ref:0 ref_string:Controller#0]] state:map[controller:role Controller#0] stats:map[counts:map[Controller#0.Inspect:2 Controller#0.Proof:1 Controller#0.Restart:1 Controller#0.Resume:2 Controller#0.Review:1 Controller#0.Start:1] totalActions:8] threads:[] witness:[[false false false false]]]
. Expected DISABLED
. Actual [str_value:"DISABLED"], len:1
    Action Link: Controller#0.Review
    Found matching Source Link: src:102 dest:98 name:"Controller#0.Review" weight:0.125 type:"action" 10:"\n\x13Controller#0.Review\x12\n\"DISABLED\""
  End of Request 113, current nodeId: 98, node: map[channel_messages:map[] channels:map[] current:0 failedInvariants:<nil> name:yield returns:{"Controller#0.Review":"DISABLED"} roles:[map[fields:map[attempts:5 current:1 fault:false generation:1 inspected:true phase:terminal proof:1 repair:0 repeats:2 reports:implementation,proof,review review:1 saved:5 status:REVIEWED_AND_PROVEN] name:Controller params:map[] ref:0 ref_string:Controller#0]] state:map[controller:role Controller#0] stats:map[counts:map[Controller#0.Inspect:1 Controller#0.Proof:1 Controller#0.Restart:1 Controller#0.Resume:2 Controller#0.Review:2 Controller#0.Start:1] totalActions:8] threads:[] witness:[[false false false false]]]
. Expected DISABLED
. Actual [str_value:"DISABLED"], len:1
    Action Link: Controller#0.Start
    Found matching Source Link: src:98 dest:97 name:"Controller#0.Start" weight:0.125 type:"action" 10:"\n\x12Controller#0.Start\x12\n\"DISABLED\""
  End of Request 114, current nodeId: 97, node: map[channel_messages:map[] channels:map[] current:0 failedInvariants:<nil> name:yield returns:{"Controller#0.Start":"DISABLED"} roles:[map[fields:map[attempts:5 current:1 fault:false generation:1 inspected:true phase:terminal proof:1 repair:0 repeats:2 reports:implementation,proof,review review:1 saved:5 status:REVIEWED_AND_PROVEN] name:Controller params:map[] ref:0 ref_string:Controller#0]] state:map[controller:role Controller#0] stats:map[counts:map[Controller#0.Inspect:1 Controller#0.Proof:1 Controller#0.Restart:1 Controller#0.Resume:2 Controller#0.Review:1 Controller#0.Start:2] totalActions:8] threads:[] witness:[[false false false false]]]
. Expected DISABLED
. Actual [str_value:"DISABLED"], len:1
    Action Link: Controller#0.Inspect
    Found matching Source Link: src:97 dest:102 name:"Controller#0.Inspect" weight:0.125 type:"action" 10:"\n\x14Controller#0.Inspect\x12\n\"DISABLED\""
  End of Request 115, current nodeId: 102, node: map[channel_messages:map[] channels:map[] current:0 failedInvariants:<nil> name:yield returns:{"Controller#0.Inspect":"DISABLED"} roles:[map[fields:map[attempts:5 current:1 fault:false generation:1 inspected:true phase:terminal proof:1 repair:0 repeats:2 reports:implementation,proof,review review:1 saved:5 status:REVIEWED_AND_PROVEN] name:Controller params:map[] ref:0 ref_string:Controller#0]] state:map[controller:role Controller#0] stats:map[counts:map[Controller#0.Inspect:2 Controller#0.Proof:1 Controller#0.Restart:1 Controller#0.Resume:2 Controller#0.Review:1 Controller#0.Start:1] totalActions:8] threads:[] witness:[[false false false false]]]
. Expected DISABLED
. Actual [str_value:"DISABLED"], len:1
    Action Link: Controller#0.Review
    Found matching Source Link: src:102 dest:98 name:"Controller#0.Review" weight:0.125 type:"action" 10:"\n\x13Controller#0.Review\x12\n\"DISABLED\""
  End of Request 116, current nodeId: 98, node: map[channel_messages:map[] channels:map[] current:0 failedInvariants:<nil> name:yield returns:{"Controller#0.Review":"DISABLED"} roles:[map[fields:map[attempts:5 current:1 fault:false generation:1 inspected:true phase:terminal proof:1 repair:0 repeats:2 reports:implementation,proof,review review:1 saved:5 status:REVIEWED_AND_PROVEN] name:Controller params:map[] ref:0 ref_string:Controller#0]] state:map[controller:role Controller#0] stats:map[counts:map[Controller#0.Inspect:1 Controller#0.Proof:1 Controller#0.Restart:1 Controller#0.Resume:2 Controller#0.Review:2 Controller#0.Start:1] totalActions:8] threads:[] witness:[[false false false false]]]
. Expected DISABLED
. Actual [str_value:"DISABLED"], len:1
    Action Link: Controller#0.Start
    Found matching Source Link: src:98 dest:97 name:"Controller#0.Start" weight:0.125 type:"action" 10:"\n\x12Controller#0.Start\x12\n\"DISABLED\""
  End of Request 117, current nodeId: 97, node: map[channel_messages:map[] channels:map[] current:0 failedInvariants:<nil> name:yield returns:{"Controller#0.Start":"DISABLED"} roles:[map[fields:map[attempts:5 current:1 fault:false generation:1 inspected:true phase:terminal proof:1 repair:0 repeats:2 reports:implementation,proof,review review:1 saved:5 status:REVIEWED_AND_PROVEN] name:Controller params:map[] ref:0 ref_string:Controller#0]] state:map[controller:role Controller#0] stats:map[counts:map[Controller#0.Inspect:1 Controller#0.Proof:1 Controller#0.Restart:1 Controller#0.Resume:2 Controller#0.Review:1 Controller#0.Start:2] totalActions:8] threads:[] witness:[[false false false false]]]
. Expected DISABLED
. Actual [str_value:"DISABLED"], len:1
    Action Link: Controller#0.Proof
    Found matching Source Link: src:97 dest:99 name:"Controller#0.Proof" weight:0.125 type:"action" 10:"\n\x12Controller#0.Proof\x12\n\"DISABLED\""
  End of Request 118, current nodeId: 99, node: map[channel_messages:map[] channels:map[] current:0 failedInvariants:<nil> name:yield returns:{"Controller#0.Proof":"DISABLED"} roles:[map[fields:map[attempts:5 current:1 fault:false generation:1 inspected:true phase:terminal proof:1 repair:0 repeats:2 reports:implementation,proof,review review:1 saved:5 status:REVIEWED_AND_PROVEN] name:Controller params:map[] ref:0 ref_string:Controller#0]] state:map[controller:role Controller#0] stats:map[counts:map[Controller#0.Inspect:1 Controller#0.Proof:2 Controller#0.Restart:1 Controller#0.Resume:2 Controller#0.Review:1 Controller#0.Start:1] totalActions:8] threads:[] witness:[[false false false false]]]
. Expected DISABLED
. Actual [str_value:"DISABLED"], len:1
    Action Link: Controller#0.Corrupt
    Found matching Source Link: src:99 dest:100 name:"Controller#0.Corrupt" weight:0.125 type:"action" 10:"\n\x14Controller#0.Corrupt\x12\n\"DISABLED\""
  End of Request 119, current nodeId: 100, node: map[channel_messages:map[] channels:map[] current:0 failedInvariants:<nil> name:yield returns:{"Controller#0.Corrupt":"DISABLED"} roles:[map[fields:map[attempts:5 current:1 fault:false generation:1 inspected:true phase:terminal proof:1 repair:0 repeats:2 reports:implementation,proof,review review:1 saved:5 status:REVIEWED_AND_PROVEN] name:Controller params:map[] ref:0 ref_string:Controller#0]] state:map[controller:role Controller#0] stats:map[counts:map[Controller#0.Corrupt:1 Controller#0.Inspect:1 Controller#0.Proof:1 Controller#0.Restart:1 Controller#0.Resume:2 Controller#0.Review:1 Controller#0.Start:1] totalActions:8] threads:[] witness:[[false false false false]]]
. Expected DISABLED
. Actual [str_value:"DISABLED"], len:1
    Action Link: Controller#0.Inspect
    Found matching Source Link: src:100 dest:102 name:"Controller#0.Inspect" weight:0.125 type:"action" 10:"\n\x14Controller#0.Inspect\x12\n\"DISABLED\""
  End of Request 120, current nodeId: 102, node: map[channel_messages:map[] channels:map[] current:0 failedInvariants:<nil> name:yield returns:{"Controller#0.Inspect":"DISABLED"} roles:[map[fields:map[attempts:5 current:1 fault:false generation:1 inspected:true phase:terminal proof:1 repair:0 repeats:2 reports:implementation,proof,review review:1 saved:5 status:REVIEWED_AND_PROVEN] name:Controller params:map[] ref:0 ref_string:Controller#0]] state:map[controller:role Controller#0] stats:map[counts:map[Controller#0.Inspect:2 Controller#0.Proof:1 Controller#0.Restart:1 Controller#0.Resume:2 Controller#0.Review:1 Controller#0.Start:1] totalActions:8] threads:[] witness:[[false false false false]]]
. Expected DISABLED
. Actual [str_value:"DISABLED"], len:1
    Action Link: Controller#0.Review
    Found matching Source Link: src:102 dest:98 name:"Controller#0.Review" weight:0.125 type:"action" 10:"\n\x13Controller#0.Review\x12\n\"DISABLED\""
  End of Request 121, current nodeId: 98, node: map[channel_messages:map[] channels:map[] current:0 failedInvariants:<nil> name:yield returns:{"Controller#0.Review":"DISABLED"} roles:[map[fields:map[attempts:5 current:1 fault:false generation:1 inspected:true phase:terminal proof:1 repair:0 repeats:2 reports:implementation,proof,review review:1 saved:5 status:REVIEWED_AND_PROVEN] name:Controller params:map[] ref:0 ref_string:Controller#0]] state:map[controller:role Controller#0] stats:map[counts:map[Controller#0.Inspect:1 Controller#0.Proof:1 Controller#0.Restart:1 Controller#0.Resume:2 Controller#0.Review:2 Controller#0.Start:1] totalActions:8] threads:[] witness:[[false false false false]]]
. Expected DISABLED
. Actual [str_value:"DISABLED"], len:1
    Action Link: Controller#0.Resume
    Found matching Source Link: src:98 dest:103 name:"Controller#0.Resume" weight:0.125 type:"action" 10:"\n\x13Controller#0.Resume\x12\n\"DISABLED\""
  End of Request 122, current nodeId: 103, node: map[channel_messages:map[] channels:map[] current:0 failedInvariants:<nil> name:yield returns:{"Controller#0.Resume":"DISABLED"} roles:[map[fields:map[attempts:5 current:1 fault:false generation:1 inspected:true phase:terminal proof:1 repair:0 repeats:2 reports:implementation,proof,review review:1 saved:5 status:REVIEWED_AND_PROVEN] name:Controller params:map[] ref:0 ref_string:Controller#0]] state:map[controller:role Controller#0] stats:map[counts:map[Controller#0.Inspect:1 Controller#0.Proof:1 Controller#0.Restart:1 Controller#0.Resume:3 Controller#0.Review:1 Controller#0.Start:1] totalActions:8] threads:[] witness:[[false false false false]]]
. Expected DISABLED
. Actual [str_value:"DISABLED"], len:1
    Action Link: Controller#0.Corrupt
    Found matching Source Link: src:103 dest:100 name:"Controller#0.Corrupt" weight:0.125 type:"action" 10:"\n\x14Controller#0.Corrupt\x12\n\"DISABLED\""
  End of Request 123, current nodeId: 100, node: map[channel_messages:map[] channels:map[] current:0 failedInvariants:<nil> name:yield returns:{"Controller#0.Corrupt":"DISABLED"} roles:[map[fields:map[attempts:5 current:1 fault:false generation:1 inspected:true phase:terminal proof:1 repair:0 repeats:2 reports:implementation,proof,review review:1 saved:5 status:REVIEWED_AND_PROVEN] name:Controller params:map[] ref:0 ref_string:Controller#0]] state:map[controller:role Controller#0] stats:map[counts:map[Controller#0.Corrupt:1 Controller#0.Inspect:1 Controller#0.Proof:1 Controller#0.Restart:1 Controller#0.Resume:2 Controller#0.Review:1 Controller#0.Start:1] totalActions:8] threads:[] witness:[[false false false false]]]
. Expected DISABLED
. Actual [str_value:"DISABLED"], len:1
    Action Link: Controller#0.Start
    Found matching Source Link: src:100 dest:97 name:"Controller#0.Start" weight:0.125 type:"action" 10:"\n\x12Controller#0.Start\x12\n\"DISABLED\""
  End of Request 124, current nodeId: 97, node: map[channel_messages:map[] channels:map[] current:0 failedInvariants:<nil> name:yield returns:{"Controller#0.Start":"DISABLED"} roles:[map[fields:map[attempts:5 current:1 fault:false generation:1 inspected:true phase:terminal proof:1 repair:0 repeats:2 reports:implementation,proof,review review:1 saved:5 status:REVIEWED_AND_PROVEN] name:Controller params:map[] ref:0 ref_string:Controller#0]] state:map[controller:role Controller#0] stats:map[counts:map[Controller#0.Inspect:1 Controller#0.Proof:1 Controller#0.Restart:1 Controller#0.Resume:2 Controller#0.Review:1 Controller#0.Start:2] totalActions:8] threads:[] witness:[[false false false false]]]
. Expected DISABLED
. Actual [str_value:"DISABLED"], len:1
    Action Link: Controller#0.Proof
    Found matching Source Link: src:97 dest:99 name:"Controller#0.Proof" weight:0.125 type:"action" 10:"\n\x12Controller#0.Proof\x12\n\"DISABLED\""
  End of Request 125, current nodeId: 99, node: map[channel_messages:map[] channels:map[] current:0 failedInvariants:<nil> name:yield returns:{"Controller#0.Proof":"DISABLED"} roles:[map[fields:map[attempts:5 current:1 fault:false generation:1 inspected:true phase:terminal proof:1 repair:0 repeats:2 reports:implementation,proof,review review:1 saved:5 status:REVIEWED_AND_PROVEN] name:Controller params:map[] ref:0 ref_string:Controller#0]] state:map[controller:role Controller#0] stats:map[counts:map[Controller#0.Inspect:1 Controller#0.Proof:2 Controller#0.Restart:1 Controller#0.Resume:2 Controller#0.Review:1 Controller#0.Start:1] totalActions:8] threads:[] witness:[[false false false false]]]
. Expected DISABLED
. Actual [str_value:"DISABLED"], len:1
    Action Link: Controller#0.Review
    Found matching Source Link: src:99 dest:98 name:"Controller#0.Review" weight:0.125 type:"action" 10:"\n\x13Controller#0.Review\x12\n\"DISABLED\""
  End of Request 126, current nodeId: 98, node: map[channel_messages:map[] channels:map[] current:0 failedInvariants:<nil> name:yield returns:{"Controller#0.Review":"DISABLED"} roles:[map[fields:map[attempts:5 current:1 fault:false generation:1 inspected:true phase:terminal proof:1 repair:0 repeats:2 reports:implementation,proof,review review:1 saved:5 status:REVIEWED_AND_PROVEN] name:Controller params:map[] ref:0 ref_string:Controller#0]] state:map[controller:role Controller#0] stats:map[counts:map[Controller#0.Inspect:1 Controller#0.Proof:1 Controller#0.Restart:1 Controller#0.Resume:2 Controller#0.Review:2 Controller#0.Start:1] totalActions:8] threads:[] witness:[[false false false false]]]
. Expected DISABLED
. Actual [str_value:"DISABLED"], len:1
    Action Link: Controller#0.Restart
    Found matching Source Link: src:98 dest:101 name:"Controller#0.Restart" weight:0.125 type:"action" 10:"\n\x14Controller#0.Restart\x12\n\"DISABLED\""
  End of Request 127, current nodeId: 101, node: map[channel_messages:map[] channels:map[] current:0 failedInvariants:<nil> name:yield returns:{"Controller#0.Restart":"DISABLED"} roles:[map[fields:map[attempts:5 current:1 fault:false generation:1 inspected:true phase:terminal proof:1 repair:0 repeats:2 reports:implementation,proof,review review:1 saved:5 status:REVIEWED_AND_PROVEN] name:Controller params:map[] ref:0 ref_string:Controller#0]] state:map[controller:role Controller#0] stats:map[counts:map[Controller#0.Inspect:1 Controller#0.Proof:1 Controller#0.Restart:2 Controller#0.Resume:2 Controller#0.Review:1 Controller#0.Start:1] totalActions:8] threads:[] witness:[[false false false false]]]
. Expected DISABLED
. Actual [str_value:"DISABLED"], len:1
    Action Link: Controller#0.Resume
    Found matching Source Link: src:101 dest:103 name:"Controller#0.Resume" weight:0.125 type:"action" 10:"\n\x13Controller#0.Resume\x12\n\"DISABLED\""
  End of Request 128, current nodeId: 103, node: map[channel_messages:map[] channels:map[] current:0 failedInvariants:<nil> name:yield returns:{"Controller#0.Resume":"DISABLED"} roles:[map[fields:map[attempts:5 current:1 fault:false generation:1 inspected:true phase:terminal proof:1 repair:0 repeats:2 reports:implementation,proof,review review:1 saved:5 status:REVIEWED_AND_PROVEN] name:Controller params:map[] ref:0 ref_string:Controller#0]] state:map[controller:role Controller#0] stats:map[counts:map[Controller#0.Inspect:1 Controller#0.Proof:1 Controller#0.Restart:1 Controller#0.Resume:3 Controller#0.Review:1 Controller#0.Start:1] totalActions:8] threads:[] witness:[[false false false false]]]
. Expected DISABLED
. Actual [str_value:"DISABLED"], len:1
    Action Link: Controller#0.Review
    Found matching Source Link: src:103 dest:98 name:"Controller#0.Review" weight:0.125 type:"action" 10:"\n\x13Controller#0.Review\x12\n\"DISABLED\""
  End of Request 129, current nodeId: 98, node: map[channel_messages:map[] channels:map[] current:0 failedInvariants:<nil> name:yield returns:{"Controller#0.Review":"DISABLED"} roles:[map[fields:map[attempts:5 current:1 fault:false generation:1 inspected:true phase:terminal proof:1 repair:0 repeats:2 reports:implementation,proof,review review:1 saved:5 status:REVIEWED_AND_PROVEN] name:Controller params:map[] ref:0 ref_string:Controller#0]] state:map[controller:role Controller#0] stats:map[counts:map[Controller#0.Inspect:1 Controller#0.Proof:1 Controller#0.Restart:1 Controller#0.Resume:2 Controller#0.Review:2 Controller#0.Start:1] totalActions:8] threads:[] witness:[[false false false false]]]
. Expected DISABLED
. Actual [str_value:"DISABLED"], len:1
    Action Link: Controller#0.Restart
    Found matching Source Link: src:98 dest:101 name:"Controller#0.Restart" weight:0.125 type:"action" 10:"\n\x14Controller#0.Restart\x12\n\"DISABLED\""
  End of Request 130, current nodeId: 101, node: map[channel_messages:map[] channels:map[] current:0 failedInvariants:<nil> name:yield returns:{"Controller#0.Restart":"DISABLED"} roles:[map[fields:map[attempts:5 current:1 fault:false generation:1 inspected:true phase:terminal proof:1 repair:0 repeats:2 reports:implementation,proof,review review:1 saved:5 status:REVIEWED_AND_PROVEN] name:Controller params:map[] ref:0 ref_string:Controller#0]] state:map[controller:role Controller#0] stats:map[counts:map[Controller#0.Inspect:1 Controller#0.Proof:1 Controller#0.Restart:2 Controller#0.Resume:2 Controller#0.Review:1 Controller#0.Start:1] totalActions:8] threads:[] witness:[[false false false false]]]
. Expected DISABLED
. Actual [str_value:"DISABLED"], len:1
    Action Link: Controller#0.Inspect
    Found matching Source Link: src:101 dest:102 name:"Controller#0.Inspect" weight:0.125 type:"action" 10:"\n\x14Controller#0.Inspect\x12\n\"DISABLED\""
  End of Request 131, current nodeId: 102, node: map[channel_messages:map[] channels:map[] current:0 failedInvariants:<nil> name:yield returns:{"Controller#0.Inspect":"DISABLED"} roles:[map[fields:map[attempts:5 current:1 fault:false generation:1 inspected:true phase:terminal proof:1 repair:0 repeats:2 reports:implementation,proof,review review:1 saved:5 status:REVIEWED_AND_PROVEN] name:Controller params:map[] ref:0 ref_string:Controller#0]] state:map[controller:role Controller#0] stats:map[counts:map[Controller#0.Inspect:2 Controller#0.Proof:1 Controller#0.Restart:1 Controller#0.Resume:2 Controller#0.Review:1 Controller#0.Start:1] totalActions:8] threads:[] witness:[[false false false false]]]
. Expected DISABLED
. Actual [str_value:"DISABLED"], len:1
    Action Link: Controller#0.Resume
    Found matching Source Link: src:102 dest:103 name:"Controller#0.Resume" weight:0.125 type:"action" 10:"\n\x13Controller#0.Resume\x12\n\"DISABLED\""
  End of Request 132, current nodeId: 103, node: map[channel_messages:map[] channels:map[] current:0 failedInvariants:<nil> name:yield returns:{"Controller#0.Resume":"DISABLED"} roles:[map[fields:map[attempts:5 current:1 fault:false generation:1 inspected:true phase:terminal proof:1 repair:0 repeats:2 reports:implementation,proof,review review:1 saved:5 status:REVIEWED_AND_PROVEN] name:Controller params:map[] ref:0 ref_string:Controller#0]] state:map[controller:role Controller#0] stats:map[counts:map[Controller#0.Inspect:1 Controller#0.Proof:1 Controller#0.Restart:1 Controller#0.Resume:3 Controller#0.Review:1 Controller#0.Start:1] totalActions:8] threads:[] witness:[[false false false false]]]
. Expected DISABLED
. Actual [str_value:"DISABLED"], len:1
    Action Link: Controller#0.Restart
    Found matching Source Link: src:103 dest:101 name:"Controller#0.Restart" weight:0.125 type:"action" 10:"\n\x14Controller#0.Restart\x12\n\"DISABLED\""
  End of Request 133, current nodeId: 101, node: map[channel_messages:map[] channels:map[] current:0 failedInvariants:<nil> name:yield returns:{"Controller#0.Restart":"DISABLED"} roles:[map[fields:map[attempts:5 current:1 fault:false generation:1 inspected:true phase:terminal proof:1 repair:0 repeats:2 reports:implementation,proof,review review:1 saved:5 status:REVIEWED_AND_PROVEN] name:Controller params:map[] ref:0 ref_string:Controller#0]] state:map[controller:role Controller#0] stats:map[counts:map[Controller#0.Inspect:1 Controller#0.Proof:1 Controller#0.Restart:2 Controller#0.Resume:2 Controller#0.Review:1 Controller#0.Start:1] totalActions:8] threads:[] witness:[[false false false false]]]
. Expected DISABLED
. Actual [str_value:"DISABLED"], len:1
    Action Link: Controller#0.Review
    Found matching Source Link: src:101 dest:98 name:"Controller#0.Review" weight:0.125 type:"action" 10:"\n\x13Controller#0.Review\x12\n\"DISABLED\""
  End of Request 134, current nodeId: 98, node: map[channel_messages:map[] channels:map[] current:0 failedInvariants:<nil> name:yield returns:{"Controller#0.Review":"DISABLED"} roles:[map[fields:map[attempts:5 current:1 fault:false generation:1 inspected:true phase:terminal proof:1 repair:0 repeats:2 reports:implementation,proof,review review:1 saved:5 status:REVIEWED_AND_PROVEN] name:Controller params:map[] ref:0 ref_string:Controller#0]] state:map[controller:role Controller#0] stats:map[counts:map[Controller#0.Inspect:1 Controller#0.Proof:1 Controller#0.Restart:1 Controller#0.Resume:2 Controller#0.Review:2 Controller#0.Start:1] totalActions:8] threads:[] witness:[[false false false false]]]
. Expected DISABLED
. Actual [str_value:"DISABLED"], len:1
    Action Link: Controller#0.Overlap
    Found matching Source Link: src:98 dest:104 name:"Controller#0.Overlap" weight:0.125 type:"action" 10:"\n\x14Controller#0.Overlap\x12\n\"DISABLED\""
  End of Request 135, current nodeId: 104, node: map[channel_messages:map[] channels:map[] current:0 failedInvariants:<nil> name:yield returns:{"Controller#0.Overlap":"DISABLED"} roles:[map[fields:map[attempts:5 current:1 fault:false generation:1 inspected:true phase:terminal proof:1 repair:0 repeats:2 reports:implementation,proof,review review:1 saved:5 status:REVIEWED_AND_PROVEN] name:Controller params:map[] ref:0 ref_string:Controller#0]] state:map[controller:role Controller#0] stats:map[counts:map[Controller#0.Inspect:1 Controller#0.Overlap:1 Controller#0.Proof:1 Controller#0.Restart:1 Controller#0.Resume:2 Controller#0.Review:1 Controller#0.Start:1] totalActions:8] threads:[] witness:[[false false false false]]]
. Expected DISABLED
. Actual [str_value:"DISABLED"], len:1
    Action Link: Controller#0.Restart
    Found matching Source Link: src:104 dest:101 name:"Controller#0.Restart" weight:0.125 type:"action" 10:"\n\x14Controller#0.Restart\x12\n\"DISABLED\""
  End of Request 136, current nodeId: 101, node: map[channel_messages:map[] channels:map[] current:0 failedInvariants:<nil> name:yield returns:{"Controller#0.Restart":"DISABLED"} roles:[map[fields:map[attempts:5 current:1 fault:false generation:1 inspected:true phase:terminal proof:1 repair:0 repeats:2 reports:implementation,proof,review review:1 saved:5 status:REVIEWED_AND_PROVEN] name:Controller params:map[] ref:0 ref_string:Controller#0]] state:map[controller:role Controller#0] stats:map[counts:map[Controller#0.Inspect:1 Controller#0.Proof:1 Controller#0.Restart:2 Controller#0.Resume:2 Controller#0.Review:1 Controller#0.Start:1] totalActions:8] threads:[] witness:[[false false false false]]]
. Expected DISABLED
. Actual [str_value:"DISABLED"], len:1
    Action Link: Controller#0.Restart
    Found matching Source Link: src:101 dest:101 name:"Controller#0.Restart" weight:0.125 type:"action" 10:"\n\x14Controller#0.Restart\x12\n\"DISABLED\""
  End of Request 137, current nodeId: 101, node: map[channel_messages:map[] channels:map[] current:0 failedInvariants:<nil> name:yield returns:{"Controller#0.Restart":"DISABLED"} roles:[map[fields:map[attempts:5 current:1 fault:false generation:1 inspected:true phase:terminal proof:1 repair:0 repeats:2 reports:implementation,proof,review review:1 saved:5 status:REVIEWED_AND_PROVEN] name:Controller params:map[] ref:0 ref_string:Controller#0]] state:map[controller:role Controller#0] stats:map[counts:map[Controller#0.Inspect:1 Controller#0.Proof:1 Controller#0.Restart:2 Controller#0.Resume:2 Controller#0.Review:1 Controller#0.Start:1] totalActions:8] threads:[] witness:[[false false false false]]]
. Expected DISABLED
. Actual [str_value:"DISABLED"], len:1
    Action Link: Controller#0.Restart
    Found matching Source Link: src:101 dest:101 name:"Controller#0.Restart" weight:0.125 type:"action" 10:"\n\x14Controller#0.Restart\x12\n\"DISABLED\""
  End of Request 138, current nodeId: 101, node: map[channel_messages:map[] channels:map[] current:0 failedInvariants:<nil> name:yield returns:{"Controller#0.Restart":"DISABLED"} roles:[map[fields:map[attempts:5 current:1 fault:false generation:1 inspected:true phase:terminal proof:1 repair:0 repeats:2 reports:implementation,proof,review review:1 saved:5 status:REVIEWED_AND_PROVEN] name:Controller params:map[] ref:0 ref_string:Controller#0]] state:map[controller:role Controller#0] stats:map[counts:map[Controller#0.Inspect:1 Controller#0.Proof:1 Controller#0.Restart:2 Controller#0.Resume:2 Controller#0.Review:1 Controller#0.Start:1] totalActions:8] threads:[] witness:[[false false false false]]]
. Expected DISABLED
. Actual [str_value:"DISABLED"], len:1
    Action Link: Controller#0.Start
    Found matching Source Link: src:101 dest:97 name:"Controller#0.Start" weight:0.125 type:"action" 10:"\n\x12Controller#0.Start\x12\n\"DISABLED\""
  End of Request 139, current nodeId: 97, node: map[channel_messages:map[] channels:map[] current:0 failedInvariants:<nil> name:yield returns:{"Controller#0.Start":"DISABLED"} roles:[map[fields:map[attempts:5 current:1 fault:false generation:1 inspected:true phase:terminal proof:1 repair:0 repeats:2 reports:implementation,proof,review review:1 saved:5 status:REVIEWED_AND_PROVEN] name:Controller params:map[] ref:0 ref_string:Controller#0]] state:map[controller:role Controller#0] stats:map[counts:map[Controller#0.Inspect:1 Controller#0.Proof:1 Controller#0.Restart:1 Controller#0.Resume:2 Controller#0.Review:1 Controller#0.Start:2] totalActions:8] threads:[] witness:[[false false false false]]]
. Expected DISABLED
. Actual [str_value:"DISABLED"], len:1
    Action Link: Controller#0.Proof
    Found matching Source Link: src:97 dest:99 name:"Controller#0.Proof" weight:0.125 type:"action" 10:"\n\x12Controller#0.Proof\x12\n\"DISABLED\""
  End of Request 140, current nodeId: 99, node: map[channel_messages:map[] channels:map[] current:0 failedInvariants:<nil> name:yield returns:{"Controller#0.Proof":"DISABLED"} roles:[map[fields:map[attempts:5 current:1 fault:false generation:1 inspected:true phase:terminal proof:1 repair:0 repeats:2 reports:implementation,proof,review review:1 saved:5 status:REVIEWED_AND_PROVEN] name:Controller params:map[] ref:0 ref_string:Controller#0]] state:map[controller:role Controller#0] stats:map[counts:map[Controller#0.Inspect:1 Controller#0.Proof:2 Controller#0.Restart:1 Controller#0.Resume:2 Controller#0.Review:1 Controller#0.Start:1] totalActions:8] threads:[] witness:[[false false false false]]]
. Expected DISABLED
. Actual [str_value:"DISABLED"], len:1
    Action Link: Controller#0.Resume
    Found matching Source Link: src:99 dest:103 name:"Controller#0.Resume" weight:0.125 type:"action" 10:"\n\x13Controller#0.Resume\x12\n\"DISABLED\""
  End of Request 141, current nodeId: 103, node: map[channel_messages:map[] channels:map[] current:0 failedInvariants:<nil> name:yield returns:{"Controller#0.Resume":"DISABLED"} roles:[map[fields:map[attempts:5 current:1 fault:false generation:1 inspected:true phase:terminal proof:1 repair:0 repeats:2 reports:implementation,proof,review review:1 saved:5 status:REVIEWED_AND_PROVEN] name:Controller params:map[] ref:0 ref_string:Controller#0]] state:map[controller:role Controller#0] stats:map[counts:map[Controller#0.Inspect:1 Controller#0.Proof:1 Controller#0.Restart:1 Controller#0.Resume:3 Controller#0.Review:1 Controller#0.Start:1] totalActions:8] threads:[] witness:[[false false false false]]]
. Expected DISABLED
. Actual [str_value:"DISABLED"], len:1
    Action Link: Controller#0.Review
    Found matching Source Link: src:103 dest:98 name:"Controller#0.Review" weight:0.125 type:"action" 10:"\n\x13Controller#0.Review\x12\n\"DISABLED\""
  End of Request 142, current nodeId: 98, node: map[channel_messages:map[] channels:map[] current:0 failedInvariants:<nil> name:yield returns:{"Controller#0.Review":"DISABLED"} roles:[map[fields:map[attempts:5 current:1 fault:false generation:1 inspected:true phase:terminal proof:1 repair:0 repeats:2 reports:implementation,proof,review review:1 saved:5 status:REVIEWED_AND_PROVEN] name:Controller params:map[] ref:0 ref_string:Controller#0]] state:map[controller:role Controller#0] stats:map[counts:map[Controller#0.Inspect:1 Controller#0.Proof:1 Controller#0.Restart:1 Controller#0.Resume:2 Controller#0.Review:2 Controller#0.Start:1] totalActions:8] threads:[] witness:[[false false false false]]]
. Expected DISABLED
. Actual [str_value:"DISABLED"], len:1
    Action Link: Controller#0.Review
    Found matching Source Link: src:98 dest:98 name:"Controller#0.Review" weight:0.125 type:"action" 10:"\n\x13Controller#0.Review\x12\n\"DISABLED\""
  End of Request 143, current nodeId: 98, node: map[channel_messages:map[] channels:map[] current:0 failedInvariants:<nil> name:yield returns:{"Controller#0.Review":"DISABLED"} roles:[map[fields:map[attempts:5 current:1 fault:false generation:1 inspected:true phase:terminal proof:1 repair:0 repeats:2 reports:implementation,proof,review review:1 saved:5 status:REVIEWED_AND_PROVEN] name:Controller params:map[] ref:0 ref_string:Controller#0]] state:map[controller:role Controller#0] stats:map[counts:map[Controller#0.Inspect:1 Controller#0.Proof:1 Controller#0.Restart:1 Controller#0.Resume:2 Controller#0.Review:2 Controller#0.Start:1] totalActions:8] threads:[] witness:[[false false false false]]]
. Expected DISABLED
. Actual [str_value:"DISABLED"], len:1
    Action Link: Controller#0.Corrupt
    Found matching Source Link: src:98 dest:100 name:"Controller#0.Corrupt" weight:0.125 type:"action" 10:"\n\x14Controller#0.Corrupt\x12\n\"DISABLED\""
  End of Request 144, current nodeId: 100, node: map[channel_messages:map[] channels:map[] current:0 failedInvariants:<nil> name:yield returns:{"Controller#0.Corrupt":"DISABLED"} roles:[map[fields:map[attempts:5 current:1 fault:false generation:1 inspected:true phase:terminal proof:1 repair:0 repeats:2 reports:implementation,proof,review review:1 saved:5 status:REVIEWED_AND_PROVEN] name:Controller params:map[] ref:0 ref_string:Controller#0]] state:map[controller:role Controller#0] stats:map[counts:map[Controller#0.Corrupt:1 Controller#0.Inspect:1 Controller#0.Proof:1 Controller#0.Restart:1 Controller#0.Resume:2 Controller#0.Review:1 Controller#0.Start:1] totalActions:8] threads:[] witness:[[false false false false]]]
. Expected DISABLED
. Actual [str_value:"DISABLED"], len:1
    Action Link: Controller#0.Proof
    Found matching Source Link: src:100 dest:99 name:"Controller#0.Proof" weight:0.125 type:"action" 10:"\n\x12Controller#0.Proof\x12\n\"DISABLED\""
  End of Request 145, current nodeId: 99, node: map[channel_messages:map[] channels:map[] current:0 failedInvariants:<nil> name:yield returns:{"Controller#0.Proof":"DISABLED"} roles:[map[fields:map[attempts:5 current:1 fault:false generation:1 inspected:true phase:terminal proof:1 repair:0 repeats:2 reports:implementation,proof,review review:1 saved:5 status:REVIEWED_AND_PROVEN] name:Controller params:map[] ref:0 ref_string:Controller#0]] state:map[controller:role Controller#0] stats:map[counts:map[Controller#0.Inspect:1 Controller#0.Proof:2 Controller#0.Restart:1 Controller#0.Resume:2 Controller#0.Review:1 Controller#0.Start:1] totalActions:8] threads:[] witness:[[false false false false]]]
. Expected DISABLED
. Actual [str_value:"DISABLED"], len:1
    Action Link: Controller#0.Restart
    Found matching Source Link: src:99 dest:101 name:"Controller#0.Restart" weight:0.125 type:"action" 10:"\n\x14Controller#0.Restart\x12\n\"DISABLED\""
  End of Request 146, current nodeId: 101, node: map[channel_messages:map[] channels:map[] current:0 failedInvariants:<nil> name:yield returns:{"Controller#0.Restart":"DISABLED"} roles:[map[fields:map[attempts:5 current:1 fault:false generation:1 inspected:true phase:terminal proof:1 repair:0 repeats:2 reports:implementation,proof,review review:1 saved:5 status:REVIEWED_AND_PROVEN] name:Controller params:map[] ref:0 ref_string:Controller#0]] state:map[controller:role Controller#0] stats:map[counts:map[Controller#0.Inspect:1 Controller#0.Proof:1 Controller#0.Restart:2 Controller#0.Resume:2 Controller#0.Review:1 Controller#0.Start:1] totalActions:8] threads:[] witness:[[false false false false]]]
. Expected DISABLED
. Actual [str_value:"DISABLED"], len:1
    Action Link: Controller#0.Inspect
    Found matching Source Link: src:101 dest:102 name:"Controller#0.Inspect" weight:0.125 type:"action" 10:"\n\x14Controller#0.Inspect\x12\n\"DISABLED\""
  End of Request 147, current nodeId: 102, node: map[channel_messages:map[] channels:map[] current:0 failedInvariants:<nil> name:yield returns:{"Controller#0.Inspect":"DISABLED"} roles:[map[fields:map[attempts:5 current:1 fault:false generation:1 inspected:true phase:terminal proof:1 repair:0 repeats:2 reports:implementation,proof,review review:1 saved:5 status:REVIEWED_AND_PROVEN] name:Controller params:map[] ref:0 ref_string:Controller#0]] state:map[controller:role Controller#0] stats:map[counts:map[Controller#0.Inspect:2 Controller#0.Proof:1 Controller#0.Restart:1 Controller#0.Resume:2 Controller#0.Review:1 Controller#0.Start:1] totalActions:8] threads:[] witness:[[false false false false]]]
. Expected DISABLED
. Actual [str_value:"DISABLED"], len:1
    Action Link: Controller#0.Proof
    Found matching Source Link: src:102 dest:99 name:"Controller#0.Proof" weight:0.125 type:"action" 10:"\n\x12Controller#0.Proof\x12\n\"DISABLED\""
  End of Request 148, current nodeId: 99, node: map[channel_messages:map[] channels:map[] current:0 failedInvariants:<nil> name:yield returns:{"Controller#0.Proof":"DISABLED"} roles:[map[fields:map[attempts:5 current:1 fault:false generation:1 inspected:true phase:terminal proof:1 repair:0 repeats:2 reports:implementation,proof,review review:1 saved:5 status:REVIEWED_AND_PROVEN] name:Controller params:map[] ref:0 ref_string:Controller#0]] state:map[controller:role Controller#0] stats:map[counts:map[Controller#0.Inspect:1 Controller#0.Proof:2 Controller#0.Restart:1 Controller#0.Resume:2 Controller#0.Review:1 Controller#0.Start:1] totalActions:8] threads:[] witness:[[false false false false]]]
. Expected DISABLED
. Actual [str_value:"DISABLED"], len:1
    Action Link: Controller#0.Restart
    Found matching Source Link: src:99 dest:101 name:"Controller#0.Restart" weight:0.125 type:"action" 10:"\n\x14Controller#0.Restart\x12\n\"DISABLED\""
  End of Request 149, current nodeId: 101, node: map[channel_messages:map[] channels:map[] current:0 failedInvariants:<nil> name:yield returns:{"Controller#0.Restart":"DISABLED"} roles:[map[fields:map[attempts:5 current:1 fault:false generation:1 inspected:true phase:terminal proof:1 repair:0 repeats:2 reports:implementation,proof,review review:1 saved:5 status:REVIEWED_AND_PROVEN] name:Controller params:map[] ref:0 ref_string:Controller#0]] state:map[controller:role Controller#0] stats:map[counts:map[Controller#0.Inspect:1 Controller#0.Proof:1 Controller#0.Restart:2 Controller#0.Resume:2 Controller#0.Review:1 Controller#0.Start:1] totalActions:8] threads:[] witness:[[false false false false]]]
. Expected DISABLED
. Actual [str_value:"DISABLED"], len:1
    Action Link: Controller#0.Review
    Found matching Source Link: src:101 dest:98 name:"Controller#0.Review" weight:0.125 type:"action" 10:"\n\x13Controller#0.Review\x12\n\"DISABLED\""
  End of Request 150, current nodeId: 98, node: map[channel_messages:map[] channels:map[] current:0 failedInvariants:<nil> name:yield returns:{"Controller#0.Review":"DISABLED"} roles:[map[fields:map[attempts:5 current:1 fault:false generation:1 inspected:true phase:terminal proof:1 repair:0 repeats:2 reports:implementation,proof,review review:1 saved:5 status:REVIEWED_AND_PROVEN] name:Controller params:map[] ref:0 ref_string:Controller#0]] state:map[controller:role Controller#0] stats:map[counts:map[Controller#0.Inspect:1 Controller#0.Proof:1 Controller#0.Restart:1 Controller#0.Resume:2 Controller#0.Review:2 Controller#0.Start:1] totalActions:8] threads:[] witness:[[false false false false]]]
. Expected DISABLED
. Actual [str_value:"DISABLED"], len:1
    Action Link: Controller#0.Review
    Found matching Source Link: src:98 dest:98 name:"Controller#0.Review" weight:0.125 type:"action" 10:"\n\x13Controller#0.Review\x12\n\"DISABLED\""
  End of Request 151, current nodeId: 98, node: map[channel_messages:map[] channels:map[] current:0 failedInvariants:<nil> name:yield returns:{"Controller#0.Review":"DISABLED"} roles:[map[fields:map[attempts:5 current:1 fault:false generation:1 inspected:true phase:terminal proof:1 repair:0 repeats:2 reports:implementation,proof,review review:1 saved:5 status:REVIEWED_AND_PROVEN] name:Controller params:map[] ref:0 ref_string:Controller#0]] state:map[controller:role Controller#0] stats:map[counts:map[Controller#0.Inspect:1 Controller#0.Proof:1 Controller#0.Restart:1 Controller#0.Resume:2 Controller#0.Review:2 Controller#0.Start:1] totalActions:8] threads:[] witness:[[false false false false]]]
. Expected DISABLED
. Actual [str_value:"DISABLED"], len:1
    Action Link: Controller#0.Review
    Found matching Source Link: src:98 dest:98 name:"Controller#0.Review" weight:0.125 type:"action" 10:"\n\x13Controller#0.Review\x12\n\"DISABLED\""
  End of Request 152, current nodeId: 98, node: map[channel_messages:map[] channels:map[] current:0 failedInvariants:<nil> name:yield returns:{"Controller#0.Review":"DISABLED"} roles:[map[fields:map[attempts:5 current:1 fault:false generation:1 inspected:true phase:terminal proof:1 repair:0 repeats:2 reports:implementation,proof,review review:1 saved:5 status:REVIEWED_AND_PROVEN] name:Controller params:map[] ref:0 ref_string:Controller#0]] state:map[controller:role Controller#0] stats:map[counts:map[Controller#0.Inspect:1 Controller#0.Proof:1 Controller#0.Restart:1 Controller#0.Resume:2 Controller#0.Review:2 Controller#0.Start:1] totalActions:8] threads:[] witness:[[false false false false]]]
. Expected DISABLED
. Actual [str_value:"DISABLED"], len:1
    Action Link: Controller#0.Restart
    Found matching Source Link: src:98 dest:101 name:"Controller#0.Restart" weight:0.125 type:"action" 10:"\n\x14Controller#0.Restart\x12\n\"DISABLED\""
  End of Request 153, current nodeId: 101, node: map[channel_messages:map[] channels:map[] current:0 failedInvariants:<nil> name:yield returns:{"Controller#0.Restart":"DISABLED"} roles:[map[fields:map[attempts:5 current:1 fault:false generation:1 inspected:true phase:terminal proof:1 repair:0 repeats:2 reports:implementation,proof,review review:1 saved:5 status:REVIEWED_AND_PROVEN] name:Controller params:map[] ref:0 ref_string:Controller#0]] state:map[controller:role Controller#0] stats:map[counts:map[Controller#0.Inspect:1 Controller#0.Proof:1 Controller#0.Restart:2 Controller#0.Resume:2 Controller#0.Review:1 Controller#0.Start:1] totalActions:8] threads:[] witness:[[false false false false]]]
. Expected DISABLED
. Actual [str_value:"DISABLED"], len:1
    Action Link: Controller#0.Resume
    Found matching Source Link: src:101 dest:103 name:"Controller#0.Resume" weight:0.125 type:"action" 10:"\n\x13Controller#0.Resume\x12\n\"DISABLED\""
  End of Request 154, current nodeId: 103, node: map[channel_messages:map[] channels:map[] current:0 failedInvariants:<nil> name:yield returns:{"Controller#0.Resume":"DISABLED"} roles:[map[fields:map[attempts:5 current:1 fault:false generation:1 inspected:true phase:terminal proof:1 repair:0 repeats:2 reports:implementation,proof,review review:1 saved:5 status:REVIEWED_AND_PROVEN] name:Controller params:map[] ref:0 ref_string:Controller#0]] state:map[controller:role Controller#0] stats:map[counts:map[Controller#0.Inspect:1 Controller#0.Proof:1 Controller#0.Restart:1 Controller#0.Resume:3 Controller#0.Review:1 Controller#0.Start:1] totalActions:8] threads:[] witness:[[false false false false]]]
. Expected DISABLED
. Actual [str_value:"DISABLED"], len:1
    Action Link: Controller#0.Inspect
    Found matching Source Link: src:103 dest:102 name:"Controller#0.Inspect" weight:0.125 type:"action" 10:"\n\x14Controller#0.Inspect\x12\n\"DISABLED\""
  End of Request 155, current nodeId: 102, node: map[channel_messages:map[] channels:map[] current:0 failedInvariants:<nil> name:yield returns:{"Controller#0.Inspect":"DISABLED"} roles:[map[fields:map[attempts:5 current:1 fault:false generation:1 inspected:true phase:terminal proof:1 repair:0 repeats:2 reports:implementation,proof,review review:1 saved:5 status:REVIEWED_AND_PROVEN] name:Controller params:map[] ref:0 ref_string:Controller#0]] state:map[controller:role Controller#0] stats:map[counts:map[Controller#0.Inspect:2 Controller#0.Proof:1 Controller#0.Restart:1 Controller#0.Resume:2 Controller#0.Review:1 Controller#0.Start:1] totalActions:8] threads:[] witness:[[false false false false]]]
. Expected DISABLED
. Actual [str_value:"DISABLED"], len:1
    Action Link: Controller#0.Restart
    Found matching Source Link: src:102 dest:101 name:"Controller#0.Restart" weight:0.125 type:"action" 10:"\n\x14Controller#0.Restart\x12\n\"DISABLED\""
  End of Request 156, current nodeId: 101, node: map[channel_messages:map[] channels:map[] current:0 failedInvariants:<nil> name:yield returns:{"Controller#0.Restart":"DISABLED"} roles:[map[fields:map[attempts:5 current:1 fault:false generation:1 inspected:true phase:terminal proof:1 repair:0 repeats:2 reports:implementation,proof,review review:1 saved:5 status:REVIEWED_AND_PROVEN] name:Controller params:map[] ref:0 ref_string:Controller#0]] state:map[controller:role Controller#0] stats:map[counts:map[Controller#0.Inspect:1 Controller#0.Proof:1 Controller#0.Restart:2 Controller#0.Resume:2 Controller#0.Review:1 Controller#0.Start:1] totalActions:8] threads:[] witness:[[false false false false]]]
. Expected DISABLED
. Actual [str_value:"DISABLED"], len:1
    Action Link: Controller#0.Proof
    Found matching Source Link: src:101 dest:99 name:"Controller#0.Proof" weight:0.125 type:"action" 10:"\n\x12Controller#0.Proof\x12\n\"DISABLED\""
  End of Request 157, current nodeId: 99, node: map[channel_messages:map[] channels:map[] current:0 failedInvariants:<nil> name:yield returns:{"Controller#0.Proof":"DISABLED"} roles:[map[fields:map[attempts:5 current:1 fault:false generation:1 inspected:true phase:terminal proof:1 repair:0 repeats:2 reports:implementation,proof,review review:1 saved:5 status:REVIEWED_AND_PROVEN] name:Controller params:map[] ref:0 ref_string:Controller#0]] state:map[controller:role Controller#0] stats:map[counts:map[Controller#0.Inspect:1 Controller#0.Proof:2 Controller#0.Restart:1 Controller#0.Resume:2 Controller#0.Review:1 Controller#0.Start:1] totalActions:8] threads:[] witness:[[false false false false]]]
. Expected DISABLED
. Actual [str_value:"DISABLED"], len:1
    Action Link: Controller#0.Resume
    Found matching Source Link: src:99 dest:103 name:"Controller#0.Resume" weight:0.125 type:"action" 10:"\n\x13Controller#0.Resume\x12\n\"DISABLED\""
  End of Request 158, current nodeId: 103, node: map[channel_messages:map[] channels:map[] current:0 failedInvariants:<nil> name:yield returns:{"Controller#0.Resume":"DISABLED"} roles:[map[fields:map[attempts:5 current:1 fault:false generation:1 inspected:true phase:terminal proof:1 repair:0 repeats:2 reports:implementation,proof,review review:1 saved:5 status:REVIEWED_AND_PROVEN] name:Controller params:map[] ref:0 ref_string:Controller#0]] state:map[controller:role Controller#0] stats:map[counts:map[Controller#0.Inspect:1 Controller#0.Proof:1 Controller#0.Restart:1 Controller#0.Resume:3 Controller#0.Review:1 Controller#0.Start:1] totalActions:8] threads:[] witness:[[false false false false]]]
. Expected DISABLED
. Actual [str_value:"DISABLED"], len:1
    Action Link: Controller#0.Inspect
    Found matching Source Link: src:103 dest:102 name:"Controller#0.Inspect" weight:0.125 type:"action" 10:"\n\x14Controller#0.Inspect\x12\n\"DISABLED\""
  End of Request 159, current nodeId: 102, node: map[channel_messages:map[] channels:map[] current:0 failedInvariants:<nil> name:yield returns:{"Controller#0.Inspect":"DISABLED"} roles:[map[fields:map[attempts:5 current:1 fault:false generation:1 inspected:true phase:terminal proof:1 repair:0 repeats:2 reports:implementation,proof,review review:1 saved:5 status:REVIEWED_AND_PROVEN] name:Controller params:map[] ref:0 ref_string:Controller#0]] state:map[controller:role Controller#0] stats:map[counts:map[Controller#0.Inspect:2 Controller#0.Proof:1 Controller#0.Restart:1 Controller#0.Resume:2 Controller#0.Review:1 Controller#0.Start:1] totalActions:8] threads:[] witness:[[false false false false]]]
. Expected DISABLED
. Actual [str_value:"DISABLED"], len:1
    Action Link: Controller#0.Proof
    Found matching Source Link: src:102 dest:99 name:"Controller#0.Proof" weight:0.125 type:"action" 10:"\n\x12Controller#0.Proof\x12\n\"DISABLED\""
  End of Request 160, current nodeId: 99, node: map[channel_messages:map[] channels:map[] current:0 failedInvariants:<nil> name:yield returns:{"Controller#0.Proof":"DISABLED"} roles:[map[fields:map[attempts:5 current:1 fault:false generation:1 inspected:true phase:terminal proof:1 repair:0 repeats:2 reports:implementation,proof,review review:1 saved:5 status:REVIEWED_AND_PROVEN] name:Controller params:map[] ref:0 ref_string:Controller#0]] state:map[controller:role Controller#0] stats:map[counts:map[Controller#0.Inspect:1 Controller#0.Proof:2 Controller#0.Restart:1 Controller#0.Resume:2 Controller#0.Review:1 Controller#0.Start:1] totalActions:8] threads:[] witness:[[false false false false]]]
. Expected DISABLED
. Actual [str_value:"DISABLED"], len:1
    Action Link: Controller#0.Proof
    Found matching Source Link: src:99 dest:99 name:"Controller#0.Proof" weight:0.125 type:"action" 10:"\n\x12Controller#0.Proof\x12\n\"DISABLED\""
  End of Request 161, current nodeId: 99, node: map[channel_messages:map[] channels:map[] current:0 failedInvariants:<nil> name:yield returns:{"Controller#0.Proof":"DISABLED"} roles:[map[fields:map[attempts:5 current:1 fault:false generation:1 inspected:true phase:terminal proof:1 repair:0 repeats:2 reports:implementation,proof,review review:1 saved:5 status:REVIEWED_AND_PROVEN] name:Controller params:map[] ref:0 ref_string:Controller#0]] state:map[controller:role Controller#0] stats:map[counts:map[Controller#0.Inspect:1 Controller#0.Proof:2 Controller#0.Restart:1 Controller#0.Resume:2 Controller#0.Review:1 Controller#0.Start:1] totalActions:8] threads:[] witness:[[false false false false]]]
. Expected DISABLED
. Actual [str_value:"DISABLED"], len:1
    Action Link: Controller#0.Restart
    Found matching Source Link: src:99 dest:101 name:"Controller#0.Restart" weight:0.125 type:"action" 10:"\n\x14Controller#0.Restart\x12\n\"DISABLED\""
  End of Request 162, current nodeId: 101, node: map[channel_messages:map[] channels:map[] current:0 failedInvariants:<nil> name:yield returns:{"Controller#0.Restart":"DISABLED"} roles:[map[fields:map[attempts:5 current:1 fault:false generation:1 inspected:true phase:terminal proof:1 repair:0 repeats:2 reports:implementation,proof,review review:1 saved:5 status:REVIEWED_AND_PROVEN] name:Controller params:map[] ref:0 ref_string:Controller#0]] state:map[controller:role Controller#0] stats:map[counts:map[Controller#0.Inspect:1 Controller#0.Proof:1 Controller#0.Restart:2 Controller#0.Resume:2 Controller#0.Review:1 Controller#0.Start:1] totalActions:8] threads:[] witness:[[false false false false]]]
. Expected DISABLED
. Actual [str_value:"DISABLED"], len:1
    Action Link: Controller#0.Start
    Found matching Source Link: src:101 dest:97 name:"Controller#0.Start" weight:0.125 type:"action" 10:"\n\x12Controller#0.Start\x12\n\"DISABLED\""
  End of Request 163, current nodeId: 97, node: map[channel_messages:map[] channels:map[] current:0 failedInvariants:<nil> name:yield returns:{"Controller#0.Start":"DISABLED"} roles:[map[fields:map[attempts:5 current:1 fault:false generation:1 inspected:true phase:terminal proof:1 repair:0 repeats:2 reports:implementation,proof,review review:1 saved:5 status:REVIEWED_AND_PROVEN] name:Controller params:map[] ref:0 ref_string:Controller#0]] state:map[controller:role Controller#0] stats:map[counts:map[Controller#0.Inspect:1 Controller#0.Proof:1 Controller#0.Restart:1 Controller#0.Resume:2 Controller#0.Review:1 Controller#0.Start:2] totalActions:8] threads:[] witness:[[false false false false]]]
. Expected DISABLED
. Actual [str_value:"DISABLED"], len:1
    Action Link: Controller#0.Restart
    Found matching Source Link: src:97 dest:101 name:"Controller#0.Restart" weight:0.125 type:"action" 10:"\n\x14Controller#0.Restart\x12\n\"DISABLED\""
  End of Request 164, current nodeId: 101, node: map[channel_messages:map[] channels:map[] current:0 failedInvariants:<nil> name:yield returns:{"Controller#0.Restart":"DISABLED"} roles:[map[fields:map[attempts:5 current:1 fault:false generation:1 inspected:true phase:terminal proof:1 repair:0 repeats:2 reports:implementation,proof,review review:1 saved:5 status:REVIEWED_AND_PROVEN] name:Controller params:map[] ref:0 ref_string:Controller#0]] state:map[controller:role Controller#0] stats:map[counts:map[Controller#0.Inspect:1 Controller#0.Proof:1 Controller#0.Restart:2 Controller#0.Resume:2 Controller#0.Review:1 Controller#0.Start:1] totalActions:8] threads:[] witness:[[false false false false]]]
. Expected DISABLED
. Actual [str_value:"DISABLED"], len:1
    Action Link: Controller#0.Overlap
    Found matching Source Link: src:101 dest:104 name:"Controller#0.Overlap" weight:0.125 type:"action" 10:"\n\x14Controller#0.Overlap\x12\n\"DISABLED\""
  End of Request 165, current nodeId: 104, node: map[channel_messages:map[] channels:map[] current:0 failedInvariants:<nil> name:yield returns:{"Controller#0.Overlap":"DISABLED"} roles:[map[fields:map[attempts:5 current:1 fault:false generation:1 inspected:true phase:terminal proof:1 repair:0 repeats:2 reports:implementation,proof,review review:1 saved:5 status:REVIEWED_AND_PROVEN] name:Controller params:map[] ref:0 ref_string:Controller#0]] state:map[controller:role Controller#0] stats:map[counts:map[Controller#0.Inspect:1 Controller#0.Overlap:1 Controller#0.Proof:1 Controller#0.Restart:1 Controller#0.Resume:2 Controller#0.Review:1 Controller#0.Start:1] totalActions:8] threads:[] witness:[[false false false false]]]
. Expected DISABLED
. Actual [str_value:"DISABLED"], len:1
    Action Link: Controller#0.Resume
    Found matching Source Link: src:104 dest:103 name:"Controller#0.Resume" weight:0.125 type:"action" 10:"\n\x13Controller#0.Resume\x12\n\"DISABLED\""
  End of Request 166, current nodeId: 103, node: map[channel_messages:map[] channels:map[] current:0 failedInvariants:<nil> name:yield returns:{"Controller#0.Resume":"DISABLED"} roles:[map[fields:map[attempts:5 current:1 fault:false generation:1 inspected:true phase:terminal proof:1 repair:0 repeats:2 reports:implementation,proof,review review:1 saved:5 status:REVIEWED_AND_PROVEN] name:Controller params:map[] ref:0 ref_string:Controller#0]] state:map[controller:role Controller#0] stats:map[counts:map[Controller#0.Inspect:1 Controller#0.Proof:1 Controller#0.Restart:1 Controller#0.Resume:3 Controller#0.Review:1 Controller#0.Start:1] totalActions:8] threads:[] witness:[[false false false false]]]
. Expected DISABLED
. Actual [str_value:"DISABLED"], len:1
    Action Link: Controller#0.Restart
    Found matching Source Link: src:103 dest:101 name:"Controller#0.Restart" weight:0.125 type:"action" 10:"\n\x14Controller#0.Restart\x12\n\"DISABLED\""
  End of Request 167, current nodeId: 101, node: map[channel_messages:map[] channels:map[] current:0 failedInvariants:<nil> name:yield returns:{"Controller#0.Restart":"DISABLED"} roles:[map[fields:map[attempts:5 current:1 fault:false generation:1 inspected:true phase:terminal proof:1 repair:0 repeats:2 reports:implementation,proof,review review:1 saved:5 status:REVIEWED_AND_PROVEN] name:Controller params:map[] ref:0 ref_string:Controller#0]] state:map[controller:role Controller#0] stats:map[counts:map[Controller#0.Inspect:1 Controller#0.Proof:1 Controller#0.Restart:2 Controller#0.Resume:2 Controller#0.Review:1 Controller#0.Start:1] totalActions:8] threads:[] witness:[[false false false false]]]
. Expected DISABLED
. Actual [str_value:"DISABLED"], len:1
    Action Link: Controller#0.Start
    Found matching Source Link: src:101 dest:97 name:"Controller#0.Start" weight:0.125 type:"action" 10:"\n\x12Controller#0.Start\x12\n\"DISABLED\""
  End of Request 168, current nodeId: 97, node: map[channel_messages:map[] channels:map[] current:0 failedInvariants:<nil> name:yield returns:{"Controller#0.Start":"DISABLED"} roles:[map[fields:map[attempts:5 current:1 fault:false generation:1 inspected:true phase:terminal proof:1 repair:0 repeats:2 reports:implementation,proof,review review:1 saved:5 status:REVIEWED_AND_PROVEN] name:Controller params:map[] ref:0 ref_string:Controller#0]] state:map[controller:role Controller#0] stats:map[counts:map[Controller#0.Inspect:1 Controller#0.Proof:1 Controller#0.Restart:1 Controller#0.Resume:2 Controller#0.Review:1 Controller#0.Start:2] totalActions:8] threads:[] witness:[[false false false false]]]
. Expected DISABLED
. Actual [str_value:"DISABLED"], len:1
    Action Link: Controller#0.Proof
    Found matching Source Link: src:97 dest:99 name:"Controller#0.Proof" weight:0.125 type:"action" 10:"\n\x12Controller#0.Proof\x12\n\"DISABLED\""
  End of Request 169, current nodeId: 99, node: map[channel_messages:map[] channels:map[] current:0 failedInvariants:<nil> name:yield returns:{"Controller#0.Proof":"DISABLED"} roles:[map[fields:map[attempts:5 current:1 fault:false generation:1 inspected:true phase:terminal proof:1 repair:0 repeats:2 reports:implementation,proof,review review:1 saved:5 status:REVIEWED_AND_PROVEN] name:Controller params:map[] ref:0 ref_string:Controller#0]] state:map[controller:role Controller#0] stats:map[counts:map[Controller#0.Inspect:1 Controller#0.Proof:2 Controller#0.Restart:1 Controller#0.Resume:2 Controller#0.Review:1 Controller#0.Start:1] totalActions:8] threads:[] witness:[[false false false false]]]
. Expected DISABLED
. Actual [str_value:"DISABLED"], len:1
    Action Link: Controller#0.Start
    Found matching Source Link: src:99 dest:97 name:"Controller#0.Start" weight:0.125 type:"action" 10:"\n\x12Controller#0.Start\x12\n\"DISABLED\""
  End of Request 170, current nodeId: 97, node: map[channel_messages:map[] channels:map[] current:0 failedInvariants:<nil> name:yield returns:{"Controller#0.Start":"DISABLED"} roles:[map[fields:map[attempts:5 current:1 fault:false generation:1 inspected:true phase:terminal proof:1 repair:0 repeats:2 reports:implementation,proof,review review:1 saved:5 status:REVIEWED_AND_PROVEN] name:Controller params:map[] ref:0 ref_string:Controller#0]] state:map[controller:role Controller#0] stats:map[counts:map[Controller#0.Inspect:1 Controller#0.Proof:1 Controller#0.Restart:1 Controller#0.Resume:2 Controller#0.Review:1 Controller#0.Start:2] totalActions:8] threads:[] witness:[[false false false false]]]
. Expected DISABLED
. Actual [str_value:"DISABLED"], len:1
    Action Link: Controller#0.Corrupt
    Found matching Source Link: src:97 dest:100 name:"Controller#0.Corrupt" weight:0.125 type:"action" 10:"\n\x14Controller#0.Corrupt\x12\n\"DISABLED\""
  End of Request 171, current nodeId: 100, node: map[channel_messages:map[] channels:map[] current:0 failedInvariants:<nil> name:yield returns:{"Controller#0.Corrupt":"DISABLED"} roles:[map[fields:map[attempts:5 current:1 fault:false generation:1 inspected:true phase:terminal proof:1 repair:0 repeats:2 reports:implementation,proof,review review:1 saved:5 status:REVIEWED_AND_PROVEN] name:Controller params:map[] ref:0 ref_string:Controller#0]] state:map[controller:role Controller#0] stats:map[counts:map[Controller#0.Corrupt:1 Controller#0.Inspect:1 Controller#0.Proof:1 Controller#0.Restart:1 Controller#0.Resume:2 Controller#0.Review:1 Controller#0.Start:1] totalActions:8] threads:[] witness:[[false false false false]]]
. Expected DISABLED
. Actual [str_value:"DISABLED"], len:1
    Action Link: Controller#0.Review
    Found matching Source Link: src:100 dest:98 name:"Controller#0.Review" weight:0.125 type:"action" 10:"\n\x13Controller#0.Review\x12\n\"DISABLED\""
  End of Request 172, current nodeId: 98, node: map[channel_messages:map[] channels:map[] current:0 failedInvariants:<nil> name:yield returns:{"Controller#0.Review":"DISABLED"} roles:[map[fields:map[attempts:5 current:1 fault:false generation:1 inspected:true phase:terminal proof:1 repair:0 repeats:2 reports:implementation,proof,review review:1 saved:5 status:REVIEWED_AND_PROVEN] name:Controller params:map[] ref:0 ref_string:Controller#0]] state:map[controller:role Controller#0] stats:map[counts:map[Controller#0.Inspect:1 Controller#0.Proof:1 Controller#0.Restart:1 Controller#0.Resume:2 Controller#0.Review:2 Controller#0.Start:1] totalActions:8] threads:[] witness:[[false false false false]]]
. Expected DISABLED
. Actual [str_value:"DISABLED"], len:1
    Action Link: Controller#0.Proof
    Found matching Source Link: src:98 dest:99 name:"Controller#0.Proof" weight:0.125 type:"action" 10:"\n\x12Controller#0.Proof\x12\n\"DISABLED\""
  End of Request 173, current nodeId: 99, node: map[channel_messages:map[] channels:map[] current:0 failedInvariants:<nil> name:yield returns:{"Controller#0.Proof":"DISABLED"} roles:[map[fields:map[attempts:5 current:1 fault:false generation:1 inspected:true phase:terminal proof:1 repair:0 repeats:2 reports:implementation,proof,review review:1 saved:5 status:REVIEWED_AND_PROVEN] name:Controller params:map[] ref:0 ref_string:Controller#0]] state:map[controller:role Controller#0] stats:map[counts:map[Controller#0.Inspect:1 Controller#0.Proof:2 Controller#0.Restart:1 Controller#0.Resume:2 Controller#0.Review:1 Controller#0.Start:1] totalActions:8] threads:[] witness:[[false false false false]]]
. Expected DISABLED
. Actual [str_value:"DISABLED"], len:1
    Action Link: Controller#0.Review
    Found matching Source Link: src:99 dest:98 name:"Controller#0.Review" weight:0.125 type:"action" 10:"\n\x13Controller#0.Review\x12\n\"DISABLED\""
  End of Request 174, current nodeId: 98, node: map[channel_messages:map[] channels:map[] current:0 failedInvariants:<nil> name:yield returns:{"Controller#0.Review":"DISABLED"} roles:[map[fields:map[attempts:5 current:1 fault:false generation:1 inspected:true phase:terminal proof:1 repair:0 repeats:2 reports:implementation,proof,review review:1 saved:5 status:REVIEWED_AND_PROVEN] name:Controller params:map[] ref:0 ref_string:Controller#0]] state:map[controller:role Controller#0] stats:map[counts:map[Controller#0.Inspect:1 Controller#0.Proof:1 Controller#0.Restart:1 Controller#0.Resume:2 Controller#0.Review:2 Controller#0.Start:1] totalActions:8] threads:[] witness:[[false false false false]]]
. Expected DISABLED
. Actual [str_value:"DISABLED"], len:1
    Action Link: Controller#0.Inspect
    Found matching Source Link: src:98 dest:102 name:"Controller#0.Inspect" weight:0.125 type:"action" 10:"\n\x14Controller#0.Inspect\x12\n\"DISABLED\""
  End of Request 175, current nodeId: 102, node: map[channel_messages:map[] channels:map[] current:0 failedInvariants:<nil> name:yield returns:{"Controller#0.Inspect":"DISABLED"} roles:[map[fields:map[attempts:5 current:1 fault:false generation:1 inspected:true phase:terminal proof:1 repair:0 repeats:2 reports:implementation,proof,review review:1 saved:5 status:REVIEWED_AND_PROVEN] name:Controller params:map[] ref:0 ref_string:Controller#0]] state:map[controller:role Controller#0] stats:map[counts:map[Controller#0.Inspect:2 Controller#0.Proof:1 Controller#0.Restart:1 Controller#0.Resume:2 Controller#0.Review:1 Controller#0.Start:1] totalActions:8] threads:[] witness:[[false false false false]]]
. Expected DISABLED
. Actual [str_value:"DISABLED"], len:1
    Action Link: Controller#0.Inspect
    Found matching Source Link: src:102 dest:102 name:"Controller#0.Inspect" weight:0.125 type:"action" 10:"\n\x14Controller#0.Inspect\x12\n\"DISABLED\""
  End of Request 176, current nodeId: 102, node: map[channel_messages:map[] channels:map[] current:0 failedInvariants:<nil> name:yield returns:{"Controller#0.Inspect":"DISABLED"} roles:[map[fields:map[attempts:5 current:1 fault:false generation:1 inspected:true phase:terminal proof:1 repair:0 repeats:2 reports:implementation,proof,review review:1 saved:5 status:REVIEWED_AND_PROVEN] name:Controller params:map[] ref:0 ref_string:Controller#0]] state:map[controller:role Controller#0] stats:map[counts:map[Controller#0.Inspect:2 Controller#0.Proof:1 Controller#0.Restart:1 Controller#0.Resume:2 Controller#0.Review:1 Controller#0.Start:1] totalActions:8] threads:[] witness:[[false false false false]]]
. Expected DISABLED
. Actual [str_value:"DISABLED"], len:1
    Action Link: Controller#0.Restart
    Found matching Source Link: src:102 dest:101 name:"Controller#0.Restart" weight:0.125 type:"action" 10:"\n\x14Controller#0.Restart\x12\n\"DISABLED\""
  End of Request 177, current nodeId: 101, node: map[channel_messages:map[] channels:map[] current:0 failedInvariants:<nil> name:yield returns:{"Controller#0.Restart":"DISABLED"} roles:[map[fields:map[attempts:5 current:1 fault:false generation:1 inspected:true phase:terminal proof:1 repair:0 repeats:2 reports:implementation,proof,review review:1 saved:5 status:REVIEWED_AND_PROVEN] name:Controller params:map[] ref:0 ref_string:Controller#0]] state:map[controller:role Controller#0] stats:map[counts:map[Controller#0.Inspect:1 Controller#0.Proof:1 Controller#0.Restart:2 Controller#0.Resume:2 Controller#0.Review:1 Controller#0.Start:1] totalActions:8] threads:[] witness:[[false false false false]]]
. Expected DISABLED
. Actual [str_value:"DISABLED"], len:1
    Action Link: Controller#0.Restart
    Found matching Source Link: src:101 dest:101 name:"Controller#0.Restart" weight:0.125 type:"action" 10:"\n\x14Controller#0.Restart\x12\n\"DISABLED\""
  End of Request 178, current nodeId: 101, node: map[channel_messages:map[] channels:map[] current:0 failedInvariants:<nil> name:yield returns:{"Controller#0.Restart":"DISABLED"} roles:[map[fields:map[attempts:5 current:1 fault:false generation:1 inspected:true phase:terminal proof:1 repair:0 repeats:2 reports:implementation,proof,review review:1 saved:5 status:REVIEWED_AND_PROVEN] name:Controller params:map[] ref:0 ref_string:Controller#0]] state:map[controller:role Controller#0] stats:map[counts:map[Controller#0.Inspect:1 Controller#0.Proof:1 Controller#0.Restart:2 Controller#0.Resume:2 Controller#0.Review:1 Controller#0.Start:1] totalActions:8] threads:[] witness:[[false false false false]]]
. Expected DISABLED
. Actual [str_value:"DISABLED"], len:1
    Action Link: Controller#0.Corrupt
    Found matching Source Link: src:101 dest:100 name:"Controller#0.Corrupt" weight:0.125 type:"action" 10:"\n\x14Controller#0.Corrupt\x12\n\"DISABLED\""
  End of Request 179, current nodeId: 100, node: map[channel_messages:map[] channels:map[] current:0 failedInvariants:<nil> name:yield returns:{"Controller#0.Corrupt":"DISABLED"} roles:[map[fields:map[attempts:5 current:1 fault:false generation:1 inspected:true phase:terminal proof:1 repair:0 repeats:2 reports:implementation,proof,review review:1 saved:5 status:REVIEWED_AND_PROVEN] name:Controller params:map[] ref:0 ref_string:Controller#0]] state:map[controller:role Controller#0] stats:map[counts:map[Controller#0.Corrupt:1 Controller#0.Inspect:1 Controller#0.Proof:1 Controller#0.Restart:1 Controller#0.Resume:2 Controller#0.Review:1 Controller#0.Start:1] totalActions:8] threads:[] witness:[[false false false false]]]
. Expected DISABLED
. Actual [str_value:"DISABLED"], len:1
    Action Link: Controller#0.Proof
    Found matching Source Link: src:100 dest:99 name:"Controller#0.Proof" weight:0.125 type:"action" 10:"\n\x12Controller#0.Proof\x12\n\"DISABLED\""
  End of Request 180, current nodeId: 99, node: map[channel_messages:map[] channels:map[] current:0 failedInvariants:<nil> name:yield returns:{"Controller#0.Proof":"DISABLED"} roles:[map[fields:map[attempts:5 current:1 fault:false generation:1 inspected:true phase:terminal proof:1 repair:0 repeats:2 reports:implementation,proof,review review:1 saved:5 status:REVIEWED_AND_PROVEN] name:Controller params:map[] ref:0 ref_string:Controller#0]] state:map[controller:role Controller#0] stats:map[counts:map[Controller#0.Inspect:1 Controller#0.Proof:2 Controller#0.Restart:1 Controller#0.Resume:2 Controller#0.Review:1 Controller#0.Start:1] totalActions:8] threads:[] witness:[[false false false false]]]
. Expected DISABLED
. Actual [str_value:"DISABLED"], len:1
    Action Link: Controller#0.Resume
    Found matching Source Link: src:99 dest:103 name:"Controller#0.Resume" weight:0.125 type:"action" 10:"\n\x13Controller#0.Resume\x12\n\"DISABLED\""
  End of Request 181, current nodeId: 103, node: map[channel_messages:map[] channels:map[] current:0 failedInvariants:<nil> name:yield returns:{"Controller#0.Resume":"DISABLED"} roles:[map[fields:map[attempts:5 current:1 fault:false generation:1 inspected:true phase:terminal proof:1 repair:0 repeats:2 reports:implementation,proof,review review:1 saved:5 status:REVIEWED_AND_PROVEN] name:Controller params:map[] ref:0 ref_string:Controller#0]] state:map[controller:role Controller#0] stats:map[counts:map[Controller#0.Inspect:1 Controller#0.Proof:1 Controller#0.Restart:1 Controller#0.Resume:3 Controller#0.Review:1 Controller#0.Start:1] totalActions:8] threads:[] witness:[[false false false false]]]
. Expected DISABLED
. Actual [str_value:"DISABLED"], len:1
    Action Link: Controller#0.Proof
    Found matching Source Link: src:103 dest:99 name:"Controller#0.Proof" weight:0.125 type:"action" 10:"\n\x12Controller#0.Proof\x12\n\"DISABLED\""
  End of Request 182, current nodeId: 99, node: map[channel_messages:map[] channels:map[] current:0 failedInvariants:<nil> name:yield returns:{"Controller#0.Proof":"DISABLED"} roles:[map[fields:map[attempts:5 current:1 fault:false generation:1 inspected:true phase:terminal proof:1 repair:0 repeats:2 reports:implementation,proof,review review:1 saved:5 status:REVIEWED_AND_PROVEN] name:Controller params:map[] ref:0 ref_string:Controller#0]] state:map[controller:role Controller#0] stats:map[counts:map[Controller#0.Inspect:1 Controller#0.Proof:2 Controller#0.Restart:1 Controller#0.Resume:2 Controller#0.Review:1 Controller#0.Start:1] totalActions:8] threads:[] witness:[[false false false false]]]
. Expected DISABLED
. Actual [str_value:"DISABLED"], len:1
    Action Link: Controller#0.Start
    Found matching Source Link: src:99 dest:97 name:"Controller#0.Start" weight:0.125 type:"action" 10:"\n\x12Controller#0.Start\x12\n\"DISABLED\""
  End of Request 183, current nodeId: 97, node: map[channel_messages:map[] channels:map[] current:0 failedInvariants:<nil> name:yield returns:{"Controller#0.Start":"DISABLED"} roles:[map[fields:map[attempts:5 current:1 fault:false generation:1 inspected:true phase:terminal proof:1 repair:0 repeats:2 reports:implementation,proof,review review:1 saved:5 status:REVIEWED_AND_PROVEN] name:Controller params:map[] ref:0 ref_string:Controller#0]] state:map[controller:role Controller#0] stats:map[counts:map[Controller#0.Inspect:1 Controller#0.Proof:1 Controller#0.Restart:1 Controller#0.Resume:2 Controller#0.Review:1 Controller#0.Start:2] totalActions:8] threads:[] witness:[[false false false false]]]
. Expected DISABLED
. Actual [str_value:"DISABLED"], len:1
    Action Link: Controller#0.Resume
    Found matching Source Link: src:97 dest:103 name:"Controller#0.Resume" weight:0.125 type:"action" 10:"\n\x13Controller#0.Resume\x12\n\"DISABLED\""
  End of Request 184, current nodeId: 103, node: map[channel_messages:map[] channels:map[] current:0 failedInvariants:<nil> name:yield returns:{"Controller#0.Resume":"DISABLED"} roles:[map[fields:map[attempts:5 current:1 fault:false generation:1 inspected:true phase:terminal proof:1 repair:0 repeats:2 reports:implementation,proof,review review:1 saved:5 status:REVIEWED_AND_PROVEN] name:Controller params:map[] ref:0 ref_string:Controller#0]] state:map[controller:role Controller#0] stats:map[counts:map[Controller#0.Inspect:1 Controller#0.Proof:1 Controller#0.Restart:1 Controller#0.Resume:3 Controller#0.Review:1 Controller#0.Start:1] totalActions:8] threads:[] witness:[[false false false false]]]
. Expected DISABLED
. Actual [str_value:"DISABLED"], len:1
    Action Link: Controller#0.Start
    Found matching Source Link: src:103 dest:97 name:"Controller#0.Start" weight:0.125 type:"action" 10:"\n\x12Controller#0.Start\x12\n\"DISABLED\""
  End of Request 185, current nodeId: 97, node: map[channel_messages:map[] channels:map[] current:0 failedInvariants:<nil> name:yield returns:{"Controller#0.Start":"DISABLED"} roles:[map[fields:map[attempts:5 current:1 fault:false generation:1 inspected:true phase:terminal proof:1 repair:0 repeats:2 reports:implementation,proof,review review:1 saved:5 status:REVIEWED_AND_PROVEN] name:Controller params:map[] ref:0 ref_string:Controller#0]] state:map[controller:role Controller#0] stats:map[counts:map[Controller#0.Inspect:1 Controller#0.Proof:1 Controller#0.Restart:1 Controller#0.Resume:2 Controller#0.Review:1 Controller#0.Start:2] totalActions:8] threads:[] witness:[[false false false false]]]
. Expected DISABLED
. Actual [str_value:"DISABLED"], len:1
    Action Link: Controller#0.Inspect
    Found matching Source Link: src:97 dest:102 name:"Controller#0.Inspect" weight:0.125 type:"action" 10:"\n\x14Controller#0.Inspect\x12\n\"DISABLED\""
  End of Request 186, current nodeId: 102, node: map[channel_messages:map[] channels:map[] current:0 failedInvariants:<nil> name:yield returns:{"Controller#0.Inspect":"DISABLED"} roles:[map[fields:map[attempts:5 current:1 fault:false generation:1 inspected:true phase:terminal proof:1 repair:0 repeats:2 reports:implementation,proof,review review:1 saved:5 status:REVIEWED_AND_PROVEN] name:Controller params:map[] ref:0 ref_string:Controller#0]] state:map[controller:role Controller#0] stats:map[counts:map[Controller#0.Inspect:2 Controller#0.Proof:1 Controller#0.Restart:1 Controller#0.Resume:2 Controller#0.Review:1 Controller#0.Start:1] totalActions:8] threads:[] witness:[[false false false false]]]
. Expected DISABLED
. Actual [str_value:"DISABLED"], len:1
    Action Link: Controller#0.Inspect
    Found matching Source Link: src:102 dest:102 name:"Controller#0.Inspect" weight:0.125 type:"action" 10:"\n\x14Controller#0.Inspect\x12\n\"DISABLED\""
  End of Request 187, current nodeId: 102, node: map[channel_messages:map[] channels:map[] current:0 failedInvariants:<nil> name:yield returns:{"Controller#0.Inspect":"DISABLED"} roles:[map[fields:map[attempts:5 current:1 fault:false generation:1 inspected:true phase:terminal proof:1 repair:0 repeats:2 reports:implementation,proof,review review:1 saved:5 status:REVIEWED_AND_PROVEN] name:Controller params:map[] ref:0 ref_string:Controller#0]] state:map[controller:role Controller#0] stats:map[counts:map[Controller#0.Inspect:2 Controller#0.Proof:1 Controller#0.Restart:1 Controller#0.Resume:2 Controller#0.Review:1 Controller#0.Start:1] totalActions:8] threads:[] witness:[[false false false false]]]
. Expected DISABLED
. Actual [str_value:"DISABLED"], len:1
    Action Link: Controller#0.Inspect
    Found matching Source Link: src:102 dest:102 name:"Controller#0.Inspect" weight:0.125 type:"action" 10:"\n\x14Controller#0.Inspect\x12\n\"DISABLED\""
  End of Request 188, current nodeId: 102, node: map[channel_messages:map[] channels:map[] current:0 failedInvariants:<nil> name:yield returns:{"Controller#0.Inspect":"DISABLED"} roles:[map[fields:map[attempts:5 current:1 fault:false generation:1 inspected:true phase:terminal proof:1 repair:0 repeats:2 reports:implementation,proof,review review:1 saved:5 status:REVIEWED_AND_PROVEN] name:Controller params:map[] ref:0 ref_string:Controller#0]] state:map[controller:role Controller#0] stats:map[counts:map[Controller#0.Inspect:2 Controller#0.Proof:1 Controller#0.Restart:1 Controller#0.Resume:2 Controller#0.Review:1 Controller#0.Start:1] totalActions:8] threads:[] witness:[[false false false false]]]
. Expected DISABLED
. Actual [str_value:"DISABLED"], len:1
    Action Link: Controller#0.Overlap
    Found matching Source Link: src:102 dest:104 name:"Controller#0.Overlap" weight:0.125 type:"action" 10:"\n\x14Controller#0.Overlap\x12\n\"DISABLED\""
  End of Request 189, current nodeId: 104, node: map[channel_messages:map[] channels:map[] current:0 failedInvariants:<nil> name:yield returns:{"Controller#0.Overlap":"DISABLED"} roles:[map[fields:map[attempts:5 current:1 fault:false generation:1 inspected:true phase:terminal proof:1 repair:0 repeats:2 reports:implementation,proof,review review:1 saved:5 status:REVIEWED_AND_PROVEN] name:Controller params:map[] ref:0 ref_string:Controller#0]] state:map[controller:role Controller#0] stats:map[counts:map[Controller#0.Inspect:1 Controller#0.Overlap:1 Controller#0.Proof:1 Controller#0.Restart:1 Controller#0.Resume:2 Controller#0.Review:1 Controller#0.Start:1] totalActions:8] threads:[] witness:[[false false false false]]]
. Expected DISABLED
. Actual [str_value:"DISABLED"], len:1
    Action Link: Controller#0.Proof
    Found matching Source Link: src:104 dest:99 name:"Controller#0.Proof" weight:0.125 type:"action" 10:"\n\x12Controller#0.Proof\x12\n\"DISABLED\""
  End of Request 190, current nodeId: 99, node: map[channel_messages:map[] channels:map[] current:0 failedInvariants:<nil> name:yield returns:{"Controller#0.Proof":"DISABLED"} roles:[map[fields:map[attempts:5 current:1 fault:false generation:1 inspected:true phase:terminal proof:1 repair:0 repeats:2 reports:implementation,proof,review review:1 saved:5 status:REVIEWED_AND_PROVEN] name:Controller params:map[] ref:0 ref_string:Controller#0]] state:map[controller:role Controller#0] stats:map[counts:map[Controller#0.Inspect:1 Controller#0.Proof:2 Controller#0.Restart:1 Controller#0.Resume:2 Controller#0.Review:1 Controller#0.Start:1] totalActions:8] threads:[] witness:[[false false false false]]]
. Expected DISABLED
. Actual [str_value:"DISABLED"], len:1
    Action Link: Controller#0.Inspect
    Found matching Source Link: src:99 dest:102 name:"Controller#0.Inspect" weight:0.125 type:"action" 10:"\n\x14Controller#0.Inspect\x12\n\"DISABLED\""
  End of Request 191, current nodeId: 102, node: map[channel_messages:map[] channels:map[] current:0 failedInvariants:<nil> name:yield returns:{"Controller#0.Inspect":"DISABLED"} roles:[map[fields:map[attempts:5 current:1 fault:false generation:1 inspected:true phase:terminal proof:1 repair:0 repeats:2 reports:implementation,proof,review review:1 saved:5 status:REVIEWED_AND_PROVEN] name:Controller params:map[] ref:0 ref_string:Controller#0]] state:map[controller:role Controller#0] stats:map[counts:map[Controller#0.Inspect:2 Controller#0.Proof:1 Controller#0.Restart:1 Controller#0.Resume:2 Controller#0.Review:1 Controller#0.Start:1] totalActions:8] threads:[] witness:[[false false false false]]]
. Expected DISABLED
. Actual [str_value:"DISABLED"], len:1
    Action Link: Controller#0.Resume
    Found matching Source Link: src:102 dest:103 name:"Controller#0.Resume" weight:0.125 type:"action" 10:"\n\x13Controller#0.Resume\x12\n\"DISABLED\""
  End of Request 192, current nodeId: 103, node: map[channel_messages:map[] channels:map[] current:0 failedInvariants:<nil> name:yield returns:{"Controller#0.Resume":"DISABLED"} roles:[map[fields:map[attempts:5 current:1 fault:false generation:1 inspected:true phase:terminal proof:1 repair:0 repeats:2 reports:implementation,proof,review review:1 saved:5 status:REVIEWED_AND_PROVEN] name:Controller params:map[] ref:0 ref_string:Controller#0]] state:map[controller:role Controller#0] stats:map[counts:map[Controller#0.Inspect:1 Controller#0.Proof:1 Controller#0.Restart:1 Controller#0.Resume:3 Controller#0.Review:1 Controller#0.Start:1] totalActions:8] threads:[] witness:[[false false false false]]]
. Expected DISABLED
. Actual [str_value:"DISABLED"], len:1
    Action Link: Controller#0.Corrupt
    Found matching Source Link: src:103 dest:100 name:"Controller#0.Corrupt" weight:0.125 type:"action" 10:"\n\x14Controller#0.Corrupt\x12\n\"DISABLED\""
  End of Request 193, current nodeId: 100, node: map[channel_messages:map[] channels:map[] current:0 failedInvariants:<nil> name:yield returns:{"Controller#0.Corrupt":"DISABLED"} roles:[map[fields:map[attempts:5 current:1 fault:false generation:1 inspected:true phase:terminal proof:1 repair:0 repeats:2 reports:implementation,proof,review review:1 saved:5 status:REVIEWED_AND_PROVEN] name:Controller params:map[] ref:0 ref_string:Controller#0]] state:map[controller:role Controller#0] stats:map[counts:map[Controller#0.Corrupt:1 Controller#0.Inspect:1 Controller#0.Proof:1 Controller#0.Restart:1 Controller#0.Resume:2 Controller#0.Review:1 Controller#0.Start:1] totalActions:8] threads:[] witness:[[false false false false]]]
. Expected DISABLED
. Actual [str_value:"DISABLED"], len:1
    Action Link: Controller#0.Restart
    Found matching Source Link: src:100 dest:101 name:"Controller#0.Restart" weight:0.125 type:"action" 10:"\n\x14Controller#0.Restart\x12\n\"DISABLED\""
  End of Request 194, current nodeId: 101, node: map[channel_messages:map[] channels:map[] current:0 failedInvariants:<nil> name:yield returns:{"Controller#0.Restart":"DISABLED"} roles:[map[fields:map[attempts:5 current:1 fault:false generation:1 inspected:true phase:terminal proof:1 repair:0 repeats:2 reports:implementation,proof,review review:1 saved:5 status:REVIEWED_AND_PROVEN] name:Controller params:map[] ref:0 ref_string:Controller#0]] state:map[controller:role Controller#0] stats:map[counts:map[Controller#0.Inspect:1 Controller#0.Proof:1 Controller#0.Restart:2 Controller#0.Resume:2 Controller#0.Review:1 Controller#0.Start:1] totalActions:8] threads:[] witness:[[false false false false]]]
. Expected DISABLED
. Actual [str_value:"DISABLED"], len:1
    Action Link: Controller#0.Review
    Found matching Source Link: src:101 dest:98 name:"Controller#0.Review" weight:0.125 type:"action" 10:"\n\x13Controller#0.Review\x12\n\"DISABLED\""
  End of Request 195, current nodeId: 98, node: map[channel_messages:map[] channels:map[] current:0 failedInvariants:<nil> name:yield returns:{"Controller#0.Review":"DISABLED"} roles:[map[fields:map[attempts:5 current:1 fault:false generation:1 inspected:true phase:terminal proof:1 repair:0 repeats:2 reports:implementation,proof,review review:1 saved:5 status:REVIEWED_AND_PROVEN] name:Controller params:map[] ref:0 ref_string:Controller#0]] state:map[controller:role Controller#0] stats:map[counts:map[Controller#0.Inspect:1 Controller#0.Proof:1 Controller#0.Restart:1 Controller#0.Resume:2 Controller#0.Review:2 Controller#0.Start:1] totalActions:8] threads:[] witness:[[false false false false]]]
. Expected DISABLED
. Actual [str_value:"DISABLED"], len:1
    Action Link: Controller#0.Start
    Found matching Source Link: src:98 dest:97 name:"Controller#0.Start" weight:0.125 type:"action" 10:"\n\x12Controller#0.Start\x12\n\"DISABLED\""
  End of Request 196, current nodeId: 97, node: map[channel_messages:map[] channels:map[] current:0 failedInvariants:<nil> name:yield returns:{"Controller#0.Start":"DISABLED"} roles:[map[fields:map[attempts:5 current:1 fault:false generation:1 inspected:true phase:terminal proof:1 repair:0 repeats:2 reports:implementation,proof,review review:1 saved:5 status:REVIEWED_AND_PROVEN] name:Controller params:map[] ref:0 ref_string:Controller#0]] state:map[controller:role Controller#0] stats:map[counts:map[Controller#0.Inspect:1 Controller#0.Proof:1 Controller#0.Restart:1 Controller#0.Resume:2 Controller#0.Review:1 Controller#0.Start:2] totalActions:8] threads:[] witness:[[false false false false]]]
. Expected DISABLED
. Actual [str_value:"DISABLED"], len:1
    Action Link: Controller#0.Proof
    Found matching Source Link: src:97 dest:99 name:"Controller#0.Proof" weight:0.125 type:"action" 10:"\n\x12Controller#0.Proof\x12\n\"DISABLED\""
  End of Request 197, current nodeId: 99, node: map[channel_messages:map[] channels:map[] current:0 failedInvariants:<nil> name:yield returns:{"Controller#0.Proof":"DISABLED"} roles:[map[fields:map[attempts:5 current:1 fault:false generation:1 inspected:true phase:terminal proof:1 repair:0 repeats:2 reports:implementation,proof,review review:1 saved:5 status:REVIEWED_AND_PROVEN] name:Controller params:map[] ref:0 ref_string:Controller#0]] state:map[controller:role Controller#0] stats:map[counts:map[Controller#0.Inspect:1 Controller#0.Proof:2 Controller#0.Restart:1 Controller#0.Resume:2 Controller#0.Review:1 Controller#0.Start:1] totalActions:8] threads:[] witness:[[false false false false]]]
. Expected DISABLED
. Actual [str_value:"DISABLED"], len:1
    Action Link: Controller#0.Resume
    Found matching Source Link: src:99 dest:103 name:"Controller#0.Resume" weight:0.125 type:"action" 10:"\n\x13Controller#0.Resume\x12\n\"DISABLED\""
  End of Request 198, current nodeId: 103, node: map[channel_messages:map[] channels:map[] current:0 failedInvariants:<nil> name:yield returns:{"Controller#0.Resume":"DISABLED"} roles:[map[fields:map[attempts:5 current:1 fault:false generation:1 inspected:true phase:terminal proof:1 repair:0 repeats:2 reports:implementation,proof,review review:1 saved:5 status:REVIEWED_AND_PROVEN] name:Controller params:map[] ref:0 ref_string:Controller#0]] state:map[controller:role Controller#0] stats:map[counts:map[Controller#0.Inspect:1 Controller#0.Proof:1 Controller#0.Restart:1 Controller#0.Resume:3 Controller#0.Review:1 Controller#0.Start:1] totalActions:8] threads:[] witness:[[false false false false]]]
. Expected DISABLED
. Actual [str_value:"DISABLED"], len:1
    Action Link: Controller#0.Review
    Found matching Source Link: src:103 dest:98 name:"Controller#0.Review" weight:0.125 type:"action" 10:"\n\x13Controller#0.Review\x12\n\"DISABLED\""
  End of Request 199, current nodeId: 98, node: map[channel_messages:map[] channels:map[] current:0 failedInvariants:<nil> name:yield returns:{"Controller#0.Review":"DISABLED"} roles:[map[fields:map[attempts:5 current:1 fault:false generation:1 inspected:true phase:terminal proof:1 repair:0 repeats:2 reports:implementation,proof,review review:1 saved:5 status:REVIEWED_AND_PROVEN] name:Controller params:map[] ref:0 ref_string:Controller#0]] state:map[controller:role Controller#0] stats:map[counts:map[Controller#0.Inspect:1 Controller#0.Proof:1 Controller#0.Restart:1 Controller#0.Resume:2 Controller#0.Review:2 Controller#0.Start:1] totalActions:8] threads:[] witness:[[false false false false]]]
. Expected DISABLED
. Actual [str_value:"DISABLED"], len:1
    Action Link: Controller#0.Corrupt
    Found matching Source Link: src:98 dest:100 name:"Controller#0.Corrupt" weight:0.125 type:"action" 10:"\n\x14Controller#0.Corrupt\x12\n\"DISABLED\""
  End of Request 200, current nodeId: 100, node: map[channel_messages:map[] channels:map[] current:0 failedInvariants:<nil> name:yield returns:{"Controller#0.Corrupt":"DISABLED"} roles:[map[fields:map[attempts:5 current:1 fault:false generation:1 inspected:true phase:terminal proof:1 repair:0 repeats:2 reports:implementation,proof,review review:1 saved:5 status:REVIEWED_AND_PROVEN] name:Controller params:map[] ref:0 ref_string:Controller#0]] state:map[controller:role Controller#0] stats:map[counts:map[Controller#0.Corrupt:1 Controller#0.Inspect:1 Controller#0.Proof:1 Controller#0.Restart:1 Controller#0.Resume:2 Controller#0.Review:1 Controller#0.Start:1] totalActions:8] threads:[] witness:[[false false false false]]]
. Expected DISABLED
. Actual [str_value:"DISABLED"], len:1
    Action Link: Controller#0.Inspect
    Found matching Source Link: src:100 dest:102 name:"Controller#0.Inspect" weight:0.125 type:"action" 10:"\n\x14Controller#0.Inspect\x12\n\"DISABLED\""
  End of Request 201, current nodeId: 102, node: map[channel_messages:map[] channels:map[] current:0 failedInvariants:<nil> name:yield returns:{"Controller#0.Inspect":"DISABLED"} roles:[map[fields:map[attempts:5 current:1 fault:false generation:1 inspected:true phase:terminal proof:1 repair:0 repeats:2 reports:implementation,proof,review review:1 saved:5 status:REVIEWED_AND_PROVEN] name:Controller params:map[] ref:0 ref_string:Controller#0]] state:map[controller:role Controller#0] stats:map[counts:map[Controller#0.Inspect:2 Controller#0.Proof:1 Controller#0.Restart:1 Controller#0.Resume:2 Controller#0.Review:1 Controller#0.Start:1] totalActions:8] threads:[] witness:[[false false false false]]]
. Expected DISABLED
. Actual [str_value:"DISABLED"], len:1
    Action Link: Controller#0.Overlap
    Found matching Source Link: src:102 dest:104 name:"Controller#0.Overlap" weight:0.125 type:"action" 10:"\n\x14Controller#0.Overlap\x12\n\"DISABLED\""
  End of Request 202, current nodeId: 104, node: map[channel_messages:map[] channels:map[] current:0 failedInvariants:<nil> name:yield returns:{"Controller#0.Overlap":"DISABLED"} roles:[map[fields:map[attempts:5 current:1 fault:false generation:1 inspected:true phase:terminal proof:1 repair:0 repeats:2 reports:implementation,proof,review review:1 saved:5 status:REVIEWED_AND_PROVEN] name:Controller params:map[] ref:0 ref_string:Controller#0]] state:map[controller:role Controller#0] stats:map[counts:map[Controller#0.Inspect:1 Controller#0.Overlap:1 Controller#0.Proof:1 Controller#0.Restart:1 Controller#0.Resume:2 Controller#0.Review:1 Controller#0.Start:1] totalActions:8] threads:[] witness:[[false false false false]]]
. Expected DISABLED
. Actual [str_value:"DISABLED"], len:1
    Action Link: Controller#0.Review
    Found matching Source Link: src:104 dest:98 name:"Controller#0.Review" weight:0.125 type:"action" 10:"\n\x13Controller#0.Review\x12\n\"DISABLED\""
  End of Request 203, current nodeId: 98, node: map[channel_messages:map[] channels:map[] current:0 failedInvariants:<nil> name:yield returns:{"Controller#0.Review":"DISABLED"} roles:[map[fields:map[attempts:5 current:1 fault:false generation:1 inspected:true phase:terminal proof:1 repair:0 repeats:2 reports:implementation,proof,review review:1 saved:5 status:REVIEWED_AND_PROVEN] name:Controller params:map[] ref:0 ref_string:Controller#0]] state:map[controller:role Controller#0] stats:map[counts:map[Controller#0.Inspect:1 Controller#0.Proof:1 Controller#0.Restart:1 Controller#0.Resume:2 Controller#0.Review:2 Controller#0.Start:1] totalActions:8] threads:[] witness:[[false false false false]]]
. Expected DISABLED
. Actual [str_value:"DISABLED"], len:1
    Action Link: Controller#0.Restart
    Found matching Source Link: src:98 dest:101 name:"Controller#0.Restart" weight:0.125 type:"action" 10:"\n\x14Controller#0.Restart\x12\n\"DISABLED\""
  End of Request 204, current nodeId: 101, node: map[channel_messages:map[] channels:map[] current:0 failedInvariants:<nil> name:yield returns:{"Controller#0.Restart":"DISABLED"} roles:[map[fields:map[attempts:5 current:1 fault:false generation:1 inspected:true phase:terminal proof:1 repair:0 repeats:2 reports:implementation,proof,review review:1 saved:5 status:REVIEWED_AND_PROVEN] name:Controller params:map[] ref:0 ref_string:Controller#0]] state:map[controller:role Controller#0] stats:map[counts:map[Controller#0.Inspect:1 Controller#0.Proof:1 Controller#0.Restart:2 Controller#0.Resume:2 Controller#0.Review:1 Controller#0.Start:1] totalActions:8] threads:[] witness:[[false false false false]]]
. Expected DISABLED
. Actual [str_value:"DISABLED"], len:1
    Action Link: Controller#0.Start
    Found matching Source Link: src:101 dest:97 name:"Controller#0.Start" weight:0.125 type:"action" 10:"\n\x12Controller#0.Start\x12\n\"DISABLED\""
  End of Request 205, current nodeId: 97, node: map[channel_messages:map[] channels:map[] current:0 failedInvariants:<nil> name:yield returns:{"Controller#0.Start":"DISABLED"} roles:[map[fields:map[attempts:5 current:1 fault:false generation:1 inspected:true phase:terminal proof:1 repair:0 repeats:2 reports:implementation,proof,review review:1 saved:5 status:REVIEWED_AND_PROVEN] name:Controller params:map[] ref:0 ref_string:Controller#0]] state:map[controller:role Controller#0] stats:map[counts:map[Controller#0.Inspect:1 Controller#0.Proof:1 Controller#0.Restart:1 Controller#0.Resume:2 Controller#0.Review:1 Controller#0.Start:2] totalActions:8] threads:[] witness:[[false false false false]]]
. Expected DISABLED
. Actual [str_value:"DISABLED"], len:1
    Action Link: Controller#0.Overlap
    Found matching Source Link: src:97 dest:104 name:"Controller#0.Overlap" weight:0.125 type:"action" 10:"\n\x14Controller#0.Overlap\x12\n\"DISABLED\""
  End of Request 206, current nodeId: 104, node: map[channel_messages:map[] channels:map[] current:0 failedInvariants:<nil> name:yield returns:{"Controller#0.Overlap":"DISABLED"} roles:[map[fields:map[attempts:5 current:1 fault:false generation:1 inspected:true phase:terminal proof:1 repair:0 repeats:2 reports:implementation,proof,review review:1 saved:5 status:REVIEWED_AND_PROVEN] name:Controller params:map[] ref:0 ref_string:Controller#0]] state:map[controller:role Controller#0] stats:map[counts:map[Controller#0.Inspect:1 Controller#0.Overlap:1 Controller#0.Proof:1 Controller#0.Restart:1 Controller#0.Resume:2 Controller#0.Review:1 Controller#0.Start:1] totalActions:8] threads:[] witness:[[false false false false]]]
. Expected DISABLED
. Actual [str_value:"DISABLED"], len:1
    Action Link: Controller#0.Overlap
    Found matching Source Link: src:104 dest:104 name:"Controller#0.Overlap" weight:0.125 type:"action" 10:"\n\x14Controller#0.Overlap\x12\n\"DISABLED\""
  End of Request 207, current nodeId: 104, node: map[channel_messages:map[] channels:map[] current:0 failedInvariants:<nil> name:yield returns:{"Controller#0.Overlap":"DISABLED"} roles:[map[fields:map[attempts:5 current:1 fault:false generation:1 inspected:true phase:terminal proof:1 repair:0 repeats:2 reports:implementation,proof,review review:1 saved:5 status:REVIEWED_AND_PROVEN] name:Controller params:map[] ref:0 ref_string:Controller#0]] state:map[controller:role Controller#0] stats:map[counts:map[Controller#0.Inspect:1 Controller#0.Overlap:1 Controller#0.Proof:1 Controller#0.Restart:1 Controller#0.Resume:2 Controller#0.Review:1 Controller#0.Start:1] totalActions:8] threads:[] witness:[[false false false false]]]
. Expected DISABLED
. Actual [str_value:"DISABLED"], len:1
    Action Link: Controller#0.Inspect
    Found matching Source Link: src:104 dest:102 name:"Controller#0.Inspect" weight:0.125 type:"action" 10:"\n\x14Controller#0.Inspect\x12\n\"DISABLED\""
  End of Request 208, current nodeId: 102, node: map[channel_messages:map[] channels:map[] current:0 failedInvariants:<nil> name:yield returns:{"Controller#0.Inspect":"DISABLED"} roles:[map[fields:map[attempts:5 current:1 fault:false generation:1 inspected:true phase:terminal proof:1 repair:0 repeats:2 reports:implementation,proof,review review:1 saved:5 status:REVIEWED_AND_PROVEN] name:Controller params:map[] ref:0 ref_string:Controller#0]] state:map[controller:role Controller#0] stats:map[counts:map[Controller#0.Inspect:2 Controller#0.Proof:1 Controller#0.Restart:1 Controller#0.Resume:2 Controller#0.Review:1 Controller#0.Start:1] totalActions:8] threads:[] witness:[[false false false false]]]
. Expected DISABLED
. Actual [str_value:"DISABLED"], len:1
    Action Link: Controller#0.Review
    Found matching Source Link: src:102 dest:98 name:"Controller#0.Review" weight:0.125 type:"action" 10:"\n\x13Controller#0.Review\x12\n\"DISABLED\""
  End of Request 209, current nodeId: 98, node: map[channel_messages:map[] channels:map[] current:0 failedInvariants:<nil> name:yield returns:{"Controller#0.Review":"DISABLED"} roles:[map[fields:map[attempts:5 current:1 fault:false generation:1 inspected:true phase:terminal proof:1 repair:0 repeats:2 reports:implementation,proof,review review:1 saved:5 status:REVIEWED_AND_PROVEN] name:Controller params:map[] ref:0 ref_string:Controller#0]] state:map[controller:role Controller#0] stats:map[counts:map[Controller#0.Inspect:1 Controller#0.Proof:1 Controller#0.Restart:1 Controller#0.Resume:2 Controller#0.Review:2 Controller#0.Start:1] totalActions:8] threads:[] witness:[[false false false false]]]
. Expected DISABLED
. Actual [str_value:"DISABLED"], len:1
    Action Link: Controller#0.Overlap
    Found matching Source Link: src:98 dest:104 name:"Controller#0.Overlap" weight:0.125 type:"action" 10:"\n\x14Controller#0.Overlap\x12\n\"DISABLED\""
  End of Request 210, current nodeId: 104, node: map[channel_messages:map[] channels:map[] current:0 failedInvariants:<nil> name:yield returns:{"Controller#0.Overlap":"DISABLED"} roles:[map[fields:map[attempts:5 current:1 fault:false generation:1 inspected:true phase:terminal proof:1 repair:0 repeats:2 reports:implementation,proof,review review:1 saved:5 status:REVIEWED_AND_PROVEN] name:Controller params:map[] ref:0 ref_string:Controller#0]] state:map[controller:role Controller#0] stats:map[counts:map[Controller#0.Inspect:1 Controller#0.Overlap:1 Controller#0.Proof:1 Controller#0.Restart:1 Controller#0.Resume:2 Controller#0.Review:1 Controller#0.Start:1] totalActions:8] threads:[] witness:[[false false false false]]]
. Expected DISABLED
. Actual [str_value:"DISABLED"], len:1
    Action Link: Controller#0.Inspect
    Found matching Source Link: src:104 dest:102 name:"Controller#0.Inspect" weight:0.125 type:"action" 10:"\n\x14Controller#0.Inspect\x12\n\"DISABLED\""
  End of Request 211, current nodeId: 102, node: map[channel_messages:map[] channels:map[] current:0 failedInvariants:<nil> name:yield returns:{"Controller#0.Inspect":"DISABLED"} roles:[map[fields:map[attempts:5 current:1 fault:false generation:1 inspected:true phase:terminal proof:1 repair:0 repeats:2 reports:implementation,proof,review review:1 saved:5 status:REVIEWED_AND_PROVEN] name:Controller params:map[] ref:0 ref_string:Controller#0]] state:map[controller:role Controller#0] stats:map[counts:map[Controller#0.Inspect:2 Controller#0.Proof:1 Controller#0.Restart:1 Controller#0.Resume:2 Controller#0.Review:1 Controller#0.Start:1] totalActions:8] threads:[] witness:[[false false false false]]]
. Expected DISABLED
. Actual [str_value:"DISABLED"], len:1
    Action Link: Controller#0.Proof
    Found matching Source Link: src:102 dest:99 name:"Controller#0.Proof" weight:0.125 type:"action" 10:"\n\x12Controller#0.Proof\x12\n\"DISABLED\""
  End of Request 212, current nodeId: 99, node: map[channel_messages:map[] channels:map[] current:0 failedInvariants:<nil> name:yield returns:{"Controller#0.Proof":"DISABLED"} roles:[map[fields:map[attempts:5 current:1 fault:false generation:1 inspected:true phase:terminal proof:1 repair:0 repeats:2 reports:implementation,proof,review review:1 saved:5 status:REVIEWED_AND_PROVEN] name:Controller params:map[] ref:0 ref_string:Controller#0]] state:map[controller:role Controller#0] stats:map[counts:map[Controller#0.Inspect:1 Controller#0.Proof:2 Controller#0.Restart:1 Controller#0.Resume:2 Controller#0.Review:1 Controller#0.Start:1] totalActions:8] threads:[] witness:[[false false false false]]]
. Expected DISABLED
. Actual [str_value:"DISABLED"], len:1
    Action Link: Controller#0.Restart
    Found matching Source Link: src:99 dest:101 name:"Controller#0.Restart" weight:0.125 type:"action" 10:"\n\x14Controller#0.Restart\x12\n\"DISABLED\""
  End of Request 213, current nodeId: 101, node: map[channel_messages:map[] channels:map[] current:0 failedInvariants:<nil> name:yield returns:{"Controller#0.Restart":"DISABLED"} roles:[map[fields:map[attempts:5 current:1 fault:false generation:1 inspected:true phase:terminal proof:1 repair:0 repeats:2 reports:implementation,proof,review review:1 saved:5 status:REVIEWED_AND_PROVEN] name:Controller params:map[] ref:0 ref_string:Controller#0]] state:map[controller:role Controller#0] stats:map[counts:map[Controller#0.Inspect:1 Controller#0.Proof:1 Controller#0.Restart:2 Controller#0.Resume:2 Controller#0.Review:1 Controller#0.Start:1] totalActions:8] threads:[] witness:[[false false false false]]]
. Expected DISABLED
. Actual [str_value:"DISABLED"], len:1
    Action Link: Controller#0.Start
    Found matching Source Link: src:101 dest:97 name:"Controller#0.Start" weight:0.125 type:"action" 10:"\n\x12Controller#0.Start\x12\n\"DISABLED\""
  End of Request 214, current nodeId: 97, node: map[channel_messages:map[] channels:map[] current:0 failedInvariants:<nil> name:yield returns:{"Controller#0.Start":"DISABLED"} roles:[map[fields:map[attempts:5 current:1 fault:false generation:1 inspected:true phase:terminal proof:1 repair:0 repeats:2 reports:implementation,proof,review review:1 saved:5 status:REVIEWED_AND_PROVEN] name:Controller params:map[] ref:0 ref_string:Controller#0]] state:map[controller:role Controller#0] stats:map[counts:map[Controller#0.Inspect:1 Controller#0.Proof:1 Controller#0.Restart:1 Controller#0.Resume:2 Controller#0.Review:1 Controller#0.Start:2] totalActions:8] threads:[] witness:[[false false false false]]]
. Expected DISABLED
. Actual [str_value:"DISABLED"], len:1
    Action Link: Controller#0.Inspect
    Found matching Source Link: src:97 dest:102 name:"Controller#0.Inspect" weight:0.125 type:"action" 10:"\n\x14Controller#0.Inspect\x12\n\"DISABLED\""
  End of Request 215, current nodeId: 102, node: map[channel_messages:map[] channels:map[] current:0 failedInvariants:<nil> name:yield returns:{"Controller#0.Inspect":"DISABLED"} roles:[map[fields:map[attempts:5 current:1 fault:false generation:1 inspected:true phase:terminal proof:1 repair:0 repeats:2 reports:implementation,proof,review review:1 saved:5 status:REVIEWED_AND_PROVEN] name:Controller params:map[] ref:0 ref_string:Controller#0]] state:map[controller:role Controller#0] stats:map[counts:map[Controller#0.Inspect:2 Controller#0.Proof:1 Controller#0.Restart:1 Controller#0.Resume:2 Controller#0.Review:1 Controller#0.Start:1] totalActions:8] threads:[] witness:[[false false false false]]]
. Expected DISABLED
. Actual [str_value:"DISABLED"], len:1
    Action Link: Controller#0.Corrupt
    Found matching Source Link: src:102 dest:100 name:"Controller#0.Corrupt" weight:0.125 type:"action" 10:"\n\x14Controller#0.Corrupt\x12\n\"DISABLED\""
  End of Request 216, current nodeId: 100, node: map[channel_messages:map[] channels:map[] current:0 failedInvariants:<nil> name:yield returns:{"Controller#0.Corrupt":"DISABLED"} roles:[map[fields:map[attempts:5 current:1 fault:false generation:1 inspected:true phase:terminal proof:1 repair:0 repeats:2 reports:implementation,proof,review review:1 saved:5 status:REVIEWED_AND_PROVEN] name:Controller params:map[] ref:0 ref_string:Controller#0]] state:map[controller:role Controller#0] stats:map[counts:map[Controller#0.Corrupt:1 Controller#0.Inspect:1 Controller#0.Proof:1 Controller#0.Restart:1 Controller#0.Resume:2 Controller#0.Review:1 Controller#0.Start:1] totalActions:8] threads:[] witness:[[false false false false]]]
. Expected DISABLED
. Actual [str_value:"DISABLED"], len:1
    Action Link: Controller#0.Overlap
    Found matching Source Link: src:100 dest:104 name:"Controller#0.Overlap" weight:0.125 type:"action" 10:"\n\x14Controller#0.Overlap\x12\n\"DISABLED\""
  End of Request 217, current nodeId: 104, node: map[channel_messages:map[] channels:map[] current:0 failedInvariants:<nil> name:yield returns:{"Controller#0.Overlap":"DISABLED"} roles:[map[fields:map[attempts:5 current:1 fault:false generation:1 inspected:true phase:terminal proof:1 repair:0 repeats:2 reports:implementation,proof,review review:1 saved:5 status:REVIEWED_AND_PROVEN] name:Controller params:map[] ref:0 ref_string:Controller#0]] state:map[controller:role Controller#0] stats:map[counts:map[Controller#0.Inspect:1 Controller#0.Overlap:1 Controller#0.Proof:1 Controller#0.Restart:1 Controller#0.Resume:2 Controller#0.Review:1 Controller#0.Start:1] totalActions:8] threads:[] witness:[[false false false false]]]
. Expected DISABLED
. Actual [str_value:"DISABLED"], len:1
    Action Link: Controller#0.Review
    Found matching Source Link: src:104 dest:98 name:"Controller#0.Review" weight:0.125 type:"action" 10:"\n\x13Controller#0.Review\x12\n\"DISABLED\""
  End of Request 218, current nodeId: 98, node: map[channel_messages:map[] channels:map[] current:0 failedInvariants:<nil> name:yield returns:{"Controller#0.Review":"DISABLED"} roles:[map[fields:map[attempts:5 current:1 fault:false generation:1 inspected:true phase:terminal proof:1 repair:0 repeats:2 reports:implementation,proof,review review:1 saved:5 status:REVIEWED_AND_PROVEN] name:Controller params:map[] ref:0 ref_string:Controller#0]] state:map[controller:role Controller#0] stats:map[counts:map[Controller#0.Inspect:1 Controller#0.Proof:1 Controller#0.Restart:1 Controller#0.Resume:2 Controller#0.Review:2 Controller#0.Start:1] totalActions:8] threads:[] witness:[[false false false false]]]
. Expected DISABLED
. Actual [str_value:"DISABLED"], len:1
    Action Link: Controller#0.Resume
    Found matching Source Link: src:98 dest:103 name:"Controller#0.Resume" weight:0.125 type:"action" 10:"\n\x13Controller#0.Resume\x12\n\"DISABLED\""
  End of Request 219, current nodeId: 103, node: map[channel_messages:map[] channels:map[] current:0 failedInvariants:<nil> name:yield returns:{"Controller#0.Resume":"DISABLED"} roles:[map[fields:map[attempts:5 current:1 fault:false generation:1 inspected:true phase:terminal proof:1 repair:0 repeats:2 reports:implementation,proof,review review:1 saved:5 status:REVIEWED_AND_PROVEN] name:Controller params:map[] ref:0 ref_string:Controller#0]] state:map[controller:role Controller#0] stats:map[counts:map[Controller#0.Inspect:1 Controller#0.Proof:1 Controller#0.Restart:1 Controller#0.Resume:3 Controller#0.Review:1 Controller#0.Start:1] totalActions:8] threads:[] witness:[[false false false false]]]
. Expected DISABLED
. Actual [str_value:"DISABLED"], len:1
    Action Link: Controller#0.Restart
    Found matching Source Link: src:103 dest:101 name:"Controller#0.Restart" weight:0.125 type:"action" 10:"\n\x14Controller#0.Restart\x12\n\"DISABLED\""
  End of Request 220, current nodeId: 101, node: map[channel_messages:map[] channels:map[] current:0 failedInvariants:<nil> name:yield returns:{"Controller#0.Restart":"DISABLED"} roles:[map[fields:map[attempts:5 current:1 fault:false generation:1 inspected:true phase:terminal proof:1 repair:0 repeats:2 reports:implementation,proof,review review:1 saved:5 status:REVIEWED_AND_PROVEN] name:Controller params:map[] ref:0 ref_string:Controller#0]] state:map[controller:role Controller#0] stats:map[counts:map[Controller#0.Inspect:1 Controller#0.Proof:1 Controller#0.Restart:2 Controller#0.Resume:2 Controller#0.Review:1 Controller#0.Start:1] totalActions:8] threads:[] witness:[[false false false false]]]
. Expected DISABLED
. Actual [str_value:"DISABLED"], len:1
    Action Link: Controller#0.Start
    Found matching Source Link: src:101 dest:97 name:"Controller#0.Start" weight:0.125 type:"action" 10:"\n\x12Controller#0.Start\x12\n\"DISABLED\""
  End of Request 221, current nodeId: 97, node: map[channel_messages:map[] channels:map[] current:0 failedInvariants:<nil> name:yield returns:{"Controller#0.Start":"DISABLED"} roles:[map[fields:map[attempts:5 current:1 fault:false generation:1 inspected:true phase:terminal proof:1 repair:0 repeats:2 reports:implementation,proof,review review:1 saved:5 status:REVIEWED_AND_PROVEN] name:Controller params:map[] ref:0 ref_string:Controller#0]] state:map[controller:role Controller#0] stats:map[counts:map[Controller#0.Inspect:1 Controller#0.Proof:1 Controller#0.Restart:1 Controller#0.Resume:2 Controller#0.Review:1 Controller#0.Start:2] totalActions:8] threads:[] witness:[[false false false false]]]
. Expected DISABLED
. Actual [str_value:"DISABLED"], len:1
    Action Link: Controller#0.Restart
    Found matching Source Link: src:97 dest:101 name:"Controller#0.Restart" weight:0.125 type:"action" 10:"\n\x14Controller#0.Restart\x12\n\"DISABLED\""
  End of Request 222, current nodeId: 101, node: map[channel_messages:map[] channels:map[] current:0 failedInvariants:<nil> name:yield returns:{"Controller#0.Restart":"DISABLED"} roles:[map[fields:map[attempts:5 current:1 fault:false generation:1 inspected:true phase:terminal proof:1 repair:0 repeats:2 reports:implementation,proof,review review:1 saved:5 status:REVIEWED_AND_PROVEN] name:Controller params:map[] ref:0 ref_string:Controller#0]] state:map[controller:role Controller#0] stats:map[counts:map[Controller#0.Inspect:1 Controller#0.Proof:1 Controller#0.Restart:2 Controller#0.Resume:2 Controller#0.Review:1 Controller#0.Start:1] totalActions:8] threads:[] witness:[[false false false false]]]
. Expected DISABLED
. Actual [str_value:"DISABLED"], len:1
    Action Link: Controller#0.Inspect
    Found matching Source Link: src:101 dest:102 name:"Controller#0.Inspect" weight:0.125 type:"action" 10:"\n\x14Controller#0.Inspect\x12\n\"DISABLED\""
  End of Request 223, current nodeId: 102, node: map[channel_messages:map[] channels:map[] current:0 failedInvariants:<nil> name:yield returns:{"Controller#0.Inspect":"DISABLED"} roles:[map[fields:map[attempts:5 current:1 fault:false generation:1 inspected:true phase:terminal proof:1 repair:0 repeats:2 reports:implementation,proof,review review:1 saved:5 status:REVIEWED_AND_PROVEN] name:Controller params:map[] ref:0 ref_string:Controller#0]] state:map[controller:role Controller#0] stats:map[counts:map[Controller#0.Inspect:2 Controller#0.Proof:1 Controller#0.Restart:1 Controller#0.Resume:2 Controller#0.Review:1 Controller#0.Start:1] totalActions:8] threads:[] witness:[[false false false false]]]
. Expected DISABLED
. Actual [str_value:"DISABLED"], len:1
    Action Link: Controller#0.Resume
    Found matching Source Link: src:102 dest:103 name:"Controller#0.Resume" weight:0.125 type:"action" 10:"\n\x13Controller#0.Resume\x12\n\"DISABLED\""
  End of Request 224, current nodeId: 103, node: map[channel_messages:map[] channels:map[] current:0 failedInvariants:<nil> name:yield returns:{"Controller#0.Resume":"DISABLED"} roles:[map[fields:map[attempts:5 current:1 fault:false generation:1 inspected:true phase:terminal proof:1 repair:0 repeats:2 reports:implementation,proof,review review:1 saved:5 status:REVIEWED_AND_PROVEN] name:Controller params:map[] ref:0 ref_string:Controller#0]] state:map[controller:role Controller#0] stats:map[counts:map[Controller#0.Inspect:1 Controller#0.Proof:1 Controller#0.Restart:1 Controller#0.Resume:3 Controller#0.Review:1 Controller#0.Start:1] totalActions:8] threads:[] witness:[[false false false false]]]
. Expected DISABLED
. Actual [str_value:"DISABLED"], len:1
    Action Link: Controller#0.Start
    Found matching Source Link: src:103 dest:97 name:"Controller#0.Start" weight:0.125 type:"action" 10:"\n\x12Controller#0.Start\x12\n\"DISABLED\""
  End of Request 225, current nodeId: 97, node: map[channel_messages:map[] channels:map[] current:0 failedInvariants:<nil> name:yield returns:{"Controller#0.Start":"DISABLED"} roles:[map[fields:map[attempts:5 current:1 fault:false generation:1 inspected:true phase:terminal proof:1 repair:0 repeats:2 reports:implementation,proof,review review:1 saved:5 status:REVIEWED_AND_PROVEN] name:Controller params:map[] ref:0 ref_string:Controller#0]] state:map[controller:role Controller#0] stats:map[counts:map[Controller#0.Inspect:1 Controller#0.Proof:1 Controller#0.Restart:1 Controller#0.Resume:2 Controller#0.Review:1 Controller#0.Start:2] totalActions:8] threads:[] witness:[[false false false false]]]
. Expected DISABLED
. Actual [str_value:"DISABLED"], len:1
    Action Link: Controller#0.Inspect
    Found matching Source Link: src:97 dest:102 name:"Controller#0.Inspect" weight:0.125 type:"action" 10:"\n\x14Controller#0.Inspect\x12\n\"DISABLED\""
  End of Request 226, current nodeId: 102, node: map[channel_messages:map[] channels:map[] current:0 failedInvariants:<nil> name:yield returns:{"Controller#0.Inspect":"DISABLED"} roles:[map[fields:map[attempts:5 current:1 fault:false generation:1 inspected:true phase:terminal proof:1 repair:0 repeats:2 reports:implementation,proof,review review:1 saved:5 status:REVIEWED_AND_PROVEN] name:Controller params:map[] ref:0 ref_string:Controller#0]] state:map[controller:role Controller#0] stats:map[counts:map[Controller#0.Inspect:2 Controller#0.Proof:1 Controller#0.Restart:1 Controller#0.Resume:2 Controller#0.Review:1 Controller#0.Start:1] totalActions:8] threads:[] witness:[[false false false false]]]
. Expected DISABLED
. Actual [str_value:"DISABLED"], len:1
    Action Link: Controller#0.Overlap
    Found matching Source Link: src:102 dest:104 name:"Controller#0.Overlap" weight:0.125 type:"action" 10:"\n\x14Controller#0.Overlap\x12\n\"DISABLED\""
  End of Request 227, current nodeId: 104, node: map[channel_messages:map[] channels:map[] current:0 failedInvariants:<nil> name:yield returns:{"Controller#0.Overlap":"DISABLED"} roles:[map[fields:map[attempts:5 current:1 fault:false generation:1 inspected:true phase:terminal proof:1 repair:0 repeats:2 reports:implementation,proof,review review:1 saved:5 status:REVIEWED_AND_PROVEN] name:Controller params:map[] ref:0 ref_string:Controller#0]] state:map[controller:role Controller#0] stats:map[counts:map[Controller#0.Inspect:1 Controller#0.Overlap:1 Controller#0.Proof:1 Controller#0.Restart:1 Controller#0.Resume:2 Controller#0.Review:1 Controller#0.Start:1] totalActions:8] threads:[] witness:[[false false false false]]]
. Expected DISABLED
. Actual [str_value:"DISABLED"], len:1
    Action Link: Controller#0.Corrupt
    Found matching Source Link: src:104 dest:100 name:"Controller#0.Corrupt" weight:0.125 type:"action" 10:"\n\x14Controller#0.Corrupt\x12\n\"DISABLED\""
  End of Request 228, current nodeId: 100, node: map[channel_messages:map[] channels:map[] current:0 failedInvariants:<nil> name:yield returns:{"Controller#0.Corrupt":"DISABLED"} roles:[map[fields:map[attempts:5 current:1 fault:false generation:1 inspected:true phase:terminal proof:1 repair:0 repeats:2 reports:implementation,proof,review review:1 saved:5 status:REVIEWED_AND_PROVEN] name:Controller params:map[] ref:0 ref_string:Controller#0]] state:map[controller:role Controller#0] stats:map[counts:map[Controller#0.Corrupt:1 Controller#0.Inspect:1 Controller#0.Proof:1 Controller#0.Restart:1 Controller#0.Resume:2 Controller#0.Review:1 Controller#0.Start:1] totalActions:8] threads:[] witness:[[false false false false]]]
. Expected DISABLED
. Actual [str_value:"DISABLED"], len:1
    Action Link: Controller#0.Corrupt
    Found matching Source Link: src:100 dest:100 name:"Controller#0.Corrupt" weight:0.125 type:"action" 10:"\n\x14Controller#0.Corrupt\x12\n\"DISABLED\""
  End of Request 229, current nodeId: 100, node: map[channel_messages:map[] channels:map[] current:0 failedInvariants:<nil> name:yield returns:{"Controller#0.Corrupt":"DISABLED"} roles:[map[fields:map[attempts:5 current:1 fault:false generation:1 inspected:true phase:terminal proof:1 repair:0 repeats:2 reports:implementation,proof,review review:1 saved:5 status:REVIEWED_AND_PROVEN] name:Controller params:map[] ref:0 ref_string:Controller#0]] state:map[controller:role Controller#0] stats:map[counts:map[Controller#0.Corrupt:1 Controller#0.Inspect:1 Controller#0.Proof:1 Controller#0.Restart:1 Controller#0.Resume:2 Controller#0.Review:1 Controller#0.Start:1] totalActions:8] threads:[] witness:[[false false false false]]]
. Expected DISABLED
. Actual [str_value:"DISABLED"], len:1
    Action Link: Controller#0.Corrupt
    Found matching Source Link: src:100 dest:100 name:"Controller#0.Corrupt" weight:0.125 type:"action" 10:"\n\x14Controller#0.Corrupt\x12\n\"DISABLED\""
  End of Request 230, current nodeId: 100, node: map[channel_messages:map[] channels:map[] current:0 failedInvariants:<nil> name:yield returns:{"Controller#0.Corrupt":"DISABLED"} roles:[map[fields:map[attempts:5 current:1 fault:false generation:1 inspected:true phase:terminal proof:1 repair:0 repeats:2 reports:implementation,proof,review review:1 saved:5 status:REVIEWED_AND_PROVEN] name:Controller params:map[] ref:0 ref_string:Controller#0]] state:map[controller:role Controller#0] stats:map[counts:map[Controller#0.Corrupt:1 Controller#0.Inspect:1 Controller#0.Proof:1 Controller#0.Restart:1 Controller#0.Resume:2 Controller#0.Review:1 Controller#0.Start:1] totalActions:8] threads:[] witness:[[false false false false]]]
. Expected DISABLED
. Actual [str_value:"DISABLED"], len:1
    Action Link: Controller#0.Restart
    Found matching Source Link: src:100 dest:101 name:"Controller#0.Restart" weight:0.125 type:"action" 10:"\n\x14Controller#0.Restart\x12\n\"DISABLED\""
  End of Request 231, current nodeId: 101, node: map[channel_messages:map[] channels:map[] current:0 failedInvariants:<nil> name:yield returns:{"Controller#0.Restart":"DISABLED"} roles:[map[fields:map[attempts:5 current:1 fault:false generation:1 inspected:true phase:terminal proof:1 repair:0 repeats:2 reports:implementation,proof,review review:1 saved:5 status:REVIEWED_AND_PROVEN] name:Controller params:map[] ref:0 ref_string:Controller#0]] state:map[controller:role Controller#0] stats:map[counts:map[Controller#0.Inspect:1 Controller#0.Proof:1 Controller#0.Restart:2 Controller#0.Resume:2 Controller#0.Review:1 Controller#0.Start:1] totalActions:8] threads:[] witness:[[false false false false]]]
. Expected DISABLED
. Actual [str_value:"DISABLED"], len:1
    Action Link: Controller#0.Resume
    Found matching Source Link: src:101 dest:103 name:"Controller#0.Resume" weight:0.125 type:"action" 10:"\n\x13Controller#0.Resume\x12\n\"DISABLED\""
  End of Request 232, current nodeId: 103, node: map[channel_messages:map[] channels:map[] current:0 failedInvariants:<nil> name:yield returns:{"Controller#0.Resume":"DISABLED"} roles:[map[fields:map[attempts:5 current:1 fault:false generation:1 inspected:true phase:terminal proof:1 repair:0 repeats:2 reports:implementation,proof,review review:1 saved:5 status:REVIEWED_AND_PROVEN] name:Controller params:map[] ref:0 ref_string:Controller#0]] state:map[controller:role Controller#0] stats:map[counts:map[Controller#0.Inspect:1 Controller#0.Proof:1 Controller#0.Restart:1 Controller#0.Resume:3 Controller#0.Review:1 Controller#0.Start:1] totalActions:8] threads:[] witness:[[false false false false]]]
. Expected DISABLED
. Actual [str_value:"DISABLED"], len:1
    Action Link: Controller#0.Corrupt
    Found matching Source Link: src:103 dest:100 name:"Controller#0.Corrupt" weight:0.125 type:"action" 10:"\n\x14Controller#0.Corrupt\x12\n\"DISABLED\""
  End of Request 233, current nodeId: 100, node: map[channel_messages:map[] channels:map[] current:0 failedInvariants:<nil> name:yield returns:{"Controller#0.Corrupt":"DISABLED"} roles:[map[fields:map[attempts:5 current:1 fault:false generation:1 inspected:true phase:terminal proof:1 repair:0 repeats:2 reports:implementation,proof,review review:1 saved:5 status:REVIEWED_AND_PROVEN] name:Controller params:map[] ref:0 ref_string:Controller#0]] state:map[controller:role Controller#0] stats:map[counts:map[Controller#0.Corrupt:1 Controller#0.Inspect:1 Controller#0.Proof:1 Controller#0.Restart:1 Controller#0.Resume:2 Controller#0.Review:1 Controller#0.Start:1] totalActions:8] threads:[] witness:[[false false false false]]]
. Expected DISABLED
. Actual [str_value:"DISABLED"], len:1
    Action Link: Controller#0.Start
    Found matching Source Link: src:100 dest:97 name:"Controller#0.Start" weight:0.125 type:"action" 10:"\n\x12Controller#0.Start\x12\n\"DISABLED\""
  End of Request 234, current nodeId: 97, node: map[channel_messages:map[] channels:map[] current:0 failedInvariants:<nil> name:yield returns:{"Controller#0.Start":"DISABLED"} roles:[map[fields:map[attempts:5 current:1 fault:false generation:1 inspected:true phase:terminal proof:1 repair:0 repeats:2 reports:implementation,proof,review review:1 saved:5 status:REVIEWED_AND_PROVEN] name:Controller params:map[] ref:0 ref_string:Controller#0]] state:map[controller:role Controller#0] stats:map[counts:map[Controller#0.Inspect:1 Controller#0.Proof:1 Controller#0.Restart:1 Controller#0.Resume:2 Controller#0.Review:1 Controller#0.Start:2] totalActions:8] threads:[] witness:[[false false false false]]]
. Expected DISABLED
. Actual [str_value:"DISABLED"], len:1
    Action Link: Controller#0.Proof
    Found matching Source Link: src:97 dest:99 name:"Controller#0.Proof" weight:0.125 type:"action" 10:"\n\x12Controller#0.Proof\x12\n\"DISABLED\""
  End of Request 235, current nodeId: 99, node: map[channel_messages:map[] channels:map[] current:0 failedInvariants:<nil> name:yield returns:{"Controller#0.Proof":"DISABLED"} roles:[map[fields:map[attempts:5 current:1 fault:false generation:1 inspected:true phase:terminal proof:1 repair:0 repeats:2 reports:implementation,proof,review review:1 saved:5 status:REVIEWED_AND_PROVEN] name:Controller params:map[] ref:0 ref_string:Controller#0]] state:map[controller:role Controller#0] stats:map[counts:map[Controller#0.Inspect:1 Controller#0.Proof:2 Controller#0.Restart:1 Controller#0.Resume:2 Controller#0.Review:1 Controller#0.Start:1] totalActions:8] threads:[] witness:[[false false false false]]]
. Expected DISABLED
. Actual [str_value:"DISABLED"], len:1
    Action Link: Controller#0.Start
    Found matching Source Link: src:99 dest:97 name:"Controller#0.Start" weight:0.125 type:"action" 10:"\n\x12Controller#0.Start\x12\n\"DISABLED\""
  End of Request 236, current nodeId: 97, node: map[channel_messages:map[] channels:map[] current:0 failedInvariants:<nil> name:yield returns:{"Controller#0.Start":"DISABLED"} roles:[map[fields:map[attempts:5 current:1 fault:false generation:1 inspected:true phase:terminal proof:1 repair:0 repeats:2 reports:implementation,proof,review review:1 saved:5 status:REVIEWED_AND_PROVEN] name:Controller params:map[] ref:0 ref_string:Controller#0]] state:map[controller:role Controller#0] stats:map[counts:map[Controller#0.Inspect:1 Controller#0.Proof:1 Controller#0.Restart:1 Controller#0.Resume:2 Controller#0.Review:1 Controller#0.Start:2] totalActions:8] threads:[] witness:[[false false false false]]]
. Expected DISABLED
. Actual [str_value:"DISABLED"], len:1
    Action Link: Controller#0.Resume
    Found matching Source Link: src:97 dest:103 name:"Controller#0.Resume" weight:0.125 type:"action" 10:"\n\x13Controller#0.Resume\x12\n\"DISABLED\""
  End of Request 237, current nodeId: 103, node: map[channel_messages:map[] channels:map[] current:0 failedInvariants:<nil> name:yield returns:{"Controller#0.Resume":"DISABLED"} roles:[map[fields:map[attempts:5 current:1 fault:false generation:1 inspected:true phase:terminal proof:1 repair:0 repeats:2 reports:implementation,proof,review review:1 saved:5 status:REVIEWED_AND_PROVEN] name:Controller params:map[] ref:0 ref_string:Controller#0]] state:map[controller:role Controller#0] stats:map[counts:map[Controller#0.Inspect:1 Controller#0.Proof:1 Controller#0.Restart:1 Controller#0.Resume:3 Controller#0.Review:1 Controller#0.Start:1] totalActions:8] threads:[] witness:[[false false false false]]]
. Expected DISABLED
. Actual [str_value:"DISABLED"], len:1
    Action Link: Controller#0.Proof
    Found matching Source Link: src:103 dest:99 name:"Controller#0.Proof" weight:0.125 type:"action" 10:"\n\x12Controller#0.Proof\x12\n\"DISABLED\""
  End of Request 238, current nodeId: 99, node: map[channel_messages:map[] channels:map[] current:0 failedInvariants:<nil> name:yield returns:{"Controller#0.Proof":"DISABLED"} roles:[map[fields:map[attempts:5 current:1 fault:false generation:1 inspected:true phase:terminal proof:1 repair:0 repeats:2 reports:implementation,proof,review review:1 saved:5 status:REVIEWED_AND_PROVEN] name:Controller params:map[] ref:0 ref_string:Controller#0]] state:map[controller:role Controller#0] stats:map[counts:map[Controller#0.Inspect:1 Controller#0.Proof:2 Controller#0.Restart:1 Controller#0.Resume:2 Controller#0.Review:1 Controller#0.Start:1] totalActions:8] threads:[] witness:[[false false false false]]]
. Expected DISABLED
. Actual [str_value:"DISABLED"], len:1
    Action Link: Controller#0.Proof
    Found matching Source Link: src:99 dest:99 name:"Controller#0.Proof" weight:0.125 type:"action" 10:"\n\x12Controller#0.Proof\x12\n\"DISABLED\""
  End of Request 239, current nodeId: 99, node: map[channel_messages:map[] channels:map[] current:0 failedInvariants:<nil> name:yield returns:{"Controller#0.Proof":"DISABLED"} roles:[map[fields:map[attempts:5 current:1 fault:false generation:1 inspected:true phase:terminal proof:1 repair:0 repeats:2 reports:implementation,proof,review review:1 saved:5 status:REVIEWED_AND_PROVEN] name:Controller params:map[] ref:0 ref_string:Controller#0]] state:map[controller:role Controller#0] stats:map[counts:map[Controller#0.Inspect:1 Controller#0.Proof:2 Controller#0.Restart:1 Controller#0.Resume:2 Controller#0.Review:1 Controller#0.Start:1] totalActions:8] threads:[] witness:[[false false false false]]]
. Expected DISABLED
. Actual [str_value:"DISABLED"], len:1
    Action Link: Controller#0.Restart
    Found matching Source Link: src:99 dest:101 name:"Controller#0.Restart" weight:0.125 type:"action" 10:"\n\x14Controller#0.Restart\x12\n\"DISABLED\""
  End of Request 240, current nodeId: 101, node: map[channel_messages:map[] channels:map[] current:0 failedInvariants:<nil> name:yield returns:{"Controller#0.Restart":"DISABLED"} roles:[map[fields:map[attempts:5 current:1 fault:false generation:1 inspected:true phase:terminal proof:1 repair:0 repeats:2 reports:implementation,proof,review review:1 saved:5 status:REVIEWED_AND_PROVEN] name:Controller params:map[] ref:0 ref_string:Controller#0]] state:map[controller:role Controller#0] stats:map[counts:map[Controller#0.Inspect:1 Controller#0.Proof:1 Controller#0.Restart:2 Controller#0.Resume:2 Controller#0.Review:1 Controller#0.Start:1] totalActions:8] threads:[] witness:[[false false false false]]]
. Expected DISABLED
. Actual [str_value:"DISABLED"], len:1
    Action Link: Controller#0.Inspect
    Found matching Source Link: src:101 dest:102 name:"Controller#0.Inspect" weight:0.125 type:"action" 10:"\n\x14Controller#0.Inspect\x12\n\"DISABLED\""
  End of Request 241, current nodeId: 102, node: map[channel_messages:map[] channels:map[] current:0 failedInvariants:<nil> name:yield returns:{"Controller#0.Inspect":"DISABLED"} roles:[map[fields:map[attempts:5 current:1 fault:false generation:1 inspected:true phase:terminal proof:1 repair:0 repeats:2 reports:implementation,proof,review review:1 saved:5 status:REVIEWED_AND_PROVEN] name:Controller params:map[] ref:0 ref_string:Controller#0]] state:map[controller:role Controller#0] stats:map[counts:map[Controller#0.Inspect:2 Controller#0.Proof:1 Controller#0.Restart:1 Controller#0.Resume:2 Controller#0.Review:1 Controller#0.Start:1] totalActions:8] threads:[] witness:[[false false false false]]]
. Expected DISABLED
. Actual [str_value:"DISABLED"], len:1
    Action Link: Controller#0.Review
    Found matching Source Link: src:102 dest:98 name:"Controller#0.Review" weight:0.125 type:"action" 10:"\n\x13Controller#0.Review\x12\n\"DISABLED\""
  End of Request 242, current nodeId: 98, node: map[channel_messages:map[] channels:map[] current:0 failedInvariants:<nil> name:yield returns:{"Controller#0.Review":"DISABLED"} roles:[map[fields:map[attempts:5 current:1 fault:false generation:1 inspected:true phase:terminal proof:1 repair:0 repeats:2 reports:implementation,proof,review review:1 saved:5 status:REVIEWED_AND_PROVEN] name:Controller params:map[] ref:0 ref_string:Controller#0]] state:map[controller:role Controller#0] stats:map[counts:map[Controller#0.Inspect:1 Controller#0.Proof:1 Controller#0.Restart:1 Controller#0.Resume:2 Controller#0.Review:2 Controller#0.Start:1] totalActions:8] threads:[] witness:[[false false false false]]]
. Expected DISABLED
. Actual [str_value:"DISABLED"], len:1
    Action Link: Controller#0.Overlap
    Found matching Source Link: src:98 dest:104 name:"Controller#0.Overlap" weight:0.125 type:"action" 10:"\n\x14Controller#0.Overlap\x12\n\"DISABLED\""
  End of Request 243, current nodeId: 104, node: map[channel_messages:map[] channels:map[] current:0 failedInvariants:<nil> name:yield returns:{"Controller#0.Overlap":"DISABLED"} roles:[map[fields:map[attempts:5 current:1 fault:false generation:1 inspected:true phase:terminal proof:1 repair:0 repeats:2 reports:implementation,proof,review review:1 saved:5 status:REVIEWED_AND_PROVEN] name:Controller params:map[] ref:0 ref_string:Controller#0]] state:map[controller:role Controller#0] stats:map[counts:map[Controller#0.Inspect:1 Controller#0.Overlap:1 Controller#0.Proof:1 Controller#0.Restart:1 Controller#0.Resume:2 Controller#0.Review:1 Controller#0.Start:1] totalActions:8] threads:[] witness:[[false false false false]]]
. Expected DISABLED
. Actual [str_value:"DISABLED"], len:1
    Action Link: Controller#0.Proof
    Found matching Source Link: src:104 dest:99 name:"Controller#0.Proof" weight:0.125 type:"action" 10:"\n\x12Controller#0.Proof\x12\n\"DISABLED\""
  End of Request 244, current nodeId: 99, node: map[channel_messages:map[] channels:map[] current:0 failedInvariants:<nil> name:yield returns:{"Controller#0.Proof":"DISABLED"} roles:[map[fields:map[attempts:5 current:1 fault:false generation:1 inspected:true phase:terminal proof:1 repair:0 repeats:2 reports:implementation,proof,review review:1 saved:5 status:REVIEWED_AND_PROVEN] name:Controller params:map[] ref:0 ref_string:Controller#0]] state:map[controller:role Controller#0] stats:map[counts:map[Controller#0.Inspect:1 Controller#0.Proof:2 Controller#0.Restart:1 Controller#0.Resume:2 Controller#0.Review:1 Controller#0.Start:1] totalActions:8] threads:[] witness:[[false false false false]]]
. Expected DISABLED
. Actual [str_value:"DISABLED"], len:1
    Action Link: Controller#0.Overlap
    Found matching Source Link: src:99 dest:104 name:"Controller#0.Overlap" weight:0.125 type:"action" 10:"\n\x14Controller#0.Overlap\x12\n\"DISABLED\""
  End of Request 245, current nodeId: 104, node: map[channel_messages:map[] channels:map[] current:0 failedInvariants:<nil> name:yield returns:{"Controller#0.Overlap":"DISABLED"} roles:[map[fields:map[attempts:5 current:1 fault:false generation:1 inspected:true phase:terminal proof:1 repair:0 repeats:2 reports:implementation,proof,review review:1 saved:5 status:REVIEWED_AND_PROVEN] name:Controller params:map[] ref:0 ref_string:Controller#0]] state:map[controller:role Controller#0] stats:map[counts:map[Controller#0.Inspect:1 Controller#0.Overlap:1 Controller#0.Proof:1 Controller#0.Restart:1 Controller#0.Resume:2 Controller#0.Review:1 Controller#0.Start:1] totalActions:8] threads:[] witness:[[false false false false]]]
. Expected DISABLED
. Actual [str_value:"DISABLED"], len:1
    Action Link: Controller#0.Review
    Found matching Source Link: src:104 dest:98 name:"Controller#0.Review" weight:0.125 type:"action" 10:"\n\x13Controller#0.Review\x12\n\"DISABLED\""
  End of Request 246, current nodeId: 98, node: map[channel_messages:map[] channels:map[] current:0 failedInvariants:<nil> name:yield returns:{"Controller#0.Review":"DISABLED"} roles:[map[fields:map[attempts:5 current:1 fault:false generation:1 inspected:true phase:terminal proof:1 repair:0 repeats:2 reports:implementation,proof,review review:1 saved:5 status:REVIEWED_AND_PROVEN] name:Controller params:map[] ref:0 ref_string:Controller#0]] state:map[controller:role Controller#0] stats:map[counts:map[Controller#0.Inspect:1 Controller#0.Proof:1 Controller#0.Restart:1 Controller#0.Resume:2 Controller#0.Review:2 Controller#0.Start:1] totalActions:8] threads:[] witness:[[false false false false]]]
. Expected DISABLED
. Actual [str_value:"DISABLED"], len:1
    Action Link: Controller#0.Restart
    Found matching Source Link: src:98 dest:101 name:"Controller#0.Restart" weight:0.125 type:"action" 10:"\n\x14Controller#0.Restart\x12\n\"DISABLED\""
  End of Request 247, current nodeId: 101, node: map[channel_messages:map[] channels:map[] current:0 failedInvariants:<nil> name:yield returns:{"Controller#0.Restart":"DISABLED"} roles:[map[fields:map[attempts:5 current:1 fault:false generation:1 inspected:true phase:terminal proof:1 repair:0 repeats:2 reports:implementation,proof,review review:1 saved:5 status:REVIEWED_AND_PROVEN] name:Controller params:map[] ref:0 ref_string:Controller#0]] state:map[controller:role Controller#0] stats:map[counts:map[Controller#0.Inspect:1 Controller#0.Proof:1 Controller#0.Restart:2 Controller#0.Resume:2 Controller#0.Review:1 Controller#0.Start:1] totalActions:8] threads:[] witness:[[false false false false]]]
. Expected DISABLED
. Actual [str_value:"DISABLED"], len:1
    Action Link: Controller#0.Proof
    Found matching Source Link: src:101 dest:99 name:"Controller#0.Proof" weight:0.125 type:"action" 10:"\n\x12Controller#0.Proof\x12\n\"DISABLED\""
  End of Request 248, current nodeId: 99, node: map[channel_messages:map[] channels:map[] current:0 failedInvariants:<nil> name:yield returns:{"Controller#0.Proof":"DISABLED"} roles:[map[fields:map[attempts:5 current:1 fault:false generation:1 inspected:true phase:terminal proof:1 repair:0 repeats:2 reports:implementation,proof,review review:1 saved:5 status:REVIEWED_AND_PROVEN] name:Controller params:map[] ref:0 ref_string:Controller#0]] state:map[controller:role Controller#0] stats:map[counts:map[Controller#0.Inspect:1 Controller#0.Proof:2 Controller#0.Restart:1 Controller#0.Resume:2 Controller#0.Review:1 Controller#0.Start:1] totalActions:8] threads:[] witness:[[false false false false]]]
. Expected DISABLED
. Actual [str_value:"DISABLED"], len:1
    Action Link: Controller#0.Corrupt
    Found matching Source Link: src:99 dest:100 name:"Controller#0.Corrupt" weight:0.125 type:"action" 10:"\n\x14Controller#0.Corrupt\x12\n\"DISABLED\""
  End of Request 249, current nodeId: 100, node: map[channel_messages:map[] channels:map[] current:0 failedInvariants:<nil> name:yield returns:{"Controller#0.Corrupt":"DISABLED"} roles:[map[fields:map[attempts:5 current:1 fault:false generation:1 inspected:true phase:terminal proof:1 repair:0 repeats:2 reports:implementation,proof,review review:1 saved:5 status:REVIEWED_AND_PROVEN] name:Controller params:map[] ref:0 ref_string:Controller#0]] state:map[controller:role Controller#0] stats:map[counts:map[Controller#0.Corrupt:1 Controller#0.Inspect:1 Controller#0.Proof:1 Controller#0.Restart:1 Controller#0.Resume:2 Controller#0.Review:1 Controller#0.Start:1] totalActions:8] threads:[] witness:[[false false false false]]]
. Expected DISABLED
. Actual [str_value:"DISABLED"], len:1
    Action Link: Controller#0.Start
    Found matching Source Link: src:100 dest:97 name:"Controller#0.Start" weight:0.125 type:"action" 10:"\n\x12Controller#0.Start\x12\n\"DISABLED\""
  End of Request 250, current nodeId: 97, node: map[channel_messages:map[] channels:map[] current:0 failedInvariants:<nil> name:yield returns:{"Controller#0.Start":"DISABLED"} roles:[map[fields:map[attempts:5 current:1 fault:false generation:1 inspected:true phase:terminal proof:1 repair:0 repeats:2 reports:implementation,proof,review review:1 saved:5 status:REVIEWED_AND_PROVEN] name:Controller params:map[] ref:0 ref_string:Controller#0]] state:map[controller:role Controller#0] stats:map[counts:map[Controller#0.Inspect:1 Controller#0.Proof:1 Controller#0.Restart:1 Controller#0.Resume:2 Controller#0.Review:1 Controller#0.Start:2] totalActions:8] threads:[] witness:[[false false false false]]]
. Expected DISABLED
. Actual [str_value:"DISABLED"], len:1
    Action Link: Controller#0.Corrupt
    Found matching Source Link: src:97 dest:100 name:"Controller#0.Corrupt" weight:0.125 type:"action" 10:"\n\x14Controller#0.Corrupt\x12\n\"DISABLED\""
  End of Request 251, current nodeId: 100, node: map[channel_messages:map[] channels:map[] current:0 failedInvariants:<nil> name:yield returns:{"Controller#0.Corrupt":"DISABLED"} roles:[map[fields:map[attempts:5 current:1 fault:false generation:1 inspected:true phase:terminal proof:1 repair:0 repeats:2 reports:implementation,proof,review review:1 saved:5 status:REVIEWED_AND_PROVEN] name:Controller params:map[] ref:0 ref_string:Controller#0]] state:map[controller:role Controller#0] stats:map[counts:map[Controller#0.Corrupt:1 Controller#0.Inspect:1 Controller#0.Proof:1 Controller#0.Restart:1 Controller#0.Resume:2 Controller#0.Review:1 Controller#0.Start:1] totalActions:8] threads:[] witness:[[false false false false]]]
. Expected DISABLED
. Actual [str_value:"DISABLED"], len:1
    Action Link: Controller#0.Overlap
    Found matching Source Link: src:100 dest:104 name:"Controller#0.Overlap" weight:0.125 type:"action" 10:"\n\x14Controller#0.Overlap\x12\n\"DISABLED\""
  End of Request 252, current nodeId: 104, node: map[channel_messages:map[] channels:map[] current:0 failedInvariants:<nil> name:yield returns:{"Controller#0.Overlap":"DISABLED"} roles:[map[fields:map[attempts:5 current:1 fault:false generation:1 inspected:true phase:terminal proof:1 repair:0 repeats:2 reports:implementation,proof,review review:1 saved:5 status:REVIEWED_AND_PROVEN] name:Controller params:map[] ref:0 ref_string:Controller#0]] state:map[controller:role Controller#0] stats:map[counts:map[Controller#0.Inspect:1 Controller#0.Overlap:1 Controller#0.Proof:1 Controller#0.Restart:1 Controller#0.Resume:2 Controller#0.Review:1 Controller#0.Start:1] totalActions:8] threads:[] witness:[[false false false false]]]
. Expected DISABLED
. Actual [str_value:"DISABLED"], len:1
    Action Link: Controller#0.Start
    Found matching Source Link: src:104 dest:97 name:"Controller#0.Start" weight:0.125 type:"action" 10:"\n\x12Controller#0.Start\x12\n\"DISABLED\""
  End of Request 253, current nodeId: 97, node: map[channel_messages:map[] channels:map[] current:0 failedInvariants:<nil> name:yield returns:{"Controller#0.Start":"DISABLED"} roles:[map[fields:map[attempts:5 current:1 fault:false generation:1 inspected:true phase:terminal proof:1 repair:0 repeats:2 reports:implementation,proof,review review:1 saved:5 status:REVIEWED_AND_PROVEN] name:Controller params:map[] ref:0 ref_string:Controller#0]] state:map[controller:role Controller#0] stats:map[counts:map[Controller#0.Inspect:1 Controller#0.Proof:1 Controller#0.Restart:1 Controller#0.Resume:2 Controller#0.Review:1 Controller#0.Start:2] totalActions:8] threads:[] witness:[[false false false false]]]
. Expected DISABLED
. Actual [str_value:"DISABLED"], len:1
    Action Link: Controller#0.Inspect
    Found matching Source Link: src:97 dest:102 name:"Controller#0.Inspect" weight:0.125 type:"action" 10:"\n\x14Controller#0.Inspect\x12\n\"DISABLED\""
  End of Request 254, current nodeId: 102, node: map[channel_messages:map[] channels:map[] current:0 failedInvariants:<nil> name:yield returns:{"Controller#0.Inspect":"DISABLED"} roles:[map[fields:map[attempts:5 current:1 fault:false generation:1 inspected:true phase:terminal proof:1 repair:0 repeats:2 reports:implementation,proof,review review:1 saved:5 status:REVIEWED_AND_PROVEN] name:Controller params:map[] ref:0 ref_string:Controller#0]] state:map[controller:role Controller#0] stats:map[counts:map[Controller#0.Inspect:2 Controller#0.Proof:1 Controller#0.Restart:1 Controller#0.Resume:2 Controller#0.Review:1 Controller#0.Start:1] totalActions:8] threads:[] witness:[[false false false false]]]
. Expected DISABLED
. Actual [str_value:"DISABLED"], len:1
    Action Link: Controller#0.Corrupt
    Found matching Source Link: src:102 dest:100 name:"Controller#0.Corrupt" weight:0.125 type:"action" 10:"\n\x14Controller#0.Corrupt\x12\n\"DISABLED\""
  End of Request 255, current nodeId: 100, node: map[channel_messages:map[] channels:map[] current:0 failedInvariants:<nil> name:yield returns:{"Controller#0.Corrupt":"DISABLED"} roles:[map[fields:map[attempts:5 current:1 fault:false generation:1 inspected:true phase:terminal proof:1 repair:0 repeats:2 reports:implementation,proof,review review:1 saved:5 status:REVIEWED_AND_PROVEN] name:Controller params:map[] ref:0 ref_string:Controller#0]] state:map[controller:role Controller#0] stats:map[counts:map[Controller#0.Corrupt:1 Controller#0.Inspect:1 Controller#0.Proof:1 Controller#0.Restart:1 Controller#0.Resume:2 Controller#0.Review:1 Controller#0.Start:1] totalActions:8] threads:[] witness:[[false false false false]]]
. Expected DISABLED
. Actual [str_value:"DISABLED"], len:1
