2026/09/26 17:15:29 Loaded 121 nodes and 968 links
2026/09/26 17:15:29 State Space Options: options:{max_actions:256 max_concurrent_actions:1 crash_on_yield:true} deadlock_detection:false
Generated 8 unique operations
Generated 8 operation groups
Group: Controller#0.Review
  Op: role:{role_name:"Controller"} action_name:"Review", MaxYields: 0
Group: Controller#0.Proof
  Op: role:{role_name:"Controller"} action_name:"Proof", MaxYields: 0
Group: Controller#0.Corrupt
  Op: role:{role_name:"Controller"} action_name:"Corrupt", MaxYields: 0
Group: Controller#0.Restart
  Op: role:{role_name:"Controller"} action_name:"Restart", MaxYields: 0
Group: Controller#0.Inspect
  Op: role:{role_name:"Controller"} action_name:"Inspect", MaxYields: 0
Group: Controller#0.Resume
  Op: role:{role_name:"Controller"} action_name:"Resume", MaxYields: 0
Group: Controller#0.Overlap
  Op: role:{role_name:"Controller"} action_name:"Overlap", MaxYields: 0
Group: Controller#0.Start
  Op: role:{role_name:"Controller"} action_name:"Start", MaxYields: 0
2026/09/26 17:15:29 FizzMo server listening on :50051
2026/09/26 17:15:29 Received StartTestRun request: 
Received ValidateTrace request: demo-run-id
  Request 0: role:{role_name:"Controller"} action_name:"Inspect"
  Response 0: return_values:{str_value:"DISABLED"} exec_time:{start_unix_nano:203317875 end_unix_nano:203384417} status:{code:STATUS_OK message:"OK"} roles:{role_name:"Controller"}
  Request 1: role:{role_name:"Controller"} action_name:"Restart"
  Response 1: return_values:{str_value:"DISABLED"} exec_time:{start_unix_nano:204305125 end_unix_nano:204361334} status:{code:STATUS_OK message:"OK"} roles:{role_name:"Controller"}
  Request 2: role:{role_name:"Controller"} action_name:"Start"
  Response 2: return_values:{str_value:"77|RUNNING|3|3|implementation|0|1|0|0|1"} exec_time:{start_unix_nano:204847500 end_unix_nano:3268117125} status:{code:STATUS_OK message:"OK"} roles:{role_name:"Controller"}
  Request 3: role:{role_name:"Controller"} action_name:"Resume"
  Response 3: return_values:{str_value:"DISABLED"} exec_time:{start_unix_nano:3269204625 end_unix_nano:3269261625} status:{code:STATUS_OK message:"OK"} roles:{role_name:"Controller"}
  Request 4: role:{role_name:"Controller"} action_name:"Corrupt"
  Response 4: return_values:{str_value:"DISABLED"} exec_time:{start_unix_nano:3269743625 end_unix_nano:3269792375} status:{code:STATUS_OK message:"OK"} roles:{role_name:"Controller"}
  Request 5: role:{role_name:"Controller"} action_name:"Inspect"
  Response 5: return_values:{str_value:"1|RUNNING|3|3|implementation|0|1|0|0|1"} exec_time:{start_unix_nano:3270172084 end_unix_nano:3742559625} status:{code:STATUS_OK message:"OK"} roles:{role_name:"Controller"}
  Request 6: role:{role_name:"Controller"} action_name:"Start"
  Response 6: return_values:{str_value:"DISABLED"} exec_time:{start_unix_nano:3743297042 end_unix_nano:3743309959} status:{code:STATUS_OK message:"OK"} roles:{role_name:"Controller"}
  Request 7: role:{role_name:"Controller"} action_name:"Restart"
  Response 7: return_values:{str_value:"DISABLED"} exec_time:{start_unix_nano:3743949125 end_unix_nano:3743969250} status:{code:STATUS_OK message:"OK"} roles:{role_name:"Controller"}
  Request 8: role:{role_name:"Controller"} action_name:"Restart"
  Response 8: return_values:{str_value:"DISABLED"} exec_time:{start_unix_nano:3744479334 end_unix_nano:3744492375} status:{code:STATUS_OK message:"OK"} roles:{role_name:"Controller"}
  Request 9: role:{role_name:"Controller"} action_name:"Start"
  Response 9: return_values:{str_value:"DISABLED"} exec_time:{start_unix_nano:3744907625 end_unix_nano:3744919000} status:{code:STATUS_OK message:"OK"} roles:{role_name:"Controller"}
  Request 10: role:{role_name:"Controller"} action_name:"Overlap"
  Response 10: return_values:{str_value:"DISABLED"} exec_time:{start_unix_nano:3745261167 end_unix_nano:3745333125} status:{code:STATUS_OK message:"OK"} roles:{role_name:"Controller"}
  Request 11: role:{role_name:"Controller"} action_name:"Restart"
  Response 11: return_values:{str_value:"DISABLED"} exec_time:{start_unix_nano:3745598500 end_unix_nano:3745604542} status:{code:STATUS_OK message:"OK"} roles:{role_name:"Controller"}
  Request 12: role:{role_name:"Controller"} action_name:"Corrupt"
  Response 12: return_values:{str_value:"DISABLED"} exec_time:{start_unix_nano:3745861084 end_unix_nano:3745867375} status:{code:STATUS_OK message:"OK"} roles:{role_name:"Controller"}
  Request 13: role:{role_name:"Controller"} action_name:"Overlap"
  Response 13: return_values:{str_value:"DISABLED"} exec_time:{start_unix_nano:3746096709 end_unix_nano:3746101667} status:{code:STATUS_OK message:"OK"} roles:{role_name:"Controller"}
  Request 14: role:{role_name:"Controller"} action_name:"Proof"
  Response 14: return_values:{str_value:"DISABLED"} exec_time:{start_unix_nano:3746314000 end_unix_nano:3746351250} status:{code:STATUS_OK message:"OK"} roles:{role_name:"Controller"}
  Request 15: role:{role_name:"Controller"} action_name:"Review"
  Response 15: return_values:{str_value:"77|RUNNING|4|4|implementation,review|0|1|1|0|1"} exec_time:{start_unix_nano:3746643209 end_unix_nano:5418380834} status:{code:STATUS_OK message:"OK"} roles:{role_name:"Controller"}
  Request 16: role:{role_name:"Controller"} action_name:"Proof"
  Response 16: return_values:{str_value:"77|RUNNING|5|4|implementation,review|0|1|1|0|1"} exec_time:{start_unix_nano:5419051709 end_unix_nano:6377491209} status:{code:STATUS_OK message:"OK"} roles:{role_name:"Controller"}
  Request 17: role:{role_name:"Controller"} action_name:"Resume"
  Response 17: return_values:{str_value:"DISABLED"} exec_time:{start_unix_nano:6378214250 end_unix_nano:6378225792} status:{code:STATUS_OK message:"OK"} roles:{role_name:"Controller"}
  Request 18: role:{role_name:"Controller"} action_name:"Review"
  Response 18: return_values:{str_value:"DISABLED"} exec_time:{start_unix_nano:6378500750 end_unix_nano:6378509334} status:{code:STATUS_OK message:"OK"} roles:{role_name:"Controller"}
  Request 19: role:{role_name:"Controller"} action_name:"Restart"
  Response 19: return_values:{str_value:"DISABLED"} exec_time:{start_unix_nano:6378726000 end_unix_nano:6378732459} status:{code:STATUS_OK message:"OK"} roles:{role_name:"Controller"}
  Request 20: role:{role_name:"Controller"} action_name:"Proof"
  Response 20: return_values:{str_value:"DISABLED"} exec_time:{start_unix_nano:6378996375 end_unix_nano:6379003959} status:{code:STATUS_OK message:"OK"} roles:{role_name:"Controller"}
  Request 21: role:{role_name:"Controller"} action_name:"Corrupt"
  Response 21: return_values:{str_value:"0|RUNNING|5|4|implementation,review|0|1|1|0|1"} exec_time:{start_unix_nano:6379288459 end_unix_nano:6501360334} status:{code:STATUS_OK message:"OK"} roles:{role_name:"Controller"}
  Request 22: role:{role_name:"Controller"} action_name:"Corrupt"
  Response 22: return_values:{str_value:"DISABLED"} exec_time:{start_unix_nano:6501899875 end_unix_nano:6501911584} status:{code:STATUS_OK message:"OK"} roles:{role_name:"Controller"}
  Request 23: role:{role_name:"Controller"} action_name:"Overlap"
  Response 23: return_values:{str_value:"DISABLED"} exec_time:{start_unix_nano:6502236500 end_unix_nano:6502250834} status:{code:STATUS_OK message:"OK"} roles:{role_name:"Controller"}
  Request 24: role:{role_name:"Controller"} action_name:"Resume"
  Response 24: return_values:{str_value:"DISABLED"} exec_time:{start_unix_nano:6502509250 end_unix_nano:6502514459} status:{code:STATUS_OK message:"OK"} roles:{role_name:"Controller"}
  Request 25: role:{role_name:"Controller"} action_name:"Overlap"
  Response 25: return_values:{str_value:"DISABLED"} exec_time:{start_unix_nano:6502747417 end_unix_nano:6502752000} status:{code:STATUS_OK message:"OK"} roles:{role_name:"Controller"}
  Request 26: role:{role_name:"Controller"} action_name:"Resume"
  Response 26: return_values:{str_value:"DISABLED"} exec_time:{start_unix_nano:6502945667 end_unix_nano:6502949750} status:{code:STATUS_OK message:"OK"} roles:{role_name:"Controller"}
  Request 27: role:{role_name:"Controller"} action_name:"Corrupt"
  Response 27: return_values:{str_value:"DISABLED"} exec_time:{start_unix_nano:6503136584 end_unix_nano:6503140834} status:{code:STATUS_OK message:"OK"} roles:{role_name:"Controller"}
  Request 28: role:{role_name:"Controller"} action_name:"Overlap"
  Response 28: return_values:{str_value:"DISABLED"} exec_time:{start_unix_nano:6503315792 end_unix_nano:6503319959} status:{code:STATUS_OK message:"OK"} roles:{role_name:"Controller"}
  Request 29: role:{role_name:"Controller"} action_name:"Overlap"
  Response 29: return_values:{str_value:"DISABLED"} exec_time:{start_unix_nano:6503504417 end_unix_nano:6503509792} status:{code:STATUS_OK message:"OK"} roles:{role_name:"Controller"}
  Request 30: role:{role_name:"Controller"} action_name:"Corrupt"
  Response 30: return_values:{str_value:"DISABLED"} exec_time:{start_unix_nano:6503681792 end_unix_nano:6503685875} status:{code:STATUS_OK message:"OK"} roles:{role_name:"Controller"}
  Request 31: role:{role_name:"Controller"} action_name:"Proof"
  Response 31: return_values:{str_value:"DISABLED"} exec_time:{start_unix_nano:6503948084 end_unix_nano:6503955500} status:{code:STATUS_OK message:"OK"} roles:{role_name:"Controller"}
  Request 32: role:{role_name:"Controller"} action_name:"Start"
  Response 32: return_values:{str_value:"DISABLED"} exec_time:{start_unix_nano:6504299709 end_unix_nano:6504307334} status:{code:STATUS_OK message:"OK"} roles:{role_name:"Controller"}
  Request 33: role:{role_name:"Controller"} action_name:"Corrupt"
  Response 33: return_values:{str_value:"DISABLED"} exec_time:{start_unix_nano:6504600500 end_unix_nano:6504606000} status:{code:STATUS_OK message:"OK"} roles:{role_name:"Controller"}
  Request 34: role:{role_name:"Controller"} action_name:"Restart"
  Response 34: return_values:{str_value:"1|BLOCKED|5|4|implementation,review|0|1|1|0|1"} exec_time:{start_unix_nano:6504845209 end_unix_nano:6886278584} status:{code:STATUS_OK message:"OK"} roles:{role_name:"Controller"}
  Request 35: role:{role_name:"Controller"} action_name:"Review"
  Response 35: return_values:{str_value:"DISABLED"} exec_time:{start_unix_nano:6886867500 end_unix_nano:6886882375} status:{code:STATUS_OK message:"OK"} roles:{role_name:"Controller"}
  Request 36: role:{role_name:"Controller"} action_name:"Review"
  Response 36: return_values:{str_value:"DISABLED"} exec_time:{start_unix_nano:6887629542 end_unix_nano:6887637167} status:{code:STATUS_OK message:"OK"} roles:{role_name:"Controller"}
  Request 37: role:{role_name:"Controller"} action_name:"Corrupt"
  Response 37: return_values:{str_value:"DISABLED"} exec_time:{start_unix_nano:6887990667 end_unix_nano:6887997417} status:{code:STATUS_OK message:"OK"} roles:{role_name:"Controller"}
  Request 38: role:{role_name:"Controller"} action_name:"Resume"
  Response 38: return_values:{str_value:"1|BLOCKED|5|4|implementation,review|0|1|1|0|1"} exec_time:{start_unix_nano:6888280584 end_unix_nano:7240620625} status:{code:STATUS_OK message:"OK"} roles:{role_name:"Controller"}
  Request 39: role:{role_name:"Controller"} action_name:"Start"
  Response 39: return_values:{str_value:"DISABLED"} exec_time:{start_unix_nano:7241276625 end_unix_nano:7241287042} status:{code:STATUS_OK message:"OK"} roles:{role_name:"Controller"}
  Request 40: role:{role_name:"Controller"} action_name:"Start"
  Response 40: return_values:{str_value:"DISABLED"} exec_time:{start_unix_nano:7241669584 end_unix_nano:7241679042} status:{code:STATUS_OK message:"OK"} roles:{role_name:"Controller"}
  Request 41: role:{role_name:"Controller"} action_name:"Resume"
  Response 41: return_values:{str_value:"1|BLOCKED|5|4|implementation,review|0|1|1|0|1"} exec_time:{start_unix_nano:7241990250 end_unix_nano:7598640917} status:{code:STATUS_OK message:"OK"} roles:{role_name:"Controller"}
  Request 42: role:{role_name:"Controller"} action_name:"Overlap"
  Response 42: return_values:{str_value:"DISABLED"} exec_time:{start_unix_nano:7599482709 end_unix_nano:7599505500} status:{code:STATUS_OK message:"OK"} roles:{role_name:"Controller"}
  Request 43: role:{role_name:"Controller"} action_name:"Start"
  Response 43: return_values:{str_value:"DISABLED"} exec_time:{start_unix_nano:7599816917 end_unix_nano:7599827167} status:{code:STATUS_OK message:"OK"} roles:{role_name:"Controller"}
  Request 44: role:{role_name:"Controller"} action_name:"Proof"
  Response 44: return_values:{str_value:"DISABLED"} exec_time:{start_unix_nano:7600072500 end_unix_nano:7600084834} status:{code:STATUS_OK message:"OK"} roles:{role_name:"Controller"}
  Request 45: role:{role_name:"Controller"} action_name:"Review"
  Response 45: return_values:{str_value:"DISABLED"} exec_time:{start_unix_nano:7600351959 end_unix_nano:7600358292} status:{code:STATUS_OK message:"OK"} roles:{role_name:"Controller"}
  Request 46: role:{role_name:"Controller"} action_name:"Start"
  Response 46: return_values:{str_value:"DISABLED"} exec_time:{start_unix_nano:7600639584 end_unix_nano:7600645417} status:{code:STATUS_OK message:"OK"} roles:{role_name:"Controller"}
  Request 47: role:{role_name:"Controller"} action_name:"Start"
  Response 47: return_values:{str_value:"DISABLED"} exec_time:{start_unix_nano:7600857834 end_unix_nano:7600863334} status:{code:STATUS_OK message:"OK"} roles:{role_name:"Controller"}
  Request 48: role:{role_name:"Controller"} action_name:"Restart"
  Response 48: return_values:{str_value:"DISABLED"} exec_time:{start_unix_nano:7601045167 end_unix_nano:7601051375} status:{code:STATUS_OK message:"OK"} roles:{role_name:"Controller"}
  Request 49: role:{role_name:"Controller"} action_name:"Corrupt"
  Response 49: return_values:{str_value:"DISABLED"} exec_time:{start_unix_nano:7601265084 end_unix_nano:7601270084} status:{code:STATUS_OK message:"OK"} roles:{role_name:"Controller"}
  Request 50: role:{role_name:"Controller"} action_name:"Review"
  Response 50: return_values:{str_value:"DISABLED"} exec_time:{start_unix_nano:7601523459 end_unix_nano:7601529084} status:{code:STATUS_OK message:"OK"} roles:{role_name:"Controller"}
  Request 51: role:{role_name:"Controller"} action_name:"Corrupt"
  Response 51: return_values:{str_value:"DISABLED"} exec_time:{start_unix_nano:7601778792 end_unix_nano:7601785375} status:{code:STATUS_OK message:"OK"} roles:{role_name:"Controller"}
  Request 52: role:{role_name:"Controller"} action_name:"Review"
  Response 52: return_values:{str_value:"DISABLED"} exec_time:{start_unix_nano:7601996500 end_unix_nano:7602001625} status:{code:STATUS_OK message:"OK"} roles:{role_name:"Controller"}
  Request 53: role:{role_name:"Controller"} action_name:"Review"
  Response 53: return_values:{str_value:"DISABLED"} exec_time:{start_unix_nano:7602193625 end_unix_nano:7602198209} status:{code:STATUS_OK message:"OK"} roles:{role_name:"Controller"}
  Request 54: role:{role_name:"Controller"} action_name:"Corrupt"
  Response 54: return_values:{str_value:"DISABLED"} exec_time:{start_unix_nano:7602379000 end_unix_nano:7602383834} status:{code:STATUS_OK message:"OK"} roles:{role_name:"Controller"}
  Request 55: role:{role_name:"Controller"} action_name:"Corrupt"
  Response 55: return_values:{str_value:"DISABLED"} exec_time:{start_unix_nano:7602540750 end_unix_nano:7602545959} status:{code:STATUS_OK message:"OK"} roles:{role_name:"Controller"}
  Request 56: role:{role_name:"Controller"} action_name:"Start"
  Response 56: return_values:{str_value:"DISABLED"} exec_time:{start_unix_nano:7602760792 end_unix_nano:7602765292} status:{code:STATUS_OK message:"OK"} roles:{role_name:"Controller"}
  Request 57: role:{role_name:"Controller"} action_name:"Proof"
  Response 57: return_values:{str_value:"DISABLED"} exec_time:{start_unix_nano:7602978334 end_unix_nano:7602982584} status:{code:STATUS_OK message:"OK"} roles:{role_name:"Controller"}
  Request 58: role:{role_name:"Controller"} action_name:"Inspect"
  Response 58: return_values:{str_value:"DISABLED"} exec_time:{start_unix_nano:7603170959 end_unix_nano:7603177167} status:{code:STATUS_OK message:"OK"} roles:{role_name:"Controller"}
  Request 59: role:{role_name:"Controller"} action_name:"Inspect"
  Response 59: return_values:{str_value:"DISABLED"} exec_time:{start_unix_nano:7603373459 end_unix_nano:7603378000} status:{code:STATUS_OK message:"OK"} roles:{role_name:"Controller"}
  Request 60: role:{role_name:"Controller"} action_name:"Inspect"
  Response 60: return_values:{str_value:"DISABLED"} exec_time:{start_unix_nano:7603737542 end_unix_nano:7603748875} status:{code:STATUS_OK message:"OK"} roles:{role_name:"Controller"}
  Request 61: role:{role_name:"Controller"} action_name:"Review"
  Response 61: return_values:{str_value:"DISABLED"} exec_time:{start_unix_nano:7604002500 end_unix_nano:7604007625} status:{code:STATUS_OK message:"OK"} roles:{role_name:"Controller"}
  Request 62: role:{role_name:"Controller"} action_name:"Start"
  Response 62: return_values:{str_value:"DISABLED"} exec_time:{start_unix_nano:7604260250 end_unix_nano:7604265292} status:{code:STATUS_OK message:"OK"} roles:{role_name:"Controller"}
  Request 63: role:{role_name:"Controller"} action_name:"Resume"
  Response 63: return_values:{str_value:"DISABLED"} exec_time:{start_unix_nano:7604485250 end_unix_nano:7604493334} status:{code:STATUS_OK message:"OK"} roles:{role_name:"Controller"}
  Request 64: role:{role_name:"Controller"} action_name:"Proof"
  Response 64: return_values:{str_value:"DISABLED"} exec_time:{start_unix_nano:7604708584 end_unix_nano:7604712042} status:{code:STATUS_OK message:"OK"} roles:{role_name:"Controller"}
  Request 65: role:{role_name:"Controller"} action_name:"Overlap"
  Response 65: return_values:{str_value:"DISABLED"} exec_time:{start_unix_nano:7604879625 end_unix_nano:7604884209} status:{code:STATUS_OK message:"OK"} roles:{role_name:"Controller"}
  Request 66: role:{role_name:"Controller"} action_name:"Review"
  Response 66: return_values:{str_value:"DISABLED"} exec_time:{start_unix_nano:7605050750 end_unix_nano:7605054584} status:{code:STATUS_OK message:"OK"} roles:{role_name:"Controller"}
  Request 67: role:{role_name:"Controller"} action_name:"Review"
  Response 67: return_values:{str_value:"DISABLED"} exec_time:{start_unix_nano:7605197292 end_unix_nano:7605201542} status:{code:STATUS_OK message:"OK"} roles:{role_name:"Controller"}
  Request 68: role:{role_name:"Controller"} action_name:"Proof"
  Response 68: return_values:{str_value:"DISABLED"} exec_time:{start_unix_nano:7605456084 end_unix_nano:7605459750} status:{code:STATUS_OK message:"OK"} roles:{role_name:"Controller"}
  Request 69: role:{role_name:"Controller"} action_name:"Proof"
  Response 69: return_values:{str_value:"DISABLED"} exec_time:{start_unix_nano:7605627334 end_unix_nano:7605631917} status:{code:STATUS_OK message:"OK"} roles:{role_name:"Controller"}
  Request 70: role:{role_name:"Controller"} action_name:"Inspect"
  Response 70: return_values:{str_value:"DISABLED"} exec_time:{start_unix_nano:7605798375 end_unix_nano:7605805875} status:{code:STATUS_OK message:"OK"} roles:{role_name:"Controller"}
  Request 71: role:{role_name:"Controller"} action_name:"Start"
  Response 71: return_values:{str_value:"DISABLED"} exec_time:{start_unix_nano:7605989250 end_unix_nano:7605996959} status:{code:STATUS_OK message:"OK"} roles:{role_name:"Controller"}
  Request 72: role:{role_name:"Controller"} action_name:"Proof"
  Response 72: return_values:{str_value:"DISABLED"} exec_time:{start_unix_nano:7606222375 end_unix_nano:7606226625} status:{code:STATUS_OK message:"OK"} roles:{role_name:"Controller"}
  Request 73: role:{role_name:"Controller"} action_name:"Overlap"
  Response 73: return_values:{str_value:"DISABLED"} exec_time:{start_unix_nano:7606399542 end_unix_nano:7606402959} status:{code:STATUS_OK message:"OK"} roles:{role_name:"Controller"}
  Request 74: role:{role_name:"Controller"} action_name:"Overlap"
  Response 74: return_values:{str_value:"DISABLED"} exec_time:{start_unix_nano:7606530917 end_unix_nano:7606533959} status:{code:STATUS_OK message:"OK"} roles:{role_name:"Controller"}
  Request 75: role:{role_name:"Controller"} action_name:"Resume"
  Response 75: return_values:{str_value:"DISABLED"} exec_time:{start_unix_nano:7606656542 end_unix_nano:7606659709} status:{code:STATUS_OK message:"OK"} roles:{role_name:"Controller"}
  Request 76: role:{role_name:"Controller"} action_name:"Proof"
  Response 76: return_values:{str_value:"DISABLED"} exec_time:{start_unix_nano:7606814709 end_unix_nano:7606820792} status:{code:STATUS_OK message:"OK"} roles:{role_name:"Controller"}
  Request 77: role:{role_name:"Controller"} action_name:"Start"
  Response 77: return_values:{str_value:"DISABLED"} exec_time:{start_unix_nano:7606991292 end_unix_nano:7606995625} status:{code:STATUS_OK message:"OK"} roles:{role_name:"Controller"}
  Request 78: role:{role_name:"Controller"} action_name:"Overlap"
  Response 78: return_values:{str_value:"DISABLED"} exec_time:{start_unix_nano:7607138209 end_unix_nano:7607142375} status:{code:STATUS_OK message:"OK"} roles:{role_name:"Controller"}
  Request 79: role:{role_name:"Controller"} action_name:"Start"
  Response 79: return_values:{str_value:"DISABLED"} exec_time:{start_unix_nano:7607275292 end_unix_nano:7607278667} status:{code:STATUS_OK message:"OK"} roles:{role_name:"Controller"}
  Request 80: role:{role_name:"Controller"} action_name:"Corrupt"
  Response 80: return_values:{str_value:"DISABLED"} exec_time:{start_unix_nano:7607407250 end_unix_nano:7607411167} status:{code:STATUS_OK message:"OK"} roles:{role_name:"Controller"}
  Request 81: role:{role_name:"Controller"} action_name:"Corrupt"
  Response 81: return_values:{str_value:"DISABLED"} exec_time:{start_unix_nano:7607544334 end_unix_nano:7607548500} status:{code:STATUS_OK message:"OK"} roles:{role_name:"Controller"}
  Request 82: role:{role_name:"Controller"} action_name:"Inspect"
  Response 82: return_values:{str_value:"DISABLED"} exec_time:{start_unix_nano:7607682542 end_unix_nano:7607687000} status:{code:STATUS_OK message:"OK"} roles:{role_name:"Controller"}
  Request 83: role:{role_name:"Controller"} action_name:"Inspect"
  Response 83: return_values:{str_value:"DISABLED"} exec_time:{start_unix_nano:7607833084 end_unix_nano:7607836875} status:{code:STATUS_OK message:"OK"} roles:{role_name:"Controller"}
  Request 84: role:{role_name:"Controller"} action_name:"Start"
  Response 84: return_values:{str_value:"DISABLED"} exec_time:{start_unix_nano:7607984500 end_unix_nano:7607987625} status:{code:STATUS_OK message:"OK"} roles:{role_name:"Controller"}
  Request 85: role:{role_name:"Controller"} action_name:"Review"
  Response 85: return_values:{str_value:"DISABLED"} exec_time:{start_unix_nano:7608174750 end_unix_nano:7608181750} status:{code:STATUS_OK message:"OK"} roles:{role_name:"Controller"}
  Request 86: role:{role_name:"Controller"} action_name:"Resume"
  Response 86: return_values:{str_value:"DISABLED"} exec_time:{start_unix_nano:7608340542 end_unix_nano:7608343750} status:{code:STATUS_OK message:"OK"} roles:{role_name:"Controller"}
  Request 87: role:{role_name:"Controller"} action_name:"Inspect"
  Response 87: return_values:{str_value:"DISABLED"} exec_time:{start_unix_nano:7608484750 end_unix_nano:7608489500} status:{code:STATUS_OK message:"OK"} roles:{role_name:"Controller"}
  Request 88: role:{role_name:"Controller"} action_name:"Proof"
  Response 88: return_values:{str_value:"DISABLED"} exec_time:{start_unix_nano:7608654125 end_unix_nano:7608660209} status:{code:STATUS_OK message:"OK"} roles:{role_name:"Controller"}
  Request 89: role:{role_name:"Controller"} action_name:"Restart"
  Response 89: return_values:{str_value:"DISABLED"} exec_time:{start_unix_nano:7608815750 end_unix_nano:7608820167} status:{code:STATUS_OK message:"OK"} roles:{role_name:"Controller"}
  Request 90: role:{role_name:"Controller"} action_name:"Resume"
  Response 90: return_values:{str_value:"DISABLED"} exec_time:{start_unix_nano:7608966667 end_unix_nano:7608969959} status:{code:STATUS_OK message:"OK"} roles:{role_name:"Controller"}
  Request 91: role:{role_name:"Controller"} action_name:"Overlap"
  Response 91: return_values:{str_value:"DISABLED"} exec_time:{start_unix_nano:7609108417 end_unix_nano:7609113292} status:{code:STATUS_OK message:"OK"} roles:{role_name:"Controller"}
  Request 92: role:{role_name:"Controller"} action_name:"Overlap"
  Response 92: return_values:{str_value:"DISABLED"} exec_time:{start_unix_nano:7609396834 end_unix_nano:7609400667} status:{code:STATUS_OK message:"OK"} roles:{role_name:"Controller"}
  Request 93: role:{role_name:"Controller"} action_name:"Resume"
  Response 93: return_values:{str_value:"DISABLED"} exec_time:{start_unix_nano:7609547292 end_unix_nano:7609551417} status:{code:STATUS_OK message:"OK"} roles:{role_name:"Controller"}
  Request 94: role:{role_name:"Controller"} action_name:"Overlap"
  Response 94: return_values:{str_value:"DISABLED"} exec_time:{start_unix_nano:7609692000 end_unix_nano:7609695167} status:{code:STATUS_OK message:"OK"} roles:{role_name:"Controller"}
  Request 95: role:{role_name:"Controller"} action_name:"Resume"
  Response 95: return_values:{str_value:"DISABLED"} exec_time:{start_unix_nano:7609826334 end_unix_nano:7609830750} status:{code:STATUS_OK message:"OK"} roles:{role_name:"Controller"}
  Request 96: role:{role_name:"Controller"} action_name:"Corrupt"
  Response 96: return_values:{str_value:"DISABLED"} exec_time:{start_unix_nano:7609971459 end_unix_nano:7609975500} status:{code:STATUS_OK message:"OK"} roles:{role_name:"Controller"}
  Request 97: role:{role_name:"Controller"} action_name:"Inspect"
  Response 97: return_values:{str_value:"DISABLED"} exec_time:{start_unix_nano:7610099000 end_unix_nano:7610102625} status:{code:STATUS_OK message:"OK"} roles:{role_name:"Controller"}
  Request 98: role:{role_name:"Controller"} action_name:"Start"
  Response 98: return_values:{str_value:"DISABLED"} exec_time:{start_unix_nano:7610237209 end_unix_nano:7610241334} status:{code:STATUS_OK message:"OK"} roles:{role_name:"Controller"}
  Request 99: role:{role_name:"Controller"} action_name:"Corrupt"
  Response 99: return_values:{str_value:"DISABLED"} exec_time:{start_unix_nano:7610444375 end_unix_nano:7610448334} status:{code:STATUS_OK message:"OK"} roles:{role_name:"Controller"}
  Request 100: role:{role_name:"Controller"} action_name:"Start"
  Response 100: return_values:{str_value:"DISABLED"} exec_time:{start_unix_nano:7610660042 end_unix_nano:7610663125} status:{code:STATUS_OK message:"OK"} roles:{role_name:"Controller"}
  Request 101: role:{role_name:"Controller"} action_name:"Review"
  Response 101: return_values:{str_value:"DISABLED"} exec_time:{start_unix_nano:7610889084 end_unix_nano:7610892667} status:{code:STATUS_OK message:"OK"} roles:{role_name:"Controller"}
  Request 102: role:{role_name:"Controller"} action_name:"Review"
  Response 102: return_values:{str_value:"DISABLED"} exec_time:{start_unix_nano:7611097375 end_unix_nano:7611104834} status:{code:STATUS_OK message:"OK"} roles:{role_name:"Controller"}
  Request 103: role:{role_name:"Controller"} action_name:"Inspect"
  Response 103: return_values:{str_value:"DISABLED"} exec_time:{start_unix_nano:7611275042 end_unix_nano:7611280292} status:{code:STATUS_OK message:"OK"} roles:{role_name:"Controller"}
  Request 104: role:{role_name:"Controller"} action_name:"Resume"
  Response 104: return_values:{str_value:"DISABLED"} exec_time:{start_unix_nano:7611469000 end_unix_nano:7611474167} status:{code:STATUS_OK message:"OK"} roles:{role_name:"Controller"}
  Request 105: role:{role_name:"Controller"} action_name:"Inspect"
  Response 105: return_values:{str_value:"DISABLED"} exec_time:{start_unix_nano:7611631084 end_unix_nano:7611636334} status:{code:STATUS_OK message:"OK"} roles:{role_name:"Controller"}
  Request 106: role:{role_name:"Controller"} action_name:"Inspect"
  Response 106: return_values:{str_value:"DISABLED"} exec_time:{start_unix_nano:7611786000 end_unix_nano:7611790167} status:{code:STATUS_OK message:"OK"} roles:{role_name:"Controller"}
  Request 107: role:{role_name:"Controller"} action_name:"Inspect"
  Response 107: return_values:{str_value:"DISABLED"} exec_time:{start_unix_nano:7611929917 end_unix_nano:7611934084} status:{code:STATUS_OK message:"OK"} roles:{role_name:"Controller"}
  Request 108: role:{role_name:"Controller"} action_name:"Review"
  Response 108: return_values:{str_value:"DISABLED"} exec_time:{start_unix_nano:7612055375 end_unix_nano:7612059625} status:{code:STATUS_OK message:"OK"} roles:{role_name:"Controller"}
  Request 109: role:{role_name:"Controller"} action_name:"Corrupt"
  Response 109: return_values:{str_value:"DISABLED"} exec_time:{start_unix_nano:7612279875 end_unix_nano:7612287375} status:{code:STATUS_OK message:"OK"} roles:{role_name:"Controller"}
  Request 110: role:{role_name:"Controller"} action_name:"Start"
  Response 110: return_values:{str_value:"DISABLED"} exec_time:{start_unix_nano:7612487500 end_unix_nano:7612492417} status:{code:STATUS_OK message:"OK"} roles:{role_name:"Controller"}
  Request 111: role:{role_name:"Controller"} action_name:"Review"
  Response 111: return_values:{str_value:"DISABLED"} exec_time:{start_unix_nano:7612623667 end_unix_nano:7612626834} status:{code:STATUS_OK message:"OK"} roles:{role_name:"Controller"}
  Request 112: role:{role_name:"Controller"} action_name:"Inspect"
  Response 112: return_values:{str_value:"DISABLED"} exec_time:{start_unix_nano:7612759500 end_unix_nano:7612765709} status:{code:STATUS_OK message:"OK"} roles:{role_name:"Controller"}
  Request 113: role:{role_name:"Controller"} action_name:"Review"
  Response 113: return_values:{str_value:"DISABLED"} exec_time:{start_unix_nano:7612893250 end_unix_nano:7612896334} status:{code:STATUS_OK message:"OK"} roles:{role_name:"Controller"}
  Request 114: role:{role_name:"Controller"} action_name:"Start"
  Response 114: return_values:{str_value:"DISABLED"} exec_time:{start_unix_nano:7613049709 end_unix_nano:7613053167} status:{code:STATUS_OK message:"OK"} roles:{role_name:"Controller"}
  Request 115: role:{role_name:"Controller"} action_name:"Inspect"
  Response 115: return_values:{str_value:"DISABLED"} exec_time:{start_unix_nano:7613300250 end_unix_nano:7613308250} status:{code:STATUS_OK message:"OK"} roles:{role_name:"Controller"}
  Request 116: role:{role_name:"Controller"} action_name:"Review"
  Response 116: return_values:{str_value:"DISABLED"} exec_time:{start_unix_nano:7613821542 end_unix_nano:7613825209} status:{code:STATUS_OK message:"OK"} roles:{role_name:"Controller"}
  Request 117: role:{role_name:"Controller"} action_name:"Start"
  Response 117: return_values:{str_value:"DISABLED"} exec_time:{start_unix_nano:7614015959 end_unix_nano:7614021167} status:{code:STATUS_OK message:"OK"} roles:{role_name:"Controller"}
  Request 118: role:{role_name:"Controller"} action_name:"Proof"
  Response 118: return_values:{str_value:"DISABLED"} exec_time:{start_unix_nano:7614318792 end_unix_nano:7614323292} status:{code:STATUS_OK message:"OK"} roles:{role_name:"Controller"}
  Request 119: role:{role_name:"Controller"} action_name:"Corrupt"
  Response 119: return_values:{str_value:"DISABLED"} exec_time:{start_unix_nano:7614528417 end_unix_nano:7614532084} status:{code:STATUS_OK message:"OK"} roles:{role_name:"Controller"}
  Request 120: role:{role_name:"Controller"} action_name:"Inspect"
  Response 120: return_values:{str_value:"DISABLED"} exec_time:{start_unix_nano:7614725042 end_unix_nano:7614730292} status:{code:STATUS_OK message:"OK"} roles:{role_name:"Controller"}
  Request 121: role:{role_name:"Controller"} action_name:"Review"
  Response 121: return_values:{str_value:"DISABLED"} exec_time:{start_unix_nano:7614947667 end_unix_nano:7614954042} status:{code:STATUS_OK message:"OK"} roles:{role_name:"Controller"}
  Request 122: role:{role_name:"Controller"} action_name:"Resume"
  Response 122: return_values:{str_value:"DISABLED"} exec_time:{start_unix_nano:7615176625 end_unix_nano:7615182584} status:{code:STATUS_OK message:"OK"} roles:{role_name:"Controller"}
  Request 123: role:{role_name:"Controller"} action_name:"Corrupt"
  Response 123: return_values:{str_value:"DISABLED"} exec_time:{start_unix_nano:7615351917 end_unix_nano:7615355417} status:{code:STATUS_OK message:"OK"} roles:{role_name:"Controller"}
  Request 124: role:{role_name:"Controller"} action_name:"Start"
  Response 124: return_values:{str_value:"DISABLED"} exec_time:{start_unix_nano:7615539584 end_unix_nano:7615543709} status:{code:STATUS_OK message:"OK"} roles:{role_name:"Controller"}
  Request 125: role:{role_name:"Controller"} action_name:"Proof"
  Response 125: return_values:{str_value:"DISABLED"} exec_time:{start_unix_nano:7615710917 end_unix_nano:7615714584} status:{code:STATUS_OK message:"OK"} roles:{role_name:"Controller"}
  Request 126: role:{role_name:"Controller"} action_name:"Review"
  Response 126: return_values:{str_value:"DISABLED"} exec_time:{start_unix_nano:7615892667 end_unix_nano:7615895959} status:{code:STATUS_OK message:"OK"} roles:{role_name:"Controller"}
  Request 127: role:{role_name:"Controller"} action_name:"Restart"
  Response 127: return_values:{str_value:"DISABLED"} exec_time:{start_unix_nano:7616100709 end_unix_nano:7616106584} status:{code:STATUS_OK message:"OK"} roles:{role_name:"Controller"}
  Request 128: role:{role_name:"Controller"} action_name:"Resume"
  Response 128: return_values:{str_value:"DISABLED"} exec_time:{start_unix_nano:7616352167 end_unix_nano:7616359542} status:{code:STATUS_OK message:"OK"} roles:{role_name:"Controller"}
  Request 129: role:{role_name:"Controller"} action_name:"Review"
  Response 129: return_values:{str_value:"DISABLED"} exec_time:{start_unix_nano:7616586209 end_unix_nano:7616594917} status:{code:STATUS_OK message:"OK"} roles:{role_name:"Controller"}
  Request 130: role:{role_name:"Controller"} action_name:"Restart"
  Response 130: return_values:{str_value:"DISABLED"} exec_time:{start_unix_nano:7616791625 end_unix_nano:7616796584} status:{code:STATUS_OK message:"OK"} roles:{role_name:"Controller"}
  Request 131: role:{role_name:"Controller"} action_name:"Inspect"
  Response 131: return_values:{str_value:"DISABLED"} exec_time:{start_unix_nano:7616990959 end_unix_nano:7616994875} status:{code:STATUS_OK message:"OK"} roles:{role_name:"Controller"}
  Request 132: role:{role_name:"Controller"} action_name:"Resume"
  Response 132: return_values:{str_value:"DISABLED"} exec_time:{start_unix_nano:7617146292 end_unix_nano:7617149542} status:{code:STATUS_OK message:"OK"} roles:{role_name:"Controller"}
  Request 133: role:{role_name:"Controller"} action_name:"Restart"
  Response 133: return_values:{str_value:"DISABLED"} exec_time:{start_unix_nano:7617300750 end_unix_nano:7617305042} status:{code:STATUS_OK message:"OK"} roles:{role_name:"Controller"}
  Request 134: role:{role_name:"Controller"} action_name:"Review"
  Response 134: return_values:{str_value:"DISABLED"} exec_time:{start_unix_nano:7617526334 end_unix_nano:7617530125} status:{code:STATUS_OK message:"OK"} roles:{role_name:"Controller"}
  Request 135: role:{role_name:"Controller"} action_name:"Overlap"
  Response 135: return_values:{str_value:"DISABLED"} exec_time:{start_unix_nano:7617778542 end_unix_nano:7617787042} status:{code:STATUS_OK message:"OK"} roles:{role_name:"Controller"}
  Request 136: role:{role_name:"Controller"} action_name:"Restart"
  Response 136: return_values:{str_value:"DISABLED"} exec_time:{start_unix_nano:7617946500 end_unix_nano:7617951292} status:{code:STATUS_OK message:"OK"} roles:{role_name:"Controller"}
  Request 137: role:{role_name:"Controller"} action_name:"Restart"
  Response 137: return_values:{str_value:"DISABLED"} exec_time:{start_unix_nano:7618082625 end_unix_nano:7618085834} status:{code:STATUS_OK message:"OK"} roles:{role_name:"Controller"}
  Request 138: role:{role_name:"Controller"} action_name:"Restart"
  Response 138: return_values:{str_value:"DISABLED"} exec_time:{start_unix_nano:7618217209 end_unix_nano:7618221209} status:{code:STATUS_OK message:"OK"} roles:{role_name:"Controller"}
  Request 139: role:{role_name:"Controller"} action_name:"Start"
  Response 139: return_values:{str_value:"DISABLED"} exec_time:{start_unix_nano:7618391417 end_unix_nano:7618394667} status:{code:STATUS_OK message:"OK"} roles:{role_name:"Controller"}
  Request 140: role:{role_name:"Controller"} action_name:"Proof"
  Response 140: return_values:{str_value:"DISABLED"} exec_time:{start_unix_nano:7618695250 end_unix_nano:7618698917} status:{code:STATUS_OK message:"OK"} roles:{role_name:"Controller"}
  Request 141: role:{role_name:"Controller"} action_name:"Resume"
  Response 141: return_values:{str_value:"DISABLED"} exec_time:{start_unix_nano:7618844542 end_unix_nano:7618848375} status:{code:STATUS_OK message:"OK"} roles:{role_name:"Controller"}
  Request 142: role:{role_name:"Controller"} action_name:"Review"
  Response 142: return_values:{str_value:"DISABLED"} exec_time:{start_unix_nano:7619022750 end_unix_nano:7619025750} status:{code:STATUS_OK message:"OK"} roles:{role_name:"Controller"}
  Request 143: role:{role_name:"Controller"} action_name:"Review"
  Response 143: return_values:{str_value:"DISABLED"} exec_time:{start_unix_nano:7619182959 end_unix_nano:7619187042} status:{code:STATUS_OK message:"OK"} roles:{role_name:"Controller"}
  Request 144: role:{role_name:"Controller"} action_name:"Corrupt"
  Response 144: return_values:{str_value:"DISABLED"} exec_time:{start_unix_nano:7619360667 end_unix_nano:7619372542} status:{code:STATUS_OK message:"OK"} roles:{role_name:"Controller"}
  Request 145: role:{role_name:"Controller"} action_name:"Proof"
  Response 145: return_values:{str_value:"DISABLED"} exec_time:{start_unix_nano:7619533125 end_unix_nano:7619536959} status:{code:STATUS_OK message:"OK"} roles:{role_name:"Controller"}
  Request 146: role:{role_name:"Controller"} action_name:"Restart"
  Response 146: return_values:{str_value:"DISABLED"} exec_time:{start_unix_nano:7619708750 end_unix_nano:7619712459} status:{code:STATUS_OK message:"OK"} roles:{role_name:"Controller"}
  Request 147: role:{role_name:"Controller"} action_name:"Inspect"
  Response 147: return_values:{str_value:"DISABLED"} exec_time:{start_unix_nano:7619863292 end_unix_nano:7619866834} status:{code:STATUS_OK message:"OK"} roles:{role_name:"Controller"}
  Request 148: role:{role_name:"Controller"} action_name:"Proof"
  Response 148: return_values:{str_value:"DISABLED"} exec_time:{start_unix_nano:7619993250 end_unix_nano:7619997209} status:{code:STATUS_OK message:"OK"} roles:{role_name:"Controller"}
  Request 149: role:{role_name:"Controller"} action_name:"Restart"
  Response 149: return_values:{str_value:"DISABLED"} exec_time:{start_unix_nano:7620136000 end_unix_nano:7620139417} status:{code:STATUS_OK message:"OK"} roles:{role_name:"Controller"}
  Request 150: role:{role_name:"Controller"} action_name:"Review"
  Response 150: return_values:{str_value:"DISABLED"} exec_time:{start_unix_nano:7620285459 end_unix_nano:7620288250} status:{code:STATUS_OK message:"OK"} roles:{role_name:"Controller"}
  Request 151: role:{role_name:"Controller"} action_name:"Review"
  Response 151: return_values:{str_value:"DISABLED"} exec_time:{start_unix_nano:7620393792 end_unix_nano:7620396375} status:{code:STATUS_OK message:"OK"} roles:{role_name:"Controller"}
  Request 152: role:{role_name:"Controller"} action_name:"Review"
  Response 152: return_values:{str_value:"DISABLED"} exec_time:{start_unix_nano:7620542875 end_unix_nano:7620546542} status:{code:STATUS_OK message:"OK"} roles:{role_name:"Controller"}
  Request 153: role:{role_name:"Controller"} action_name:"Restart"
  Response 153: return_values:{str_value:"DISABLED"} exec_time:{start_unix_nano:7620681542 end_unix_nano:7620684792} status:{code:STATUS_OK message:"OK"} roles:{role_name:"Controller"}
  Request 154: role:{role_name:"Controller"} action_name:"Resume"
  Response 154: return_values:{str_value:"DISABLED"} exec_time:{start_unix_nano:7620802500 end_unix_nano:7620805709} status:{code:STATUS_OK message:"OK"} roles:{role_name:"Controller"}
  Request 155: role:{role_name:"Controller"} action_name:"Inspect"
  Response 155: return_values:{str_value:"DISABLED"} exec_time:{start_unix_nano:7620981375 end_unix_nano:7620987000} status:{code:STATUS_OK message:"OK"} roles:{role_name:"Controller"}
  Request 156: role:{role_name:"Controller"} action_name:"Restart"
  Response 156: return_values:{str_value:"DISABLED"} exec_time:{start_unix_nano:7621172959 end_unix_nano:7621177792} status:{code:STATUS_OK message:"OK"} roles:{role_name:"Controller"}
  Request 157: role:{role_name:"Controller"} action_name:"Proof"
  Response 157: return_values:{str_value:"DISABLED"} exec_time:{start_unix_nano:7621331500 end_unix_nano:7621334709} status:{code:STATUS_OK message:"OK"} roles:{role_name:"Controller"}
  Request 158: role:{role_name:"Controller"} action_name:"Resume"
  Response 158: return_values:{str_value:"DISABLED"} exec_time:{start_unix_nano:7621483000 end_unix_nano:7621486334} status:{code:STATUS_OK message:"OK"} roles:{role_name:"Controller"}
  Request 159: role:{role_name:"Controller"} action_name:"Inspect"
  Response 159: return_values:{str_value:"DISABLED"} exec_time:{start_unix_nano:7621609959 end_unix_nano:7621614292} status:{code:STATUS_OK message:"OK"} roles:{role_name:"Controller"}
  Request 160: role:{role_name:"Controller"} action_name:"Proof"
  Response 160: return_values:{str_value:"DISABLED"} exec_time:{start_unix_nano:7621740209 end_unix_nano:7621743250} status:{code:STATUS_OK message:"OK"} roles:{role_name:"Controller"}
  Request 161: role:{role_name:"Controller"} action_name:"Proof"
  Response 161: return_values:{str_value:"DISABLED"} exec_time:{start_unix_nano:7621868292 end_unix_nano:7621871000} status:{code:STATUS_OK message:"OK"} roles:{role_name:"Controller"}
  Request 162: role:{role_name:"Controller"} action_name:"Restart"
  Response 162: return_values:{str_value:"DISABLED"} exec_time:{start_unix_nano:7621992584 end_unix_nano:7621999917} status:{code:STATUS_OK message:"OK"} roles:{role_name:"Controller"}
  Request 163: role:{role_name:"Controller"} action_name:"Start"
  Response 163: return_values:{str_value:"DISABLED"} exec_time:{start_unix_nano:7622146375 end_unix_nano:7622149792} status:{code:STATUS_OK message:"OK"} roles:{role_name:"Controller"}
  Request 164: role:{role_name:"Controller"} action_name:"Restart"
  Response 164: return_values:{str_value:"DISABLED"} exec_time:{start_unix_nano:7622419875 end_unix_nano:7622426459} status:{code:STATUS_OK message:"OK"} roles:{role_name:"Controller"}
  Request 165: role:{role_name:"Controller"} action_name:"Overlap"
  Response 165: return_values:{str_value:"DISABLED"} exec_time:{start_unix_nano:7622550584 end_unix_nano:7622554209} status:{code:STATUS_OK message:"OK"} roles:{role_name:"Controller"}
  Request 166: role:{role_name:"Controller"} action_name:"Resume"
  Response 166: return_values:{str_value:"DISABLED"} exec_time:{start_unix_nano:7622676209 end_unix_nano:7622679125} status:{code:STATUS_OK message:"OK"} roles:{role_name:"Controller"}
  Request 167: role:{role_name:"Controller"} action_name:"Restart"
  Response 167: return_values:{str_value:"DISABLED"} exec_time:{start_unix_nano:7622813750 end_unix_nano:7622816917} status:{code:STATUS_OK message:"OK"} roles:{role_name:"Controller"}
  Request 168: role:{role_name:"Controller"} action_name:"Start"
  Response 168: return_values:{str_value:"DISABLED"} exec_time:{start_unix_nano:7623017500 end_unix_nano:7623024334} status:{code:STATUS_OK message:"OK"} roles:{role_name:"Controller"}
  Request 169: role:{role_name:"Controller"} action_name:"Proof"
  Response 169: return_values:{str_value:"DISABLED"} exec_time:{start_unix_nano:7623251750 end_unix_nano:7623255584} status:{code:STATUS_OK message:"OK"} roles:{role_name:"Controller"}
  Request 170: role:{role_name:"Controller"} action_name:"Start"
  Response 170: return_values:{str_value:"DISABLED"} exec_time:{start_unix_nano:7623479334 end_unix_nano:7623484750} status:{code:STATUS_OK message:"OK"} roles:{role_name:"Controller"}
  Request 171: role:{role_name:"Controller"} action_name:"Corrupt"
  Response 171: return_values:{str_value:"DISABLED"} exec_time:{start_unix_nano:7623645125 end_unix_nano:7623648125} status:{code:STATUS_OK message:"OK"} roles:{role_name:"Controller"}
  Request 172: role:{role_name:"Controller"} action_name:"Review"
  Response 172: return_values:{str_value:"DISABLED"} exec_time:{start_unix_nano:7623771875 end_unix_nano:7623776500} status:{code:STATUS_OK message:"OK"} roles:{role_name:"Controller"}
  Request 173: role:{role_name:"Controller"} action_name:"Proof"
  Response 173: return_values:{str_value:"DISABLED"} exec_time:{start_unix_nano:7623899084 end_unix_nano:7623902167} status:{code:STATUS_OK message:"OK"} roles:{role_name:"Controller"}
  Request 174: role:{role_name:"Controller"} action_name:"Review"
  Response 174: return_values:{str_value:"DISABLED"} exec_time:{start_unix_nano:7624047709 end_unix_nano:7624051709} status:{code:STATUS_OK message:"OK"} roles:{role_name:"Controller"}
  Request 175: role:{role_name:"Controller"} action_name:"Inspect"
  Response 175: return_values:{str_value:"DISABLED"} exec_time:{start_unix_nano:7624193584 end_unix_nano:7624197000} status:{code:STATUS_OK message:"OK"} roles:{role_name:"Controller"}
  Request 176: role:{role_name:"Controller"} action_name:"Inspect"
  Response 176: return_values:{str_value:"DISABLED"} exec_time:{start_unix_nano:7624319042 end_unix_nano:7624322000} status:{code:STATUS_OK message:"OK"} roles:{role_name:"Controller"}
  Request 177: role:{role_name:"Controller"} action_name:"Restart"
  Response 177: return_values:{str_value:"DISABLED"} exec_time:{start_unix_nano:7624447375 end_unix_nano:7624450334} status:{code:STATUS_OK message:"OK"} roles:{role_name:"Controller"}
  Request 178: role:{role_name:"Controller"} action_name:"Restart"
  Response 178: return_values:{str_value:"DISABLED"} exec_time:{start_unix_nano:7624576542 end_unix_nano:7624579375} status:{code:STATUS_OK message:"OK"} roles:{role_name:"Controller"}
  Request 179: role:{role_name:"Controller"} action_name:"Corrupt"
  Response 179: return_values:{str_value:"DISABLED"} exec_time:{start_unix_nano:7624699334 end_unix_nano:7624702042} status:{code:STATUS_OK message:"OK"} roles:{role_name:"Controller"}
  Request 180: role:{role_name:"Controller"} action_name:"Proof"
  Response 180: return_values:{str_value:"DISABLED"} exec_time:{start_unix_nano:7624822959 end_unix_nano:7624825625} status:{code:STATUS_OK message:"OK"} roles:{role_name:"Controller"}
  Request 181: role:{role_name:"Controller"} action_name:"Resume"
  Response 181: return_values:{str_value:"DISABLED"} exec_time:{start_unix_nano:7624934584 end_unix_nano:7624937334} status:{code:STATUS_OK message:"OK"} roles:{role_name:"Controller"}
  Request 182: role:{role_name:"Controller"} action_name:"Proof"
  Response 182: return_values:{str_value:"DISABLED"} exec_time:{start_unix_nano:7625055209 end_unix_nano:7625058584} status:{code:STATUS_OK message:"OK"} roles:{role_name:"Controller"}
  Request 183: role:{role_name:"Controller"} action_name:"Start"
  Response 183: return_values:{str_value:"DISABLED"} exec_time:{start_unix_nano:7625173250 end_unix_nano:7625176125} status:{code:STATUS_OK message:"OK"} roles:{role_name:"Controller"}
  Request 184: role:{role_name:"Controller"} action_name:"Resume"
  Response 184: return_values:{str_value:"DISABLED"} exec_time:{start_unix_nano:7625287167 end_unix_nano:7625289792} status:{code:STATUS_OK message:"OK"} roles:{role_name:"Controller"}
  Request 185: role:{role_name:"Controller"} action_name:"Start"
  Response 185: return_values:{str_value:"DISABLED"} exec_time:{start_unix_nano:7625417834 end_unix_nano:7625420959} status:{code:STATUS_OK message:"OK"} roles:{role_name:"Controller"}
  Request 186: role:{role_name:"Controller"} action_name:"Inspect"
  Response 186: return_values:{str_value:"DISABLED"} exec_time:{start_unix_nano:7625531792 end_unix_nano:7625534417} status:{code:STATUS_OK message:"OK"} roles:{role_name:"Controller"}
  Request 187: role:{role_name:"Controller"} action_name:"Inspect"
  Response 187: return_values:{str_value:"DISABLED"} exec_time:{start_unix_nano:7625643459 end_unix_nano:7625645917} status:{code:STATUS_OK message:"OK"} roles:{role_name:"Controller"}
  Request 188: role:{role_name:"Controller"} action_name:"Inspect"
  Response 188: return_values:{str_value:"DISABLED"} exec_time:{start_unix_nano:7625768209 end_unix_nano:7625770875} status:{code:STATUS_OK message:"OK"} roles:{role_name:"Controller"}
  Request 189: role:{role_name:"Controller"} action_name:"Overlap"
  Response 189: return_values:{str_value:"DISABLED"} exec_time:{start_unix_nano:7625977834 end_unix_nano:7625980500} status:{code:STATUS_OK message:"OK"} roles:{role_name:"Controller"}
  Request 190: role:{role_name:"Controller"} action_name:"Proof"
  Response 190: return_values:{str_value:"DISABLED"} exec_time:{start_unix_nano:7626096250 end_unix_nano:7626098917} status:{code:STATUS_OK message:"OK"} roles:{role_name:"Controller"}
  Request 191: role:{role_name:"Controller"} action_name:"Inspect"
  Response 191: return_values:{str_value:"DISABLED"} exec_time:{start_unix_nano:7626211709 end_unix_nano:7626214625} status:{code:STATUS_OK message:"OK"} roles:{role_name:"Controller"}
  Request 192: role:{role_name:"Controller"} action_name:"Resume"
  Response 192: return_values:{str_value:"DISABLED"} exec_time:{start_unix_nano:7626323334 end_unix_nano:7626325875} status:{code:STATUS_OK message:"OK"} roles:{role_name:"Controller"}
  Request 193: role:{role_name:"Controller"} action_name:"Corrupt"
  Response 193: return_values:{str_value:"DISABLED"} exec_time:{start_unix_nano:7626431875 end_unix_nano:7626434209} status:{code:STATUS_OK message:"OK"} roles:{role_name:"Controller"}
  Request 194: role:{role_name:"Controller"} action_name:"Restart"
  Response 194: return_values:{str_value:"DISABLED"} exec_time:{start_unix_nano:7626554834 end_unix_nano:7626558000} status:{code:STATUS_OK message:"OK"} roles:{role_name:"Controller"}
  Request 195: role:{role_name:"Controller"} action_name:"Review"
  Response 195: return_values:{str_value:"DISABLED"} exec_time:{start_unix_nano:7626670667 end_unix_nano:7626673459} status:{code:STATUS_OK message:"OK"} roles:{role_name:"Controller"}
  Request 196: role:{role_name:"Controller"} action_name:"Start"
  Response 196: return_values:{str_value:"DISABLED"} exec_time:{start_unix_nano:7626790000 end_unix_nano:7626793042} status:{code:STATUS_OK message:"OK"} roles:{role_name:"Controller"}
  Request 197: role:{role_name:"Controller"} action_name:"Proof"
  Response 197: return_values:{str_value:"DISABLED"} exec_time:{start_unix_nano:7626919625 end_unix_nano:7626922500} status:{code:STATUS_OK message:"OK"} roles:{role_name:"Controller"}
  Request 198: role:{role_name:"Controller"} action_name:"Resume"
  Response 198: return_values:{str_value:"DISABLED"} exec_time:{start_unix_nano:7627358209 end_unix_nano:7627365084} status:{code:STATUS_OK message:"OK"} roles:{role_name:"Controller"}
  Request 199: role:{role_name:"Controller"} action_name:"Review"
  Response 199: return_values:{str_value:"DISABLED"} exec_time:{start_unix_nano:7627546959 end_unix_nano:7627550334} status:{code:STATUS_OK message:"OK"} roles:{role_name:"Controller"}
  Request 200: role:{role_name:"Controller"} action_name:"Corrupt"
  Response 200: return_values:{str_value:"DISABLED"} exec_time:{start_unix_nano:7627667875 end_unix_nano:7627670542} status:{code:STATUS_OK message:"OK"} roles:{role_name:"Controller"}
  Request 201: role:{role_name:"Controller"} action_name:"Inspect"
  Response 201: return_values:{str_value:"DISABLED"} exec_time:{start_unix_nano:7627797084 end_unix_nano:7627800875} status:{code:STATUS_OK message:"OK"} roles:{role_name:"Controller"}
  Request 202: role:{role_name:"Controller"} action_name:"Overlap"
  Response 202: return_values:{str_value:"DISABLED"} exec_time:{start_unix_nano:7627935292 end_unix_nano:7627938084} status:{code:STATUS_OK message:"OK"} roles:{role_name:"Controller"}
  Request 203: role:{role_name:"Controller"} action_name:"Review"
  Response 203: return_values:{str_value:"DISABLED"} exec_time:{start_unix_nano:7628067375 end_unix_nano:7628069750} status:{code:STATUS_OK message:"OK"} roles:{role_name:"Controller"}
  Request 204: role:{role_name:"Controller"} action_name:"Restart"
  Response 204: return_values:{str_value:"DISABLED"} exec_time:{start_unix_nano:7628220709 end_unix_nano:7628223667} status:{code:STATUS_OK message:"OK"} roles:{role_name:"Controller"}
  Request 205: role:{role_name:"Controller"} action_name:"Start"
  Response 205: return_values:{str_value:"DISABLED"} exec_time:{start_unix_nano:7628375334 end_unix_nano:7628378834} status:{code:STATUS_OK message:"OK"} roles:{role_name:"Controller"}
  Request 206: role:{role_name:"Controller"} action_name:"Overlap"
  Response 206: return_values:{str_value:"DISABLED"} exec_time:{start_unix_nano:7628510584 end_unix_nano:7628513334} status:{code:STATUS_OK message:"OK"} roles:{role_name:"Controller"}
  Request 207: role:{role_name:"Controller"} action_name:"Overlap"
  Response 207: return_values:{str_value:"DISABLED"} exec_time:{start_unix_nano:7628638500 end_unix_nano:7628641209} status:{code:STATUS_OK message:"OK"} roles:{role_name:"Controller"}
  Request 208: role:{role_name:"Controller"} action_name:"Inspect"
  Response 208: return_values:{str_value:"DISABLED"} exec_time:{start_unix_nano:7628762750 end_unix_nano:7628765250} status:{code:STATUS_OK message:"OK"} roles:{role_name:"Controller"}
  Request 209: role:{role_name:"Controller"} action_name:"Review"
  Response 209: return_values:{str_value:"DISABLED"} exec_time:{start_unix_nano:7628883542 end_unix_nano:7628885750} status:{code:STATUS_OK message:"OK"} roles:{role_name:"Controller"}
  Request 210: role:{role_name:"Controller"} action_name:"Overlap"
  Response 210: return_values:{str_value:"DISABLED"} exec_time:{start_unix_nano:7629067750 end_unix_nano:7629072125} status:{code:STATUS_OK message:"OK"} roles:{role_name:"Controller"}
  Request 211: role:{role_name:"Controller"} action_name:"Inspect"
  Response 211: return_values:{str_value:"DISABLED"} exec_time:{start_unix_nano:7629236375 end_unix_nano:7629240292} status:{code:STATUS_OK message:"OK"} roles:{role_name:"Controller"}
  Request 212: role:{role_name:"Controller"} action_name:"Proof"
  Response 212: return_values:{str_value:"DISABLED"} exec_time:{start_unix_nano:7629413834 end_unix_nano:7629418334} status:{code:STATUS_OK message:"OK"} roles:{role_name:"Controller"}
  Request 213: role:{role_name:"Controller"} action_name:"Restart"
  Response 213: return_values:{str_value:"DISABLED"} exec_time:{start_unix_nano:7629563542 end_unix_nano:7629566584} status:{code:STATUS_OK message:"OK"} roles:{role_name:"Controller"}
  Request 214: role:{role_name:"Controller"} action_name:"Start"
  Response 214: return_values:{str_value:"DISABLED"} exec_time:{start_unix_nano:7629933584 end_unix_nano:7629936375} status:{code:STATUS_OK message:"OK"} roles:{role_name:"Controller"}
  Request 215: role:{role_name:"Controller"} action_name:"Inspect"
  Response 215: return_values:{str_value:"DISABLED"} exec_time:{start_unix_nano:7630066709 end_unix_nano:7630069292} status:{code:STATUS_OK message:"OK"} roles:{role_name:"Controller"}
  Request 216: role:{role_name:"Controller"} action_name:"Corrupt"
  Response 216: return_values:{str_value:"DISABLED"} exec_time:{start_unix_nano:7630188459 end_unix_nano:7630191209} status:{code:STATUS_OK message:"OK"} roles:{role_name:"Controller"}
  Request 217: role:{role_name:"Controller"} action_name:"Overlap"
  Response 217: return_values:{str_value:"DISABLED"} exec_time:{start_unix_nano:7630321209 end_unix_nano:7630325542} status:{code:STATUS_OK message:"OK"} roles:{role_name:"Controller"}
  Request 218: role:{role_name:"Controller"} action_name:"Review"
  Response 218: return_values:{str_value:"DISABLED"} exec_time:{start_unix_nano:7630462542 end_unix_nano:7630465042} status:{code:STATUS_OK message:"OK"} roles:{role_name:"Controller"}
  Request 219: role:{role_name:"Controller"} action_name:"Resume"
  Response 219: return_values:{str_value:"DISABLED"} exec_time:{start_unix_nano:7630599292 end_unix_nano:7630604959} status:{code:STATUS_OK message:"OK"} roles:{role_name:"Controller"}
  Request 220: role:{role_name:"Controller"} action_name:"Restart"
  Response 220: return_values:{str_value:"DISABLED"} exec_time:{start_unix_nano:7630791792 end_unix_nano:7630797500} status:{code:STATUS_OK message:"OK"} roles:{role_name:"Controller"}
  Request 221: role:{role_name:"Controller"} action_name:"Start"
  Response 221: return_values:{str_value:"DISABLED"} exec_time:{start_unix_nano:7630980917 end_unix_nano:7630984084} status:{code:STATUS_OK message:"OK"} roles:{role_name:"Controller"}
  Request 222: role:{role_name:"Controller"} action_name:"Restart"
  Response 222: return_values:{str_value:"DISABLED"} exec_time:{start_unix_nano:7631117334 end_unix_nano:7631120125} status:{code:STATUS_OK message:"OK"} roles:{role_name:"Controller"}
  Request 223: role:{role_name:"Controller"} action_name:"Inspect"
  Response 223: return_values:{str_value:"DISABLED"} exec_time:{start_unix_nano:7631253292 end_unix_nano:7631256250} status:{code:STATUS_OK message:"OK"} roles:{role_name:"Controller"}
  Request 224: role:{role_name:"Controller"} action_name:"Resume"
  Response 224: return_values:{str_value:"DISABLED"} exec_time:{start_unix_nano:7631390000 end_unix_nano:7631392542} status:{code:STATUS_OK message:"OK"} roles:{role_name:"Controller"}
  Request 225: role:{role_name:"Controller"} action_name:"Start"
  Response 225: return_values:{str_value:"DISABLED"} exec_time:{start_unix_nano:7631524542 end_unix_nano:7631527209} status:{code:STATUS_OK message:"OK"} roles:{role_name:"Controller"}
  Request 226: role:{role_name:"Controller"} action_name:"Inspect"
  Response 226: return_values:{str_value:"DISABLED"} exec_time:{start_unix_nano:7631666500 end_unix_nano:7631669459} status:{code:STATUS_OK message:"OK"} roles:{role_name:"Controller"}
  Request 227: role:{role_name:"Controller"} action_name:"Overlap"
  Response 227: return_values:{str_value:"DISABLED"} exec_time:{start_unix_nano:7631798375 end_unix_nano:7631800959} status:{code:STATUS_OK message:"OK"} roles:{role_name:"Controller"}
  Request 228: role:{role_name:"Controller"} action_name:"Corrupt"
  Response 228: return_values:{str_value:"DISABLED"} exec_time:{start_unix_nano:7631923625 end_unix_nano:7631928917} status:{code:STATUS_OK message:"OK"} roles:{role_name:"Controller"}
  Request 229: role:{role_name:"Controller"} action_name:"Corrupt"
  Response 229: return_values:{str_value:"DISABLED"} exec_time:{start_unix_nano:7632069792 end_unix_nano:7632072209} status:{code:STATUS_OK message:"OK"} roles:{role_name:"Controller"}
  Request 230: role:{role_name:"Controller"} action_name:"Corrupt"
  Response 230: return_values:{str_value:"DISABLED"} exec_time:{start_unix_nano:7632197792 end_unix_nano:7632200459} status:{code:STATUS_OK message:"OK"} roles:{role_name:"Controller"}
  Request 231: role:{role_name:"Controller"} action_name:"Restart"
  Response 231: return_values:{str_value:"DISABLED"} exec_time:{start_unix_nano:7632335209 end_unix_nano:7632338000} status:{code:STATUS_OK message:"OK"} roles:{role_name:"Controller"}
  Request 232: role:{role_name:"Controller"} action_name:"Resume"
  Response 232: return_values:{str_value:"DISABLED"} exec_time:{start_unix_nano:7632505667 end_unix_nano:7632508542} status:{code:STATUS_OK message:"OK"} roles:{role_name:"Controller"}
  Request 233: role:{role_name:"Controller"} action_name:"Corrupt"
  Response 233: return_values:{str_value:"DISABLED"} exec_time:{start_unix_nano:7632663167 end_unix_nano:7632665792} status:{code:STATUS_OK message:"OK"} roles:{role_name:"Controller"}
  Request 234: role:{role_name:"Controller"} action_name:"Start"
  Response 234: return_values:{str_value:"DISABLED"} exec_time:{start_unix_nano:7632803375 end_unix_nano:7632806459} status:{code:STATUS_OK message:"OK"} roles:{role_name:"Controller"}
  Request 235: role:{role_name:"Controller"} action_name:"Proof"
  Response 235: return_values:{str_value:"DISABLED"} exec_time:{start_unix_nano:7632938209 end_unix_nano:7632940875} status:{code:STATUS_OK message:"OK"} roles:{role_name:"Controller"}
  Request 236: role:{role_name:"Controller"} action_name:"Start"
  Response 236: return_values:{str_value:"DISABLED"} exec_time:{start_unix_nano:7633066334 end_unix_nano:7633069209} status:{code:STATUS_OK message:"OK"} roles:{role_name:"Controller"}
  Request 237: role:{role_name:"Controller"} action_name:"Resume"
  Response 237: return_values:{str_value:"DISABLED"} exec_time:{start_unix_nano:7633194917 end_unix_nano:7633197542} status:{code:STATUS_OK message:"OK"} roles:{role_name:"Controller"}
  Request 238: role:{role_name:"Controller"} action_name:"Proof"
  Response 238: return_values:{str_value:"DISABLED"} exec_time:{start_unix_nano:7633323834 end_unix_nano:7633326459} status:{code:STATUS_OK message:"OK"} roles:{role_name:"Controller"}
  Request 239: role:{role_name:"Controller"} action_name:"Proof"
  Response 239: return_values:{str_value:"DISABLED"} exec_time:{start_unix_nano:7633457917 end_unix_nano:7633461000} status:{code:STATUS_OK message:"OK"} roles:{role_name:"Controller"}
  Request 240: role:{role_name:"Controller"} action_name:"Restart"
  Response 240: return_values:{str_value:"DISABLED"} exec_time:{start_unix_nano:7633585875 end_unix_nano:7633588667} status:{code:STATUS_OK message:"OK"} roles:{role_name:"Controller"}
  Request 241: role:{role_name:"Controller"} action_name:"Inspect"
  Response 241: return_values:{str_value:"DISABLED"} exec_time:{start_unix_nano:7633750792 end_unix_nano:7633753375} status:{code:STATUS_OK message:"OK"} roles:{role_name:"Controller"}
  Request 242: role:{role_name:"Controller"} action_name:"Review"
  Response 242: return_values:{str_value:"DISABLED"} exec_time:{start_unix_nano:7633880209 end_unix_nano:7633882625} status:{code:STATUS_OK message:"OK"} roles:{role_name:"Controller"}
  Request 243: role:{role_name:"Controller"} action_name:"Overlap"
  Response 243: return_values:{str_value:"DISABLED"} exec_time:{start_unix_nano:7634018834 end_unix_nano:7634021875} status:{code:STATUS_OK message:"OK"} roles:{role_name:"Controller"}
  Request 244: role:{role_name:"Controller"} action_name:"Proof"
  Response 244: return_values:{str_value:"DISABLED"} exec_time:{start_unix_nano:7634164625 end_unix_nano:7634167250} status:{code:STATUS_OK message:"OK"} roles:{role_name:"Controller"}
  Request 245: role:{role_name:"Controller"} action_name:"Overlap"
  Response 245: return_values:{str_value:"DISABLED"} exec_time:{start_unix_nano:7634331500 end_unix_nano:7634334042} status:{code:STATUS_OK message:"OK"} roles:{role_name:"Controller"}
  Request 246: role:{role_name:"Controller"} action_name:"Review"
  Response 246: return_values:{str_value:"DISABLED"} exec_time:{start_unix_nano:7634482625 end_unix_nano:7634485084} status:{code:STATUS_OK message:"OK"} roles:{role_name:"Controller"}
  Request 247: role:{role_name:"Controller"} action_name:"Restart"
  Response 247: return_values:{str_value:"DISABLED"} exec_time:{start_unix_nano:7634620750 end_unix_nano:7634623959} status:{code:STATUS_OK message:"OK"} roles:{role_name:"Controller"}
  Request 248: role:{role_name:"Controller"} action_name:"Proof"
  Response 248: return_values:{str_value:"DISABLED"} exec_time:{start_unix_nano:7634751750 end_unix_nano:7634754667} status:{code:STATUS_OK message:"OK"} roles:{role_name:"Controller"}
  Request 249: role:{role_name:"Controller"} action_name:"Corrupt"
  Response 249: return_values:{str_value:"DISABLED"} exec_time:{start_unix_nano:7634934125 end_unix_nano:7634937334} status:{code:STATUS_OK message:"OK"} roles:{role_name:"Controller"}
  Request 250: role:{role_name:"Controller"} action_name:"Start"
  Response 250: return_values:{str_value:"DISABLED"} exec_time:{start_unix_nano:7635082625 end_unix_nano:7635085667} status:{code:STATUS_OK message:"OK"} roles:{role_name:"Controller"}
  Request 251: role:{role_name:"Controller"} action_name:"Corrupt"
  Response 251: return_values:{str_value:"DISABLED"} exec_time:{start_unix_nano:7635268792 end_unix_nano:7635272042} status:{code:STATUS_OK message:"OK"} roles:{role_name:"Controller"}
  Request 252: role:{role_name:"Controller"} action_name:"Overlap"
  Response 252: return_values:{str_value:"DISABLED"} exec_time:{start_unix_nano:7635432875 end_unix_nano:7635435917} status:{code:STATUS_OK message:"OK"} roles:{role_name:"Controller"}
  Request 253: role:{role_name:"Controller"} action_name:"Start"
  Response 253: return_values:{str_value:"DISABLED"} exec_time:{start_unix_nano:7635685500 end_unix_nano:7635690334} status:{code:STATUS_OK message:"OK"} roles:{role_name:"Controller"}
  Request 254: role:{role_name:"Controller"} action_name:"Inspect"
  Response 254: return_values:{str_value:"DISABLED"} exec_time:{start_unix_nano:7635961709 end_unix_nano:7635978834} status:{code:STATUS_OK message:"OK"} roles:{role_name:"Controller"}
  Request 255: role:{role_name:"Controller"} action_name:"Corrupt"
  Response 255: return_values:{str_value:"DISABLED"} exec_time:{start_unix_nano:7636204667 end_unix_nano:7636208709} status:{code:STATUS_OK message:"OK"} roles:{role_name:"Controller"}
Validating trace for RunId: demo-run-id
    Action Link: Controller#0.Inspect
    Found matching Source Link: dest:6 name:"Controller#0.Inspect" weight:0.125 type:"action" 10:"\n\x14Controller#0.Inspect\x12\n\"DISABLED\""
  End of Request 0, current nodeId: 6, node: map[channel_messages:map[] channels:map[] current:0 failedInvariants:<nil> name:yield returns:{"Controller#0.Inspect":"DISABLED"} roles:[map[fields:map[attempts:0 current:1 fault:false generation:0 inspected:false phase:new proof:0 repair:0 repeats:0 reports: review:0 saved:0 status:ABSENT] name:Controller params:map[] ref:0 ref_string:Controller#0]] state:map[controller:role Controller#0] stats:map[counts:map[Controller#0.Inspect:1] totalActions:1] threads:[] witness:[[false false false false]]]
. Expected DISABLED
. Actual [str_value:"DISABLED"], len:1
    Action Link: Controller#0.Restart
    Found matching Source Link: src:6 dest:5 name:"Controller#0.Restart" weight:0.125 type:"action" 10:"\n\x14Controller#0.Restart\x12\n\"DISABLED\""
  End of Request 1, current nodeId: 5, node: map[channel_messages:map[] channels:map[] current:0 failedInvariants:<nil> name:yield returns:{"Controller#0.Restart":"DISABLED"} roles:[map[fields:map[attempts:0 current:1 fault:false generation:0 inspected:false phase:new proof:0 repair:0 repeats:0 reports: review:0 saved:0 status:ABSENT] name:Controller params:map[] ref:0 ref_string:Controller#0]] state:map[controller:role Controller#0] stats:map[counts:map[Controller#0.Restart:1] totalActions:1] threads:[] witness:[[false false false false]]]
. Expected DISABLED
. Actual [str_value:"DISABLED"], len:1
    Action Link: Controller#0.Start
    Found matching Source Link: src:5 dest:1 name:"Controller#0.Start" labels:"Projection.call" weight:0.125 type:"action" 10:"\n\x12Controller#0.Start\x12)\"77|RUNNING|3|3|implementation|0|1|0|0|1\""
  End of Request 2, current nodeId: 1, node: map[channel_messages:map[] channels:map[] current:0 failedInvariants:<nil> name:yield returns:{"Controller#0.Start":"77|RUNNING|3|3|implementation|0|1|0|0|1"} roles:[map[fields:map[attempts:3 current:1 fault:false generation:1 inspected:false phase:review proof:0 repair:0 repeats:0 reports:implementation review:0 saved:3 status:RUNNING] name:Controller params:map[] ref:0 ref_string:Controller#0]] state:map[controller:role Controller#0] stats:map[counts:map[Controller#0.Start:1] totalActions:1] threads:[] witness:[[false false false false]]]
. Expected 77|RUNNING|3|3|implementation|0|1|0|0|1
. Actual [str_value:"77|RUNNING|3|3|implementation|0|1|0|0|1"], len:1
    Action Link: Controller#0.Resume
    Found matching Source Link: src:1 dest:15 name:"Controller#0.Resume" weight:0.125 type:"action" 10:"\n\x13Controller#0.Resume\x12\n\"DISABLED\""
  End of Request 3, current nodeId: 15, node: map[channel_messages:map[] channels:map[] current:0 failedInvariants:<nil> name:yield returns:{"Controller#0.Resume":"DISABLED"} roles:[map[fields:map[attempts:3 current:1 fault:false generation:1 inspected:false phase:review proof:0 repair:0 repeats:0 reports:implementation review:0 saved:3 status:RUNNING] name:Controller params:map[] ref:0 ref_string:Controller#0]] state:map[controller:role Controller#0] stats:map[counts:map[Controller#0.Resume:1 Controller#0.Start:1] totalActions:2] threads:[] witness:[[false false false false]]]
. Expected DISABLED
. Actual [str_value:"DISABLED"], len:1
    Action Link: Controller#0.Corrupt
    Found matching Source Link: src:15 dest:12 name:"Controller#0.Corrupt" weight:0.125 type:"action" 10:"\n\x14Controller#0.Corrupt\x12\n\"DISABLED\""
  End of Request 4, current nodeId: 12, node: map[channel_messages:map[] channels:map[] current:0 failedInvariants:<nil> name:yield returns:{"Controller#0.Corrupt":"DISABLED"} roles:[map[fields:map[attempts:3 current:1 fault:false generation:1 inspected:false phase:review proof:0 repair:0 repeats:0 reports:implementation review:0 saved:3 status:RUNNING] name:Controller params:map[] ref:0 ref_string:Controller#0]] state:map[controller:role Controller#0] stats:map[counts:map[Controller#0.Corrupt:1 Controller#0.Start:1] totalActions:2] threads:[] witness:[[false false false false]]]
. Expected DISABLED
. Actual [str_value:"DISABLED"], len:1
    Action Link: Controller#0.Inspect
    Found matching Source Link: src:12 dest:14 name:"Controller#0.Inspect" labels:"Projection.call" weight:0.125 type:"action" 10:"\n\x14Controller#0.Inspect\x12(\"1|RUNNING|3|3|implementation|0|1|0|0|1\""
  End of Request 5, current nodeId: 14, node: map[channel_messages:map[] channels:map[] current:0 failedInvariants:<nil> name:yield returns:{"Controller#0.Inspect":"1|RUNNING|3|3|implementation|0|1|0|0|1"} roles:[map[fields:map[attempts:3 current:1 fault:false generation:1 inspected:true phase:review proof:0 repair:0 repeats:0 reports:implementation review:0 saved:3 status:RUNNING] name:Controller params:map[] ref:0 ref_string:Controller#0]] state:map[controller:role Controller#0] stats:map[counts:map[Controller#0.Inspect:1 Controller#0.Start:1] totalActions:2] threads:[] witness:[[false false false false]]]
. Expected 1|RUNNING|3|3|implementation|0|1|0|0|1
. Actual [str_value:"1|RUNNING|3|3|implementation|0|1|0|0|1"], len:1
    Action Link: Controller#0.Start
    Found matching Source Link: src:14 dest:25 name:"Controller#0.Start" weight:0.125 type:"action" 10:"\n\x12Controller#0.Start\x12\n\"DISABLED\""
  End of Request 6, current nodeId: 25, node: map[channel_messages:map[] channels:map[] current:0 failedInvariants:<nil> name:yield returns:{"Controller#0.Start":"DISABLED"} roles:[map[fields:map[attempts:3 current:1 fault:false generation:1 inspected:true phase:review proof:0 repair:0 repeats:0 reports:implementation review:0 saved:3 status:RUNNING] name:Controller params:map[] ref:0 ref_string:Controller#0]] state:map[controller:role Controller#0] stats:map[counts:map[Controller#0.Inspect:1 Controller#0.Start:2] totalActions:3] threads:[] witness:[[false false false false]]]
. Expected DISABLED
. Actual [str_value:"DISABLED"], len:1
    Action Link: Controller#0.Restart
    Found matching Source Link: src:25 dest:29 name:"Controller#0.Restart" weight:0.125 type:"action" 10:"\n\x14Controller#0.Restart\x12\n\"DISABLED\""
  End of Request 7, current nodeId: 29, node: map[channel_messages:map[] channels:map[] current:0 failedInvariants:<nil> name:yield returns:{"Controller#0.Restart":"DISABLED"} roles:[map[fields:map[attempts:3 current:1 fault:false generation:1 inspected:true phase:review proof:0 repair:0 repeats:0 reports:implementation review:0 saved:3 status:RUNNING] name:Controller params:map[] ref:0 ref_string:Controller#0]] state:map[controller:role Controller#0] stats:map[counts:map[Controller#0.Inspect:1 Controller#0.Restart:1 Controller#0.Start:1] totalActions:3] threads:[] witness:[[false false false false]]]
. Expected DISABLED
. Actual [str_value:"DISABLED"], len:1
    Action Link: Controller#0.Restart
    Found matching Source Link: src:29 dest:29 name:"Controller#0.Restart" weight:0.125 type:"action" 10:"\n\x14Controller#0.Restart\x12\n\"DISABLED\""
  End of Request 8, current nodeId: 29, node: map[channel_messages:map[] channels:map[] current:0 failedInvariants:<nil> name:yield returns:{"Controller#0.Restart":"DISABLED"} roles:[map[fields:map[attempts:3 current:1 fault:false generation:1 inspected:true phase:review proof:0 repair:0 repeats:0 reports:implementation review:0 saved:3 status:RUNNING] name:Controller params:map[] ref:0 ref_string:Controller#0]] state:map[controller:role Controller#0] stats:map[counts:map[Controller#0.Inspect:1 Controller#0.Restart:1 Controller#0.Start:1] totalActions:3] threads:[] witness:[[false false false false]]]
. Expected DISABLED
. Actual [str_value:"DISABLED"], len:1
    Action Link: Controller#0.Start
    Found matching Source Link: src:29 dest:25 name:"Controller#0.Start" weight:0.125 type:"action" 10:"\n\x12Controller#0.Start\x12\n\"DISABLED\""
  End of Request 9, current nodeId: 25, node: map[channel_messages:map[] channels:map[] current:0 failedInvariants:<nil> name:yield returns:{"Controller#0.Start":"DISABLED"} roles:[map[fields:map[attempts:3 current:1 fault:false generation:1 inspected:true phase:review proof:0 repair:0 repeats:0 reports:implementation review:0 saved:3 status:RUNNING] name:Controller params:map[] ref:0 ref_string:Controller#0]] state:map[controller:role Controller#0] stats:map[counts:map[Controller#0.Inspect:1 Controller#0.Start:2] totalActions:3] threads:[] witness:[[false false false false]]]
. Expected DISABLED
. Actual [str_value:"DISABLED"], len:1
    Action Link: Controller#0.Overlap
    Found matching Source Link: src:25 dest:32 name:"Controller#0.Overlap" weight:0.125 type:"action" 10:"\n\x14Controller#0.Overlap\x12\n\"DISABLED\""
  End of Request 10, current nodeId: 32, node: map[channel_messages:map[] channels:map[] current:0 failedInvariants:<nil> name:yield returns:{"Controller#0.Overlap":"DISABLED"} roles:[map[fields:map[attempts:3 current:1 fault:false generation:1 inspected:true phase:review proof:0 repair:0 repeats:0 reports:implementation review:0 saved:3 status:RUNNING] name:Controller params:map[] ref:0 ref_string:Controller#0]] state:map[controller:role Controller#0] stats:map[counts:map[Controller#0.Inspect:1 Controller#0.Overlap:1 Controller#0.Start:1] totalActions:3] threads:[] witness:[[false false false false]]]
. Expected DISABLED
. Actual [str_value:"DISABLED"], len:1
    Action Link: Controller#0.Restart
    Found matching Source Link: src:32 dest:29 name:"Controller#0.Restart" weight:0.125 type:"action" 10:"\n\x14Controller#0.Restart\x12\n\"DISABLED\""
  End of Request 11, current nodeId: 29, node: map[channel_messages:map[] channels:map[] current:0 failedInvariants:<nil> name:yield returns:{"Controller#0.Restart":"DISABLED"} roles:[map[fields:map[attempts:3 current:1 fault:false generation:1 inspected:true phase:review proof:0 repair:0 repeats:0 reports:implementation review:0 saved:3 status:RUNNING] name:Controller params:map[] ref:0 ref_string:Controller#0]] state:map[controller:role Controller#0] stats:map[counts:map[Controller#0.Inspect:1 Controller#0.Restart:1 Controller#0.Start:1] totalActions:3] threads:[] witness:[[false false false false]]]
. Expected DISABLED
. Actual [str_value:"DISABLED"], len:1
    Action Link: Controller#0.Corrupt
    Found matching Source Link: src:29 dest:28 name:"Controller#0.Corrupt" weight:0.125 type:"action" 10:"\n\x14Controller#0.Corrupt\x12\n\"DISABLED\""
  End of Request 12, current nodeId: 28, node: map[channel_messages:map[] channels:map[] current:0 failedInvariants:<nil> name:yield returns:{"Controller#0.Corrupt":"DISABLED"} roles:[map[fields:map[attempts:3 current:1 fault:false generation:1 inspected:true phase:review proof:0 repair:0 repeats:0 reports:implementation review:0 saved:3 status:RUNNING] name:Controller params:map[] ref:0 ref_string:Controller#0]] state:map[controller:role Controller#0] stats:map[counts:map[Controller#0.Corrupt:1 Controller#0.Inspect:1 Controller#0.Start:1] totalActions:3] threads:[] witness:[[false false false false]]]
. Expected DISABLED
. Actual [str_value:"DISABLED"], len:1
    Action Link: Controller#0.Overlap
    Found matching Source Link: src:28 dest:32 name:"Controller#0.Overlap" weight:0.125 type:"action" 10:"\n\x14Controller#0.Overlap\x12\n\"DISABLED\""
  End of Request 13, current nodeId: 32, node: map[channel_messages:map[] channels:map[] current:0 failedInvariants:<nil> name:yield returns:{"Controller#0.Overlap":"DISABLED"} roles:[map[fields:map[attempts:3 current:1 fault:false generation:1 inspected:true phase:review proof:0 repair:0 repeats:0 reports:implementation review:0 saved:3 status:RUNNING] name:Controller params:map[] ref:0 ref_string:Controller#0]] state:map[controller:role Controller#0] stats:map[counts:map[Controller#0.Inspect:1 Controller#0.Overlap:1 Controller#0.Start:1] totalActions:3] threads:[] witness:[[false false false false]]]
. Expected DISABLED
. Actual [str_value:"DISABLED"], len:1
    Action Link: Controller#0.Proof
    Found matching Source Link: src:32 dest:27 name:"Controller#0.Proof" weight:0.125 type:"action" 10:"\n\x12Controller#0.Proof\x12\n\"DISABLED\""
  End of Request 14, current nodeId: 27, node: map[channel_messages:map[] channels:map[] current:0 failedInvariants:<nil> name:yield returns:{"Controller#0.Proof":"DISABLED"} roles:[map[fields:map[attempts:3 current:1 fault:false generation:1 inspected:true phase:review proof:0 repair:0 repeats:0 reports:implementation review:0 saved:3 status:RUNNING] name:Controller params:map[] ref:0 ref_string:Controller#0]] state:map[controller:role Controller#0] stats:map[counts:map[Controller#0.Inspect:1 Controller#0.Proof:1 Controller#0.Start:1] totalActions:3] threads:[] witness:[[false false false false]]]
. Expected DISABLED
. Actual [str_value:"DISABLED"], len:1
    Action Link: Controller#0.Review
    Found matching Source Link: src:27 dest:26 name:"Controller#0.Review" labels:"Projection.call" weight:0.125 type:"action" 10:"\n\x13Controller#0.Review\x120\"77|RUNNING|4|4|implementation,review|0|1|1|0|1\""
  End of Request 15, current nodeId: 26, node: map[channel_messages:map[] channels:map[] current:0 failedInvariants:<nil> name:yield returns:{"Controller#0.Review":"77|RUNNING|4|4|implementation,review|0|1|1|0|1"} roles:[map[fields:map[attempts:4 current:1 fault:false generation:1 inspected:true phase:proof proof:0 repair:0 repeats:0 reports:implementation,review review:1 saved:4 status:RUNNING] name:Controller params:map[] ref:0 ref_string:Controller#0]] state:map[controller:role Controller#0] stats:map[counts:map[Controller#0.Inspect:1 Controller#0.Review:1 Controller#0.Start:1] totalActions:3] threads:[] witness:[[false false false false]]]
. Expected 77|RUNNING|4|4|implementation,review|0|1|1|0|1
. Actual [str_value:"77|RUNNING|4|4|implementation,review|0|1|1|0|1"], len:1
    Action Link: Controller#0.Proof
    Found matching Source Link: src:26 dest:43 name:"Controller#0.Proof" labels:"Projection.call" weight:0.125 type:"action" 10:"\n\x12Controller#0.Proof\x120\"77|RUNNING|5|4|implementation,review|0|1|1|0|1\""
  End of Request 16, current nodeId: 43, node: map[channel_messages:map[] channels:map[] current:0 failedInvariants:<nil> name:yield returns:{"Controller#0.Proof":"77|RUNNING|5|4|implementation,review|0|1|1|0|1"} roles:[map[fields:map[attempts:5 current:1 fault:false generation:1 inspected:true phase:pending proof:0 repair:0 repeats:0 reports:implementation,review review:1 saved:4 status:RUNNING] name:Controller params:map[] ref:0 ref_string:Controller#0]] state:map[controller:role Controller#0] stats:map[counts:map[Controller#0.Inspect:1 Controller#0.Proof:1 Controller#0.Review:1 Controller#0.Start:1] totalActions:4] threads:[] witness:[[false false false false]]]
. Expected 77|RUNNING|5|4|implementation,review|0|1|1|0|1
. Actual [str_value:"77|RUNNING|5|4|implementation,review|0|1|1|0|1"], len:1
    Action Link: Controller#0.Resume
    Found matching Source Link: src:43 dest:63 name:"Controller#0.Resume" weight:0.125 type:"action" 10:"\n\x13Controller#0.Resume\x12\n\"DISABLED\""
  End of Request 17, current nodeId: 63, node: map[channel_messages:map[] channels:map[] current:0 failedInvariants:<nil> name:yield returns:{"Controller#0.Resume":"DISABLED"} roles:[map[fields:map[attempts:5 current:1 fault:false generation:1 inspected:true phase:pending proof:0 repair:0 repeats:0 reports:implementation,review review:1 saved:4 status:RUNNING] name:Controller params:map[] ref:0 ref_string:Controller#0]] state:map[controller:role Controller#0] stats:map[counts:map[Controller#0.Inspect:1 Controller#0.Proof:1 Controller#0.Resume:1 Controller#0.Review:1 Controller#0.Start:1] totalActions:5] threads:[] witness:[[false false false false]]]
. Expected DISABLED
. Actual [str_value:"DISABLED"], len:1
    Action Link: Controller#0.Review
    Found matching Source Link: src:63 dest:58 name:"Controller#0.Review" weight:0.125 type:"action" 10:"\n\x13Controller#0.Review\x12\n\"DISABLED\""
  End of Request 18, current nodeId: 58, node: map[channel_messages:map[] channels:map[] current:0 failedInvariants:<nil> name:yield returns:{"Controller#0.Review":"DISABLED"} roles:[map[fields:map[attempts:5 current:1 fault:false generation:1 inspected:true phase:pending proof:0 repair:0 repeats:0 reports:implementation,review review:1 saved:4 status:RUNNING] name:Controller params:map[] ref:0 ref_string:Controller#0]] state:map[controller:role Controller#0] stats:map[counts:map[Controller#0.Inspect:1 Controller#0.Proof:1 Controller#0.Review:2 Controller#0.Start:1] totalActions:5] threads:[] witness:[[false false false false]]]
. Expected DISABLED
. Actual [str_value:"DISABLED"], len:1
    Action Link: Controller#0.Restart
    Found matching Source Link: src:58 dest:61 name:"Controller#0.Restart" weight:0.125 type:"action" 10:"\n\x14Controller#0.Restart\x12\n\"DISABLED\""
  End of Request 19, current nodeId: 61, node: map[channel_messages:map[] channels:map[] current:0 failedInvariants:<nil> name:yield returns:{"Controller#0.Restart":"DISABLED"} roles:[map[fields:map[attempts:5 current:1 fault:false generation:1 inspected:true phase:pending proof:0 repair:0 repeats:0 reports:implementation,review review:1 saved:4 status:RUNNING] name:Controller params:map[] ref:0 ref_string:Controller#0]] state:map[controller:role Controller#0] stats:map[counts:map[Controller#0.Inspect:1 Controller#0.Proof:1 Controller#0.Restart:1 Controller#0.Review:1 Controller#0.Start:1] totalActions:5] threads:[] witness:[[false false false false]]]
. Expected DISABLED
. Actual [str_value:"DISABLED"], len:1
    Action Link: Controller#0.Proof
    Found matching Source Link: src:61 dest:59 name:"Controller#0.Proof" weight:0.125 type:"action" 10:"\n\x12Controller#0.Proof\x12\n\"DISABLED\""
  End of Request 20, current nodeId: 59, node: map[channel_messages:map[] channels:map[] current:0 failedInvariants:<nil> name:yield returns:{"Controller#0.Proof":"DISABLED"} roles:[map[fields:map[attempts:5 current:1 fault:false generation:1 inspected:true phase:pending proof:0 repair:0 repeats:0 reports:implementation,review review:1 saved:4 status:RUNNING] name:Controller params:map[] ref:0 ref_string:Controller#0]] state:map[controller:role Controller#0] stats:map[counts:map[Controller#0.Inspect:1 Controller#0.Proof:2 Controller#0.Review:1 Controller#0.Start:1] totalActions:5] threads:[] witness:[[false false false false]]]
. Expected DISABLED
. Actual [str_value:"DISABLED"], len:1
    Action Link: Controller#0.Corrupt
    Found matching Source Link: src:59 dest:60 name:"Controller#0.Corrupt" labels:"Projection.call" weight:0.125 type:"action" 10:"\n\x14Controller#0.Corrupt\x12/\"0|RUNNING|5|4|implementation,review|0|1|1|0|1\""
  End of Request 21, current nodeId: 60, node: map[channel_messages:map[] channels:map[] current:0 failedInvariants:<nil> name:yield returns:{"Controller#0.Corrupt":"0|RUNNING|5|4|implementation,review|0|1|1|0|1"} roles:[map[fields:map[attempts:5 current:1 fault:true generation:1 inspected:true phase:pending proof:0 repair:0 repeats:0 reports:implementation,review review:1 saved:4 status:RUNNING] name:Controller params:map[] ref:0 ref_string:Controller#0]] state:map[controller:role Controller#0] stats:map[counts:map[Controller#0.Corrupt:1 Controller#0.Inspect:1 Controller#0.Proof:1 Controller#0.Review:1 Controller#0.Start:1] totalActions:5] threads:[] witness:[[false false false false]]]
. Expected 0|RUNNING|5|4|implementation,review|0|1|1|0|1
. Actual [str_value:"0|RUNNING|5|4|implementation,review|0|1|1|0|1"], len:1
    Action Link: Controller#0.Corrupt
    Found matching Source Link: src:60 dest:76 name:"Controller#0.Corrupt" weight:0.125 type:"action" 10:"\n\x14Controller#0.Corrupt\x12\n\"DISABLED\""
  End of Request 22, current nodeId: 76, node: map[channel_messages:map[] channels:map[] current:0 failedInvariants:<nil> name:yield returns:{"Controller#0.Corrupt":"DISABLED"} roles:[map[fields:map[attempts:5 current:1 fault:true generation:1 inspected:true phase:pending proof:0 repair:0 repeats:0 reports:implementation,review review:1 saved:4 status:RUNNING] name:Controller params:map[] ref:0 ref_string:Controller#0]] state:map[controller:role Controller#0] stats:map[counts:map[Controller#0.Corrupt:2 Controller#0.Inspect:1 Controller#0.Proof:1 Controller#0.Review:1 Controller#0.Start:1] totalActions:6] threads:[] witness:[[false false false false]]]
. Expected DISABLED
. Actual [str_value:"DISABLED"], len:1
    Action Link: Controller#0.Overlap
    Found matching Source Link: src:76 dest:80 name:"Controller#0.Overlap" weight:0.125 type:"action" 10:"\n\x14Controller#0.Overlap\x12\n\"DISABLED\""
  End of Request 23, current nodeId: 80, node: map[channel_messages:map[] channels:map[] current:0 failedInvariants:<nil> name:yield returns:{"Controller#0.Overlap":"DISABLED"} roles:[map[fields:map[attempts:5 current:1 fault:true generation:1 inspected:true phase:pending proof:0 repair:0 repeats:0 reports:implementation,review review:1 saved:4 status:RUNNING] name:Controller params:map[] ref:0 ref_string:Controller#0]] state:map[controller:role Controller#0] stats:map[counts:map[Controller#0.Corrupt:1 Controller#0.Inspect:1 Controller#0.Overlap:1 Controller#0.Proof:1 Controller#0.Review:1 Controller#0.Start:1] totalActions:6] threads:[] witness:[[false false false false]]]
. Expected DISABLED
. Actual [str_value:"DISABLED"], len:1
    Action Link: Controller#0.Resume
    Found matching Source Link: src:80 dest:79 name:"Controller#0.Resume" weight:0.125 type:"action" 10:"\n\x13Controller#0.Resume\x12\n\"DISABLED\""
  End of Request 24, current nodeId: 79, node: map[channel_messages:map[] channels:map[] current:0 failedInvariants:<nil> name:yield returns:{"Controller#0.Resume":"DISABLED"} roles:[map[fields:map[attempts:5 current:1 fault:true generation:1 inspected:true phase:pending proof:0 repair:0 repeats:0 reports:implementation,review review:1 saved:4 status:RUNNING] name:Controller params:map[] ref:0 ref_string:Controller#0]] state:map[controller:role Controller#0] stats:map[counts:map[Controller#0.Corrupt:1 Controller#0.Inspect:1 Controller#0.Proof:1 Controller#0.Resume:1 Controller#0.Review:1 Controller#0.Start:1] totalActions:6] threads:[] witness:[[false false false false]]]
. Expected DISABLED
. Actual [str_value:"DISABLED"], len:1
    Action Link: Controller#0.Overlap
    Found matching Source Link: src:79 dest:80 name:"Controller#0.Overlap" weight:0.125 type:"action" 10:"\n\x14Controller#0.Overlap\x12\n\"DISABLED\""
  End of Request 25, current nodeId: 80, node: map[channel_messages:map[] channels:map[] current:0 failedInvariants:<nil> name:yield returns:{"Controller#0.Overlap":"DISABLED"} roles:[map[fields:map[attempts:5 current:1 fault:true generation:1 inspected:true phase:pending proof:0 repair:0 repeats:0 reports:implementation,review review:1 saved:4 status:RUNNING] name:Controller params:map[] ref:0 ref_string:Controller#0]] state:map[controller:role Controller#0] stats:map[counts:map[Controller#0.Corrupt:1 Controller#0.Inspect:1 Controller#0.Overlap:1 Controller#0.Proof:1 Controller#0.Review:1 Controller#0.Start:1] totalActions:6] threads:[] witness:[[false false false false]]]
. Expected DISABLED
. Actual [str_value:"DISABLED"], len:1
    Action Link: Controller#0.Resume
    Found matching Source Link: src:80 dest:79 name:"Controller#0.Resume" weight:0.125 type:"action" 10:"\n\x13Controller#0.Resume\x12\n\"DISABLED\""
  End of Request 26, current nodeId: 79, node: map[channel_messages:map[] channels:map[] current:0 failedInvariants:<nil> name:yield returns:{"Controller#0.Resume":"DISABLED"} roles:[map[fields:map[attempts:5 current:1 fault:true generation:1 inspected:true phase:pending proof:0 repair:0 repeats:0 reports:implementation,review review:1 saved:4 status:RUNNING] name:Controller params:map[] ref:0 ref_string:Controller#0]] state:map[controller:role Controller#0] stats:map[counts:map[Controller#0.Corrupt:1 Controller#0.Inspect:1 Controller#0.Proof:1 Controller#0.Resume:1 Controller#0.Review:1 Controller#0.Start:1] totalActions:6] threads:[] witness:[[false false false false]]]
. Expected DISABLED
. Actual [str_value:"DISABLED"], len:1
    Action Link: Controller#0.Corrupt
    Found matching Source Link: src:79 dest:76 name:"Controller#0.Corrupt" weight:0.125 type:"action" 10:"\n\x14Controller#0.Corrupt\x12\n\"DISABLED\""
  End of Request 27, current nodeId: 76, node: map[channel_messages:map[] channels:map[] current:0 failedInvariants:<nil> name:yield returns:{"Controller#0.Corrupt":"DISABLED"} roles:[map[fields:map[attempts:5 current:1 fault:true generation:1 inspected:true phase:pending proof:0 repair:0 repeats:0 reports:implementation,review review:1 saved:4 status:RUNNING] name:Controller params:map[] ref:0 ref_string:Controller#0]] state:map[controller:role Controller#0] stats:map[counts:map[Controller#0.Corrupt:2 Controller#0.Inspect:1 Controller#0.Proof:1 Controller#0.Review:1 Controller#0.Start:1] totalActions:6] threads:[] witness:[[false false false false]]]
. Expected DISABLED
. Actual [str_value:"DISABLED"], len:1
    Action Link: Controller#0.Overlap
    Found matching Source Link: src:76 dest:80 name:"Controller#0.Overlap" weight:0.125 type:"action" 10:"\n\x14Controller#0.Overlap\x12\n\"DISABLED\""
  End of Request 28, current nodeId: 80, node: map[channel_messages:map[] channels:map[] current:0 failedInvariants:<nil> name:yield returns:{"Controller#0.Overlap":"DISABLED"} roles:[map[fields:map[attempts:5 current:1 fault:true generation:1 inspected:true phase:pending proof:0 repair:0 repeats:0 reports:implementation,review review:1 saved:4 status:RUNNING] name:Controller params:map[] ref:0 ref_string:Controller#0]] state:map[controller:role Controller#0] stats:map[counts:map[Controller#0.Corrupt:1 Controller#0.Inspect:1 Controller#0.Overlap:1 Controller#0.Proof:1 Controller#0.Review:1 Controller#0.Start:1] totalActions:6] threads:[] witness:[[false false false false]]]
. Expected DISABLED
. Actual [str_value:"DISABLED"], len:1
    Action Link: Controller#0.Overlap
    Found matching Source Link: src:80 dest:80 name:"Controller#0.Overlap" weight:0.125 type:"action" 10:"\n\x14Controller#0.Overlap\x12\n\"DISABLED\""
  End of Request 29, current nodeId: 80, node: map[channel_messages:map[] channels:map[] current:0 failedInvariants:<nil> name:yield returns:{"Controller#0.Overlap":"DISABLED"} roles:[map[fields:map[attempts:5 current:1 fault:true generation:1 inspected:true phase:pending proof:0 repair:0 repeats:0 reports:implementation,review review:1 saved:4 status:RUNNING] name:Controller params:map[] ref:0 ref_string:Controller#0]] state:map[controller:role Controller#0] stats:map[counts:map[Controller#0.Corrupt:1 Controller#0.Inspect:1 Controller#0.Overlap:1 Controller#0.Proof:1 Controller#0.Review:1 Controller#0.Start:1] totalActions:6] threads:[] witness:[[false false false false]]]
. Expected DISABLED
. Actual [str_value:"DISABLED"], len:1
    Action Link: Controller#0.Corrupt
    Found matching Source Link: src:80 dest:76 name:"Controller#0.Corrupt" weight:0.125 type:"action" 10:"\n\x14Controller#0.Corrupt\x12\n\"DISABLED\""
  End of Request 30, current nodeId: 76, node: map[channel_messages:map[] channels:map[] current:0 failedInvariants:<nil> name:yield returns:{"Controller#0.Corrupt":"DISABLED"} roles:[map[fields:map[attempts:5 current:1 fault:true generation:1 inspected:true phase:pending proof:0 repair:0 repeats:0 reports:implementation,review review:1 saved:4 status:RUNNING] name:Controller params:map[] ref:0 ref_string:Controller#0]] state:map[controller:role Controller#0] stats:map[counts:map[Controller#0.Corrupt:2 Controller#0.Inspect:1 Controller#0.Proof:1 Controller#0.Review:1 Controller#0.Start:1] totalActions:6] threads:[] witness:[[false false false false]]]
. Expected DISABLED
. Actual [str_value:"DISABLED"], len:1
    Action Link: Controller#0.Proof
    Found matching Source Link: src:76 dest:75 name:"Controller#0.Proof" weight:0.125 type:"action" 10:"\n\x12Controller#0.Proof\x12\n\"DISABLED\""
  End of Request 31, current nodeId: 75, node: map[channel_messages:map[] channels:map[] current:0 failedInvariants:<nil> name:yield returns:{"Controller#0.Proof":"DISABLED"} roles:[map[fields:map[attempts:5 current:1 fault:true generation:1 inspected:true phase:pending proof:0 repair:0 repeats:0 reports:implementation,review review:1 saved:4 status:RUNNING] name:Controller params:map[] ref:0 ref_string:Controller#0]] state:map[controller:role Controller#0] stats:map[counts:map[Controller#0.Corrupt:1 Controller#0.Inspect:1 Controller#0.Proof:2 Controller#0.Review:1 Controller#0.Start:1] totalActions:6] threads:[] witness:[[false false false false]]]
. Expected DISABLED
. Actual [str_value:"DISABLED"], len:1
    Action Link: Controller#0.Start
    Found matching Source Link: src:75 dest:73 name:"Controller#0.Start" weight:0.125 type:"action" 10:"\n\x12Controller#0.Start\x12\n\"DISABLED\""
  End of Request 32, current nodeId: 73, node: map[channel_messages:map[] channels:map[] current:0 failedInvariants:<nil> name:yield returns:{"Controller#0.Start":"DISABLED"} roles:[map[fields:map[attempts:5 current:1 fault:true generation:1 inspected:true phase:pending proof:0 repair:0 repeats:0 reports:implementation,review review:1 saved:4 status:RUNNING] name:Controller params:map[] ref:0 ref_string:Controller#0]] state:map[controller:role Controller#0] stats:map[counts:map[Controller#0.Corrupt:1 Controller#0.Inspect:1 Controller#0.Proof:1 Controller#0.Review:1 Controller#0.Start:2] totalActions:6] threads:[] witness:[[false false false false]]]
. Expected DISABLED
. Actual [str_value:"DISABLED"], len:1
    Action Link: Controller#0.Corrupt
    Found matching Source Link: src:73 dest:76 name:"Controller#0.Corrupt" weight:0.125 type:"action" 10:"\n\x14Controller#0.Corrupt\x12\n\"DISABLED\""
  End of Request 33, current nodeId: 76, node: map[channel_messages:map[] channels:map[] current:0 failedInvariants:<nil> name:yield returns:{"Controller#0.Corrupt":"DISABLED"} roles:[map[fields:map[attempts:5 current:1 fault:true generation:1 inspected:true phase:pending proof:0 repair:0 repeats:0 reports:implementation,review review:1 saved:4 status:RUNNING] name:Controller params:map[] ref:0 ref_string:Controller#0]] state:map[controller:role Controller#0] stats:map[counts:map[Controller#0.Corrupt:2 Controller#0.Inspect:1 Controller#0.Proof:1 Controller#0.Review:1 Controller#0.Start:1] totalActions:6] threads:[] witness:[[false false false false]]]
. Expected DISABLED
. Actual [str_value:"DISABLED"], len:1
    Action Link: Controller#0.Restart
    Found matching Source Link: src:76 dest:77 name:"Controller#0.Restart" labels:"Projection.call" weight:0.125 type:"action" 10:"\n\x14Controller#0.Restart\x12/\"1|BLOCKED|5|4|implementation,review|0|1|1|0|1\""
  End of Request 34, current nodeId: 77, node: map[channel_messages:map[] channels:map[] current:0 failedInvariants:<nil> name:yield returns:{"Controller#0.Restart":"1|BLOCKED|5|4|implementation,review|0|1|1|0|1"} roles:[map[fields:map[attempts:5 current:1 fault:true generation:1 inspected:true phase:terminal proof:0 repair:0 repeats:0 reports:implementation,review review:1 saved:4 status:BLOCKED] name:Controller params:map[] ref:0 ref_string:Controller#0]] state:map[controller:role Controller#0] stats:map[counts:map[Controller#0.Corrupt:1 Controller#0.Inspect:1 Controller#0.Proof:1 Controller#0.Restart:1 Controller#0.Review:1 Controller#0.Start:1] totalActions:6] threads:[] witness:[[false false false false]]]
. Expected 1|BLOCKED|5|4|implementation,review|0|1|1|0|1
. Actual [str_value:"1|BLOCKED|5|4|implementation,review|0|1|1|0|1"], len:1
    Action Link: Controller#0.Review
    Found matching Source Link: src:77 dest:90 name:"Controller#0.Review" weight:0.125 type:"action" 10:"\n\x13Controller#0.Review\x12\n\"DISABLED\""
  End of Request 35, current nodeId: 90, node: map[channel_messages:map[] channels:map[] current:0 failedInvariants:<nil> name:yield returns:{"Controller#0.Review":"DISABLED"} roles:[map[fields:map[attempts:5 current:1 fault:true generation:1 inspected:true phase:terminal proof:0 repair:0 repeats:0 reports:implementation,review review:1 saved:4 status:BLOCKED] name:Controller params:map[] ref:0 ref_string:Controller#0]] state:map[controller:role Controller#0] stats:map[counts:map[Controller#0.Corrupt:1 Controller#0.Inspect:1 Controller#0.Proof:1 Controller#0.Restart:1 Controller#0.Review:2 Controller#0.Start:1] totalActions:7] threads:[] witness:[[false false false false]]]
. Expected DISABLED
. Actual [str_value:"DISABLED"], len:1
    Action Link: Controller#0.Review
    Found matching Source Link: src:90 dest:90 name:"Controller#0.Review" weight:0.125 type:"action" 10:"\n\x13Controller#0.Review\x12\n\"DISABLED\""
  End of Request 36, current nodeId: 90, node: map[channel_messages:map[] channels:map[] current:0 failedInvariants:<nil> name:yield returns:{"Controller#0.Review":"DISABLED"} roles:[map[fields:map[attempts:5 current:1 fault:true generation:1 inspected:true phase:terminal proof:0 repair:0 repeats:0 reports:implementation,review review:1 saved:4 status:BLOCKED] name:Controller params:map[] ref:0 ref_string:Controller#0]] state:map[controller:role Controller#0] stats:map[counts:map[Controller#0.Corrupt:1 Controller#0.Inspect:1 Controller#0.Proof:1 Controller#0.Restart:1 Controller#0.Review:2 Controller#0.Start:1] totalActions:7] threads:[] witness:[[false false false false]]]
. Expected DISABLED
. Actual [str_value:"DISABLED"], len:1
    Action Link: Controller#0.Corrupt
    Found matching Source Link: src:90 dest:92 name:"Controller#0.Corrupt" weight:0.125 type:"action" 10:"\n\x14Controller#0.Corrupt\x12\n\"DISABLED\""
  End of Request 37, current nodeId: 92, node: map[channel_messages:map[] channels:map[] current:0 failedInvariants:<nil> name:yield returns:{"Controller#0.Corrupt":"DISABLED"} roles:[map[fields:map[attempts:5 current:1 fault:true generation:1 inspected:true phase:terminal proof:0 repair:0 repeats:0 reports:implementation,review review:1 saved:4 status:BLOCKED] name:Controller params:map[] ref:0 ref_string:Controller#0]] state:map[controller:role Controller#0] stats:map[counts:map[Controller#0.Corrupt:2 Controller#0.Inspect:1 Controller#0.Proof:1 Controller#0.Restart:1 Controller#0.Review:1 Controller#0.Start:1] totalActions:7] threads:[] witness:[[false false false false]]]
. Expected DISABLED
. Actual [str_value:"DISABLED"], len:1
    Action Link: Controller#0.Resume
    Found matching Source Link: src:92 dest:95 name:"Controller#0.Resume" labels:"Projection.call" weight:0.125 type:"action" 10:"\n\x13Controller#0.Resume\x12/\"1|BLOCKED|5|4|implementation,review|0|1|1|0|1\""
  End of Request 38, current nodeId: 95, node: map[channel_messages:map[] channels:map[] current:0 failedInvariants:<nil> name:yield returns:{"Controller#0.Resume":"1|BLOCKED|5|4|implementation,review|0|1|1|0|1"} roles:[map[fields:map[attempts:5 current:1 fault:true generation:1 inspected:true phase:terminal proof:0 repair:0 repeats:1 reports:implementation,review review:1 saved:4 status:BLOCKED] name:Controller params:map[] ref:0 ref_string:Controller#0]] state:map[controller:role Controller#0] stats:map[counts:map[Controller#0.Corrupt:1 Controller#0.Inspect:1 Controller#0.Proof:1 Controller#0.Restart:1 Controller#0.Resume:1 Controller#0.Review:1 Controller#0.Start:1] totalActions:7] threads:[] witness:[[false false false false]]]
. Expected 1|BLOCKED|5|4|implementation,review|0|1|1|0|1
. Actual [str_value:"1|BLOCKED|5|4|implementation,review|0|1|1|0|1"], len:1
    Action Link: Controller#0.Start
    Found matching Source Link: src:95 dest:105 name:"Controller#0.Start" weight:0.125 type:"action" 10:"\n\x12Controller#0.Start\x12\n\"DISABLED\""
  End of Request 39, current nodeId: 105, node: map[channel_messages:map[] channels:map[] current:0 failedInvariants:<nil> name:yield returns:{"Controller#0.Start":"DISABLED"} roles:[map[fields:map[attempts:5 current:1 fault:true generation:1 inspected:true phase:terminal proof:0 repair:0 repeats:1 reports:implementation,review review:1 saved:4 status:BLOCKED] name:Controller params:map[] ref:0 ref_string:Controller#0]] state:map[controller:role Controller#0] stats:map[counts:map[Controller#0.Corrupt:1 Controller#0.Inspect:1 Controller#0.Proof:1 Controller#0.Restart:1 Controller#0.Resume:1 Controller#0.Review:1 Controller#0.Start:2] totalActions:8] threads:[] witness:[[false false false false]]]
. Expected DISABLED
. Actual [str_value:"DISABLED"], len:1
    Action Link: Controller#0.Start
    Found matching Source Link: src:105 dest:105 name:"Controller#0.Start" weight:0.125 type:"action" 10:"\n\x12Controller#0.Start\x12\n\"DISABLED\""
  End of Request 40, current nodeId: 105, node: map[channel_messages:map[] channels:map[] current:0 failedInvariants:<nil> name:yield returns:{"Controller#0.Start":"DISABLED"} roles:[map[fields:map[attempts:5 current:1 fault:true generation:1 inspected:true phase:terminal proof:0 repair:0 repeats:1 reports:implementation,review review:1 saved:4 status:BLOCKED] name:Controller params:map[] ref:0 ref_string:Controller#0]] state:map[controller:role Controller#0] stats:map[counts:map[Controller#0.Corrupt:1 Controller#0.Inspect:1 Controller#0.Proof:1 Controller#0.Restart:1 Controller#0.Resume:1 Controller#0.Review:1 Controller#0.Start:2] totalActions:8] threads:[] witness:[[false false false false]]]
. Expected DISABLED
. Actual [str_value:"DISABLED"], len:1
    Action Link: Controller#0.Resume
    Found matching Source Link: src:105 dest:111 name:"Controller#0.Resume" labels:"Projection.call" weight:0.125 type:"action" 10:"\n\x13Controller#0.Resume\x12/\"1|BLOCKED|5|4|implementation,review|0|1|1|0|1\""
  End of Request 41, current nodeId: 111, node: map[channel_messages:map[] channels:map[] current:0 failedInvariants:<nil> name:yield returns:{"Controller#0.Resume":"1|BLOCKED|5|4|implementation,review|0|1|1|0|1"} roles:[map[fields:map[attempts:5 current:1 fault:true generation:1 inspected:true phase:terminal proof:0 repair:0 repeats:2 reports:implementation,review review:1 saved:4 status:BLOCKED] name:Controller params:map[] ref:0 ref_string:Controller#0]] state:map[controller:role Controller#0] stats:map[counts:map[Controller#0.Corrupt:1 Controller#0.Inspect:1 Controller#0.Proof:1 Controller#0.Restart:1 Controller#0.Resume:2 Controller#0.Review:1 Controller#0.Start:1] totalActions:8] threads:[] witness:[[false false false false]]]
. Expected 1|BLOCKED|5|4|implementation,review|0|1|1|0|1
. Actual [str_value:"1|BLOCKED|5|4|implementation,review|0|1|1|0|1"], len:1
    Action Link: Controller#0.Overlap
    Found matching Source Link: src:111 dest:120 name:"Controller#0.Overlap" weight:0.125 type:"action" 10:"\n\x14Controller#0.Overlap\x12\n\"DISABLED\""
  End of Request 42, current nodeId: 120, node: map[channel_messages:map[] channels:map[] current:0 failedInvariants:<nil> name:yield returns:{"Controller#0.Overlap":"DISABLED"} roles:[map[fields:map[attempts:5 current:1 fault:true generation:1 inspected:true phase:terminal proof:0 repair:0 repeats:2 reports:implementation,review review:1 saved:4 status:BLOCKED] name:Controller params:map[] ref:0 ref_string:Controller#0]] state:map[controller:role Controller#0] stats:map[counts:map[Controller#0.Corrupt:1 Controller#0.Inspect:1 Controller#0.Overlap:1 Controller#0.Proof:1 Controller#0.Restart:1 Controller#0.Resume:2 Controller#0.Review:1 Controller#0.Start:1] totalActions:9] threads:[] witness:[[false false false false]]]
. Expected DISABLED
. Actual [str_value:"DISABLED"], len:1
    Action Link: Controller#0.Start
    Found matching Source Link: src:120 dest:113 name:"Controller#0.Start" weight:0.125 type:"action" 10:"\n\x12Controller#0.Start\x12\n\"DISABLED\""
  End of Request 43, current nodeId: 113, node: map[channel_messages:map[] channels:map[] current:0 failedInvariants:<nil> name:yield returns:{"Controller#0.Start":"DISABLED"} roles:[map[fields:map[attempts:5 current:1 fault:true generation:1 inspected:true phase:terminal proof:0 repair:0 repeats:2 reports:implementation,review review:1 saved:4 status:BLOCKED] name:Controller params:map[] ref:0 ref_string:Controller#0]] state:map[controller:role Controller#0] stats:map[counts:map[Controller#0.Corrupt:1 Controller#0.Inspect:1 Controller#0.Proof:1 Controller#0.Restart:1 Controller#0.Resume:2 Controller#0.Review:1 Controller#0.Start:2] totalActions:9] threads:[] witness:[[false false false false]]]
. Expected DISABLED
. Actual [str_value:"DISABLED"], len:1
    Action Link: Controller#0.Proof
    Found matching Source Link: src:113 dest:115 name:"Controller#0.Proof" weight:0.125 type:"action" 10:"\n\x12Controller#0.Proof\x12\n\"DISABLED\""
  End of Request 44, current nodeId: 115, node: map[channel_messages:map[] channels:map[] current:0 failedInvariants:<nil> name:yield returns:{"Controller#0.Proof":"DISABLED"} roles:[map[fields:map[attempts:5 current:1 fault:true generation:1 inspected:true phase:terminal proof:0 repair:0 repeats:2 reports:implementation,review review:1 saved:4 status:BLOCKED] name:Controller params:map[] ref:0 ref_string:Controller#0]] state:map[controller:role Controller#0] stats:map[counts:map[Controller#0.Corrupt:1 Controller#0.Inspect:1 Controller#0.Proof:2 Controller#0.Restart:1 Controller#0.Resume:2 Controller#0.Review:1 Controller#0.Start:1] totalActions:9] threads:[] witness:[[false false false false]]]
. Expected DISABLED
. Actual [str_value:"DISABLED"], len:1
    Action Link: Controller#0.Review
    Found matching Source Link: src:115 dest:114 name:"Controller#0.Review" weight:0.125 type:"action" 10:"\n\x13Controller#0.Review\x12\n\"DISABLED\""
  End of Request 45, current nodeId: 114, node: map[channel_messages:map[] channels:map[] current:0 failedInvariants:<nil> name:yield returns:{"Controller#0.Review":"DISABLED"} roles:[map[fields:map[attempts:5 current:1 fault:true generation:1 inspected:true phase:terminal proof:0 repair:0 repeats:2 reports:implementation,review review:1 saved:4 status:BLOCKED] name:Controller params:map[] ref:0 ref_string:Controller#0]] state:map[controller:role Controller#0] stats:map[counts:map[Controller#0.Corrupt:1 Controller#0.Inspect:1 Controller#0.Proof:1 Controller#0.Restart:1 Controller#0.Resume:2 Controller#0.Review:2 Controller#0.Start:1] totalActions:9] threads:[] witness:[[false false false false]]]
. Expected DISABLED
. Actual [str_value:"DISABLED"], len:1
    Action Link: Controller#0.Start
    Found matching Source Link: src:114 dest:113 name:"Controller#0.Start" weight:0.125 type:"action" 10:"\n\x12Controller#0.Start\x12\n\"DISABLED\""
  End of Request 46, current nodeId: 113, node: map[channel_messages:map[] channels:map[] current:0 failedInvariants:<nil> name:yield returns:{"Controller#0.Start":"DISABLED"} roles:[map[fields:map[attempts:5 current:1 fault:true generation:1 inspected:true phase:terminal proof:0 repair:0 repeats:2 reports:implementation,review review:1 saved:4 status:BLOCKED] name:Controller params:map[] ref:0 ref_string:Controller#0]] state:map[controller:role Controller#0] stats:map[counts:map[Controller#0.Corrupt:1 Controller#0.Inspect:1 Controller#0.Proof:1 Controller#0.Restart:1 Controller#0.Resume:2 Controller#0.Review:1 Controller#0.Start:2] totalActions:9] threads:[] witness:[[false false false false]]]
. Expected DISABLED
. Actual [str_value:"DISABLED"], len:1
    Action Link: Controller#0.Start
    Found matching Source Link: src:113 dest:113 name:"Controller#0.Start" weight:0.125 type:"action" 10:"\n\x12Controller#0.Start\x12\n\"DISABLED\""
  End of Request 47, current nodeId: 113, node: map[channel_messages:map[] channels:map[] current:0 failedInvariants:<nil> name:yield returns:{"Controller#0.Start":"DISABLED"} roles:[map[fields:map[attempts:5 current:1 fault:true generation:1 inspected:true phase:terminal proof:0 repair:0 repeats:2 reports:implementation,review review:1 saved:4 status:BLOCKED] name:Controller params:map[] ref:0 ref_string:Controller#0]] state:map[controller:role Controller#0] stats:map[counts:map[Controller#0.Corrupt:1 Controller#0.Inspect:1 Controller#0.Proof:1 Controller#0.Restart:1 Controller#0.Resume:2 Controller#0.Review:1 Controller#0.Start:2] totalActions:9] threads:[] witness:[[false false false false]]]
. Expected DISABLED
. Actual [str_value:"DISABLED"], len:1
    Action Link: Controller#0.Restart
    Found matching Source Link: src:113 dest:117 name:"Controller#0.Restart" weight:0.125 type:"action" 10:"\n\x14Controller#0.Restart\x12\n\"DISABLED\""
  End of Request 48, current nodeId: 117, node: map[channel_messages:map[] channels:map[] current:0 failedInvariants:<nil> name:yield returns:{"Controller#0.Restart":"DISABLED"} roles:[map[fields:map[attempts:5 current:1 fault:true generation:1 inspected:true phase:terminal proof:0 repair:0 repeats:2 reports:implementation,review review:1 saved:4 status:BLOCKED] name:Controller params:map[] ref:0 ref_string:Controller#0]] state:map[controller:role Controller#0] stats:map[counts:map[Controller#0.Corrupt:1 Controller#0.Inspect:1 Controller#0.Proof:1 Controller#0.Restart:2 Controller#0.Resume:2 Controller#0.Review:1 Controller#0.Start:1] totalActions:9] threads:[] witness:[[false false false false]]]
. Expected DISABLED
. Actual [str_value:"DISABLED"], len:1
    Action Link: Controller#0.Corrupt
    Found matching Source Link: src:117 dest:116 name:"Controller#0.Corrupt" weight:0.125 type:"action" 10:"\n\x14Controller#0.Corrupt\x12\n\"DISABLED\""
  End of Request 49, current nodeId: 116, node: map[channel_messages:map[] channels:map[] current:0 failedInvariants:<nil> name:yield returns:{"Controller#0.Corrupt":"DISABLED"} roles:[map[fields:map[attempts:5 current:1 fault:true generation:1 inspected:true phase:terminal proof:0 repair:0 repeats:2 reports:implementation,review review:1 saved:4 status:BLOCKED] name:Controller params:map[] ref:0 ref_string:Controller#0]] state:map[controller:role Controller#0] stats:map[counts:map[Controller#0.Corrupt:2 Controller#0.Inspect:1 Controller#0.Proof:1 Controller#0.Restart:1 Controller#0.Resume:2 Controller#0.Review:1 Controller#0.Start:1] totalActions:9] threads:[] witness:[[false false false false]]]
. Expected DISABLED
. Actual [str_value:"DISABLED"], len:1
    Action Link: Controller#0.Review
    Found matching Source Link: src:116 dest:114 name:"Controller#0.Review" weight:0.125 type:"action" 10:"\n\x13Controller#0.Review\x12\n\"DISABLED\""
  End of Request 50, current nodeId: 114, node: map[channel_messages:map[] channels:map[] current:0 failedInvariants:<nil> name:yield returns:{"Controller#0.Review":"DISABLED"} roles:[map[fields:map[attempts:5 current:1 fault:true generation:1 inspected:true phase:terminal proof:0 repair:0 repeats:2 reports:implementation,review review:1 saved:4 status:BLOCKED] name:Controller params:map[] ref:0 ref_string:Controller#0]] state:map[controller:role Controller#0] stats:map[counts:map[Controller#0.Corrupt:1 Controller#0.Inspect:1 Controller#0.Proof:1 Controller#0.Restart:1 Controller#0.Resume:2 Controller#0.Review:2 Controller#0.Start:1] totalActions:9] threads:[] witness:[[false false false false]]]
. Expected DISABLED
. Actual [str_value:"DISABLED"], len:1
    Action Link: Controller#0.Corrupt
    Found matching Source Link: src:114 dest:116 name:"Controller#0.Corrupt" weight:0.125 type:"action" 10:"\n\x14Controller#0.Corrupt\x12\n\"DISABLED\""
  End of Request 51, current nodeId: 116, node: map[channel_messages:map[] channels:map[] current:0 failedInvariants:<nil> name:yield returns:{"Controller#0.Corrupt":"DISABLED"} roles:[map[fields:map[attempts:5 current:1 fault:true generation:1 inspected:true phase:terminal proof:0 repair:0 repeats:2 reports:implementation,review review:1 saved:4 status:BLOCKED] name:Controller params:map[] ref:0 ref_string:Controller#0]] state:map[controller:role Controller#0] stats:map[counts:map[Controller#0.Corrupt:2 Controller#0.Inspect:1 Controller#0.Proof:1 Controller#0.Restart:1 Controller#0.Resume:2 Controller#0.Review:1 Controller#0.Start:1] totalActions:9] threads:[] witness:[[false false false false]]]
. Expected DISABLED
. Actual [str_value:"DISABLED"], len:1
    Action Link: Controller#0.Review
    Found matching Source Link: src:116 dest:114 name:"Controller#0.Review" weight:0.125 type:"action" 10:"\n\x13Controller#0.Review\x12\n\"DISABLED\""
  End of Request 52, current nodeId: 114, node: map[channel_messages:map[] channels:map[] current:0 failedInvariants:<nil> name:yield returns:{"Controller#0.Review":"DISABLED"} roles:[map[fields:map[attempts:5 current:1 fault:true generation:1 inspected:true phase:terminal proof:0 repair:0 repeats:2 reports:implementation,review review:1 saved:4 status:BLOCKED] name:Controller params:map[] ref:0 ref_string:Controller#0]] state:map[controller:role Controller#0] stats:map[counts:map[Controller#0.Corrupt:1 Controller#0.Inspect:1 Controller#0.Proof:1 Controller#0.Restart:1 Controller#0.Resume:2 Controller#0.Review:2 Controller#0.Start:1] totalActions:9] threads:[] witness:[[false false false false]]]
. Expected DISABLED
. Actual [str_value:"DISABLED"], len:1
    Action Link: Controller#0.Review
    Found matching Source Link: src:114 dest:114 name:"Controller#0.Review" weight:0.125 type:"action" 10:"\n\x13Controller#0.Review\x12\n\"DISABLED\""
  End of Request 53, current nodeId: 114, node: map[channel_messages:map[] channels:map[] current:0 failedInvariants:<nil> name:yield returns:{"Controller#0.Review":"DISABLED"} roles:[map[fields:map[attempts:5 current:1 fault:true generation:1 inspected:true phase:terminal proof:0 repair:0 repeats:2 reports:implementation,review review:1 saved:4 status:BLOCKED] name:Controller params:map[] ref:0 ref_string:Controller#0]] state:map[controller:role Controller#0] stats:map[counts:map[Controller#0.Corrupt:1 Controller#0.Inspect:1 Controller#0.Proof:1 Controller#0.Restart:1 Controller#0.Resume:2 Controller#0.Review:2 Controller#0.Start:1] totalActions:9] threads:[] witness:[[false false false false]]]
. Expected DISABLED
. Actual [str_value:"DISABLED"], len:1
    Action Link: Controller#0.Corrupt
    Found matching Source Link: src:114 dest:116 name:"Controller#0.Corrupt" weight:0.125 type:"action" 10:"\n\x14Controller#0.Corrupt\x12\n\"DISABLED\""
  End of Request 54, current nodeId: 116, node: map[channel_messages:map[] channels:map[] current:0 failedInvariants:<nil> name:yield returns:{"Controller#0.Corrupt":"DISABLED"} roles:[map[fields:map[attempts:5 current:1 fault:true generation:1 inspected:true phase:terminal proof:0 repair:0 repeats:2 reports:implementation,review review:1 saved:4 status:BLOCKED] name:Controller params:map[] ref:0 ref_string:Controller#0]] state:map[controller:role Controller#0] stats:map[counts:map[Controller#0.Corrupt:2 Controller#0.Inspect:1 Controller#0.Proof:1 Controller#0.Restart:1 Controller#0.Resume:2 Controller#0.Review:1 Controller#0.Start:1] totalActions:9] threads:[] witness:[[false false false false]]]
. Expected DISABLED
. Actual [str_value:"DISABLED"], len:1
    Action Link: Controller#0.Corrupt
    Found matching Source Link: src:116 dest:116 name:"Controller#0.Corrupt" weight:0.125 type:"action" 10:"\n\x14Controller#0.Corrupt\x12\n\"DISABLED\""
  End of Request 55, current nodeId: 116, node: map[channel_messages:map[] channels:map[] current:0 failedInvariants:<nil> name:yield returns:{"Controller#0.Corrupt":"DISABLED"} roles:[map[fields:map[attempts:5 current:1 fault:true generation:1 inspected:true phase:terminal proof:0 repair:0 repeats:2 reports:implementation,review review:1 saved:4 status:BLOCKED] name:Controller params:map[] ref:0 ref_string:Controller#0]] state:map[controller:role Controller#0] stats:map[counts:map[Controller#0.Corrupt:2 Controller#0.Inspect:1 Controller#0.Proof:1 Controller#0.Restart:1 Controller#0.Resume:2 Controller#0.Review:1 Controller#0.Start:1] totalActions:9] threads:[] witness:[[false false false false]]]
. Expected DISABLED
. Actual [str_value:"DISABLED"], len:1
    Action Link: Controller#0.Start
    Found matching Source Link: src:116 dest:113 name:"Controller#0.Start" weight:0.125 type:"action" 10:"\n\x12Controller#0.Start\x12\n\"DISABLED\""
  End of Request 56, current nodeId: 113, node: map[channel_messages:map[] channels:map[] current:0 failedInvariants:<nil> name:yield returns:{"Controller#0.Start":"DISABLED"} roles:[map[fields:map[attempts:5 current:1 fault:true generation:1 inspected:true phase:terminal proof:0 repair:0 repeats:2 reports:implementation,review review:1 saved:4 status:BLOCKED] name:Controller params:map[] ref:0 ref_string:Controller#0]] state:map[controller:role Controller#0] stats:map[counts:map[Controller#0.Corrupt:1 Controller#0.Inspect:1 Controller#0.Proof:1 Controller#0.Restart:1 Controller#0.Resume:2 Controller#0.Review:1 Controller#0.Start:2] totalActions:9] threads:[] witness:[[false false false false]]]
. Expected DISABLED
. Actual [str_value:"DISABLED"], len:1
    Action Link: Controller#0.Proof
    Found matching Source Link: src:113 dest:115 name:"Controller#0.Proof" weight:0.125 type:"action" 10:"\n\x12Controller#0.Proof\x12\n\"DISABLED\""
  End of Request 57, current nodeId: 115, node: map[channel_messages:map[] channels:map[] current:0 failedInvariants:<nil> name:yield returns:{"Controller#0.Proof":"DISABLED"} roles:[map[fields:map[attempts:5 current:1 fault:true generation:1 inspected:true phase:terminal proof:0 repair:0 repeats:2 reports:implementation,review review:1 saved:4 status:BLOCKED] name:Controller params:map[] ref:0 ref_string:Controller#0]] state:map[controller:role Controller#0] stats:map[counts:map[Controller#0.Corrupt:1 Controller#0.Inspect:1 Controller#0.Proof:2 Controller#0.Restart:1 Controller#0.Resume:2 Controller#0.Review:1 Controller#0.Start:1] totalActions:9] threads:[] witness:[[false false false false]]]
. Expected DISABLED
. Actual [str_value:"DISABLED"], len:1
    Action Link: Controller#0.Inspect
    Found matching Source Link: src:115 dest:118 name:"Controller#0.Inspect" weight:0.125 type:"action" 10:"\n\x14Controller#0.Inspect\x12\n\"DISABLED\""
  End of Request 58, current nodeId: 118, node: map[channel_messages:map[] channels:map[] current:0 failedInvariants:<nil> name:yield returns:{"Controller#0.Inspect":"DISABLED"} roles:[map[fields:map[attempts:5 current:1 fault:true generation:1 inspected:true phase:terminal proof:0 repair:0 repeats:2 reports:implementation,review review:1 saved:4 status:BLOCKED] name:Controller params:map[] ref:0 ref_string:Controller#0]] state:map[controller:role Controller#0] stats:map[counts:map[Controller#0.Corrupt:1 Controller#0.Inspect:2 Controller#0.Proof:1 Controller#0.Restart:1 Controller#0.Resume:2 Controller#0.Review:1 Controller#0.Start:1] totalActions:9] threads:[] witness:[[false false false false]]]
. Expected DISABLED
. Actual [str_value:"DISABLED"], len:1
    Action Link: Controller#0.Inspect
    Found matching Source Link: src:118 dest:118 name:"Controller#0.Inspect" weight:0.125 type:"action" 10:"\n\x14Controller#0.Inspect\x12\n\"DISABLED\""
  End of Request 59, current nodeId: 118, node: map[channel_messages:map[] channels:map[] current:0 failedInvariants:<nil> name:yield returns:{"Controller#0.Inspect":"DISABLED"} roles:[map[fields:map[attempts:5 current:1 fault:true generation:1 inspected:true phase:terminal proof:0 repair:0 repeats:2 reports:implementation,review review:1 saved:4 status:BLOCKED] name:Controller params:map[] ref:0 ref_string:Controller#0]] state:map[controller:role Controller#0] stats:map[counts:map[Controller#0.Corrupt:1 Controller#0.Inspect:2 Controller#0.Proof:1 Controller#0.Restart:1 Controller#0.Resume:2 Controller#0.Review:1 Controller#0.Start:1] totalActions:9] threads:[] witness:[[false false false false]]]
. Expected DISABLED
. Actual [str_value:"DISABLED"], len:1
    Action Link: Controller#0.Inspect
    Found matching Source Link: src:118 dest:118 name:"Controller#0.Inspect" weight:0.125 type:"action" 10:"\n\x14Controller#0.Inspect\x12\n\"DISABLED\""
  End of Request 60, current nodeId: 118, node: map[channel_messages:map[] channels:map[] current:0 failedInvariants:<nil> name:yield returns:{"Controller#0.Inspect":"DISABLED"} roles:[map[fields:map[attempts:5 current:1 fault:true generation:1 inspected:true phase:terminal proof:0 repair:0 repeats:2 reports:implementation,review review:1 saved:4 status:BLOCKED] name:Controller params:map[] ref:0 ref_string:Controller#0]] state:map[controller:role Controller#0] stats:map[counts:map[Controller#0.Corrupt:1 Controller#0.Inspect:2 Controller#0.Proof:1 Controller#0.Restart:1 Controller#0.Resume:2 Controller#0.Review:1 Controller#0.Start:1] totalActions:9] threads:[] witness:[[false false false false]]]
. Expected DISABLED
. Actual [str_value:"DISABLED"], len:1
    Action Link: Controller#0.Review
    Found matching Source Link: src:118 dest:114 name:"Controller#0.Review" weight:0.125 type:"action" 10:"\n\x13Controller#0.Review\x12\n\"DISABLED\""
  End of Request 61, current nodeId: 114, node: map[channel_messages:map[] channels:map[] current:0 failedInvariants:<nil> name:yield returns:{"Controller#0.Review":"DISABLED"} roles:[map[fields:map[attempts:5 current:1 fault:true generation:1 inspected:true phase:terminal proof:0 repair:0 repeats:2 reports:implementation,review review:1 saved:4 status:BLOCKED] name:Controller params:map[] ref:0 ref_string:Controller#0]] state:map[controller:role Controller#0] stats:map[counts:map[Controller#0.Corrupt:1 Controller#0.Inspect:1 Controller#0.Proof:1 Controller#0.Restart:1 Controller#0.Resume:2 Controller#0.Review:2 Controller#0.Start:1] totalActions:9] threads:[] witness:[[false false false false]]]
. Expected DISABLED
. Actual [str_value:"DISABLED"], len:1
    Action Link: Controller#0.Start
    Found matching Source Link: src:114 dest:113 name:"Controller#0.Start" weight:0.125 type:"action" 10:"\n\x12Controller#0.Start\x12\n\"DISABLED\""
  End of Request 62, current nodeId: 113, node: map[channel_messages:map[] channels:map[] current:0 failedInvariants:<nil> name:yield returns:{"Controller#0.Start":"DISABLED"} roles:[map[fields:map[attempts:5 current:1 fault:true generation:1 inspected:true phase:terminal proof:0 repair:0 repeats:2 reports:implementation,review review:1 saved:4 status:BLOCKED] name:Controller params:map[] ref:0 ref_string:Controller#0]] state:map[controller:role Controller#0] stats:map[counts:map[Controller#0.Corrupt:1 Controller#0.Inspect:1 Controller#0.Proof:1 Controller#0.Restart:1 Controller#0.Resume:2 Controller#0.Review:1 Controller#0.Start:2] totalActions:9] threads:[] witness:[[false false false false]]]
. Expected DISABLED
. Actual [str_value:"DISABLED"], len:1
    Action Link: Controller#0.Resume
    Found matching Source Link: src:113 dest:119 name:"Controller#0.Resume" weight:0.125 type:"action" 10:"\n\x13Controller#0.Resume\x12\n\"DISABLED\""
  End of Request 63, current nodeId: 119, node: map[channel_messages:map[] channels:map[] current:0 failedInvariants:<nil> name:yield returns:{"Controller#0.Resume":"DISABLED"} roles:[map[fields:map[attempts:5 current:1 fault:true generation:1 inspected:true phase:terminal proof:0 repair:0 repeats:2 reports:implementation,review review:1 saved:4 status:BLOCKED] name:Controller params:map[] ref:0 ref_string:Controller#0]] state:map[controller:role Controller#0] stats:map[counts:map[Controller#0.Corrupt:1 Controller#0.Inspect:1 Controller#0.Proof:1 Controller#0.Restart:1 Controller#0.Resume:3 Controller#0.Review:1 Controller#0.Start:1] totalActions:9] threads:[] witness:[[false false false false]]]
. Expected DISABLED
. Actual [str_value:"DISABLED"], len:1
    Action Link: Controller#0.Proof
    Found matching Source Link: src:119 dest:115 name:"Controller#0.Proof" weight:0.125 type:"action" 10:"\n\x12Controller#0.Proof\x12\n\"DISABLED\""
  End of Request 64, current nodeId: 115, node: map[channel_messages:map[] channels:map[] current:0 failedInvariants:<nil> name:yield returns:{"Controller#0.Proof":"DISABLED"} roles:[map[fields:map[attempts:5 current:1 fault:true generation:1 inspected:true phase:terminal proof:0 repair:0 repeats:2 reports:implementation,review review:1 saved:4 status:BLOCKED] name:Controller params:map[] ref:0 ref_string:Controller#0]] state:map[controller:role Controller#0] stats:map[counts:map[Controller#0.Corrupt:1 Controller#0.Inspect:1 Controller#0.Proof:2 Controller#0.Restart:1 Controller#0.Resume:2 Controller#0.Review:1 Controller#0.Start:1] totalActions:9] threads:[] witness:[[false false false false]]]
. Expected DISABLED
. Actual [str_value:"DISABLED"], len:1
    Action Link: Controller#0.Overlap
    Found matching Source Link: src:115 dest:120 name:"Controller#0.Overlap" weight:0.125 type:"action" 10:"\n\x14Controller#0.Overlap\x12\n\"DISABLED\""
  End of Request 65, current nodeId: 120, node: map[channel_messages:map[] channels:map[] current:0 failedInvariants:<nil> name:yield returns:{"Controller#0.Overlap":"DISABLED"} roles:[map[fields:map[attempts:5 current:1 fault:true generation:1 inspected:true phase:terminal proof:0 repair:0 repeats:2 reports:implementation,review review:1 saved:4 status:BLOCKED] name:Controller params:map[] ref:0 ref_string:Controller#0]] state:map[controller:role Controller#0] stats:map[counts:map[Controller#0.Corrupt:1 Controller#0.Inspect:1 Controller#0.Overlap:1 Controller#0.Proof:1 Controller#0.Restart:1 Controller#0.Resume:2 Controller#0.Review:1 Controller#0.Start:1] totalActions:9] threads:[] witness:[[false false false false]]]
. Expected DISABLED
. Actual [str_value:"DISABLED"], len:1
    Action Link: Controller#0.Review
    Found matching Source Link: src:120 dest:114 name:"Controller#0.Review" weight:0.125 type:"action" 10:"\n\x13Controller#0.Review\x12\n\"DISABLED\""
  End of Request 66, current nodeId: 114, node: map[channel_messages:map[] channels:map[] current:0 failedInvariants:<nil> name:yield returns:{"Controller#0.Review":"DISABLED"} roles:[map[fields:map[attempts:5 current:1 fault:true generation:1 inspected:true phase:terminal proof:0 repair:0 repeats:2 reports:implementation,review review:1 saved:4 status:BLOCKED] name:Controller params:map[] ref:0 ref_string:Controller#0]] state:map[controller:role Controller#0] stats:map[counts:map[Controller#0.Corrupt:1 Controller#0.Inspect:1 Controller#0.Proof:1 Controller#0.Restart:1 Controller#0.Resume:2 Controller#0.Review:2 Controller#0.Start:1] totalActions:9] threads:[] witness:[[false false false false]]]
. Expected DISABLED
. Actual [str_value:"DISABLED"], len:1
    Action Link: Controller#0.Review
    Found matching Source Link: src:114 dest:114 name:"Controller#0.Review" weight:0.125 type:"action" 10:"\n\x13Controller#0.Review\x12\n\"DISABLED\""
  End of Request 67, current nodeId: 114, node: map[channel_messages:map[] channels:map[] current:0 failedInvariants:<nil> name:yield returns:{"Controller#0.Review":"DISABLED"} roles:[map[fields:map[attempts:5 current:1 fault:true generation:1 inspected:true phase:terminal proof:0 repair:0 repeats:2 reports:implementation,review review:1 saved:4 status:BLOCKED] name:Controller params:map[] ref:0 ref_string:Controller#0]] state:map[controller:role Controller#0] stats:map[counts:map[Controller#0.Corrupt:1 Controller#0.Inspect:1 Controller#0.Proof:1 Controller#0.Restart:1 Controller#0.Resume:2 Controller#0.Review:2 Controller#0.Start:1] totalActions:9] threads:[] witness:[[false false false false]]]
. Expected DISABLED
. Actual [str_value:"DISABLED"], len:1
    Action Link: Controller#0.Proof
    Found matching Source Link: src:114 dest:115 name:"Controller#0.Proof" weight:0.125 type:"action" 10:"\n\x12Controller#0.Proof\x12\n\"DISABLED\""
  End of Request 68, current nodeId: 115, node: map[channel_messages:map[] channels:map[] current:0 failedInvariants:<nil> name:yield returns:{"Controller#0.Proof":"DISABLED"} roles:[map[fields:map[attempts:5 current:1 fault:true generation:1 inspected:true phase:terminal proof:0 repair:0 repeats:2 reports:implementation,review review:1 saved:4 status:BLOCKED] name:Controller params:map[] ref:0 ref_string:Controller#0]] state:map[controller:role Controller#0] stats:map[counts:map[Controller#0.Corrupt:1 Controller#0.Inspect:1 Controller#0.Proof:2 Controller#0.Restart:1 Controller#0.Resume:2 Controller#0.Review:1 Controller#0.Start:1] totalActions:9] threads:[] witness:[[false false false false]]]
. Expected DISABLED
. Actual [str_value:"DISABLED"], len:1
    Action Link: Controller#0.Proof
    Found matching Source Link: src:115 dest:115 name:"Controller#0.Proof" weight:0.125 type:"action" 10:"\n\x12Controller#0.Proof\x12\n\"DISABLED\""
  End of Request 69, current nodeId: 115, node: map[channel_messages:map[] channels:map[] current:0 failedInvariants:<nil> name:yield returns:{"Controller#0.Proof":"DISABLED"} roles:[map[fields:map[attempts:5 current:1 fault:true generation:1 inspected:true phase:terminal proof:0 repair:0 repeats:2 reports:implementation,review review:1 saved:4 status:BLOCKED] name:Controller params:map[] ref:0 ref_string:Controller#0]] state:map[controller:role Controller#0] stats:map[counts:map[Controller#0.Corrupt:1 Controller#0.Inspect:1 Controller#0.Proof:2 Controller#0.Restart:1 Controller#0.Resume:2 Controller#0.Review:1 Controller#0.Start:1] totalActions:9] threads:[] witness:[[false false false false]]]
. Expected DISABLED
. Actual [str_value:"DISABLED"], len:1
    Action Link: Controller#0.Inspect
    Found matching Source Link: src:115 dest:118 name:"Controller#0.Inspect" weight:0.125 type:"action" 10:"\n\x14Controller#0.Inspect\x12\n\"DISABLED\""
  End of Request 70, current nodeId: 118, node: map[channel_messages:map[] channels:map[] current:0 failedInvariants:<nil> name:yield returns:{"Controller#0.Inspect":"DISABLED"} roles:[map[fields:map[attempts:5 current:1 fault:true generation:1 inspected:true phase:terminal proof:0 repair:0 repeats:2 reports:implementation,review review:1 saved:4 status:BLOCKED] name:Controller params:map[] ref:0 ref_string:Controller#0]] state:map[controller:role Controller#0] stats:map[counts:map[Controller#0.Corrupt:1 Controller#0.Inspect:2 Controller#0.Proof:1 Controller#0.Restart:1 Controller#0.Resume:2 Controller#0.Review:1 Controller#0.Start:1] totalActions:9] threads:[] witness:[[false false false false]]]
. Expected DISABLED
. Actual [str_value:"DISABLED"], len:1
    Action Link: Controller#0.Start
    Found matching Source Link: src:118 dest:113 name:"Controller#0.Start" weight:0.125 type:"action" 10:"\n\x12Controller#0.Start\x12\n\"DISABLED\""
  End of Request 71, current nodeId: 113, node: map[channel_messages:map[] channels:map[] current:0 failedInvariants:<nil> name:yield returns:{"Controller#0.Start":"DISABLED"} roles:[map[fields:map[attempts:5 current:1 fault:true generation:1 inspected:true phase:terminal proof:0 repair:0 repeats:2 reports:implementation,review review:1 saved:4 status:BLOCKED] name:Controller params:map[] ref:0 ref_string:Controller#0]] state:map[controller:role Controller#0] stats:map[counts:map[Controller#0.Corrupt:1 Controller#0.Inspect:1 Controller#0.Proof:1 Controller#0.Restart:1 Controller#0.Resume:2 Controller#0.Review:1 Controller#0.Start:2] totalActions:9] threads:[] witness:[[false false false false]]]
. Expected DISABLED
. Actual [str_value:"DISABLED"], len:1
    Action Link: Controller#0.Proof
    Found matching Source Link: src:113 dest:115 name:"Controller#0.Proof" weight:0.125 type:"action" 10:"\n\x12Controller#0.Proof\x12\n\"DISABLED\""
  End of Request 72, current nodeId: 115, node: map[channel_messages:map[] channels:map[] current:0 failedInvariants:<nil> name:yield returns:{"Controller#0.Proof":"DISABLED"} roles:[map[fields:map[attempts:5 current:1 fault:true generation:1 inspected:true phase:terminal proof:0 repair:0 repeats:2 reports:implementation,review review:1 saved:4 status:BLOCKED] name:Controller params:map[] ref:0 ref_string:Controller#0]] state:map[controller:role Controller#0] stats:map[counts:map[Controller#0.Corrupt:1 Controller#0.Inspect:1 Controller#0.Proof:2 Controller#0.Restart:1 Controller#0.Resume:2 Controller#0.Review:1 Controller#0.Start:1] totalActions:9] threads:[] witness:[[false false false false]]]
. Expected DISABLED
. Actual [str_value:"DISABLED"], len:1
    Action Link: Controller#0.Overlap
    Found matching Source Link: src:115 dest:120 name:"Controller#0.Overlap" weight:0.125 type:"action" 10:"\n\x14Controller#0.Overlap\x12\n\"DISABLED\""
  End of Request 73, current nodeId: 120, node: map[channel_messages:map[] channels:map[] current:0 failedInvariants:<nil> name:yield returns:{"Controller#0.Overlap":"DISABLED"} roles:[map[fields:map[attempts:5 current:1 fault:true generation:1 inspected:true phase:terminal proof:0 repair:0 repeats:2 reports:implementation,review review:1 saved:4 status:BLOCKED] name:Controller params:map[] ref:0 ref_string:Controller#0]] state:map[controller:role Controller#0] stats:map[counts:map[Controller#0.Corrupt:1 Controller#0.Inspect:1 Controller#0.Overlap:1 Controller#0.Proof:1 Controller#0.Restart:1 Controller#0.Resume:2 Controller#0.Review:1 Controller#0.Start:1] totalActions:9] threads:[] witness:[[false false false false]]]
. Expected DISABLED
. Actual [str_value:"DISABLED"], len:1
    Action Link: Controller#0.Overlap
    Found matching Source Link: src:120 dest:120 name:"Controller#0.Overlap" weight:0.125 type:"action" 10:"\n\x14Controller#0.Overlap\x12\n\"DISABLED\""
  End of Request 74, current nodeId: 120, node: map[channel_messages:map[] channels:map[] current:0 failedInvariants:<nil> name:yield returns:{"Controller#0.Overlap":"DISABLED"} roles:[map[fields:map[attempts:5 current:1 fault:true generation:1 inspected:true phase:terminal proof:0 repair:0 repeats:2 reports:implementation,review review:1 saved:4 status:BLOCKED] name:Controller params:map[] ref:0 ref_string:Controller#0]] state:map[controller:role Controller#0] stats:map[counts:map[Controller#0.Corrupt:1 Controller#0.Inspect:1 Controller#0.Overlap:1 Controller#0.Proof:1 Controller#0.Restart:1 Controller#0.Resume:2 Controller#0.Review:1 Controller#0.Start:1] totalActions:9] threads:[] witness:[[false false false false]]]
. Expected DISABLED
. Actual [str_value:"DISABLED"], len:1
    Action Link: Controller#0.Resume
    Found matching Source Link: src:120 dest:119 name:"Controller#0.Resume" weight:0.125 type:"action" 10:"\n\x13Controller#0.Resume\x12\n\"DISABLED\""
  End of Request 75, current nodeId: 119, node: map[channel_messages:map[] channels:map[] current:0 failedInvariants:<nil> name:yield returns:{"Controller#0.Resume":"DISABLED"} roles:[map[fields:map[attempts:5 current:1 fault:true generation:1 inspected:true phase:terminal proof:0 repair:0 repeats:2 reports:implementation,review review:1 saved:4 status:BLOCKED] name:Controller params:map[] ref:0 ref_string:Controller#0]] state:map[controller:role Controller#0] stats:map[counts:map[Controller#0.Corrupt:1 Controller#0.Inspect:1 Controller#0.Proof:1 Controller#0.Restart:1 Controller#0.Resume:3 Controller#0.Review:1 Controller#0.Start:1] totalActions:9] threads:[] witness:[[false false false false]]]
. Expected DISABLED
. Actual [str_value:"DISABLED"], len:1
    Action Link: Controller#0.Proof
    Found matching Source Link: src:119 dest:115 name:"Controller#0.Proof" weight:0.125 type:"action" 10:"\n\x12Controller#0.Proof\x12\n\"DISABLED\""
  End of Request 76, current nodeId: 115, node: map[channel_messages:map[] channels:map[] current:0 failedInvariants:<nil> name:yield returns:{"Controller#0.Proof":"DISABLED"} roles:[map[fields:map[attempts:5 current:1 fault:true generation:1 inspected:true phase:terminal proof:0 repair:0 repeats:2 reports:implementation,review review:1 saved:4 status:BLOCKED] name:Controller params:map[] ref:0 ref_string:Controller#0]] state:map[controller:role Controller#0] stats:map[counts:map[Controller#0.Corrupt:1 Controller#0.Inspect:1 Controller#0.Proof:2 Controller#0.Restart:1 Controller#0.Resume:2 Controller#0.Review:1 Controller#0.Start:1] totalActions:9] threads:[] witness:[[false false false false]]]
. Expected DISABLED
. Actual [str_value:"DISABLED"], len:1
    Action Link: Controller#0.Start
    Found matching Source Link: src:115 dest:113 name:"Controller#0.Start" weight:0.125 type:"action" 10:"\n\x12Controller#0.Start\x12\n\"DISABLED\""
  End of Request 77, current nodeId: 113, node: map[channel_messages:map[] channels:map[] current:0 failedInvariants:<nil> name:yield returns:{"Controller#0.Start":"DISABLED"} roles:[map[fields:map[attempts:5 current:1 fault:true generation:1 inspected:true phase:terminal proof:0 repair:0 repeats:2 reports:implementation,review review:1 saved:4 status:BLOCKED] name:Controller params:map[] ref:0 ref_string:Controller#0]] state:map[controller:role Controller#0] stats:map[counts:map[Controller#0.Corrupt:1 Controller#0.Inspect:1 Controller#0.Proof:1 Controller#0.Restart:1 Controller#0.Resume:2 Controller#0.Review:1 Controller#0.Start:2] totalActions:9] threads:[] witness:[[false false false false]]]
. Expected DISABLED
. Actual [str_value:"DISABLED"], len:1
    Action Link: Controller#0.Overlap
    Found matching Source Link: src:113 dest:120 name:"Controller#0.Overlap" weight:0.125 type:"action" 10:"\n\x14Controller#0.Overlap\x12\n\"DISABLED\""
  End of Request 78, current nodeId: 120, node: map[channel_messages:map[] channels:map[] current:0 failedInvariants:<nil> name:yield returns:{"Controller#0.Overlap":"DISABLED"} roles:[map[fields:map[attempts:5 current:1 fault:true generation:1 inspected:true phase:terminal proof:0 repair:0 repeats:2 reports:implementation,review review:1 saved:4 status:BLOCKED] name:Controller params:map[] ref:0 ref_string:Controller#0]] state:map[controller:role Controller#0] stats:map[counts:map[Controller#0.Corrupt:1 Controller#0.Inspect:1 Controller#0.Overlap:1 Controller#0.Proof:1 Controller#0.Restart:1 Controller#0.Resume:2 Controller#0.Review:1 Controller#0.Start:1] totalActions:9] threads:[] witness:[[false false false false]]]
. Expected DISABLED
. Actual [str_value:"DISABLED"], len:1
    Action Link: Controller#0.Start
    Found matching Source Link: src:120 dest:113 name:"Controller#0.Start" weight:0.125 type:"action" 10:"\n\x12Controller#0.Start\x12\n\"DISABLED\""
  End of Request 79, current nodeId: 113, node: map[channel_messages:map[] channels:map[] current:0 failedInvariants:<nil> name:yield returns:{"Controller#0.Start":"DISABLED"} roles:[map[fields:map[attempts:5 current:1 fault:true generation:1 inspected:true phase:terminal proof:0 repair:0 repeats:2 reports:implementation,review review:1 saved:4 status:BLOCKED] name:Controller params:map[] ref:0 ref_string:Controller#0]] state:map[controller:role Controller#0] stats:map[counts:map[Controller#0.Corrupt:1 Controller#0.Inspect:1 Controller#0.Proof:1 Controller#0.Restart:1 Controller#0.Resume:2 Controller#0.Review:1 Controller#0.Start:2] totalActions:9] threads:[] witness:[[false false false false]]]
. Expected DISABLED
. Actual [str_value:"DISABLED"], len:1
    Action Link: Controller#0.Corrupt
    Found matching Source Link: src:113 dest:116 name:"Controller#0.Corrupt" weight:0.125 type:"action" 10:"\n\x14Controller#0.Corrupt\x12\n\"DISABLED\""
  End of Request 80, current nodeId: 116, node: map[channel_messages:map[] channels:map[] current:0 failedInvariants:<nil> name:yield returns:{"Controller#0.Corrupt":"DISABLED"} roles:[map[fields:map[attempts:5 current:1 fault:true generation:1 inspected:true phase:terminal proof:0 repair:0 repeats:2 reports:implementation,review review:1 saved:4 status:BLOCKED] name:Controller params:map[] ref:0 ref_string:Controller#0]] state:map[controller:role Controller#0] stats:map[counts:map[Controller#0.Corrupt:2 Controller#0.Inspect:1 Controller#0.Proof:1 Controller#0.Restart:1 Controller#0.Resume:2 Controller#0.Review:1 Controller#0.Start:1] totalActions:9] threads:[] witness:[[false false false false]]]
. Expected DISABLED
. Actual [str_value:"DISABLED"], len:1
    Action Link: Controller#0.Corrupt
    Found matching Source Link: src:116 dest:116 name:"Controller#0.Corrupt" weight:0.125 type:"action" 10:"\n\x14Controller#0.Corrupt\x12\n\"DISABLED\""
  End of Request 81, current nodeId: 116, node: map[channel_messages:map[] channels:map[] current:0 failedInvariants:<nil> name:yield returns:{"Controller#0.Corrupt":"DISABLED"} roles:[map[fields:map[attempts:5 current:1 fault:true generation:1 inspected:true phase:terminal proof:0 repair:0 repeats:2 reports:implementation,review review:1 saved:4 status:BLOCKED] name:Controller params:map[] ref:0 ref_string:Controller#0]] state:map[controller:role Controller#0] stats:map[counts:map[Controller#0.Corrupt:2 Controller#0.Inspect:1 Controller#0.Proof:1 Controller#0.Restart:1 Controller#0.Resume:2 Controller#0.Review:1 Controller#0.Start:1] totalActions:9] threads:[] witness:[[false false false false]]]
. Expected DISABLED
. Actual [str_value:"DISABLED"], len:1
    Action Link: Controller#0.Inspect
    Found matching Source Link: src:116 dest:118 name:"Controller#0.Inspect" weight:0.125 type:"action" 10:"\n\x14Controller#0.Inspect\x12\n\"DISABLED\""
  End of Request 82, current nodeId: 118, node: map[channel_messages:map[] channels:map[] current:0 failedInvariants:<nil> name:yield returns:{"Controller#0.Inspect":"DISABLED"} roles:[map[fields:map[attempts:5 current:1 fault:true generation:1 inspected:true phase:terminal proof:0 repair:0 repeats:2 reports:implementation,review review:1 saved:4 status:BLOCKED] name:Controller params:map[] ref:0 ref_string:Controller#0]] state:map[controller:role Controller#0] stats:map[counts:map[Controller#0.Corrupt:1 Controller#0.Inspect:2 Controller#0.Proof:1 Controller#0.Restart:1 Controller#0.Resume:2 Controller#0.Review:1 Controller#0.Start:1] totalActions:9] threads:[] witness:[[false false false false]]]
. Expected DISABLED
. Actual [str_value:"DISABLED"], len:1
    Action Link: Controller#0.Inspect
    Found matching Source Link: src:118 dest:118 name:"Controller#0.Inspect" weight:0.125 type:"action" 10:"\n\x14Controller#0.Inspect\x12\n\"DISABLED\""
  End of Request 83, current nodeId: 118, node: map[channel_messages:map[] channels:map[] current:0 failedInvariants:<nil> name:yield returns:{"Controller#0.Inspect":"DISABLED"} roles:[map[fields:map[attempts:5 current:1 fault:true generation:1 inspected:true phase:terminal proof:0 repair:0 repeats:2 reports:implementation,review review:1 saved:4 status:BLOCKED] name:Controller params:map[] ref:0 ref_string:Controller#0]] state:map[controller:role Controller#0] stats:map[counts:map[Controller#0.Corrupt:1 Controller#0.Inspect:2 Controller#0.Proof:1 Controller#0.Restart:1 Controller#0.Resume:2 Controller#0.Review:1 Controller#0.Start:1] totalActions:9] threads:[] witness:[[false false false false]]]
. Expected DISABLED
. Actual [str_value:"DISABLED"], len:1
    Action Link: Controller#0.Start
    Found matching Source Link: src:118 dest:113 name:"Controller#0.Start" weight:0.125 type:"action" 10:"\n\x12Controller#0.Start\x12\n\"DISABLED\""
  End of Request 84, current nodeId: 113, node: map[channel_messages:map[] channels:map[] current:0 failedInvariants:<nil> name:yield returns:{"Controller#0.Start":"DISABLED"} roles:[map[fields:map[attempts:5 current:1 fault:true generation:1 inspected:true phase:terminal proof:0 repair:0 repeats:2 reports:implementation,review review:1 saved:4 status:BLOCKED] name:Controller params:map[] ref:0 ref_string:Controller#0]] state:map[controller:role Controller#0] stats:map[counts:map[Controller#0.Corrupt:1 Controller#0.Inspect:1 Controller#0.Proof:1 Controller#0.Restart:1 Controller#0.Resume:2 Controller#0.Review:1 Controller#0.Start:2] totalActions:9] threads:[] witness:[[false false false false]]]
. Expected DISABLED
. Actual [str_value:"DISABLED"], len:1
    Action Link: Controller#0.Review
    Found matching Source Link: src:113 dest:114 name:"Controller#0.Review" weight:0.125 type:"action" 10:"\n\x13Controller#0.Review\x12\n\"DISABLED\""
  End of Request 85, current nodeId: 114, node: map[channel_messages:map[] channels:map[] current:0 failedInvariants:<nil> name:yield returns:{"Controller#0.Review":"DISABLED"} roles:[map[fields:map[attempts:5 current:1 fault:true generation:1 inspected:true phase:terminal proof:0 repair:0 repeats:2 reports:implementation,review review:1 saved:4 status:BLOCKED] name:Controller params:map[] ref:0 ref_string:Controller#0]] state:map[controller:role Controller#0] stats:map[counts:map[Controller#0.Corrupt:1 Controller#0.Inspect:1 Controller#0.Proof:1 Controller#0.Restart:1 Controller#0.Resume:2 Controller#0.Review:2 Controller#0.Start:1] totalActions:9] threads:[] witness:[[false false false false]]]
. Expected DISABLED
. Actual [str_value:"DISABLED"], len:1
    Action Link: Controller#0.Resume
    Found matching Source Link: src:114 dest:119 name:"Controller#0.Resume" weight:0.125 type:"action" 10:"\n\x13Controller#0.Resume\x12\n\"DISABLED\""
  End of Request 86, current nodeId: 119, node: map[channel_messages:map[] channels:map[] current:0 failedInvariants:<nil> name:yield returns:{"Controller#0.Resume":"DISABLED"} roles:[map[fields:map[attempts:5 current:1 fault:true generation:1 inspected:true phase:terminal proof:0 repair:0 repeats:2 reports:implementation,review review:1 saved:4 status:BLOCKED] name:Controller params:map[] ref:0 ref_string:Controller#0]] state:map[controller:role Controller#0] stats:map[counts:map[Controller#0.Corrupt:1 Controller#0.Inspect:1 Controller#0.Proof:1 Controller#0.Restart:1 Controller#0.Resume:3 Controller#0.Review:1 Controller#0.Start:1] totalActions:9] threads:[] witness:[[false false false false]]]
. Expected DISABLED
. Actual [str_value:"DISABLED"], len:1
    Action Link: Controller#0.Inspect
    Found matching Source Link: src:119 dest:118 name:"Controller#0.Inspect" weight:0.125 type:"action" 10:"\n\x14Controller#0.Inspect\x12\n\"DISABLED\""
  End of Request 87, current nodeId: 118, node: map[channel_messages:map[] channels:map[] current:0 failedInvariants:<nil> name:yield returns:{"Controller#0.Inspect":"DISABLED"} roles:[map[fields:map[attempts:5 current:1 fault:true generation:1 inspected:true phase:terminal proof:0 repair:0 repeats:2 reports:implementation,review review:1 saved:4 status:BLOCKED] name:Controller params:map[] ref:0 ref_string:Controller#0]] state:map[controller:role Controller#0] stats:map[counts:map[Controller#0.Corrupt:1 Controller#0.Inspect:2 Controller#0.Proof:1 Controller#0.Restart:1 Controller#0.Resume:2 Controller#0.Review:1 Controller#0.Start:1] totalActions:9] threads:[] witness:[[false false false false]]]
. Expected DISABLED
. Actual [str_value:"DISABLED"], len:1
    Action Link: Controller#0.Proof
    Found matching Source Link: src:118 dest:115 name:"Controller#0.Proof" weight:0.125 type:"action" 10:"\n\x12Controller#0.Proof\x12\n\"DISABLED\""
  End of Request 88, current nodeId: 115, node: map[channel_messages:map[] channels:map[] current:0 failedInvariants:<nil> name:yield returns:{"Controller#0.Proof":"DISABLED"} roles:[map[fields:map[attempts:5 current:1 fault:true generation:1 inspected:true phase:terminal proof:0 repair:0 repeats:2 reports:implementation,review review:1 saved:4 status:BLOCKED] name:Controller params:map[] ref:0 ref_string:Controller#0]] state:map[controller:role Controller#0] stats:map[counts:map[Controller#0.Corrupt:1 Controller#0.Inspect:1 Controller#0.Proof:2 Controller#0.Restart:1 Controller#0.Resume:2 Controller#0.Review:1 Controller#0.Start:1] totalActions:9] threads:[] witness:[[false false false false]]]
. Expected DISABLED
. Actual [str_value:"DISABLED"], len:1
    Action Link: Controller#0.Restart
    Found matching Source Link: src:115 dest:117 name:"Controller#0.Restart" weight:0.125 type:"action" 10:"\n\x14Controller#0.Restart\x12\n\"DISABLED\""
  End of Request 89, current nodeId: 117, node: map[channel_messages:map[] channels:map[] current:0 failedInvariants:<nil> name:yield returns:{"Controller#0.Restart":"DISABLED"} roles:[map[fields:map[attempts:5 current:1 fault:true generation:1 inspected:true phase:terminal proof:0 repair:0 repeats:2 reports:implementation,review review:1 saved:4 status:BLOCKED] name:Controller params:map[] ref:0 ref_string:Controller#0]] state:map[controller:role Controller#0] stats:map[counts:map[Controller#0.Corrupt:1 Controller#0.Inspect:1 Controller#0.Proof:1 Controller#0.Restart:2 Controller#0.Resume:2 Controller#0.Review:1 Controller#0.Start:1] totalActions:9] threads:[] witness:[[false false false false]]]
. Expected DISABLED
. Actual [str_value:"DISABLED"], len:1
    Action Link: Controller#0.Resume
    Found matching Source Link: src:117 dest:119 name:"Controller#0.Resume" weight:0.125 type:"action" 10:"\n\x13Controller#0.Resume\x12\n\"DISABLED\""
  End of Request 90, current nodeId: 119, node: map[channel_messages:map[] channels:map[] current:0 failedInvariants:<nil> name:yield returns:{"Controller#0.Resume":"DISABLED"} roles:[map[fields:map[attempts:5 current:1 fault:true generation:1 inspected:true phase:terminal proof:0 repair:0 repeats:2 reports:implementation,review review:1 saved:4 status:BLOCKED] name:Controller params:map[] ref:0 ref_string:Controller#0]] state:map[controller:role Controller#0] stats:map[counts:map[Controller#0.Corrupt:1 Controller#0.Inspect:1 Controller#0.Proof:1 Controller#0.Restart:1 Controller#0.Resume:3 Controller#0.Review:1 Controller#0.Start:1] totalActions:9] threads:[] witness:[[false false false false]]]
. Expected DISABLED
. Actual [str_value:"DISABLED"], len:1
    Action Link: Controller#0.Overlap
    Found matching Source Link: src:119 dest:120 name:"Controller#0.Overlap" weight:0.125 type:"action" 10:"\n\x14Controller#0.Overlap\x12\n\"DISABLED\""
  End of Request 91, current nodeId: 120, node: map[channel_messages:map[] channels:map[] current:0 failedInvariants:<nil> name:yield returns:{"Controller#0.Overlap":"DISABLED"} roles:[map[fields:map[attempts:5 current:1 fault:true generation:1 inspected:true phase:terminal proof:0 repair:0 repeats:2 reports:implementation,review review:1 saved:4 status:BLOCKED] name:Controller params:map[] ref:0 ref_string:Controller#0]] state:map[controller:role Controller#0] stats:map[counts:map[Controller#0.Corrupt:1 Controller#0.Inspect:1 Controller#0.Overlap:1 Controller#0.Proof:1 Controller#0.Restart:1 Controller#0.Resume:2 Controller#0.Review:1 Controller#0.Start:1] totalActions:9] threads:[] witness:[[false false false false]]]
. Expected DISABLED
. Actual [str_value:"DISABLED"], len:1
    Action Link: Controller#0.Overlap
    Found matching Source Link: src:120 dest:120 name:"Controller#0.Overlap" weight:0.125 type:"action" 10:"\n\x14Controller#0.Overlap\x12\n\"DISABLED\""
  End of Request 92, current nodeId: 120, node: map[channel_messages:map[] channels:map[] current:0 failedInvariants:<nil> name:yield returns:{"Controller#0.Overlap":"DISABLED"} roles:[map[fields:map[attempts:5 current:1 fault:true generation:1 inspected:true phase:terminal proof:0 repair:0 repeats:2 reports:implementation,review review:1 saved:4 status:BLOCKED] name:Controller params:map[] ref:0 ref_string:Controller#0]] state:map[controller:role Controller#0] stats:map[counts:map[Controller#0.Corrupt:1 Controller#0.Inspect:1 Controller#0.Overlap:1 Controller#0.Proof:1 Controller#0.Restart:1 Controller#0.Resume:2 Controller#0.Review:1 Controller#0.Start:1] totalActions:9] threads:[] witness:[[false false false false]]]
. Expected DISABLED
. Actual [str_value:"DISABLED"], len:1
    Action Link: Controller#0.Resume
    Found matching Source Link: src:120 dest:119 name:"Controller#0.Resume" weight:0.125 type:"action" 10:"\n\x13Controller#0.Resume\x12\n\"DISABLED\""
  End of Request 93, current nodeId: 119, node: map[channel_messages:map[] channels:map[] current:0 failedInvariants:<nil> name:yield returns:{"Controller#0.Resume":"DISABLED"} roles:[map[fields:map[attempts:5 current:1 fault:true generation:1 inspected:true phase:terminal proof:0 repair:0 repeats:2 reports:implementation,review review:1 saved:4 status:BLOCKED] name:Controller params:map[] ref:0 ref_string:Controller#0]] state:map[controller:role Controller#0] stats:map[counts:map[Controller#0.Corrupt:1 Controller#0.Inspect:1 Controller#0.Proof:1 Controller#0.Restart:1 Controller#0.Resume:3 Controller#0.Review:1 Controller#0.Start:1] totalActions:9] threads:[] witness:[[false false false false]]]
. Expected DISABLED
. Actual [str_value:"DISABLED"], len:1
    Action Link: Controller#0.Overlap
    Found matching Source Link: src:119 dest:120 name:"Controller#0.Overlap" weight:0.125 type:"action" 10:"\n\x14Controller#0.Overlap\x12\n\"DISABLED\""
  End of Request 94, current nodeId: 120, node: map[channel_messages:map[] channels:map[] current:0 failedInvariants:<nil> name:yield returns:{"Controller#0.Overlap":"DISABLED"} roles:[map[fields:map[attempts:5 current:1 fault:true generation:1 inspected:true phase:terminal proof:0 repair:0 repeats:2 reports:implementation,review review:1 saved:4 status:BLOCKED] name:Controller params:map[] ref:0 ref_string:Controller#0]] state:map[controller:role Controller#0] stats:map[counts:map[Controller#0.Corrupt:1 Controller#0.Inspect:1 Controller#0.Overlap:1 Controller#0.Proof:1 Controller#0.Restart:1 Controller#0.Resume:2 Controller#0.Review:1 Controller#0.Start:1] totalActions:9] threads:[] witness:[[false false false false]]]
. Expected DISABLED
. Actual [str_value:"DISABLED"], len:1
    Action Link: Controller#0.Resume
    Found matching Source Link: src:120 dest:119 name:"Controller#0.Resume" weight:0.125 type:"action" 10:"\n\x13Controller#0.Resume\x12\n\"DISABLED\""
  End of Request 95, current nodeId: 119, node: map[channel_messages:map[] channels:map[] current:0 failedInvariants:<nil> name:yield returns:{"Controller#0.Resume":"DISABLED"} roles:[map[fields:map[attempts:5 current:1 fault:true generation:1 inspected:true phase:terminal proof:0 repair:0 repeats:2 reports:implementation,review review:1 saved:4 status:BLOCKED] name:Controller params:map[] ref:0 ref_string:Controller#0]] state:map[controller:role Controller#0] stats:map[counts:map[Controller#0.Corrupt:1 Controller#0.Inspect:1 Controller#0.Proof:1 Controller#0.Restart:1 Controller#0.Resume:3 Controller#0.Review:1 Controller#0.Start:1] totalActions:9] threads:[] witness:[[false false false false]]]
. Expected DISABLED
. Actual [str_value:"DISABLED"], len:1
    Action Link: Controller#0.Corrupt
    Found matching Source Link: src:119 dest:116 name:"Controller#0.Corrupt" weight:0.125 type:"action" 10:"\n\x14Controller#0.Corrupt\x12\n\"DISABLED\""
  End of Request 96, current nodeId: 116, node: map[channel_messages:map[] channels:map[] current:0 failedInvariants:<nil> name:yield returns:{"Controller#0.Corrupt":"DISABLED"} roles:[map[fields:map[attempts:5 current:1 fault:true generation:1 inspected:true phase:terminal proof:0 repair:0 repeats:2 reports:implementation,review review:1 saved:4 status:BLOCKED] name:Controller params:map[] ref:0 ref_string:Controller#0]] state:map[controller:role Controller#0] stats:map[counts:map[Controller#0.Corrupt:2 Controller#0.Inspect:1 Controller#0.Proof:1 Controller#0.Restart:1 Controller#0.Resume:2 Controller#0.Review:1 Controller#0.Start:1] totalActions:9] threads:[] witness:[[false false false false]]]
. Expected DISABLED
. Actual [str_value:"DISABLED"], len:1
    Action Link: Controller#0.Inspect
    Found matching Source Link: src:116 dest:118 name:"Controller#0.Inspect" weight:0.125 type:"action" 10:"\n\x14Controller#0.Inspect\x12\n\"DISABLED\""
  End of Request 97, current nodeId: 118, node: map[channel_messages:map[] channels:map[] current:0 failedInvariants:<nil> name:yield returns:{"Controller#0.Inspect":"DISABLED"} roles:[map[fields:map[attempts:5 current:1 fault:true generation:1 inspected:true phase:terminal proof:0 repair:0 repeats:2 reports:implementation,review review:1 saved:4 status:BLOCKED] name:Controller params:map[] ref:0 ref_string:Controller#0]] state:map[controller:role Controller#0] stats:map[counts:map[Controller#0.Corrupt:1 Controller#0.Inspect:2 Controller#0.Proof:1 Controller#0.Restart:1 Controller#0.Resume:2 Controller#0.Review:1 Controller#0.Start:1] totalActions:9] threads:[] witness:[[false false false false]]]
. Expected DISABLED
. Actual [str_value:"DISABLED"], len:1
    Action Link: Controller#0.Start
    Found matching Source Link: src:118 dest:113 name:"Controller#0.Start" weight:0.125 type:"action" 10:"\n\x12Controller#0.Start\x12\n\"DISABLED\""
  End of Request 98, current nodeId: 113, node: map[channel_messages:map[] channels:map[] current:0 failedInvariants:<nil> name:yield returns:{"Controller#0.Start":"DISABLED"} roles:[map[fields:map[attempts:5 current:1 fault:true generation:1 inspected:true phase:terminal proof:0 repair:0 repeats:2 reports:implementation,review review:1 saved:4 status:BLOCKED] name:Controller params:map[] ref:0 ref_string:Controller#0]] state:map[controller:role Controller#0] stats:map[counts:map[Controller#0.Corrupt:1 Controller#0.Inspect:1 Controller#0.Proof:1 Controller#0.Restart:1 Controller#0.Resume:2 Controller#0.Review:1 Controller#0.Start:2] totalActions:9] threads:[] witness:[[false false false false]]]
. Expected DISABLED
. Actual [str_value:"DISABLED"], len:1
    Action Link: Controller#0.Corrupt
    Found matching Source Link: src:113 dest:116 name:"Controller#0.Corrupt" weight:0.125 type:"action" 10:"\n\x14Controller#0.Corrupt\x12\n\"DISABLED\""
  End of Request 99, current nodeId: 116, node: map[channel_messages:map[] channels:map[] current:0 failedInvariants:<nil> name:yield returns:{"Controller#0.Corrupt":"DISABLED"} roles:[map[fields:map[attempts:5 current:1 fault:true generation:1 inspected:true phase:terminal proof:0 repair:0 repeats:2 reports:implementation,review review:1 saved:4 status:BLOCKED] name:Controller params:map[] ref:0 ref_string:Controller#0]] state:map[controller:role Controller#0] stats:map[counts:map[Controller#0.Corrupt:2 Controller#0.Inspect:1 Controller#0.Proof:1 Controller#0.Restart:1 Controller#0.Resume:2 Controller#0.Review:1 Controller#0.Start:1] totalActions:9] threads:[] witness:[[false false false false]]]
. Expected DISABLED
. Actual [str_value:"DISABLED"], len:1
    Action Link: Controller#0.Start
    Found matching Source Link: src:116 dest:113 name:"Controller#0.Start" weight:0.125 type:"action" 10:"\n\x12Controller#0.Start\x12\n\"DISABLED\""
  End of Request 100, current nodeId: 113, node: map[channel_messages:map[] channels:map[] current:0 failedInvariants:<nil> name:yield returns:{"Controller#0.Start":"DISABLED"} roles:[map[fields:map[attempts:5 current:1 fault:true generation:1 inspected:true phase:terminal proof:0 repair:0 repeats:2 reports:implementation,review review:1 saved:4 status:BLOCKED] name:Controller params:map[] ref:0 ref_string:Controller#0]] state:map[controller:role Controller#0] stats:map[counts:map[Controller#0.Corrupt:1 Controller#0.Inspect:1 Controller#0.Proof:1 Controller#0.Restart:1 Controller#0.Resume:2 Controller#0.Review:1 Controller#0.Start:2] totalActions:9] threads:[] witness:[[false false false false]]]
. Expected DISABLED
. Actual [str_value:"DISABLED"], len:1
    Action Link: Controller#0.Review
    Found matching Source Link: src:113 dest:114 name:"Controller#0.Review" weight:0.125 type:"action" 10:"\n\x13Controller#0.Review\x12\n\"DISABLED\""
  End of Request 101, current nodeId: 114, node: map[channel_messages:map[] channels:map[] current:0 failedInvariants:<nil> name:yield returns:{"Controller#0.Review":"DISABLED"} roles:[map[fields:map[attempts:5 current:1 fault:true generation:1 inspected:true phase:terminal proof:0 repair:0 repeats:2 reports:implementation,review review:1 saved:4 status:BLOCKED] name:Controller params:map[] ref:0 ref_string:Controller#0]] state:map[controller:role Controller#0] stats:map[counts:map[Controller#0.Corrupt:1 Controller#0.Inspect:1 Controller#0.Proof:1 Controller#0.Restart:1 Controller#0.Resume:2 Controller#0.Review:2 Controller#0.Start:1] totalActions:9] threads:[] witness:[[false false false false]]]
. Expected DISABLED
. Actual [str_value:"DISABLED"], len:1
    Action Link: Controller#0.Review
    Found matching Source Link: src:114 dest:114 name:"Controller#0.Review" weight:0.125 type:"action" 10:"\n\x13Controller#0.Review\x12\n\"DISABLED\""
  End of Request 102, current nodeId: 114, node: map[channel_messages:map[] channels:map[] current:0 failedInvariants:<nil> name:yield returns:{"Controller#0.Review":"DISABLED"} roles:[map[fields:map[attempts:5 current:1 fault:true generation:1 inspected:true phase:terminal proof:0 repair:0 repeats:2 reports:implementation,review review:1 saved:4 status:BLOCKED] name:Controller params:map[] ref:0 ref_string:Controller#0]] state:map[controller:role Controller#0] stats:map[counts:map[Controller#0.Corrupt:1 Controller#0.Inspect:1 Controller#0.Proof:1 Controller#0.Restart:1 Controller#0.Resume:2 Controller#0.Review:2 Controller#0.Start:1] totalActions:9] threads:[] witness:[[false false false false]]]
. Expected DISABLED
. Actual [str_value:"DISABLED"], len:1
    Action Link: Controller#0.Inspect
    Found matching Source Link: src:114 dest:118 name:"Controller#0.Inspect" weight:0.125 type:"action" 10:"\n\x14Controller#0.Inspect\x12\n\"DISABLED\""
  End of Request 103, current nodeId: 118, node: map[channel_messages:map[] channels:map[] current:0 failedInvariants:<nil> name:yield returns:{"Controller#0.Inspect":"DISABLED"} roles:[map[fields:map[attempts:5 current:1 fault:true generation:1 inspected:true phase:terminal proof:0 repair:0 repeats:2 reports:implementation,review review:1 saved:4 status:BLOCKED] name:Controller params:map[] ref:0 ref_string:Controller#0]] state:map[controller:role Controller#0] stats:map[counts:map[Controller#0.Corrupt:1 Controller#0.Inspect:2 Controller#0.Proof:1 Controller#0.Restart:1 Controller#0.Resume:2 Controller#0.Review:1 Controller#0.Start:1] totalActions:9] threads:[] witness:[[false false false false]]]
. Expected DISABLED
. Actual [str_value:"DISABLED"], len:1
    Action Link: Controller#0.Resume
    Found matching Source Link: src:118 dest:119 name:"Controller#0.Resume" weight:0.125 type:"action" 10:"\n\x13Controller#0.Resume\x12\n\"DISABLED\""
  End of Request 104, current nodeId: 119, node: map[channel_messages:map[] channels:map[] current:0 failedInvariants:<nil> name:yield returns:{"Controller#0.Resume":"DISABLED"} roles:[map[fields:map[attempts:5 current:1 fault:true generation:1 inspected:true phase:terminal proof:0 repair:0 repeats:2 reports:implementation,review review:1 saved:4 status:BLOCKED] name:Controller params:map[] ref:0 ref_string:Controller#0]] state:map[controller:role Controller#0] stats:map[counts:map[Controller#0.Corrupt:1 Controller#0.Inspect:1 Controller#0.Proof:1 Controller#0.Restart:1 Controller#0.Resume:3 Controller#0.Review:1 Controller#0.Start:1] totalActions:9] threads:[] witness:[[false false false false]]]
. Expected DISABLED
. Actual [str_value:"DISABLED"], len:1
    Action Link: Controller#0.Inspect
    Found matching Source Link: src:119 dest:118 name:"Controller#0.Inspect" weight:0.125 type:"action" 10:"\n\x14Controller#0.Inspect\x12\n\"DISABLED\""
  End of Request 105, current nodeId: 118, node: map[channel_messages:map[] channels:map[] current:0 failedInvariants:<nil> name:yield returns:{"Controller#0.Inspect":"DISABLED"} roles:[map[fields:map[attempts:5 current:1 fault:true generation:1 inspected:true phase:terminal proof:0 repair:0 repeats:2 reports:implementation,review review:1 saved:4 status:BLOCKED] name:Controller params:map[] ref:0 ref_string:Controller#0]] state:map[controller:role Controller#0] stats:map[counts:map[Controller#0.Corrupt:1 Controller#0.Inspect:2 Controller#0.Proof:1 Controller#0.Restart:1 Controller#0.Resume:2 Controller#0.Review:1 Controller#0.Start:1] totalActions:9] threads:[] witness:[[false false false false]]]
. Expected DISABLED
. Actual [str_value:"DISABLED"], len:1
    Action Link: Controller#0.Inspect
    Found matching Source Link: src:118 dest:118 name:"Controller#0.Inspect" weight:0.125 type:"action" 10:"\n\x14Controller#0.Inspect\x12\n\"DISABLED\""
  End of Request 106, current nodeId: 118, node: map[channel_messages:map[] channels:map[] current:0 failedInvariants:<nil> name:yield returns:{"Controller#0.Inspect":"DISABLED"} roles:[map[fields:map[attempts:5 current:1 fault:true generation:1 inspected:true phase:terminal proof:0 repair:0 repeats:2 reports:implementation,review review:1 saved:4 status:BLOCKED] name:Controller params:map[] ref:0 ref_string:Controller#0]] state:map[controller:role Controller#0] stats:map[counts:map[Controller#0.Corrupt:1 Controller#0.Inspect:2 Controller#0.Proof:1 Controller#0.Restart:1 Controller#0.Resume:2 Controller#0.Review:1 Controller#0.Start:1] totalActions:9] threads:[] witness:[[false false false false]]]
. Expected DISABLED
. Actual [str_value:"DISABLED"], len:1
    Action Link: Controller#0.Inspect
    Found matching Source Link: src:118 dest:118 name:"Controller#0.Inspect" weight:0.125 type:"action" 10:"\n\x14Controller#0.Inspect\x12\n\"DISABLED\""
  End of Request 107, current nodeId: 118, node: map[channel_messages:map[] channels:map[] current:0 failedInvariants:<nil> name:yield returns:{"Controller#0.Inspect":"DISABLED"} roles:[map[fields:map[attempts:5 current:1 fault:true generation:1 inspected:true phase:terminal proof:0 repair:0 repeats:2 reports:implementation,review review:1 saved:4 status:BLOCKED] name:Controller params:map[] ref:0 ref_string:Controller#0]] state:map[controller:role Controller#0] stats:map[counts:map[Controller#0.Corrupt:1 Controller#0.Inspect:2 Controller#0.Proof:1 Controller#0.Restart:1 Controller#0.Resume:2 Controller#0.Review:1 Controller#0.Start:1] totalActions:9] threads:[] witness:[[false false false false]]]
. Expected DISABLED
. Actual [str_value:"DISABLED"], len:1
    Action Link: Controller#0.Review
    Found matching Source Link: src:118 dest:114 name:"Controller#0.Review" weight:0.125 type:"action" 10:"\n\x13Controller#0.Review\x12\n\"DISABLED\""
  End of Request 108, current nodeId: 114, node: map[channel_messages:map[] channels:map[] current:0 failedInvariants:<nil> name:yield returns:{"Controller#0.Review":"DISABLED"} roles:[map[fields:map[attempts:5 current:1 fault:true generation:1 inspected:true phase:terminal proof:0 repair:0 repeats:2 reports:implementation,review review:1 saved:4 status:BLOCKED] name:Controller params:map[] ref:0 ref_string:Controller#0]] state:map[controller:role Controller#0] stats:map[counts:map[Controller#0.Corrupt:1 Controller#0.Inspect:1 Controller#0.Proof:1 Controller#0.Restart:1 Controller#0.Resume:2 Controller#0.Review:2 Controller#0.Start:1] totalActions:9] threads:[] witness:[[false false false false]]]
. Expected DISABLED
. Actual [str_value:"DISABLED"], len:1
    Action Link: Controller#0.Corrupt
    Found matching Source Link: src:114 dest:116 name:"Controller#0.Corrupt" weight:0.125 type:"action" 10:"\n\x14Controller#0.Corrupt\x12\n\"DISABLED\""
  End of Request 109, current nodeId: 116, node: map[channel_messages:map[] channels:map[] current:0 failedInvariants:<nil> name:yield returns:{"Controller#0.Corrupt":"DISABLED"} roles:[map[fields:map[attempts:5 current:1 fault:true generation:1 inspected:true phase:terminal proof:0 repair:0 repeats:2 reports:implementation,review review:1 saved:4 status:BLOCKED] name:Controller params:map[] ref:0 ref_string:Controller#0]] state:map[controller:role Controller#0] stats:map[counts:map[Controller#0.Corrupt:2 Controller#0.Inspect:1 Controller#0.Proof:1 Controller#0.Restart:1 Controller#0.Resume:2 Controller#0.Review:1 Controller#0.Start:1] totalActions:9] threads:[] witness:[[false false false false]]]
. Expected DISABLED
. Actual [str_value:"DISABLED"], len:1
    Action Link: Controller#0.Start
    Found matching Source Link: src:116 dest:113 name:"Controller#0.Start" weight:0.125 type:"action" 10:"\n\x12Controller#0.Start\x12\n\"DISABLED\""
  End of Request 110, current nodeId: 113, node: map[channel_messages:map[] channels:map[] current:0 failedInvariants:<nil> name:yield returns:{"Controller#0.Start":"DISABLED"} roles:[map[fields:map[attempts:5 current:1 fault:true generation:1 inspected:true phase:terminal proof:0 repair:0 repeats:2 reports:implementation,review review:1 saved:4 status:BLOCKED] name:Controller params:map[] ref:0 ref_string:Controller#0]] state:map[controller:role Controller#0] stats:map[counts:map[Controller#0.Corrupt:1 Controller#0.Inspect:1 Controller#0.Proof:1 Controller#0.Restart:1 Controller#0.Resume:2 Controller#0.Review:1 Controller#0.Start:2] totalActions:9] threads:[] witness:[[false false false false]]]
. Expected DISABLED
. Actual [str_value:"DISABLED"], len:1
    Action Link: Controller#0.Review
    Found matching Source Link: src:113 dest:114 name:"Controller#0.Review" weight:0.125 type:"action" 10:"\n\x13Controller#0.Review\x12\n\"DISABLED\""
  End of Request 111, current nodeId: 114, node: map[channel_messages:map[] channels:map[] current:0 failedInvariants:<nil> name:yield returns:{"Controller#0.Review":"DISABLED"} roles:[map[fields:map[attempts:5 current:1 fault:true generation:1 inspected:true phase:terminal proof:0 repair:0 repeats:2 reports:implementation,review review:1 saved:4 status:BLOCKED] name:Controller params:map[] ref:0 ref_string:Controller#0]] state:map[controller:role Controller#0] stats:map[counts:map[Controller#0.Corrupt:1 Controller#0.Inspect:1 Controller#0.Proof:1 Controller#0.Restart:1 Controller#0.Resume:2 Controller#0.Review:2 Controller#0.Start:1] totalActions:9] threads:[] witness:[[false false false false]]]
. Expected DISABLED
. Actual [str_value:"DISABLED"], len:1
    Action Link: Controller#0.Inspect
    Found matching Source Link: src:114 dest:118 name:"Controller#0.Inspect" weight:0.125 type:"action" 10:"\n\x14Controller#0.Inspect\x12\n\"DISABLED\""
  End of Request 112, current nodeId: 118, node: map[channel_messages:map[] channels:map[] current:0 failedInvariants:<nil> name:yield returns:{"Controller#0.Inspect":"DISABLED"} roles:[map[fields:map[attempts:5 current:1 fault:true generation:1 inspected:true phase:terminal proof:0 repair:0 repeats:2 reports:implementation,review review:1 saved:4 status:BLOCKED] name:Controller params:map[] ref:0 ref_string:Controller#0]] state:map[controller:role Controller#0] stats:map[counts:map[Controller#0.Corrupt:1 Controller#0.Inspect:2 Controller#0.Proof:1 Controller#0.Restart:1 Controller#0.Resume:2 Controller#0.Review:1 Controller#0.Start:1] totalActions:9] threads:[] witness:[[false false false false]]]
. Expected DISABLED
. Actual [str_value:"DISABLED"], len:1
    Action Link: Controller#0.Review
    Found matching Source Link: src:118 dest:114 name:"Controller#0.Review" weight:0.125 type:"action" 10:"\n\x13Controller#0.Review\x12\n\"DISABLED\""
  End of Request 113, current nodeId: 114, node: map[channel_messages:map[] channels:map[] current:0 failedInvariants:<nil> name:yield returns:{"Controller#0.Review":"DISABLED"} roles:[map[fields:map[attempts:5 current:1 fault:true generation:1 inspected:true phase:terminal proof:0 repair:0 repeats:2 reports:implementation,review review:1 saved:4 status:BLOCKED] name:Controller params:map[] ref:0 ref_string:Controller#0]] state:map[controller:role Controller#0] stats:map[counts:map[Controller#0.Corrupt:1 Controller#0.Inspect:1 Controller#0.Proof:1 Controller#0.Restart:1 Controller#0.Resume:2 Controller#0.Review:2 Controller#0.Start:1] totalActions:9] threads:[] witness:[[false false false false]]]
. Expected DISABLED
. Actual [str_value:"DISABLED"], len:1
    Action Link: Controller#0.Start
    Found matching Source Link: src:114 dest:113 name:"Controller#0.Start" weight:0.125 type:"action" 10:"\n\x12Controller#0.Start\x12\n\"DISABLED\""
  End of Request 114, current nodeId: 113, node: map[channel_messages:map[] channels:map[] current:0 failedInvariants:<nil> name:yield returns:{"Controller#0.Start":"DISABLED"} roles:[map[fields:map[attempts:5 current:1 fault:true generation:1 inspected:true phase:terminal proof:0 repair:0 repeats:2 reports:implementation,review review:1 saved:4 status:BLOCKED] name:Controller params:map[] ref:0 ref_string:Controller#0]] state:map[controller:role Controller#0] stats:map[counts:map[Controller#0.Corrupt:1 Controller#0.Inspect:1 Controller#0.Proof:1 Controller#0.Restart:1 Controller#0.Resume:2 Controller#0.Review:1 Controller#0.Start:2] totalActions:9] threads:[] witness:[[false false false false]]]
. Expected DISABLED
. Actual [str_value:"DISABLED"], len:1
    Action Link: Controller#0.Inspect
    Found matching Source Link: src:113 dest:118 name:"Controller#0.Inspect" weight:0.125 type:"action" 10:"\n\x14Controller#0.Inspect\x12\n\"DISABLED\""
  End of Request 115, current nodeId: 118, node: map[channel_messages:map[] channels:map[] current:0 failedInvariants:<nil> name:yield returns:{"Controller#0.Inspect":"DISABLED"} roles:[map[fields:map[attempts:5 current:1 fault:true generation:1 inspected:true phase:terminal proof:0 repair:0 repeats:2 reports:implementation,review review:1 saved:4 status:BLOCKED] name:Controller params:map[] ref:0 ref_string:Controller#0]] state:map[controller:role Controller#0] stats:map[counts:map[Controller#0.Corrupt:1 Controller#0.Inspect:2 Controller#0.Proof:1 Controller#0.Restart:1 Controller#0.Resume:2 Controller#0.Review:1 Controller#0.Start:1] totalActions:9] threads:[] witness:[[false false false false]]]
. Expected DISABLED
. Actual [str_value:"DISABLED"], len:1
    Action Link: Controller#0.Review
    Found matching Source Link: src:118 dest:114 name:"Controller#0.Review" weight:0.125 type:"action" 10:"\n\x13Controller#0.Review\x12\n\"DISABLED\""
  End of Request 116, current nodeId: 114, node: map[channel_messages:map[] channels:map[] current:0 failedInvariants:<nil> name:yield returns:{"Controller#0.Review":"DISABLED"} roles:[map[fields:map[attempts:5 current:1 fault:true generation:1 inspected:true phase:terminal proof:0 repair:0 repeats:2 reports:implementation,review review:1 saved:4 status:BLOCKED] name:Controller params:map[] ref:0 ref_string:Controller#0]] state:map[controller:role Controller#0] stats:map[counts:map[Controller#0.Corrupt:1 Controller#0.Inspect:1 Controller#0.Proof:1 Controller#0.Restart:1 Controller#0.Resume:2 Controller#0.Review:2 Controller#0.Start:1] totalActions:9] threads:[] witness:[[false false false false]]]
. Expected DISABLED
. Actual [str_value:"DISABLED"], len:1
    Action Link: Controller#0.Start
    Found matching Source Link: src:114 dest:113 name:"Controller#0.Start" weight:0.125 type:"action" 10:"\n\x12Controller#0.Start\x12\n\"DISABLED\""
  End of Request 117, current nodeId: 113, node: map[channel_messages:map[] channels:map[] current:0 failedInvariants:<nil> name:yield returns:{"Controller#0.Start":"DISABLED"} roles:[map[fields:map[attempts:5 current:1 fault:true generation:1 inspected:true phase:terminal proof:0 repair:0 repeats:2 reports:implementation,review review:1 saved:4 status:BLOCKED] name:Controller params:map[] ref:0 ref_string:Controller#0]] state:map[controller:role Controller#0] stats:map[counts:map[Controller#0.Corrupt:1 Controller#0.Inspect:1 Controller#0.Proof:1 Controller#0.Restart:1 Controller#0.Resume:2 Controller#0.Review:1 Controller#0.Start:2] totalActions:9] threads:[] witness:[[false false false false]]]
. Expected DISABLED
. Actual [str_value:"DISABLED"], len:1
    Action Link: Controller#0.Proof
    Found matching Source Link: src:113 dest:115 name:"Controller#0.Proof" weight:0.125 type:"action" 10:"\n\x12Controller#0.Proof\x12\n\"DISABLED\""
  End of Request 118, current nodeId: 115, node: map[channel_messages:map[] channels:map[] current:0 failedInvariants:<nil> name:yield returns:{"Controller#0.Proof":"DISABLED"} roles:[map[fields:map[attempts:5 current:1 fault:true generation:1 inspected:true phase:terminal proof:0 repair:0 repeats:2 reports:implementation,review review:1 saved:4 status:BLOCKED] name:Controller params:map[] ref:0 ref_string:Controller#0]] state:map[controller:role Controller#0] stats:map[counts:map[Controller#0.Corrupt:1 Controller#0.Inspect:1 Controller#0.Proof:2 Controller#0.Restart:1 Controller#0.Resume:2 Controller#0.Review:1 Controller#0.Start:1] totalActions:9] threads:[] witness:[[false false false false]]]
. Expected DISABLED
. Actual [str_value:"DISABLED"], len:1
    Action Link: Controller#0.Corrupt
    Found matching Source Link: src:115 dest:116 name:"Controller#0.Corrupt" weight:0.125 type:"action" 10:"\n\x14Controller#0.Corrupt\x12\n\"DISABLED\""
  End of Request 119, current nodeId: 116, node: map[channel_messages:map[] channels:map[] current:0 failedInvariants:<nil> name:yield returns:{"Controller#0.Corrupt":"DISABLED"} roles:[map[fields:map[attempts:5 current:1 fault:true generation:1 inspected:true phase:terminal proof:0 repair:0 repeats:2 reports:implementation,review review:1 saved:4 status:BLOCKED] name:Controller params:map[] ref:0 ref_string:Controller#0]] state:map[controller:role Controller#0] stats:map[counts:map[Controller#0.Corrupt:2 Controller#0.Inspect:1 Controller#0.Proof:1 Controller#0.Restart:1 Controller#0.Resume:2 Controller#0.Review:1 Controller#0.Start:1] totalActions:9] threads:[] witness:[[false false false false]]]
. Expected DISABLED
. Actual [str_value:"DISABLED"], len:1
    Action Link: Controller#0.Inspect
    Found matching Source Link: src:116 dest:118 name:"Controller#0.Inspect" weight:0.125 type:"action" 10:"\n\x14Controller#0.Inspect\x12\n\"DISABLED\""
  End of Request 120, current nodeId: 118, node: map[channel_messages:map[] channels:map[] current:0 failedInvariants:<nil> name:yield returns:{"Controller#0.Inspect":"DISABLED"} roles:[map[fields:map[attempts:5 current:1 fault:true generation:1 inspected:true phase:terminal proof:0 repair:0 repeats:2 reports:implementation,review review:1 saved:4 status:BLOCKED] name:Controller params:map[] ref:0 ref_string:Controller#0]] state:map[controller:role Controller#0] stats:map[counts:map[Controller#0.Corrupt:1 Controller#0.Inspect:2 Controller#0.Proof:1 Controller#0.Restart:1 Controller#0.Resume:2 Controller#0.Review:1 Controller#0.Start:1] totalActions:9] threads:[] witness:[[false false false false]]]
. Expected DISABLED
. Actual [str_value:"DISABLED"], len:1
    Action Link: Controller#0.Review
    Found matching Source Link: src:118 dest:114 name:"Controller#0.Review" weight:0.125 type:"action" 10:"\n\x13Controller#0.Review\x12\n\"DISABLED\""
  End of Request 121, current nodeId: 114, node: map[channel_messages:map[] channels:map[] current:0 failedInvariants:<nil> name:yield returns:{"Controller#0.Review":"DISABLED"} roles:[map[fields:map[attempts:5 current:1 fault:true generation:1 inspected:true phase:terminal proof:0 repair:0 repeats:2 reports:implementation,review review:1 saved:4 status:BLOCKED] name:Controller params:map[] ref:0 ref_string:Controller#0]] state:map[controller:role Controller#0] stats:map[counts:map[Controller#0.Corrupt:1 Controller#0.Inspect:1 Controller#0.Proof:1 Controller#0.Restart:1 Controller#0.Resume:2 Controller#0.Review:2 Controller#0.Start:1] totalActions:9] threads:[] witness:[[false false false false]]]
. Expected DISABLED
. Actual [str_value:"DISABLED"], len:1
    Action Link: Controller#0.Resume
    Found matching Source Link: src:114 dest:119 name:"Controller#0.Resume" weight:0.125 type:"action" 10:"\n\x13Controller#0.Resume\x12\n\"DISABLED\""
  End of Request 122, current nodeId: 119, node: map[channel_messages:map[] channels:map[] current:0 failedInvariants:<nil> name:yield returns:{"Controller#0.Resume":"DISABLED"} roles:[map[fields:map[attempts:5 current:1 fault:true generation:1 inspected:true phase:terminal proof:0 repair:0 repeats:2 reports:implementation,review review:1 saved:4 status:BLOCKED] name:Controller params:map[] ref:0 ref_string:Controller#0]] state:map[controller:role Controller#0] stats:map[counts:map[Controller#0.Corrupt:1 Controller#0.Inspect:1 Controller#0.Proof:1 Controller#0.Restart:1 Controller#0.Resume:3 Controller#0.Review:1 Controller#0.Start:1] totalActions:9] threads:[] witness:[[false false false false]]]
. Expected DISABLED
. Actual [str_value:"DISABLED"], len:1
    Action Link: Controller#0.Corrupt
    Found matching Source Link: src:119 dest:116 name:"Controller#0.Corrupt" weight:0.125 type:"action" 10:"\n\x14Controller#0.Corrupt\x12\n\"DISABLED\""
  End of Request 123, current nodeId: 116, node: map[channel_messages:map[] channels:map[] current:0 failedInvariants:<nil> name:yield returns:{"Controller#0.Corrupt":"DISABLED"} roles:[map[fields:map[attempts:5 current:1 fault:true generation:1 inspected:true phase:terminal proof:0 repair:0 repeats:2 reports:implementation,review review:1 saved:4 status:BLOCKED] name:Controller params:map[] ref:0 ref_string:Controller#0]] state:map[controller:role Controller#0] stats:map[counts:map[Controller#0.Corrupt:2 Controller#0.Inspect:1 Controller#0.Proof:1 Controller#0.Restart:1 Controller#0.Resume:2 Controller#0.Review:1 Controller#0.Start:1] totalActions:9] threads:[] witness:[[false false false false]]]
. Expected DISABLED
. Actual [str_value:"DISABLED"], len:1
    Action Link: Controller#0.Start
    Found matching Source Link: src:116 dest:113 name:"Controller#0.Start" weight:0.125 type:"action" 10:"\n\x12Controller#0.Start\x12\n\"DISABLED\""
  End of Request 124, current nodeId: 113, node: map[channel_messages:map[] channels:map[] current:0 failedInvariants:<nil> name:yield returns:{"Controller#0.Start":"DISABLED"} roles:[map[fields:map[attempts:5 current:1 fault:true generation:1 inspected:true phase:terminal proof:0 repair:0 repeats:2 reports:implementation,review review:1 saved:4 status:BLOCKED] name:Controller params:map[] ref:0 ref_string:Controller#0]] state:map[controller:role Controller#0] stats:map[counts:map[Controller#0.Corrupt:1 Controller#0.Inspect:1 Controller#0.Proof:1 Controller#0.Restart:1 Controller#0.Resume:2 Controller#0.Review:1 Controller#0.Start:2] totalActions:9] threads:[] witness:[[false false false false]]]
. Expected DISABLED
. Actual [str_value:"DISABLED"], len:1
    Action Link: Controller#0.Proof
    Found matching Source Link: src:113 dest:115 name:"Controller#0.Proof" weight:0.125 type:"action" 10:"\n\x12Controller#0.Proof\x12\n\"DISABLED\""
  End of Request 125, current nodeId: 115, node: map[channel_messages:map[] channels:map[] current:0 failedInvariants:<nil> name:yield returns:{"Controller#0.Proof":"DISABLED"} roles:[map[fields:map[attempts:5 current:1 fault:true generation:1 inspected:true phase:terminal proof:0 repair:0 repeats:2 reports:implementation,review review:1 saved:4 status:BLOCKED] name:Controller params:map[] ref:0 ref_string:Controller#0]] state:map[controller:role Controller#0] stats:map[counts:map[Controller#0.Corrupt:1 Controller#0.Inspect:1 Controller#0.Proof:2 Controller#0.Restart:1 Controller#0.Resume:2 Controller#0.Review:1 Controller#0.Start:1] totalActions:9] threads:[] witness:[[false false false false]]]
. Expected DISABLED
. Actual [str_value:"DISABLED"], len:1
    Action Link: Controller#0.Review
    Found matching Source Link: src:115 dest:114 name:"Controller#0.Review" weight:0.125 type:"action" 10:"\n\x13Controller#0.Review\x12\n\"DISABLED\""
  End of Request 126, current nodeId: 114, node: map[channel_messages:map[] channels:map[] current:0 failedInvariants:<nil> name:yield returns:{"Controller#0.Review":"DISABLED"} roles:[map[fields:map[attempts:5 current:1 fault:true generation:1 inspected:true phase:terminal proof:0 repair:0 repeats:2 reports:implementation,review review:1 saved:4 status:BLOCKED] name:Controller params:map[] ref:0 ref_string:Controller#0]] state:map[controller:role Controller#0] stats:map[counts:map[Controller#0.Corrupt:1 Controller#0.Inspect:1 Controller#0.Proof:1 Controller#0.Restart:1 Controller#0.Resume:2 Controller#0.Review:2 Controller#0.Start:1] totalActions:9] threads:[] witness:[[false false false false]]]
. Expected DISABLED
. Actual [str_value:"DISABLED"], len:1
    Action Link: Controller#0.Restart
    Found matching Source Link: src:114 dest:117 name:"Controller#0.Restart" weight:0.125 type:"action" 10:"\n\x14Controller#0.Restart\x12\n\"DISABLED\""
  End of Request 127, current nodeId: 117, node: map[channel_messages:map[] channels:map[] current:0 failedInvariants:<nil> name:yield returns:{"Controller#0.Restart":"DISABLED"} roles:[map[fields:map[attempts:5 current:1 fault:true generation:1 inspected:true phase:terminal proof:0 repair:0 repeats:2 reports:implementation,review review:1 saved:4 status:BLOCKED] name:Controller params:map[] ref:0 ref_string:Controller#0]] state:map[controller:role Controller#0] stats:map[counts:map[Controller#0.Corrupt:1 Controller#0.Inspect:1 Controller#0.Proof:1 Controller#0.Restart:2 Controller#0.Resume:2 Controller#0.Review:1 Controller#0.Start:1] totalActions:9] threads:[] witness:[[false false false false]]]
. Expected DISABLED
. Actual [str_value:"DISABLED"], len:1
    Action Link: Controller#0.Resume
    Found matching Source Link: src:117 dest:119 name:"Controller#0.Resume" weight:0.125 type:"action" 10:"\n\x13Controller#0.Resume\x12\n\"DISABLED\""
  End of Request 128, current nodeId: 119, node: map[channel_messages:map[] channels:map[] current:0 failedInvariants:<nil> name:yield returns:{"Controller#0.Resume":"DISABLED"} roles:[map[fields:map[attempts:5 current:1 fault:true generation:1 inspected:true phase:terminal proof:0 repair:0 repeats:2 reports:implementation,review review:1 saved:4 status:BLOCKED] name:Controller params:map[] ref:0 ref_string:Controller#0]] state:map[controller:role Controller#0] stats:map[counts:map[Controller#0.Corrupt:1 Controller#0.Inspect:1 Controller#0.Proof:1 Controller#0.Restart:1 Controller#0.Resume:3 Controller#0.Review:1 Controller#0.Start:1] totalActions:9] threads:[] witness:[[false false false false]]]
. Expected DISABLED
. Actual [str_value:"DISABLED"], len:1
    Action Link: Controller#0.Review
    Found matching Source Link: src:119 dest:114 name:"Controller#0.Review" weight:0.125 type:"action" 10:"\n\x13Controller#0.Review\x12\n\"DISABLED\""
  End of Request 129, current nodeId: 114, node: map[channel_messages:map[] channels:map[] current:0 failedInvariants:<nil> name:yield returns:{"Controller#0.Review":"DISABLED"} roles:[map[fields:map[attempts:5 current:1 fault:true generation:1 inspected:true phase:terminal proof:0 repair:0 repeats:2 reports:implementation,review review:1 saved:4 status:BLOCKED] name:Controller params:map[] ref:0 ref_string:Controller#0]] state:map[controller:role Controller#0] stats:map[counts:map[Controller#0.Corrupt:1 Controller#0.Inspect:1 Controller#0.Proof:1 Controller#0.Restart:1 Controller#0.Resume:2 Controller#0.Review:2 Controller#0.Start:1] totalActions:9] threads:[] witness:[[false false false false]]]
. Expected DISABLED
. Actual [str_value:"DISABLED"], len:1
    Action Link: Controller#0.Restart
    Found matching Source Link: src:114 dest:117 name:"Controller#0.Restart" weight:0.125 type:"action" 10:"\n\x14Controller#0.Restart\x12\n\"DISABLED\""
  End of Request 130, current nodeId: 117, node: map[channel_messages:map[] channels:map[] current:0 failedInvariants:<nil> name:yield returns:{"Controller#0.Restart":"DISABLED"} roles:[map[fields:map[attempts:5 current:1 fault:true generation:1 inspected:true phase:terminal proof:0 repair:0 repeats:2 reports:implementation,review review:1 saved:4 status:BLOCKED] name:Controller params:map[] ref:0 ref_string:Controller#0]] state:map[controller:role Controller#0] stats:map[counts:map[Controller#0.Corrupt:1 Controller#0.Inspect:1 Controller#0.Proof:1 Controller#0.Restart:2 Controller#0.Resume:2 Controller#0.Review:1 Controller#0.Start:1] totalActions:9] threads:[] witness:[[false false false false]]]
. Expected DISABLED
. Actual [str_value:"DISABLED"], len:1
    Action Link: Controller#0.Inspect
    Found matching Source Link: src:117 dest:118 name:"Controller#0.Inspect" weight:0.125 type:"action" 10:"\n\x14Controller#0.Inspect\x12\n\"DISABLED\""
  End of Request 131, current nodeId: 118, node: map[channel_messages:map[] channels:map[] current:0 failedInvariants:<nil> name:yield returns:{"Controller#0.Inspect":"DISABLED"} roles:[map[fields:map[attempts:5 current:1 fault:true generation:1 inspected:true phase:terminal proof:0 repair:0 repeats:2 reports:implementation,review review:1 saved:4 status:BLOCKED] name:Controller params:map[] ref:0 ref_string:Controller#0]] state:map[controller:role Controller#0] stats:map[counts:map[Controller#0.Corrupt:1 Controller#0.Inspect:2 Controller#0.Proof:1 Controller#0.Restart:1 Controller#0.Resume:2 Controller#0.Review:1 Controller#0.Start:1] totalActions:9] threads:[] witness:[[false false false false]]]
. Expected DISABLED
. Actual [str_value:"DISABLED"], len:1
    Action Link: Controller#0.Resume
    Found matching Source Link: src:118 dest:119 name:"Controller#0.Resume" weight:0.125 type:"action" 10:"\n\x13Controller#0.Resume\x12\n\"DISABLED\""
  End of Request 132, current nodeId: 119, node: map[channel_messages:map[] channels:map[] current:0 failedInvariants:<nil> name:yield returns:{"Controller#0.Resume":"DISABLED"} roles:[map[fields:map[attempts:5 current:1 fault:true generation:1 inspected:true phase:terminal proof:0 repair:0 repeats:2 reports:implementation,review review:1 saved:4 status:BLOCKED] name:Controller params:map[] ref:0 ref_string:Controller#0]] state:map[controller:role Controller#0] stats:map[counts:map[Controller#0.Corrupt:1 Controller#0.Inspect:1 Controller#0.Proof:1 Controller#0.Restart:1 Controller#0.Resume:3 Controller#0.Review:1 Controller#0.Start:1] totalActions:9] threads:[] witness:[[false false false false]]]
. Expected DISABLED
. Actual [str_value:"DISABLED"], len:1
    Action Link: Controller#0.Restart
    Found matching Source Link: src:119 dest:117 name:"Controller#0.Restart" weight:0.125 type:"action" 10:"\n\x14Controller#0.Restart\x12\n\"DISABLED\""
  End of Request 133, current nodeId: 117, node: map[channel_messages:map[] channels:map[] current:0 failedInvariants:<nil> name:yield returns:{"Controller#0.Restart":"DISABLED"} roles:[map[fields:map[attempts:5 current:1 fault:true generation:1 inspected:true phase:terminal proof:0 repair:0 repeats:2 reports:implementation,review review:1 saved:4 status:BLOCKED] name:Controller params:map[] ref:0 ref_string:Controller#0]] state:map[controller:role Controller#0] stats:map[counts:map[Controller#0.Corrupt:1 Controller#0.Inspect:1 Controller#0.Proof:1 Controller#0.Restart:2 Controller#0.Resume:2 Controller#0.Review:1 Controller#0.Start:1] totalActions:9] threads:[] witness:[[false false false false]]]
. Expected DISABLED
. Actual [str_value:"DISABLED"], len:1
    Action Link: Controller#0.Review
    Found matching Source Link: src:117 dest:114 name:"Controller#0.Review" weight:0.125 type:"action" 10:"\n\x13Controller#0.Review\x12\n\"DISABLED\""
  End of Request 134, current nodeId: 114, node: map[channel_messages:map[] channels:map[] current:0 failedInvariants:<nil> name:yield returns:{"Controller#0.Review":"DISABLED"} roles:[map[fields:map[attempts:5 current:1 fault:true generation:1 inspected:true phase:terminal proof:0 repair:0 repeats:2 reports:implementation,review review:1 saved:4 status:BLOCKED] name:Controller params:map[] ref:0 ref_string:Controller#0]] state:map[controller:role Controller#0] stats:map[counts:map[Controller#0.Corrupt:1 Controller#0.Inspect:1 Controller#0.Proof:1 Controller#0.Restart:1 Controller#0.Resume:2 Controller#0.Review:2 Controller#0.Start:1] totalActions:9] threads:[] witness:[[false false false false]]]
. Expected DISABLED
. Actual [str_value:"DISABLED"], len:1
    Action Link: Controller#0.Overlap
    Found matching Source Link: src:114 dest:120 name:"Controller#0.Overlap" weight:0.125 type:"action" 10:"\n\x14Controller#0.Overlap\x12\n\"DISABLED\""
  End of Request 135, current nodeId: 120, node: map[channel_messages:map[] channels:map[] current:0 failedInvariants:<nil> name:yield returns:{"Controller#0.Overlap":"DISABLED"} roles:[map[fields:map[attempts:5 current:1 fault:true generation:1 inspected:true phase:terminal proof:0 repair:0 repeats:2 reports:implementation,review review:1 saved:4 status:BLOCKED] name:Controller params:map[] ref:0 ref_string:Controller#0]] state:map[controller:role Controller#0] stats:map[counts:map[Controller#0.Corrupt:1 Controller#0.Inspect:1 Controller#0.Overlap:1 Controller#0.Proof:1 Controller#0.Restart:1 Controller#0.Resume:2 Controller#0.Review:1 Controller#0.Start:1] totalActions:9] threads:[] witness:[[false false false false]]]
. Expected DISABLED
. Actual [str_value:"DISABLED"], len:1
    Action Link: Controller#0.Restart
    Found matching Source Link: src:120 dest:117 name:"Controller#0.Restart" weight:0.125 type:"action" 10:"\n\x14Controller#0.Restart\x12\n\"DISABLED\""
  End of Request 136, current nodeId: 117, node: map[channel_messages:map[] channels:map[] current:0 failedInvariants:<nil> name:yield returns:{"Controller#0.Restart":"DISABLED"} roles:[map[fields:map[attempts:5 current:1 fault:true generation:1 inspected:true phase:terminal proof:0 repair:0 repeats:2 reports:implementation,review review:1 saved:4 status:BLOCKED] name:Controller params:map[] ref:0 ref_string:Controller#0]] state:map[controller:role Controller#0] stats:map[counts:map[Controller#0.Corrupt:1 Controller#0.Inspect:1 Controller#0.Proof:1 Controller#0.Restart:2 Controller#0.Resume:2 Controller#0.Review:1 Controller#0.Start:1] totalActions:9] threads:[] witness:[[false false false false]]]
. Expected DISABLED
. Actual [str_value:"DISABLED"], len:1
    Action Link: Controller#0.Restart
    Found matching Source Link: src:117 dest:117 name:"Controller#0.Restart" weight:0.125 type:"action" 10:"\n\x14Controller#0.Restart\x12\n\"DISABLED\""
  End of Request 137, current nodeId: 117, node: map[channel_messages:map[] channels:map[] current:0 failedInvariants:<nil> name:yield returns:{"Controller#0.Restart":"DISABLED"} roles:[map[fields:map[attempts:5 current:1 fault:true generation:1 inspected:true phase:terminal proof:0 repair:0 repeats:2 reports:implementation,review review:1 saved:4 status:BLOCKED] name:Controller params:map[] ref:0 ref_string:Controller#0]] state:map[controller:role Controller#0] stats:map[counts:map[Controller#0.Corrupt:1 Controller#0.Inspect:1 Controller#0.Proof:1 Controller#0.Restart:2 Controller#0.Resume:2 Controller#0.Review:1 Controller#0.Start:1] totalActions:9] threads:[] witness:[[false false false false]]]
. Expected DISABLED
. Actual [str_value:"DISABLED"], len:1
    Action Link: Controller#0.Restart
    Found matching Source Link: src:117 dest:117 name:"Controller#0.Restart" weight:0.125 type:"action" 10:"\n\x14Controller#0.Restart\x12\n\"DISABLED\""
  End of Request 138, current nodeId: 117, node: map[channel_messages:map[] channels:map[] current:0 failedInvariants:<nil> name:yield returns:{"Controller#0.Restart":"DISABLED"} roles:[map[fields:map[attempts:5 current:1 fault:true generation:1 inspected:true phase:terminal proof:0 repair:0 repeats:2 reports:implementation,review review:1 saved:4 status:BLOCKED] name:Controller params:map[] ref:0 ref_string:Controller#0]] state:map[controller:role Controller#0] stats:map[counts:map[Controller#0.Corrupt:1 Controller#0.Inspect:1 Controller#0.Proof:1 Controller#0.Restart:2 Controller#0.Resume:2 Controller#0.Review:1 Controller#0.Start:1] totalActions:9] threads:[] witness:[[false false false false]]]
. Expected DISABLED
. Actual [str_value:"DISABLED"], len:1
    Action Link: Controller#0.Start
    Found matching Source Link: src:117 dest:113 name:"Controller#0.Start" weight:0.125 type:"action" 10:"\n\x12Controller#0.Start\x12\n\"DISABLED\""
  End of Request 139, current nodeId: 113, node: map[channel_messages:map[] channels:map[] current:0 failedInvariants:<nil> name:yield returns:{"Controller#0.Start":"DISABLED"} roles:[map[fields:map[attempts:5 current:1 fault:true generation:1 inspected:true phase:terminal proof:0 repair:0 repeats:2 reports:implementation,review review:1 saved:4 status:BLOCKED] name:Controller params:map[] ref:0 ref_string:Controller#0]] state:map[controller:role Controller#0] stats:map[counts:map[Controller#0.Corrupt:1 Controller#0.Inspect:1 Controller#0.Proof:1 Controller#0.Restart:1 Controller#0.Resume:2 Controller#0.Review:1 Controller#0.Start:2] totalActions:9] threads:[] witness:[[false false false false]]]
. Expected DISABLED
. Actual [str_value:"DISABLED"], len:1
    Action Link: Controller#0.Proof
    Found matching Source Link: src:113 dest:115 name:"Controller#0.Proof" weight:0.125 type:"action" 10:"\n\x12Controller#0.Proof\x12\n\"DISABLED\""
  End of Request 140, current nodeId: 115, node: map[channel_messages:map[] channels:map[] current:0 failedInvariants:<nil> name:yield returns:{"Controller#0.Proof":"DISABLED"} roles:[map[fields:map[attempts:5 current:1 fault:true generation:1 inspected:true phase:terminal proof:0 repair:0 repeats:2 reports:implementation,review review:1 saved:4 status:BLOCKED] name:Controller params:map[] ref:0 ref_string:Controller#0]] state:map[controller:role Controller#0] stats:map[counts:map[Controller#0.Corrupt:1 Controller#0.Inspect:1 Controller#0.Proof:2 Controller#0.Restart:1 Controller#0.Resume:2 Controller#0.Review:1 Controller#0.Start:1] totalActions:9] threads:[] witness:[[false false false false]]]
. Expected DISABLED
. Actual [str_value:"DISABLED"], len:1
    Action Link: Controller#0.Resume
    Found matching Source Link: src:115 dest:119 name:"Controller#0.Resume" weight:0.125 type:"action" 10:"\n\x13Controller#0.Resume\x12\n\"DISABLED\""
  End of Request 141, current nodeId: 119, node: map[channel_messages:map[] channels:map[] current:0 failedInvariants:<nil> name:yield returns:{"Controller#0.Resume":"DISABLED"} roles:[map[fields:map[attempts:5 current:1 fault:true generation:1 inspected:true phase:terminal proof:0 repair:0 repeats:2 reports:implementation,review review:1 saved:4 status:BLOCKED] name:Controller params:map[] ref:0 ref_string:Controller#0]] state:map[controller:role Controller#0] stats:map[counts:map[Controller#0.Corrupt:1 Controller#0.Inspect:1 Controller#0.Proof:1 Controller#0.Restart:1 Controller#0.Resume:3 Controller#0.Review:1 Controller#0.Start:1] totalActions:9] threads:[] witness:[[false false false false]]]
. Expected DISABLED
. Actual [str_value:"DISABLED"], len:1
    Action Link: Controller#0.Review
    Found matching Source Link: src:119 dest:114 name:"Controller#0.Review" weight:0.125 type:"action" 10:"\n\x13Controller#0.Review\x12\n\"DISABLED\""
  End of Request 142, current nodeId: 114, node: map[channel_messages:map[] channels:map[] current:0 failedInvariants:<nil> name:yield returns:{"Controller#0.Review":"DISABLED"} roles:[map[fields:map[attempts:5 current:1 fault:true generation:1 inspected:true phase:terminal proof:0 repair:0 repeats:2 reports:implementation,review review:1 saved:4 status:BLOCKED] name:Controller params:map[] ref:0 ref_string:Controller#0]] state:map[controller:role Controller#0] stats:map[counts:map[Controller#0.Corrupt:1 Controller#0.Inspect:1 Controller#0.Proof:1 Controller#0.Restart:1 Controller#0.Resume:2 Controller#0.Review:2 Controller#0.Start:1] totalActions:9] threads:[] witness:[[false false false false]]]
. Expected DISABLED
. Actual [str_value:"DISABLED"], len:1
    Action Link: Controller#0.Review
    Found matching Source Link: src:114 dest:114 name:"Controller#0.Review" weight:0.125 type:"action" 10:"\n\x13Controller#0.Review\x12\n\"DISABLED\""
  End of Request 143, current nodeId: 114, node: map[channel_messages:map[] channels:map[] current:0 failedInvariants:<nil> name:yield returns:{"Controller#0.Review":"DISABLED"} roles:[map[fields:map[attempts:5 current:1 fault:true generation:1 inspected:true phase:terminal proof:0 repair:0 repeats:2 reports:implementation,review review:1 saved:4 status:BLOCKED] name:Controller params:map[] ref:0 ref_string:Controller#0]] state:map[controller:role Controller#0] stats:map[counts:map[Controller#0.Corrupt:1 Controller#0.Inspect:1 Controller#0.Proof:1 Controller#0.Restart:1 Controller#0.Resume:2 Controller#0.Review:2 Controller#0.Start:1] totalActions:9] threads:[] witness:[[false false false false]]]
. Expected DISABLED
. Actual [str_value:"DISABLED"], len:1
    Action Link: Controller#0.Corrupt
    Found matching Source Link: src:114 dest:116 name:"Controller#0.Corrupt" weight:0.125 type:"action" 10:"\n\x14Controller#0.Corrupt\x12\n\"DISABLED\""
  End of Request 144, current nodeId: 116, node: map[channel_messages:map[] channels:map[] current:0 failedInvariants:<nil> name:yield returns:{"Controller#0.Corrupt":"DISABLED"} roles:[map[fields:map[attempts:5 current:1 fault:true generation:1 inspected:true phase:terminal proof:0 repair:0 repeats:2 reports:implementation,review review:1 saved:4 status:BLOCKED] name:Controller params:map[] ref:0 ref_string:Controller#0]] state:map[controller:role Controller#0] stats:map[counts:map[Controller#0.Corrupt:2 Controller#0.Inspect:1 Controller#0.Proof:1 Controller#0.Restart:1 Controller#0.Resume:2 Controller#0.Review:1 Controller#0.Start:1] totalActions:9] threads:[] witness:[[false false false false]]]
. Expected DISABLED
. Actual [str_value:"DISABLED"], len:1
    Action Link: Controller#0.Proof
    Found matching Source Link: src:116 dest:115 name:"Controller#0.Proof" weight:0.125 type:"action" 10:"\n\x12Controller#0.Proof\x12\n\"DISABLED\""
  End of Request 145, current nodeId: 115, node: map[channel_messages:map[] channels:map[] current:0 failedInvariants:<nil> name:yield returns:{"Controller#0.Proof":"DISABLED"} roles:[map[fields:map[attempts:5 current:1 fault:true generation:1 inspected:true phase:terminal proof:0 repair:0 repeats:2 reports:implementation,review review:1 saved:4 status:BLOCKED] name:Controller params:map[] ref:0 ref_string:Controller#0]] state:map[controller:role Controller#0] stats:map[counts:map[Controller#0.Corrupt:1 Controller#0.Inspect:1 Controller#0.Proof:2 Controller#0.Restart:1 Controller#0.Resume:2 Controller#0.Review:1 Controller#0.Start:1] totalActions:9] threads:[] witness:[[false false false false]]]
. Expected DISABLED
. Actual [str_value:"DISABLED"], len:1
    Action Link: Controller#0.Restart
    Found matching Source Link: src:115 dest:117 name:"Controller#0.Restart" weight:0.125 type:"action" 10:"\n\x14Controller#0.Restart\x12\n\"DISABLED\""
  End of Request 146, current nodeId: 117, node: map[channel_messages:map[] channels:map[] current:0 failedInvariants:<nil> name:yield returns:{"Controller#0.Restart":"DISABLED"} roles:[map[fields:map[attempts:5 current:1 fault:true generation:1 inspected:true phase:terminal proof:0 repair:0 repeats:2 reports:implementation,review review:1 saved:4 status:BLOCKED] name:Controller params:map[] ref:0 ref_string:Controller#0]] state:map[controller:role Controller#0] stats:map[counts:map[Controller#0.Corrupt:1 Controller#0.Inspect:1 Controller#0.Proof:1 Controller#0.Restart:2 Controller#0.Resume:2 Controller#0.Review:1 Controller#0.Start:1] totalActions:9] threads:[] witness:[[false false false false]]]
. Expected DISABLED
. Actual [str_value:"DISABLED"], len:1
    Action Link: Controller#0.Inspect
    Found matching Source Link: src:117 dest:118 name:"Controller#0.Inspect" weight:0.125 type:"action" 10:"\n\x14Controller#0.Inspect\x12\n\"DISABLED\""
  End of Request 147, current nodeId: 118, node: map[channel_messages:map[] channels:map[] current:0 failedInvariants:<nil> name:yield returns:{"Controller#0.Inspect":"DISABLED"} roles:[map[fields:map[attempts:5 current:1 fault:true generation:1 inspected:true phase:terminal proof:0 repair:0 repeats:2 reports:implementation,review review:1 saved:4 status:BLOCKED] name:Controller params:map[] ref:0 ref_string:Controller#0]] state:map[controller:role Controller#0] stats:map[counts:map[Controller#0.Corrupt:1 Controller#0.Inspect:2 Controller#0.Proof:1 Controller#0.Restart:1 Controller#0.Resume:2 Controller#0.Review:1 Controller#0.Start:1] totalActions:9] threads:[] witness:[[false false false false]]]
. Expected DISABLED
. Actual [str_value:"DISABLED"], len:1
    Action Link: Controller#0.Proof
    Found matching Source Link: src:118 dest:115 name:"Controller#0.Proof" weight:0.125 type:"action" 10:"\n\x12Controller#0.Proof\x12\n\"DISABLED\""
  End of Request 148, current nodeId: 115, node: map[channel_messages:map[] channels:map[] current:0 failedInvariants:<nil> name:yield returns:{"Controller#0.Proof":"DISABLED"} roles:[map[fields:map[attempts:5 current:1 fault:true generation:1 inspected:true phase:terminal proof:0 repair:0 repeats:2 reports:implementation,review review:1 saved:4 status:BLOCKED] name:Controller params:map[] ref:0 ref_string:Controller#0]] state:map[controller:role Controller#0] stats:map[counts:map[Controller#0.Corrupt:1 Controller#0.Inspect:1 Controller#0.Proof:2 Controller#0.Restart:1 Controller#0.Resume:2 Controller#0.Review:1 Controller#0.Start:1] totalActions:9] threads:[] witness:[[false false false false]]]
. Expected DISABLED
. Actual [str_value:"DISABLED"], len:1
    Action Link: Controller#0.Restart
    Found matching Source Link: src:115 dest:117 name:"Controller#0.Restart" weight:0.125 type:"action" 10:"\n\x14Controller#0.Restart\x12\n\"DISABLED\""
  End of Request 149, current nodeId: 117, node: map[channel_messages:map[] channels:map[] current:0 failedInvariants:<nil> name:yield returns:{"Controller#0.Restart":"DISABLED"} roles:[map[fields:map[attempts:5 current:1 fault:true generation:1 inspected:true phase:terminal proof:0 repair:0 repeats:2 reports:implementation,review review:1 saved:4 status:BLOCKED] name:Controller params:map[] ref:0 ref_string:Controller#0]] state:map[controller:role Controller#0] stats:map[counts:map[Controller#0.Corrupt:1 Controller#0.Inspect:1 Controller#0.Proof:1 Controller#0.Restart:2 Controller#0.Resume:2 Controller#0.Review:1 Controller#0.Start:1] totalActions:9] threads:[] witness:[[false false false false]]]
. Expected DISABLED
. Actual [str_value:"DISABLED"], len:1
    Action Link: Controller#0.Review
    Found matching Source Link: src:117 dest:114 name:"Controller#0.Review" weight:0.125 type:"action" 10:"\n\x13Controller#0.Review\x12\n\"DISABLED\""
  End of Request 150, current nodeId: 114, node: map[channel_messages:map[] channels:map[] current:0 failedInvariants:<nil> name:yield returns:{"Controller#0.Review":"DISABLED"} roles:[map[fields:map[attempts:5 current:1 fault:true generation:1 inspected:true phase:terminal proof:0 repair:0 repeats:2 reports:implementation,review review:1 saved:4 status:BLOCKED] name:Controller params:map[] ref:0 ref_string:Controller#0]] state:map[controller:role Controller#0] stats:map[counts:map[Controller#0.Corrupt:1 Controller#0.Inspect:1 Controller#0.Proof:1 Controller#0.Restart:1 Controller#0.Resume:2 Controller#0.Review:2 Controller#0.Start:1] totalActions:9] threads:[] witness:[[false false false false]]]
. Expected DISABLED
. Actual [str_value:"DISABLED"], len:1
    Action Link: Controller#0.Review
    Found matching Source Link: src:114 dest:114 name:"Controller#0.Review" weight:0.125 type:"action" 10:"\n\x13Controller#0.Review\x12\n\"DISABLED\""
  End of Request 151, current nodeId: 114, node: map[channel_messages:map[] channels:map[] current:0 failedInvariants:<nil> name:yield returns:{"Controller#0.Review":"DISABLED"} roles:[map[fields:map[attempts:5 current:1 fault:true generation:1 inspected:true phase:terminal proof:0 repair:0 repeats:2 reports:implementation,review review:1 saved:4 status:BLOCKED] name:Controller params:map[] ref:0 ref_string:Controller#0]] state:map[controller:role Controller#0] stats:map[counts:map[Controller#0.Corrupt:1 Controller#0.Inspect:1 Controller#0.Proof:1 Controller#0.Restart:1 Controller#0.Resume:2 Controller#0.Review:2 Controller#0.Start:1] totalActions:9] threads:[] witness:[[false false false false]]]
. Expected DISABLED
. Actual [str_value:"DISABLED"], len:1
    Action Link: Controller#0.Review
    Found matching Source Link: src:114 dest:114 name:"Controller#0.Review" weight:0.125 type:"action" 10:"\n\x13Controller#0.Review\x12\n\"DISABLED\""
  End of Request 152, current nodeId: 114, node: map[channel_messages:map[] channels:map[] current:0 failedInvariants:<nil> name:yield returns:{"Controller#0.Review":"DISABLED"} roles:[map[fields:map[attempts:5 current:1 fault:true generation:1 inspected:true phase:terminal proof:0 repair:0 repeats:2 reports:implementation,review review:1 saved:4 status:BLOCKED] name:Controller params:map[] ref:0 ref_string:Controller#0]] state:map[controller:role Controller#0] stats:map[counts:map[Controller#0.Corrupt:1 Controller#0.Inspect:1 Controller#0.Proof:1 Controller#0.Restart:1 Controller#0.Resume:2 Controller#0.Review:2 Controller#0.Start:1] totalActions:9] threads:[] witness:[[false false false false]]]
. Expected DISABLED
. Actual [str_value:"DISABLED"], len:1
    Action Link: Controller#0.Restart
    Found matching Source Link: src:114 dest:117 name:"Controller#0.Restart" weight:0.125 type:"action" 10:"\n\x14Controller#0.Restart\x12\n\"DISABLED\""
  End of Request 153, current nodeId: 117, node: map[channel_messages:map[] channels:map[] current:0 failedInvariants:<nil> name:yield returns:{"Controller#0.Restart":"DISABLED"} roles:[map[fields:map[attempts:5 current:1 fault:true generation:1 inspected:true phase:terminal proof:0 repair:0 repeats:2 reports:implementation,review review:1 saved:4 status:BLOCKED] name:Controller params:map[] ref:0 ref_string:Controller#0]] state:map[controller:role Controller#0] stats:map[counts:map[Controller#0.Corrupt:1 Controller#0.Inspect:1 Controller#0.Proof:1 Controller#0.Restart:2 Controller#0.Resume:2 Controller#0.Review:1 Controller#0.Start:1] totalActions:9] threads:[] witness:[[false false false false]]]
. Expected DISABLED
. Actual [str_value:"DISABLED"], len:1
    Action Link: Controller#0.Resume
    Found matching Source Link: src:117 dest:119 name:"Controller#0.Resume" weight:0.125 type:"action" 10:"\n\x13Controller#0.Resume\x12\n\"DISABLED\""
  End of Request 154, current nodeId: 119, node: map[channel_messages:map[] channels:map[] current:0 failedInvariants:<nil> name:yield returns:{"Controller#0.Resume":"DISABLED"} roles:[map[fields:map[attempts:5 current:1 fault:true generation:1 inspected:true phase:terminal proof:0 repair:0 repeats:2 reports:implementation,review review:1 saved:4 status:BLOCKED] name:Controller params:map[] ref:0 ref_string:Controller#0]] state:map[controller:role Controller#0] stats:map[counts:map[Controller#0.Corrupt:1 Controller#0.Inspect:1 Controller#0.Proof:1 Controller#0.Restart:1 Controller#0.Resume:3 Controller#0.Review:1 Controller#0.Start:1] totalActions:9] threads:[] witness:[[false false false false]]]
. Expected DISABLED
. Actual [str_value:"DISABLED"], len:1
    Action Link: Controller#0.Inspect
    Found matching Source Link: src:119 dest:118 name:"Controller#0.Inspect" weight:0.125 type:"action" 10:"\n\x14Controller#0.Inspect\x12\n\"DISABLED\""
  End of Request 155, current nodeId: 118, node: map[channel_messages:map[] channels:map[] current:0 failedInvariants:<nil> name:yield returns:{"Controller#0.Inspect":"DISABLED"} roles:[map[fields:map[attempts:5 current:1 fault:true generation:1 inspected:true phase:terminal proof:0 repair:0 repeats:2 reports:implementation,review review:1 saved:4 status:BLOCKED] name:Controller params:map[] ref:0 ref_string:Controller#0]] state:map[controller:role Controller#0] stats:map[counts:map[Controller#0.Corrupt:1 Controller#0.Inspect:2 Controller#0.Proof:1 Controller#0.Restart:1 Controller#0.Resume:2 Controller#0.Review:1 Controller#0.Start:1] totalActions:9] threads:[] witness:[[false false false false]]]
. Expected DISABLED
. Actual [str_value:"DISABLED"], len:1
    Action Link: Controller#0.Restart
    Found matching Source Link: src:118 dest:117 name:"Controller#0.Restart" weight:0.125 type:"action" 10:"\n\x14Controller#0.Restart\x12\n\"DISABLED\""
  End of Request 156, current nodeId: 117, node: map[channel_messages:map[] channels:map[] current:0 failedInvariants:<nil> name:yield returns:{"Controller#0.Restart":"DISABLED"} roles:[map[fields:map[attempts:5 current:1 fault:true generation:1 inspected:true phase:terminal proof:0 repair:0 repeats:2 reports:implementation,review review:1 saved:4 status:BLOCKED] name:Controller params:map[] ref:0 ref_string:Controller#0]] state:map[controller:role Controller#0] stats:map[counts:map[Controller#0.Corrupt:1 Controller#0.Inspect:1 Controller#0.Proof:1 Controller#0.Restart:2 Controller#0.Resume:2 Controller#0.Review:1 Controller#0.Start:1] totalActions:9] threads:[] witness:[[false false false false]]]
. Expected DISABLED
. Actual [str_value:"DISABLED"], len:1
    Action Link: Controller#0.Proof
    Found matching Source Link: src:117 dest:115 name:"Controller#0.Proof" weight:0.125 type:"action" 10:"\n\x12Controller#0.Proof\x12\n\"DISABLED\""
  End of Request 157, current nodeId: 115, node: map[channel_messages:map[] channels:map[] current:0 failedInvariants:<nil> name:yield returns:{"Controller#0.Proof":"DISABLED"} roles:[map[fields:map[attempts:5 current:1 fault:true generation:1 inspected:true phase:terminal proof:0 repair:0 repeats:2 reports:implementation,review review:1 saved:4 status:BLOCKED] name:Controller params:map[] ref:0 ref_string:Controller#0]] state:map[controller:role Controller#0] stats:map[counts:map[Controller#0.Corrupt:1 Controller#0.Inspect:1 Controller#0.Proof:2 Controller#0.Restart:1 Controller#0.Resume:2 Controller#0.Review:1 Controller#0.Start:1] totalActions:9] threads:[] witness:[[false false false false]]]
. Expected DISABLED
. Actual [str_value:"DISABLED"], len:1
    Action Link: Controller#0.Resume
    Found matching Source Link: src:115 dest:119 name:"Controller#0.Resume" weight:0.125 type:"action" 10:"\n\x13Controller#0.Resume\x12\n\"DISABLED\""
  End of Request 158, current nodeId: 119, node: map[channel_messages:map[] channels:map[] current:0 failedInvariants:<nil> name:yield returns:{"Controller#0.Resume":"DISABLED"} roles:[map[fields:map[attempts:5 current:1 fault:true generation:1 inspected:true phase:terminal proof:0 repair:0 repeats:2 reports:implementation,review review:1 saved:4 status:BLOCKED] name:Controller params:map[] ref:0 ref_string:Controller#0]] state:map[controller:role Controller#0] stats:map[counts:map[Controller#0.Corrupt:1 Controller#0.Inspect:1 Controller#0.Proof:1 Controller#0.Restart:1 Controller#0.Resume:3 Controller#0.Review:1 Controller#0.Start:1] totalActions:9] threads:[] witness:[[false false false false]]]
. Expected DISABLED
. Actual [str_value:"DISABLED"], len:1
    Action Link: Controller#0.Inspect
    Found matching Source Link: src:119 dest:118 name:"Controller#0.Inspect" weight:0.125 type:"action" 10:"\n\x14Controller#0.Inspect\x12\n\"DISABLED\""
  End of Request 159, current nodeId: 118, node: map[channel_messages:map[] channels:map[] current:0 failedInvariants:<nil> name:yield returns:{"Controller#0.Inspect":"DISABLED"} roles:[map[fields:map[attempts:5 current:1 fault:true generation:1 inspected:true phase:terminal proof:0 repair:0 repeats:2 reports:implementation,review review:1 saved:4 status:BLOCKED] name:Controller params:map[] ref:0 ref_string:Controller#0]] state:map[controller:role Controller#0] stats:map[counts:map[Controller#0.Corrupt:1 Controller#0.Inspect:2 Controller#0.Proof:1 Controller#0.Restart:1 Controller#0.Resume:2 Controller#0.Review:1 Controller#0.Start:1] totalActions:9] threads:[] witness:[[false false false false]]]
. Expected DISABLED
. Actual [str_value:"DISABLED"], len:1
    Action Link: Controller#0.Proof
    Found matching Source Link: src:118 dest:115 name:"Controller#0.Proof" weight:0.125 type:"action" 10:"\n\x12Controller#0.Proof\x12\n\"DISABLED\""
  End of Request 160, current nodeId: 115, node: map[channel_messages:map[] channels:map[] current:0 failedInvariants:<nil> name:yield returns:{"Controller#0.Proof":"DISABLED"} roles:[map[fields:map[attempts:5 current:1 fault:true generation:1 inspected:true phase:terminal proof:0 repair:0 repeats:2 reports:implementation,review review:1 saved:4 status:BLOCKED] name:Controller params:map[] ref:0 ref_string:Controller#0]] state:map[controller:role Controller#0] stats:map[counts:map[Controller#0.Corrupt:1 Controller#0.Inspect:1 Controller#0.Proof:2 Controller#0.Restart:1 Controller#0.Resume:2 Controller#0.Review:1 Controller#0.Start:1] totalActions:9] threads:[] witness:[[false false false false]]]
. Expected DISABLED
. Actual [str_value:"DISABLED"], len:1
    Action Link: Controller#0.Proof
    Found matching Source Link: src:115 dest:115 name:"Controller#0.Proof" weight:0.125 type:"action" 10:"\n\x12Controller#0.Proof\x12\n\"DISABLED\""
  End of Request 161, current nodeId: 115, node: map[channel_messages:map[] channels:map[] current:0 failedInvariants:<nil> name:yield returns:{"Controller#0.Proof":"DISABLED"} roles:[map[fields:map[attempts:5 current:1 fault:true generation:1 inspected:true phase:terminal proof:0 repair:0 repeats:2 reports:implementation,review review:1 saved:4 status:BLOCKED] name:Controller params:map[] ref:0 ref_string:Controller#0]] state:map[controller:role Controller#0] stats:map[counts:map[Controller#0.Corrupt:1 Controller#0.Inspect:1 Controller#0.Proof:2 Controller#0.Restart:1 Controller#0.Resume:2 Controller#0.Review:1 Controller#0.Start:1] totalActions:9] threads:[] witness:[[false false false false]]]
. Expected DISABLED
. Actual [str_value:"DISABLED"], len:1
    Action Link: Controller#0.Restart
    Found matching Source Link: src:115 dest:117 name:"Controller#0.Restart" weight:0.125 type:"action" 10:"\n\x14Controller#0.Restart\x12\n\"DISABLED\""
  End of Request 162, current nodeId: 117, node: map[channel_messages:map[] channels:map[] current:0 failedInvariants:<nil> name:yield returns:{"Controller#0.Restart":"DISABLED"} roles:[map[fields:map[attempts:5 current:1 fault:true generation:1 inspected:true phase:terminal proof:0 repair:0 repeats:2 reports:implementation,review review:1 saved:4 status:BLOCKED] name:Controller params:map[] ref:0 ref_string:Controller#0]] state:map[controller:role Controller#0] stats:map[counts:map[Controller#0.Corrupt:1 Controller#0.Inspect:1 Controller#0.Proof:1 Controller#0.Restart:2 Controller#0.Resume:2 Controller#0.Review:1 Controller#0.Start:1] totalActions:9] threads:[] witness:[[false false false false]]]
. Expected DISABLED
. Actual [str_value:"DISABLED"], len:1
    Action Link: Controller#0.Start
    Found matching Source Link: src:117 dest:113 name:"Controller#0.Start" weight:0.125 type:"action" 10:"\n\x12Controller#0.Start\x12\n\"DISABLED\""
  End of Request 163, current nodeId: 113, node: map[channel_messages:map[] channels:map[] current:0 failedInvariants:<nil> name:yield returns:{"Controller#0.Start":"DISABLED"} roles:[map[fields:map[attempts:5 current:1 fault:true generation:1 inspected:true phase:terminal proof:0 repair:0 repeats:2 reports:implementation,review review:1 saved:4 status:BLOCKED] name:Controller params:map[] ref:0 ref_string:Controller#0]] state:map[controller:role Controller#0] stats:map[counts:map[Controller#0.Corrupt:1 Controller#0.Inspect:1 Controller#0.Proof:1 Controller#0.Restart:1 Controller#0.Resume:2 Controller#0.Review:1 Controller#0.Start:2] totalActions:9] threads:[] witness:[[false false false false]]]
. Expected DISABLED
. Actual [str_value:"DISABLED"], len:1
    Action Link: Controller#0.Restart
    Found matching Source Link: src:113 dest:117 name:"Controller#0.Restart" weight:0.125 type:"action" 10:"\n\x14Controller#0.Restart\x12\n\"DISABLED\""
  End of Request 164, current nodeId: 117, node: map[channel_messages:map[] channels:map[] current:0 failedInvariants:<nil> name:yield returns:{"Controller#0.Restart":"DISABLED"} roles:[map[fields:map[attempts:5 current:1 fault:true generation:1 inspected:true phase:terminal proof:0 repair:0 repeats:2 reports:implementation,review review:1 saved:4 status:BLOCKED] name:Controller params:map[] ref:0 ref_string:Controller#0]] state:map[controller:role Controller#0] stats:map[counts:map[Controller#0.Corrupt:1 Controller#0.Inspect:1 Controller#0.Proof:1 Controller#0.Restart:2 Controller#0.Resume:2 Controller#0.Review:1 Controller#0.Start:1] totalActions:9] threads:[] witness:[[false false false false]]]
. Expected DISABLED
. Actual [str_value:"DISABLED"], len:1
    Action Link: Controller#0.Overlap
    Found matching Source Link: src:117 dest:120 name:"Controller#0.Overlap" weight:0.125 type:"action" 10:"\n\x14Controller#0.Overlap\x12\n\"DISABLED\""
  End of Request 165, current nodeId: 120, node: map[channel_messages:map[] channels:map[] current:0 failedInvariants:<nil> name:yield returns:{"Controller#0.Overlap":"DISABLED"} roles:[map[fields:map[attempts:5 current:1 fault:true generation:1 inspected:true phase:terminal proof:0 repair:0 repeats:2 reports:implementation,review review:1 saved:4 status:BLOCKED] name:Controller params:map[] ref:0 ref_string:Controller#0]] state:map[controller:role Controller#0] stats:map[counts:map[Controller#0.Corrupt:1 Controller#0.Inspect:1 Controller#0.Overlap:1 Controller#0.Proof:1 Controller#0.Restart:1 Controller#0.Resume:2 Controller#0.Review:1 Controller#0.Start:1] totalActions:9] threads:[] witness:[[false false false false]]]
. Expected DISABLED
. Actual [str_value:"DISABLED"], len:1
    Action Link: Controller#0.Resume
    Found matching Source Link: src:120 dest:119 name:"Controller#0.Resume" weight:0.125 type:"action" 10:"\n\x13Controller#0.Resume\x12\n\"DISABLED\""
  End of Request 166, current nodeId: 119, node: map[channel_messages:map[] channels:map[] current:0 failedInvariants:<nil> name:yield returns:{"Controller#0.Resume":"DISABLED"} roles:[map[fields:map[attempts:5 current:1 fault:true generation:1 inspected:true phase:terminal proof:0 repair:0 repeats:2 reports:implementation,review review:1 saved:4 status:BLOCKED] name:Controller params:map[] ref:0 ref_string:Controller#0]] state:map[controller:role Controller#0] stats:map[counts:map[Controller#0.Corrupt:1 Controller#0.Inspect:1 Controller#0.Proof:1 Controller#0.Restart:1 Controller#0.Resume:3 Controller#0.Review:1 Controller#0.Start:1] totalActions:9] threads:[] witness:[[false false false false]]]
. Expected DISABLED
. Actual [str_value:"DISABLED"], len:1
    Action Link: Controller#0.Restart
    Found matching Source Link: src:119 dest:117 name:"Controller#0.Restart" weight:0.125 type:"action" 10:"\n\x14Controller#0.Restart\x12\n\"DISABLED\""
  End of Request 167, current nodeId: 117, node: map[channel_messages:map[] channels:map[] current:0 failedInvariants:<nil> name:yield returns:{"Controller#0.Restart":"DISABLED"} roles:[map[fields:map[attempts:5 current:1 fault:true generation:1 inspected:true phase:terminal proof:0 repair:0 repeats:2 reports:implementation,review review:1 saved:4 status:BLOCKED] name:Controller params:map[] ref:0 ref_string:Controller#0]] state:map[controller:role Controller#0] stats:map[counts:map[Controller#0.Corrupt:1 Controller#0.Inspect:1 Controller#0.Proof:1 Controller#0.Restart:2 Controller#0.Resume:2 Controller#0.Review:1 Controller#0.Start:1] totalActions:9] threads:[] witness:[[false false false false]]]
. Expected DISABLED
. Actual [str_value:"DISABLED"], len:1
    Action Link: Controller#0.Start
    Found matching Source Link: src:117 dest:113 name:"Controller#0.Start" weight:0.125 type:"action" 10:"\n\x12Controller#0.Start\x12\n\"DISABLED\""
  End of Request 168, current nodeId: 113, node: map[channel_messages:map[] channels:map[] current:0 failedInvariants:<nil> name:yield returns:{"Controller#0.Start":"DISABLED"} roles:[map[fields:map[attempts:5 current:1 fault:true generation:1 inspected:true phase:terminal proof:0 repair:0 repeats:2 reports:implementation,review review:1 saved:4 status:BLOCKED] name:Controller params:map[] ref:0 ref_string:Controller#0]] state:map[controller:role Controller#0] stats:map[counts:map[Controller#0.Corrupt:1 Controller#0.Inspect:1 Controller#0.Proof:1 Controller#0.Restart:1 Controller#0.Resume:2 Controller#0.Review:1 Controller#0.Start:2] totalActions:9] threads:[] witness:[[false false false false]]]
. Expected DISABLED
. Actual [str_value:"DISABLED"], len:1
    Action Link: Controller#0.Proof
    Found matching Source Link: src:113 dest:115 name:"Controller#0.Proof" weight:0.125 type:"action" 10:"\n\x12Controller#0.Proof\x12\n\"DISABLED\""
  End of Request 169, current nodeId: 115, node: map[channel_messages:map[] channels:map[] current:0 failedInvariants:<nil> name:yield returns:{"Controller#0.Proof":"DISABLED"} roles:[map[fields:map[attempts:5 current:1 fault:true generation:1 inspected:true phase:terminal proof:0 repair:0 repeats:2 reports:implementation,review review:1 saved:4 status:BLOCKED] name:Controller params:map[] ref:0 ref_string:Controller#0]] state:map[controller:role Controller#0] stats:map[counts:map[Controller#0.Corrupt:1 Controller#0.Inspect:1 Controller#0.Proof:2 Controller#0.Restart:1 Controller#0.Resume:2 Controller#0.Review:1 Controller#0.Start:1] totalActions:9] threads:[] witness:[[false false false false]]]
. Expected DISABLED
. Actual [str_value:"DISABLED"], len:1
    Action Link: Controller#0.Start
    Found matching Source Link: src:115 dest:113 name:"Controller#0.Start" weight:0.125 type:"action" 10:"\n\x12Controller#0.Start\x12\n\"DISABLED\""
  End of Request 170, current nodeId: 113, node: map[channel_messages:map[] channels:map[] current:0 failedInvariants:<nil> name:yield returns:{"Controller#0.Start":"DISABLED"} roles:[map[fields:map[attempts:5 current:1 fault:true generation:1 inspected:true phase:terminal proof:0 repair:0 repeats:2 reports:implementation,review review:1 saved:4 status:BLOCKED] name:Controller params:map[] ref:0 ref_string:Controller#0]] state:map[controller:role Controller#0] stats:map[counts:map[Controller#0.Corrupt:1 Controller#0.Inspect:1 Controller#0.Proof:1 Controller#0.Restart:1 Controller#0.Resume:2 Controller#0.Review:1 Controller#0.Start:2] totalActions:9] threads:[] witness:[[false false false false]]]
. Expected DISABLED
. Actual [str_value:"DISABLED"], len:1
    Action Link: Controller#0.Corrupt
    Found matching Source Link: src:113 dest:116 name:"Controller#0.Corrupt" weight:0.125 type:"action" 10:"\n\x14Controller#0.Corrupt\x12\n\"DISABLED\""
  End of Request 171, current nodeId: 116, node: map[channel_messages:map[] channels:map[] current:0 failedInvariants:<nil> name:yield returns:{"Controller#0.Corrupt":"DISABLED"} roles:[map[fields:map[attempts:5 current:1 fault:true generation:1 inspected:true phase:terminal proof:0 repair:0 repeats:2 reports:implementation,review review:1 saved:4 status:BLOCKED] name:Controller params:map[] ref:0 ref_string:Controller#0]] state:map[controller:role Controller#0] stats:map[counts:map[Controller#0.Corrupt:2 Controller#0.Inspect:1 Controller#0.Proof:1 Controller#0.Restart:1 Controller#0.Resume:2 Controller#0.Review:1 Controller#0.Start:1] totalActions:9] threads:[] witness:[[false false false false]]]
. Expected DISABLED
. Actual [str_value:"DISABLED"], len:1
    Action Link: Controller#0.Review
    Found matching Source Link: src:116 dest:114 name:"Controller#0.Review" weight:0.125 type:"action" 10:"\n\x13Controller#0.Review\x12\n\"DISABLED\""
  End of Request 172, current nodeId: 114, node: map[channel_messages:map[] channels:map[] current:0 failedInvariants:<nil> name:yield returns:{"Controller#0.Review":"DISABLED"} roles:[map[fields:map[attempts:5 current:1 fault:true generation:1 inspected:true phase:terminal proof:0 repair:0 repeats:2 reports:implementation,review review:1 saved:4 status:BLOCKED] name:Controller params:map[] ref:0 ref_string:Controller#0]] state:map[controller:role Controller#0] stats:map[counts:map[Controller#0.Corrupt:1 Controller#0.Inspect:1 Controller#0.Proof:1 Controller#0.Restart:1 Controller#0.Resume:2 Controller#0.Review:2 Controller#0.Start:1] totalActions:9] threads:[] witness:[[false false false false]]]
. Expected DISABLED
. Actual [str_value:"DISABLED"], len:1
    Action Link: Controller#0.Proof
    Found matching Source Link: src:114 dest:115 name:"Controller#0.Proof" weight:0.125 type:"action" 10:"\n\x12Controller#0.Proof\x12\n\"DISABLED\""
  End of Request 173, current nodeId: 115, node: map[channel_messages:map[] channels:map[] current:0 failedInvariants:<nil> name:yield returns:{"Controller#0.Proof":"DISABLED"} roles:[map[fields:map[attempts:5 current:1 fault:true generation:1 inspected:true phase:terminal proof:0 repair:0 repeats:2 reports:implementation,review review:1 saved:4 status:BLOCKED] name:Controller params:map[] ref:0 ref_string:Controller#0]] state:map[controller:role Controller#0] stats:map[counts:map[Controller#0.Corrupt:1 Controller#0.Inspect:1 Controller#0.Proof:2 Controller#0.Restart:1 Controller#0.Resume:2 Controller#0.Review:1 Controller#0.Start:1] totalActions:9] threads:[] witness:[[false false false false]]]
. Expected DISABLED
. Actual [str_value:"DISABLED"], len:1
    Action Link: Controller#0.Review
    Found matching Source Link: src:115 dest:114 name:"Controller#0.Review" weight:0.125 type:"action" 10:"\n\x13Controller#0.Review\x12\n\"DISABLED\""
  End of Request 174, current nodeId: 114, node: map[channel_messages:map[] channels:map[] current:0 failedInvariants:<nil> name:yield returns:{"Controller#0.Review":"DISABLED"} roles:[map[fields:map[attempts:5 current:1 fault:true generation:1 inspected:true phase:terminal proof:0 repair:0 repeats:2 reports:implementation,review review:1 saved:4 status:BLOCKED] name:Controller params:map[] ref:0 ref_string:Controller#0]] state:map[controller:role Controller#0] stats:map[counts:map[Controller#0.Corrupt:1 Controller#0.Inspect:1 Controller#0.Proof:1 Controller#0.Restart:1 Controller#0.Resume:2 Controller#0.Review:2 Controller#0.Start:1] totalActions:9] threads:[] witness:[[false false false false]]]
. Expected DISABLED
. Actual [str_value:"DISABLED"], len:1
    Action Link: Controller#0.Inspect
    Found matching Source Link: src:114 dest:118 name:"Controller#0.Inspect" weight:0.125 type:"action" 10:"\n\x14Controller#0.Inspect\x12\n\"DISABLED\""
  End of Request 175, current nodeId: 118, node: map[channel_messages:map[] channels:map[] current:0 failedInvariants:<nil> name:yield returns:{"Controller#0.Inspect":"DISABLED"} roles:[map[fields:map[attempts:5 current:1 fault:true generation:1 inspected:true phase:terminal proof:0 repair:0 repeats:2 reports:implementation,review review:1 saved:4 status:BLOCKED] name:Controller params:map[] ref:0 ref_string:Controller#0]] state:map[controller:role Controller#0] stats:map[counts:map[Controller#0.Corrupt:1 Controller#0.Inspect:2 Controller#0.Proof:1 Controller#0.Restart:1 Controller#0.Resume:2 Controller#0.Review:1 Controller#0.Start:1] totalActions:9] threads:[] witness:[[false false false false]]]
. Expected DISABLED
. Actual [str_value:"DISABLED"], len:1
    Action Link: Controller#0.Inspect
    Found matching Source Link: src:118 dest:118 name:"Controller#0.Inspect" weight:0.125 type:"action" 10:"\n\x14Controller#0.Inspect\x12\n\"DISABLED\""
  End of Request 176, current nodeId: 118, node: map[channel_messages:map[] channels:map[] current:0 failedInvariants:<nil> name:yield returns:{"Controller#0.Inspect":"DISABLED"} roles:[map[fields:map[attempts:5 current:1 fault:true generation:1 inspected:true phase:terminal proof:0 repair:0 repeats:2 reports:implementation,review review:1 saved:4 status:BLOCKED] name:Controller params:map[] ref:0 ref_string:Controller#0]] state:map[controller:role Controller#0] stats:map[counts:map[Controller#0.Corrupt:1 Controller#0.Inspect:2 Controller#0.Proof:1 Controller#0.Restart:1 Controller#0.Resume:2 Controller#0.Review:1 Controller#0.Start:1] totalActions:9] threads:[] witness:[[false false false false]]]
. Expected DISABLED
. Actual [str_value:"DISABLED"], len:1
    Action Link: Controller#0.Restart
    Found matching Source Link: src:118 dest:117 name:"Controller#0.Restart" weight:0.125 type:"action" 10:"\n\x14Controller#0.Restart\x12\n\"DISABLED\""
  End of Request 177, current nodeId: 117, node: map[channel_messages:map[] channels:map[] current:0 failedInvariants:<nil> name:yield returns:{"Controller#0.Restart":"DISABLED"} roles:[map[fields:map[attempts:5 current:1 fault:true generation:1 inspected:true phase:terminal proof:0 repair:0 repeats:2 reports:implementation,review review:1 saved:4 status:BLOCKED] name:Controller params:map[] ref:0 ref_string:Controller#0]] state:map[controller:role Controller#0] stats:map[counts:map[Controller#0.Corrupt:1 Controller#0.Inspect:1 Controller#0.Proof:1 Controller#0.Restart:2 Controller#0.Resume:2 Controller#0.Review:1 Controller#0.Start:1] totalActions:9] threads:[] witness:[[false false false false]]]
. Expected DISABLED
. Actual [str_value:"DISABLED"], len:1
    Action Link: Controller#0.Restart
    Found matching Source Link: src:117 dest:117 name:"Controller#0.Restart" weight:0.125 type:"action" 10:"\n\x14Controller#0.Restart\x12\n\"DISABLED\""
  End of Request 178, current nodeId: 117, node: map[channel_messages:map[] channels:map[] current:0 failedInvariants:<nil> name:yield returns:{"Controller#0.Restart":"DISABLED"} roles:[map[fields:map[attempts:5 current:1 fault:true generation:1 inspected:true phase:terminal proof:0 repair:0 repeats:2 reports:implementation,review review:1 saved:4 status:BLOCKED] name:Controller params:map[] ref:0 ref_string:Controller#0]] state:map[controller:role Controller#0] stats:map[counts:map[Controller#0.Corrupt:1 Controller#0.Inspect:1 Controller#0.Proof:1 Controller#0.Restart:2 Controller#0.Resume:2 Controller#0.Review:1 Controller#0.Start:1] totalActions:9] threads:[] witness:[[false false false false]]]
. Expected DISABLED
. Actual [str_value:"DISABLED"], len:1
    Action Link: Controller#0.Corrupt
    Found matching Source Link: src:117 dest:116 name:"Controller#0.Corrupt" weight:0.125 type:"action" 10:"\n\x14Controller#0.Corrupt\x12\n\"DISABLED\""
  End of Request 179, current nodeId: 116, node: map[channel_messages:map[] channels:map[] current:0 failedInvariants:<nil> name:yield returns:{"Controller#0.Corrupt":"DISABLED"} roles:[map[fields:map[attempts:5 current:1 fault:true generation:1 inspected:true phase:terminal proof:0 repair:0 repeats:2 reports:implementation,review review:1 saved:4 status:BLOCKED] name:Controller params:map[] ref:0 ref_string:Controller#0]] state:map[controller:role Controller#0] stats:map[counts:map[Controller#0.Corrupt:2 Controller#0.Inspect:1 Controller#0.Proof:1 Controller#0.Restart:1 Controller#0.Resume:2 Controller#0.Review:1 Controller#0.Start:1] totalActions:9] threads:[] witness:[[false false false false]]]
. Expected DISABLED
. Actual [str_value:"DISABLED"], len:1
    Action Link: Controller#0.Proof
    Found matching Source Link: src:116 dest:115 name:"Controller#0.Proof" weight:0.125 type:"action" 10:"\n\x12Controller#0.Proof\x12\n\"DISABLED\""
  End of Request 180, current nodeId: 115, node: map[channel_messages:map[] channels:map[] current:0 failedInvariants:<nil> name:yield returns:{"Controller#0.Proof":"DISABLED"} roles:[map[fields:map[attempts:5 current:1 fault:true generation:1 inspected:true phase:terminal proof:0 repair:0 repeats:2 reports:implementation,review review:1 saved:4 status:BLOCKED] name:Controller params:map[] ref:0 ref_string:Controller#0]] state:map[controller:role Controller#0] stats:map[counts:map[Controller#0.Corrupt:1 Controller#0.Inspect:1 Controller#0.Proof:2 Controller#0.Restart:1 Controller#0.Resume:2 Controller#0.Review:1 Controller#0.Start:1] totalActions:9] threads:[] witness:[[false false false false]]]
. Expected DISABLED
. Actual [str_value:"DISABLED"], len:1
    Action Link: Controller#0.Resume
    Found matching Source Link: src:115 dest:119 name:"Controller#0.Resume" weight:0.125 type:"action" 10:"\n\x13Controller#0.Resume\x12\n\"DISABLED\""
  End of Request 181, current nodeId: 119, node: map[channel_messages:map[] channels:map[] current:0 failedInvariants:<nil> name:yield returns:{"Controller#0.Resume":"DISABLED"} roles:[map[fields:map[attempts:5 current:1 fault:true generation:1 inspected:true phase:terminal proof:0 repair:0 repeats:2 reports:implementation,review review:1 saved:4 status:BLOCKED] name:Controller params:map[] ref:0 ref_string:Controller#0]] state:map[controller:role Controller#0] stats:map[counts:map[Controller#0.Corrupt:1 Controller#0.Inspect:1 Controller#0.Proof:1 Controller#0.Restart:1 Controller#0.Resume:3 Controller#0.Review:1 Controller#0.Start:1] totalActions:9] threads:[] witness:[[false false false false]]]
. Expected DISABLED
. Actual [str_value:"DISABLED"], len:1
    Action Link: Controller#0.Proof
    Found matching Source Link: src:119 dest:115 name:"Controller#0.Proof" weight:0.125 type:"action" 10:"\n\x12Controller#0.Proof\x12\n\"DISABLED\""
  End of Request 182, current nodeId: 115, node: map[channel_messages:map[] channels:map[] current:0 failedInvariants:<nil> name:yield returns:{"Controller#0.Proof":"DISABLED"} roles:[map[fields:map[attempts:5 current:1 fault:true generation:1 inspected:true phase:terminal proof:0 repair:0 repeats:2 reports:implementation,review review:1 saved:4 status:BLOCKED] name:Controller params:map[] ref:0 ref_string:Controller#0]] state:map[controller:role Controller#0] stats:map[counts:map[Controller#0.Corrupt:1 Controller#0.Inspect:1 Controller#0.Proof:2 Controller#0.Restart:1 Controller#0.Resume:2 Controller#0.Review:1 Controller#0.Start:1] totalActions:9] threads:[] witness:[[false false false false]]]
. Expected DISABLED
. Actual [str_value:"DISABLED"], len:1
    Action Link: Controller#0.Start
    Found matching Source Link: src:115 dest:113 name:"Controller#0.Start" weight:0.125 type:"action" 10:"\n\x12Controller#0.Start\x12\n\"DISABLED\""
  End of Request 183, current nodeId: 113, node: map[channel_messages:map[] channels:map[] current:0 failedInvariants:<nil> name:yield returns:{"Controller#0.Start":"DISABLED"} roles:[map[fields:map[attempts:5 current:1 fault:true generation:1 inspected:true phase:terminal proof:0 repair:0 repeats:2 reports:implementation,review review:1 saved:4 status:BLOCKED] name:Controller params:map[] ref:0 ref_string:Controller#0]] state:map[controller:role Controller#0] stats:map[counts:map[Controller#0.Corrupt:1 Controller#0.Inspect:1 Controller#0.Proof:1 Controller#0.Restart:1 Controller#0.Resume:2 Controller#0.Review:1 Controller#0.Start:2] totalActions:9] threads:[] witness:[[false false false false]]]
. Expected DISABLED
. Actual [str_value:"DISABLED"], len:1
    Action Link: Controller#0.Resume
    Found matching Source Link: src:113 dest:119 name:"Controller#0.Resume" weight:0.125 type:"action" 10:"\n\x13Controller#0.Resume\x12\n\"DISABLED\""
  End of Request 184, current nodeId: 119, node: map[channel_messages:map[] channels:map[] current:0 failedInvariants:<nil> name:yield returns:{"Controller#0.Resume":"DISABLED"} roles:[map[fields:map[attempts:5 current:1 fault:true generation:1 inspected:true phase:terminal proof:0 repair:0 repeats:2 reports:implementation,review review:1 saved:4 status:BLOCKED] name:Controller params:map[] ref:0 ref_string:Controller#0]] state:map[controller:role Controller#0] stats:map[counts:map[Controller#0.Corrupt:1 Controller#0.Inspect:1 Controller#0.Proof:1 Controller#0.Restart:1 Controller#0.Resume:3 Controller#0.Review:1 Controller#0.Start:1] totalActions:9] threads:[] witness:[[false false false false]]]
. Expected DISABLED
. Actual [str_value:"DISABLED"], len:1
    Action Link: Controller#0.Start
    Found matching Source Link: src:119 dest:113 name:"Controller#0.Start" weight:0.125 type:"action" 10:"\n\x12Controller#0.Start\x12\n\"DISABLED\""
  End of Request 185, current nodeId: 113, node: map[channel_messages:map[] channels:map[] current:0 failedInvariants:<nil> name:yield returns:{"Controller#0.Start":"DISABLED"} roles:[map[fields:map[attempts:5 current:1 fault:true generation:1 inspected:true phase:terminal proof:0 repair:0 repeats:2 reports:implementation,review review:1 saved:4 status:BLOCKED] name:Controller params:map[] ref:0 ref_string:Controller#0]] state:map[controller:role Controller#0] stats:map[counts:map[Controller#0.Corrupt:1 Controller#0.Inspect:1 Controller#0.Proof:1 Controller#0.Restart:1 Controller#0.Resume:2 Controller#0.Review:1 Controller#0.Start:2] totalActions:9] threads:[] witness:[[false false false false]]]
. Expected DISABLED
. Actual [str_value:"DISABLED"], len:1
    Action Link: Controller#0.Inspect
    Found matching Source Link: src:113 dest:118 name:"Controller#0.Inspect" weight:0.125 type:"action" 10:"\n\x14Controller#0.Inspect\x12\n\"DISABLED\""
  End of Request 186, current nodeId: 118, node: map[channel_messages:map[] channels:map[] current:0 failedInvariants:<nil> name:yield returns:{"Controller#0.Inspect":"DISABLED"} roles:[map[fields:map[attempts:5 current:1 fault:true generation:1 inspected:true phase:terminal proof:0 repair:0 repeats:2 reports:implementation,review review:1 saved:4 status:BLOCKED] name:Controller params:map[] ref:0 ref_string:Controller#0]] state:map[controller:role Controller#0] stats:map[counts:map[Controller#0.Corrupt:1 Controller#0.Inspect:2 Controller#0.Proof:1 Controller#0.Restart:1 Controller#0.Resume:2 Controller#0.Review:1 Controller#0.Start:1] totalActions:9] threads:[] witness:[[false false false false]]]
. Expected DISABLED
. Actual [str_value:"DISABLED"], len:1
    Action Link: Controller#0.Inspect
    Found matching Source Link: src:118 dest:118 name:"Controller#0.Inspect" weight:0.125 type:"action" 10:"\n\x14Controller#0.Inspect\x12\n\"DISABLED\""
  End of Request 187, current nodeId: 118, node: map[channel_messages:map[] channels:map[] current:0 failedInvariants:<nil> name:yield returns:{"Controller#0.Inspect":"DISABLED"} roles:[map[fields:map[attempts:5 current:1 fault:true generation:1 inspected:true phase:terminal proof:0 repair:0 repeats:2 reports:implementation,review review:1 saved:4 status:BLOCKED] name:Controller params:map[] ref:0 ref_string:Controller#0]] state:map[controller:role Controller#0] stats:map[counts:map[Controller#0.Corrupt:1 Controller#0.Inspect:2 Controller#0.Proof:1 Controller#0.Restart:1 Controller#0.Resume:2 Controller#0.Review:1 Controller#0.Start:1] totalActions:9] threads:[] witness:[[false false false false]]]
. Expected DISABLED
. Actual [str_value:"DISABLED"], len:1
    Action Link: Controller#0.Inspect
    Found matching Source Link: src:118 dest:118 name:"Controller#0.Inspect" weight:0.125 type:"action" 10:"\n\x14Controller#0.Inspect\x12\n\"DISABLED\""
  End of Request 188, current nodeId: 118, node: map[channel_messages:map[] channels:map[] current:0 failedInvariants:<nil> name:yield returns:{"Controller#0.Inspect":"DISABLED"} roles:[map[fields:map[attempts:5 current:1 fault:true generation:1 inspected:true phase:terminal proof:0 repair:0 repeats:2 reports:implementation,review review:1 saved:4 status:BLOCKED] name:Controller params:map[] ref:0 ref_string:Controller#0]] state:map[controller:role Controller#0] stats:map[counts:map[Controller#0.Corrupt:1 Controller#0.Inspect:2 Controller#0.Proof:1 Controller#0.Restart:1 Controller#0.Resume:2 Controller#0.Review:1 Controller#0.Start:1] totalActions:9] threads:[] witness:[[false false false false]]]
. Expected DISABLED
. Actual [str_value:"DISABLED"], len:1
    Action Link: Controller#0.Overlap
    Found matching Source Link: src:118 dest:120 name:"Controller#0.Overlap" weight:0.125 type:"action" 10:"\n\x14Controller#0.Overlap\x12\n\"DISABLED\""
  End of Request 189, current nodeId: 120, node: map[channel_messages:map[] channels:map[] current:0 failedInvariants:<nil> name:yield returns:{"Controller#0.Overlap":"DISABLED"} roles:[map[fields:map[attempts:5 current:1 fault:true generation:1 inspected:true phase:terminal proof:0 repair:0 repeats:2 reports:implementation,review review:1 saved:4 status:BLOCKED] name:Controller params:map[] ref:0 ref_string:Controller#0]] state:map[controller:role Controller#0] stats:map[counts:map[Controller#0.Corrupt:1 Controller#0.Inspect:1 Controller#0.Overlap:1 Controller#0.Proof:1 Controller#0.Restart:1 Controller#0.Resume:2 Controller#0.Review:1 Controller#0.Start:1] totalActions:9] threads:[] witness:[[false false false false]]]
. Expected DISABLED
. Actual [str_value:"DISABLED"], len:1
    Action Link: Controller#0.Proof
    Found matching Source Link: src:120 dest:115 name:"Controller#0.Proof" weight:0.125 type:"action" 10:"\n\x12Controller#0.Proof\x12\n\"DISABLED\""
  End of Request 190, current nodeId: 115, node: map[channel_messages:map[] channels:map[] current:0 failedInvariants:<nil> name:yield returns:{"Controller#0.Proof":"DISABLED"} roles:[map[fields:map[attempts:5 current:1 fault:true generation:1 inspected:true phase:terminal proof:0 repair:0 repeats:2 reports:implementation,review review:1 saved:4 status:BLOCKED] name:Controller params:map[] ref:0 ref_string:Controller#0]] state:map[controller:role Controller#0] stats:map[counts:map[Controller#0.Corrupt:1 Controller#0.Inspect:1 Controller#0.Proof:2 Controller#0.Restart:1 Controller#0.Resume:2 Controller#0.Review:1 Controller#0.Start:1] totalActions:9] threads:[] witness:[[false false false false]]]
. Expected DISABLED
. Actual [str_value:"DISABLED"], len:1
    Action Link: Controller#0.Inspect
    Found matching Source Link: src:115 dest:118 name:"Controller#0.Inspect" weight:0.125 type:"action" 10:"\n\x14Controller#0.Inspect\x12\n\"DISABLED\""
  End of Request 191, current nodeId: 118, node: map[channel_messages:map[] channels:map[] current:0 failedInvariants:<nil> name:yield returns:{"Controller#0.Inspect":"DISABLED"} roles:[map[fields:map[attempts:5 current:1 fault:true generation:1 inspected:true phase:terminal proof:0 repair:0 repeats:2 reports:implementation,review review:1 saved:4 status:BLOCKED] name:Controller params:map[] ref:0 ref_string:Controller#0]] state:map[controller:role Controller#0] stats:map[counts:map[Controller#0.Corrupt:1 Controller#0.Inspect:2 Controller#0.Proof:1 Controller#0.Restart:1 Controller#0.Resume:2 Controller#0.Review:1 Controller#0.Start:1] totalActions:9] threads:[] witness:[[false false false false]]]
. Expected DISABLED
. Actual [str_value:"DISABLED"], len:1
    Action Link: Controller#0.Resume
    Found matching Source Link: src:118 dest:119 name:"Controller#0.Resume" weight:0.125 type:"action" 10:"\n\x13Controller#0.Resume\x12\n\"DISABLED\""
  End of Request 192, current nodeId: 119, node: map[channel_messages:map[] channels:map[] current:0 failedInvariants:<nil> name:yield returns:{"Controller#0.Resume":"DISABLED"} roles:[map[fields:map[attempts:5 current:1 fault:true generation:1 inspected:true phase:terminal proof:0 repair:0 repeats:2 reports:implementation,review review:1 saved:4 status:BLOCKED] name:Controller params:map[] ref:0 ref_string:Controller#0]] state:map[controller:role Controller#0] stats:map[counts:map[Controller#0.Corrupt:1 Controller#0.Inspect:1 Controller#0.Proof:1 Controller#0.Restart:1 Controller#0.Resume:3 Controller#0.Review:1 Controller#0.Start:1] totalActions:9] threads:[] witness:[[false false false false]]]
. Expected DISABLED
. Actual [str_value:"DISABLED"], len:1
    Action Link: Controller#0.Corrupt
    Found matching Source Link: src:119 dest:116 name:"Controller#0.Corrupt" weight:0.125 type:"action" 10:"\n\x14Controller#0.Corrupt\x12\n\"DISABLED\""
  End of Request 193, current nodeId: 116, node: map[channel_messages:map[] channels:map[] current:0 failedInvariants:<nil> name:yield returns:{"Controller#0.Corrupt":"DISABLED"} roles:[map[fields:map[attempts:5 current:1 fault:true generation:1 inspected:true phase:terminal proof:0 repair:0 repeats:2 reports:implementation,review review:1 saved:4 status:BLOCKED] name:Controller params:map[] ref:0 ref_string:Controller#0]] state:map[controller:role Controller#0] stats:map[counts:map[Controller#0.Corrupt:2 Controller#0.Inspect:1 Controller#0.Proof:1 Controller#0.Restart:1 Controller#0.Resume:2 Controller#0.Review:1 Controller#0.Start:1] totalActions:9] threads:[] witness:[[false false false false]]]
. Expected DISABLED
. Actual [str_value:"DISABLED"], len:1
    Action Link: Controller#0.Restart
    Found matching Source Link: src:116 dest:117 name:"Controller#0.Restart" weight:0.125 type:"action" 10:"\n\x14Controller#0.Restart\x12\n\"DISABLED\""
  End of Request 194, current nodeId: 117, node: map[channel_messages:map[] channels:map[] current:0 failedInvariants:<nil> name:yield returns:{"Controller#0.Restart":"DISABLED"} roles:[map[fields:map[attempts:5 current:1 fault:true generation:1 inspected:true phase:terminal proof:0 repair:0 repeats:2 reports:implementation,review review:1 saved:4 status:BLOCKED] name:Controller params:map[] ref:0 ref_string:Controller#0]] state:map[controller:role Controller#0] stats:map[counts:map[Controller#0.Corrupt:1 Controller#0.Inspect:1 Controller#0.Proof:1 Controller#0.Restart:2 Controller#0.Resume:2 Controller#0.Review:1 Controller#0.Start:1] totalActions:9] threads:[] witness:[[false false false false]]]
. Expected DISABLED
. Actual [str_value:"DISABLED"], len:1
    Action Link: Controller#0.Review
    Found matching Source Link: src:117 dest:114 name:"Controller#0.Review" weight:0.125 type:"action" 10:"\n\x13Controller#0.Review\x12\n\"DISABLED\""
  End of Request 195, current nodeId: 114, node: map[channel_messages:map[] channels:map[] current:0 failedInvariants:<nil> name:yield returns:{"Controller#0.Review":"DISABLED"} roles:[map[fields:map[attempts:5 current:1 fault:true generation:1 inspected:true phase:terminal proof:0 repair:0 repeats:2 reports:implementation,review review:1 saved:4 status:BLOCKED] name:Controller params:map[] ref:0 ref_string:Controller#0]] state:map[controller:role Controller#0] stats:map[counts:map[Controller#0.Corrupt:1 Controller#0.Inspect:1 Controller#0.Proof:1 Controller#0.Restart:1 Controller#0.Resume:2 Controller#0.Review:2 Controller#0.Start:1] totalActions:9] threads:[] witness:[[false false false false]]]
. Expected DISABLED
. Actual [str_value:"DISABLED"], len:1
    Action Link: Controller#0.Start
    Found matching Source Link: src:114 dest:113 name:"Controller#0.Start" weight:0.125 type:"action" 10:"\n\x12Controller#0.Start\x12\n\"DISABLED\""
  End of Request 196, current nodeId: 113, node: map[channel_messages:map[] channels:map[] current:0 failedInvariants:<nil> name:yield returns:{"Controller#0.Start":"DISABLED"} roles:[map[fields:map[attempts:5 current:1 fault:true generation:1 inspected:true phase:terminal proof:0 repair:0 repeats:2 reports:implementation,review review:1 saved:4 status:BLOCKED] name:Controller params:map[] ref:0 ref_string:Controller#0]] state:map[controller:role Controller#0] stats:map[counts:map[Controller#0.Corrupt:1 Controller#0.Inspect:1 Controller#0.Proof:1 Controller#0.Restart:1 Controller#0.Resume:2 Controller#0.Review:1 Controller#0.Start:2] totalActions:9] threads:[] witness:[[false false false false]]]
. Expected DISABLED
. Actual [str_value:"DISABLED"], len:1
    Action Link: Controller#0.Proof
    Found matching Source Link: src:113 dest:115 name:"Controller#0.Proof" weight:0.125 type:"action" 10:"\n\x12Controller#0.Proof\x12\n\"DISABLED\""
  End of Request 197, current nodeId: 115, node: map[channel_messages:map[] channels:map[] current:0 failedInvariants:<nil> name:yield returns:{"Controller#0.Proof":"DISABLED"} roles:[map[fields:map[attempts:5 current:1 fault:true generation:1 inspected:true phase:terminal proof:0 repair:0 repeats:2 reports:implementation,review review:1 saved:4 status:BLOCKED] name:Controller params:map[] ref:0 ref_string:Controller#0]] state:map[controller:role Controller#0] stats:map[counts:map[Controller#0.Corrupt:1 Controller#0.Inspect:1 Controller#0.Proof:2 Controller#0.Restart:1 Controller#0.Resume:2 Controller#0.Review:1 Controller#0.Start:1] totalActions:9] threads:[] witness:[[false false false false]]]
. Expected DISABLED
. Actual [str_value:"DISABLED"], len:1
    Action Link: Controller#0.Resume
    Found matching Source Link: src:115 dest:119 name:"Controller#0.Resume" weight:0.125 type:"action" 10:"\n\x13Controller#0.Resume\x12\n\"DISABLED\""
  End of Request 198, current nodeId: 119, node: map[channel_messages:map[] channels:map[] current:0 failedInvariants:<nil> name:yield returns:{"Controller#0.Resume":"DISABLED"} roles:[map[fields:map[attempts:5 current:1 fault:true generation:1 inspected:true phase:terminal proof:0 repair:0 repeats:2 reports:implementation,review review:1 saved:4 status:BLOCKED] name:Controller params:map[] ref:0 ref_string:Controller#0]] state:map[controller:role Controller#0] stats:map[counts:map[Controller#0.Corrupt:1 Controller#0.Inspect:1 Controller#0.Proof:1 Controller#0.Restart:1 Controller#0.Resume:3 Controller#0.Review:1 Controller#0.Start:1] totalActions:9] threads:[] witness:[[false false false false]]]
. Expected DISABLED
. Actual [str_value:"DISABLED"], len:1
    Action Link: Controller#0.Review
    Found matching Source Link: src:119 dest:114 name:"Controller#0.Review" weight:0.125 type:"action" 10:"\n\x13Controller#0.Review\x12\n\"DISABLED\""
  End of Request 199, current nodeId: 114, node: map[channel_messages:map[] channels:map[] current:0 failedInvariants:<nil> name:yield returns:{"Controller#0.Review":"DISABLED"} roles:[map[fields:map[attempts:5 current:1 fault:true generation:1 inspected:true phase:terminal proof:0 repair:0 repeats:2 reports:implementation,review review:1 saved:4 status:BLOCKED] name:Controller params:map[] ref:0 ref_string:Controller#0]] state:map[controller:role Controller#0] stats:map[counts:map[Controller#0.Corrupt:1 Controller#0.Inspect:1 Controller#0.Proof:1 Controller#0.Restart:1 Controller#0.Resume:2 Controller#0.Review:2 Controller#0.Start:1] totalActions:9] threads:[] witness:[[false false false false]]]
. Expected DISABLED
. Actual [str_value:"DISABLED"], len:1
    Action Link: Controller#0.Corrupt
    Found matching Source Link: src:114 dest:116 name:"Controller#0.Corrupt" weight:0.125 type:"action" 10:"\n\x14Controller#0.Corrupt\x12\n\"DISABLED\""
  End of Request 200, current nodeId: 116, node: map[channel_messages:map[] channels:map[] current:0 failedInvariants:<nil> name:yield returns:{"Controller#0.Corrupt":"DISABLED"} roles:[map[fields:map[attempts:5 current:1 fault:true generation:1 inspected:true phase:terminal proof:0 repair:0 repeats:2 reports:implementation,review review:1 saved:4 status:BLOCKED] name:Controller params:map[] ref:0 ref_string:Controller#0]] state:map[controller:role Controller#0] stats:map[counts:map[Controller#0.Corrupt:2 Controller#0.Inspect:1 Controller#0.Proof:1 Controller#0.Restart:1 Controller#0.Resume:2 Controller#0.Review:1 Controller#0.Start:1] totalActions:9] threads:[] witness:[[false false false false]]]
. Expected DISABLED
. Actual [str_value:"DISABLED"], len:1
    Action Link: Controller#0.Inspect
    Found matching Source Link: src:116 dest:118 name:"Controller#0.Inspect" weight:0.125 type:"action" 10:"\n\x14Controller#0.Inspect\x12\n\"DISABLED\""
  End of Request 201, current nodeId: 118, node: map[channel_messages:map[] channels:map[] current:0 failedInvariants:<nil> name:yield returns:{"Controller#0.Inspect":"DISABLED"} roles:[map[fields:map[attempts:5 current:1 fault:true generation:1 inspected:true phase:terminal proof:0 repair:0 repeats:2 reports:implementation,review review:1 saved:4 status:BLOCKED] name:Controller params:map[] ref:0 ref_string:Controller#0]] state:map[controller:role Controller#0] stats:map[counts:map[Controller#0.Corrupt:1 Controller#0.Inspect:2 Controller#0.Proof:1 Controller#0.Restart:1 Controller#0.Resume:2 Controller#0.Review:1 Controller#0.Start:1] totalActions:9] threads:[] witness:[[false false false false]]]
. Expected DISABLED
. Actual [str_value:"DISABLED"], len:1
    Action Link: Controller#0.Overlap
    Found matching Source Link: src:118 dest:120 name:"Controller#0.Overlap" weight:0.125 type:"action" 10:"\n\x14Controller#0.Overlap\x12\n\"DISABLED\""
  End of Request 202, current nodeId: 120, node: map[channel_messages:map[] channels:map[] current:0 failedInvariants:<nil> name:yield returns:{"Controller#0.Overlap":"DISABLED"} roles:[map[fields:map[attempts:5 current:1 fault:true generation:1 inspected:true phase:terminal proof:0 repair:0 repeats:2 reports:implementation,review review:1 saved:4 status:BLOCKED] name:Controller params:map[] ref:0 ref_string:Controller#0]] state:map[controller:role Controller#0] stats:map[counts:map[Controller#0.Corrupt:1 Controller#0.Inspect:1 Controller#0.Overlap:1 Controller#0.Proof:1 Controller#0.Restart:1 Controller#0.Resume:2 Controller#0.Review:1 Controller#0.Start:1] totalActions:9] threads:[] witness:[[false false false false]]]
. Expected DISABLED
. Actual [str_value:"DISABLED"], len:1
    Action Link: Controller#0.Review
    Found matching Source Link: src:120 dest:114 name:"Controller#0.Review" weight:0.125 type:"action" 10:"\n\x13Controller#0.Review\x12\n\"DISABLED\""
  End of Request 203, current nodeId: 114, node: map[channel_messages:map[] channels:map[] current:0 failedInvariants:<nil> name:yield returns:{"Controller#0.Review":"DISABLED"} roles:[map[fields:map[attempts:5 current:1 fault:true generation:1 inspected:true phase:terminal proof:0 repair:0 repeats:2 reports:implementation,review review:1 saved:4 status:BLOCKED] name:Controller params:map[] ref:0 ref_string:Controller#0]] state:map[controller:role Controller#0] stats:map[counts:map[Controller#0.Corrupt:1 Controller#0.Inspect:1 Controller#0.Proof:1 Controller#0.Restart:1 Controller#0.Resume:2 Controller#0.Review:2 Controller#0.Start:1] totalActions:9] threads:[] witness:[[false false false false]]]
. Expected DISABLED
. Actual [str_value:"DISABLED"], len:1
    Action Link: Controller#0.Restart
    Found matching Source Link: src:114 dest:117 name:"Controller#0.Restart" weight:0.125 type:"action" 10:"\n\x14Controller#0.Restart\x12\n\"DISABLED\""
  End of Request 204, current nodeId: 117, node: map[channel_messages:map[] channels:map[] current:0 failedInvariants:<nil> name:yield returns:{"Controller#0.Restart":"DISABLED"} roles:[map[fields:map[attempts:5 current:1 fault:true generation:1 inspected:true phase:terminal proof:0 repair:0 repeats:2 reports:implementation,review review:1 saved:4 status:BLOCKED] name:Controller params:map[] ref:0 ref_string:Controller#0]] state:map[controller:role Controller#0] stats:map[counts:map[Controller#0.Corrupt:1 Controller#0.Inspect:1 Controller#0.Proof:1 Controller#0.Restart:2 Controller#0.Resume:2 Controller#0.Review:1 Controller#0.Start:1] totalActions:9] threads:[] witness:[[false false false false]]]
. Expected DISABLED
. Actual [str_value:"DISABLED"], len:1
    Action Link: Controller#0.Start
    Found matching Source Link: src:117 dest:113 name:"Controller#0.Start" weight:0.125 type:"action" 10:"\n\x12Controller#0.Start\x12\n\"DISABLED\""
  End of Request 205, current nodeId: 113, node: map[channel_messages:map[] channels:map[] current:0 failedInvariants:<nil> name:yield returns:{"Controller#0.Start":"DISABLED"} roles:[map[fields:map[attempts:5 current:1 fault:true generation:1 inspected:true phase:terminal proof:0 repair:0 repeats:2 reports:implementation,review review:1 saved:4 status:BLOCKED] name:Controller params:map[] ref:0 ref_string:Controller#0]] state:map[controller:role Controller#0] stats:map[counts:map[Controller#0.Corrupt:1 Controller#0.Inspect:1 Controller#0.Proof:1 Controller#0.Restart:1 Controller#0.Resume:2 Controller#0.Review:1 Controller#0.Start:2] totalActions:9] threads:[] witness:[[false false false false]]]
. Expected DISABLED
. Actual [str_value:"DISABLED"], len:1
    Action Link: Controller#0.Overlap
    Found matching Source Link: src:113 dest:120 name:"Controller#0.Overlap" weight:0.125 type:"action" 10:"\n\x14Controller#0.Overlap\x12\n\"DISABLED\""
  End of Request 206, current nodeId: 120, node: map[channel_messages:map[] channels:map[] current:0 failedInvariants:<nil> name:yield returns:{"Controller#0.Overlap":"DISABLED"} roles:[map[fields:map[attempts:5 current:1 fault:true generation:1 inspected:true phase:terminal proof:0 repair:0 repeats:2 reports:implementation,review review:1 saved:4 status:BLOCKED] name:Controller params:map[] ref:0 ref_string:Controller#0]] state:map[controller:role Controller#0] stats:map[counts:map[Controller#0.Corrupt:1 Controller#0.Inspect:1 Controller#0.Overlap:1 Controller#0.Proof:1 Controller#0.Restart:1 Controller#0.Resume:2 Controller#0.Review:1 Controller#0.Start:1] totalActions:9] threads:[] witness:[[false false false false]]]
. Expected DISABLED
. Actual [str_value:"DISABLED"], len:1
    Action Link: Controller#0.Overlap
    Found matching Source Link: src:120 dest:120 name:"Controller#0.Overlap" weight:0.125 type:"action" 10:"\n\x14Controller#0.Overlap\x12\n\"DISABLED\""
  End of Request 207, current nodeId: 120, node: map[channel_messages:map[] channels:map[] current:0 failedInvariants:<nil> name:yield returns:{"Controller#0.Overlap":"DISABLED"} roles:[map[fields:map[attempts:5 current:1 fault:true generation:1 inspected:true phase:terminal proof:0 repair:0 repeats:2 reports:implementation,review review:1 saved:4 status:BLOCKED] name:Controller params:map[] ref:0 ref_string:Controller#0]] state:map[controller:role Controller#0] stats:map[counts:map[Controller#0.Corrupt:1 Controller#0.Inspect:1 Controller#0.Overlap:1 Controller#0.Proof:1 Controller#0.Restart:1 Controller#0.Resume:2 Controller#0.Review:1 Controller#0.Start:1] totalActions:9] threads:[] witness:[[false false false false]]]
. Expected DISABLED
. Actual [str_value:"DISABLED"], len:1
    Action Link: Controller#0.Inspect
    Found matching Source Link: src:120 dest:118 name:"Controller#0.Inspect" weight:0.125 type:"action" 10:"\n\x14Controller#0.Inspect\x12\n\"DISABLED\""
  End of Request 208, current nodeId: 118, node: map[channel_messages:map[] channels:map[] current:0 failedInvariants:<nil> name:yield returns:{"Controller#0.Inspect":"DISABLED"} roles:[map[fields:map[attempts:5 current:1 fault:true generation:1 inspected:true phase:terminal proof:0 repair:0 repeats:2 reports:implementation,review review:1 saved:4 status:BLOCKED] name:Controller params:map[] ref:0 ref_string:Controller#0]] state:map[controller:role Controller#0] stats:map[counts:map[Controller#0.Corrupt:1 Controller#0.Inspect:2 Controller#0.Proof:1 Controller#0.Restart:1 Controller#0.Resume:2 Controller#0.Review:1 Controller#0.Start:1] totalActions:9] threads:[] witness:[[false false false false]]]
. Expected DISABLED
. Actual [str_value:"DISABLED"], len:1
    Action Link: Controller#0.Review
    Found matching Source Link: src:118 dest:114 name:"Controller#0.Review" weight:0.125 type:"action" 10:"\n\x13Controller#0.Review\x12\n\"DISABLED\""
  End of Request 209, current nodeId: 114, node: map[channel_messages:map[] channels:map[] current:0 failedInvariants:<nil> name:yield returns:{"Controller#0.Review":"DISABLED"} roles:[map[fields:map[attempts:5 current:1 fault:true generation:1 inspected:true phase:terminal proof:0 repair:0 repeats:2 reports:implementation,review review:1 saved:4 status:BLOCKED] name:Controller params:map[] ref:0 ref_string:Controller#0]] state:map[controller:role Controller#0] stats:map[counts:map[Controller#0.Corrupt:1 Controller#0.Inspect:1 Controller#0.Proof:1 Controller#0.Restart:1 Controller#0.Resume:2 Controller#0.Review:2 Controller#0.Start:1] totalActions:9] threads:[] witness:[[false false false false]]]
. Expected DISABLED
. Actual [str_value:"DISABLED"], len:1
    Action Link: Controller#0.Overlap
    Found matching Source Link: src:114 dest:120 name:"Controller#0.Overlap" weight:0.125 type:"action" 10:"\n\x14Controller#0.Overlap\x12\n\"DISABLED\""
  End of Request 210, current nodeId: 120, node: map[channel_messages:map[] channels:map[] current:0 failedInvariants:<nil> name:yield returns:{"Controller#0.Overlap":"DISABLED"} roles:[map[fields:map[attempts:5 current:1 fault:true generation:1 inspected:true phase:terminal proof:0 repair:0 repeats:2 reports:implementation,review review:1 saved:4 status:BLOCKED] name:Controller params:map[] ref:0 ref_string:Controller#0]] state:map[controller:role Controller#0] stats:map[counts:map[Controller#0.Corrupt:1 Controller#0.Inspect:1 Controller#0.Overlap:1 Controller#0.Proof:1 Controller#0.Restart:1 Controller#0.Resume:2 Controller#0.Review:1 Controller#0.Start:1] totalActions:9] threads:[] witness:[[false false false false]]]
. Expected DISABLED
. Actual [str_value:"DISABLED"], len:1
    Action Link: Controller#0.Inspect
    Found matching Source Link: src:120 dest:118 name:"Controller#0.Inspect" weight:0.125 type:"action" 10:"\n\x14Controller#0.Inspect\x12\n\"DISABLED\""
  End of Request 211, current nodeId: 118, node: map[channel_messages:map[] channels:map[] current:0 failedInvariants:<nil> name:yield returns:{"Controller#0.Inspect":"DISABLED"} roles:[map[fields:map[attempts:5 current:1 fault:true generation:1 inspected:true phase:terminal proof:0 repair:0 repeats:2 reports:implementation,review review:1 saved:4 status:BLOCKED] name:Controller params:map[] ref:0 ref_string:Controller#0]] state:map[controller:role Controller#0] stats:map[counts:map[Controller#0.Corrupt:1 Controller#0.Inspect:2 Controller#0.Proof:1 Controller#0.Restart:1 Controller#0.Resume:2 Controller#0.Review:1 Controller#0.Start:1] totalActions:9] threads:[] witness:[[false false false false]]]
. Expected DISABLED
. Actual [str_value:"DISABLED"], len:1
    Action Link: Controller#0.Proof
    Found matching Source Link: src:118 dest:115 name:"Controller#0.Proof" weight:0.125 type:"action" 10:"\n\x12Controller#0.Proof\x12\n\"DISABLED\""
  End of Request 212, current nodeId: 115, node: map[channel_messages:map[] channels:map[] current:0 failedInvariants:<nil> name:yield returns:{"Controller#0.Proof":"DISABLED"} roles:[map[fields:map[attempts:5 current:1 fault:true generation:1 inspected:true phase:terminal proof:0 repair:0 repeats:2 reports:implementation,review review:1 saved:4 status:BLOCKED] name:Controller params:map[] ref:0 ref_string:Controller#0]] state:map[controller:role Controller#0] stats:map[counts:map[Controller#0.Corrupt:1 Controller#0.Inspect:1 Controller#0.Proof:2 Controller#0.Restart:1 Controller#0.Resume:2 Controller#0.Review:1 Controller#0.Start:1] totalActions:9] threads:[] witness:[[false false false false]]]
. Expected DISABLED
. Actual [str_value:"DISABLED"], len:1
    Action Link: Controller#0.Restart
    Found matching Source Link: src:115 dest:117 name:"Controller#0.Restart" weight:0.125 type:"action" 10:"\n\x14Controller#0.Restart\x12\n\"DISABLED\""
  End of Request 213, current nodeId: 117, node: map[channel_messages:map[] channels:map[] current:0 failedInvariants:<nil> name:yield returns:{"Controller#0.Restart":"DISABLED"} roles:[map[fields:map[attempts:5 current:1 fault:true generation:1 inspected:true phase:terminal proof:0 repair:0 repeats:2 reports:implementation,review review:1 saved:4 status:BLOCKED] name:Controller params:map[] ref:0 ref_string:Controller#0]] state:map[controller:role Controller#0] stats:map[counts:map[Controller#0.Corrupt:1 Controller#0.Inspect:1 Controller#0.Proof:1 Controller#0.Restart:2 Controller#0.Resume:2 Controller#0.Review:1 Controller#0.Start:1] totalActions:9] threads:[] witness:[[false false false false]]]
. Expected DISABLED
. Actual [str_value:"DISABLED"], len:1
    Action Link: Controller#0.Start
    Found matching Source Link: src:117 dest:113 name:"Controller#0.Start" weight:0.125 type:"action" 10:"\n\x12Controller#0.Start\x12\n\"DISABLED\""
  End of Request 214, current nodeId: 113, node: map[channel_messages:map[] channels:map[] current:0 failedInvariants:<nil> name:yield returns:{"Controller#0.Start":"DISABLED"} roles:[map[fields:map[attempts:5 current:1 fault:true generation:1 inspected:true phase:terminal proof:0 repair:0 repeats:2 reports:implementation,review review:1 saved:4 status:BLOCKED] name:Controller params:map[] ref:0 ref_string:Controller#0]] state:map[controller:role Controller#0] stats:map[counts:map[Controller#0.Corrupt:1 Controller#0.Inspect:1 Controller#0.Proof:1 Controller#0.Restart:1 Controller#0.Resume:2 Controller#0.Review:1 Controller#0.Start:2] totalActions:9] threads:[] witness:[[false false false false]]]
. Expected DISABLED
. Actual [str_value:"DISABLED"], len:1
    Action Link: Controller#0.Inspect
    Found matching Source Link: src:113 dest:118 name:"Controller#0.Inspect" weight:0.125 type:"action" 10:"\n\x14Controller#0.Inspect\x12\n\"DISABLED\""
  End of Request 215, current nodeId: 118, node: map[channel_messages:map[] channels:map[] current:0 failedInvariants:<nil> name:yield returns:{"Controller#0.Inspect":"DISABLED"} roles:[map[fields:map[attempts:5 current:1 fault:true generation:1 inspected:true phase:terminal proof:0 repair:0 repeats:2 reports:implementation,review review:1 saved:4 status:BLOCKED] name:Controller params:map[] ref:0 ref_string:Controller#0]] state:map[controller:role Controller#0] stats:map[counts:map[Controller#0.Corrupt:1 Controller#0.Inspect:2 Controller#0.Proof:1 Controller#0.Restart:1 Controller#0.Resume:2 Controller#0.Review:1 Controller#0.Start:1] totalActions:9] threads:[] witness:[[false false false false]]]
. Expected DISABLED
. Actual [str_value:"DISABLED"], len:1
    Action Link: Controller#0.Corrupt
    Found matching Source Link: src:118 dest:116 name:"Controller#0.Corrupt" weight:0.125 type:"action" 10:"\n\x14Controller#0.Corrupt\x12\n\"DISABLED\""
  End of Request 216, current nodeId: 116, node: map[channel_messages:map[] channels:map[] current:0 failedInvariants:<nil> name:yield returns:{"Controller#0.Corrupt":"DISABLED"} roles:[map[fields:map[attempts:5 current:1 fault:true generation:1 inspected:true phase:terminal proof:0 repair:0 repeats:2 reports:implementation,review review:1 saved:4 status:BLOCKED] name:Controller params:map[] ref:0 ref_string:Controller#0]] state:map[controller:role Controller#0] stats:map[counts:map[Controller#0.Corrupt:2 Controller#0.Inspect:1 Controller#0.Proof:1 Controller#0.Restart:1 Controller#0.Resume:2 Controller#0.Review:1 Controller#0.Start:1] totalActions:9] threads:[] witness:[[false false false false]]]
. Expected DISABLED
. Actual [str_value:"DISABLED"], len:1
    Action Link: Controller#0.Overlap
    Found matching Source Link: src:116 dest:120 name:"Controller#0.Overlap" weight:0.125 type:"action" 10:"\n\x14Controller#0.Overlap\x12\n\"DISABLED\""
  End of Request 217, current nodeId: 120, node: map[channel_messages:map[] channels:map[] current:0 failedInvariants:<nil> name:yield returns:{"Controller#0.Overlap":"DISABLED"} roles:[map[fields:map[attempts:5 current:1 fault:true generation:1 inspected:true phase:terminal proof:0 repair:0 repeats:2 reports:implementation,review review:1 saved:4 status:BLOCKED] name:Controller params:map[] ref:0 ref_string:Controller#0]] state:map[controller:role Controller#0] stats:map[counts:map[Controller#0.Corrupt:1 Controller#0.Inspect:1 Controller#0.Overlap:1 Controller#0.Proof:1 Controller#0.Restart:1 Controller#0.Resume:2 Controller#0.Review:1 Controller#0.Start:1] totalActions:9] threads:[] witness:[[false false false false]]]
. Expected DISABLED
. Actual [str_value:"DISABLED"], len:1
    Action Link: Controller#0.Review
    Found matching Source Link: src:120 dest:114 name:"Controller#0.Review" weight:0.125 type:"action" 10:"\n\x13Controller#0.Review\x12\n\"DISABLED\""
  End of Request 218, current nodeId: 114, node: map[channel_messages:map[] channels:map[] current:0 failedInvariants:<nil> name:yield returns:{"Controller#0.Review":"DISABLED"} roles:[map[fields:map[attempts:5 current:1 fault:true generation:1 inspected:true phase:terminal proof:0 repair:0 repeats:2 reports:implementation,review review:1 saved:4 status:BLOCKED] name:Controller params:map[] ref:0 ref_string:Controller#0]] state:map[controller:role Controller#0] stats:map[counts:map[Controller#0.Corrupt:1 Controller#0.Inspect:1 Controller#0.Proof:1 Controller#0.Restart:1 Controller#0.Resume:2 Controller#0.Review:2 Controller#0.Start:1] totalActions:9] threads:[] witness:[[false false false false]]]
. Expected DISABLED
. Actual [str_value:"DISABLED"], len:1
    Action Link: Controller#0.Resume
    Found matching Source Link: src:114 dest:119 name:"Controller#0.Resume" weight:0.125 type:"action" 10:"\n\x13Controller#0.Resume\x12\n\"DISABLED\""
  End of Request 219, current nodeId: 119, node: map[channel_messages:map[] channels:map[] current:0 failedInvariants:<nil> name:yield returns:{"Controller#0.Resume":"DISABLED"} roles:[map[fields:map[attempts:5 current:1 fault:true generation:1 inspected:true phase:terminal proof:0 repair:0 repeats:2 reports:implementation,review review:1 saved:4 status:BLOCKED] name:Controller params:map[] ref:0 ref_string:Controller#0]] state:map[controller:role Controller#0] stats:map[counts:map[Controller#0.Corrupt:1 Controller#0.Inspect:1 Controller#0.Proof:1 Controller#0.Restart:1 Controller#0.Resume:3 Controller#0.Review:1 Controller#0.Start:1] totalActions:9] threads:[] witness:[[false false false false]]]
. Expected DISABLED
. Actual [str_value:"DISABLED"], len:1
    Action Link: Controller#0.Restart
    Found matching Source Link: src:119 dest:117 name:"Controller#0.Restart" weight:0.125 type:"action" 10:"\n\x14Controller#0.Restart\x12\n\"DISABLED\""
  End of Request 220, current nodeId: 117, node: map[channel_messages:map[] channels:map[] current:0 failedInvariants:<nil> name:yield returns:{"Controller#0.Restart":"DISABLED"} roles:[map[fields:map[attempts:5 current:1 fault:true generation:1 inspected:true phase:terminal proof:0 repair:0 repeats:2 reports:implementation,review review:1 saved:4 status:BLOCKED] name:Controller params:map[] ref:0 ref_string:Controller#0]] state:map[controller:role Controller#0] stats:map[counts:map[Controller#0.Corrupt:1 Controller#0.Inspect:1 Controller#0.Proof:1 Controller#0.Restart:2 Controller#0.Resume:2 Controller#0.Review:1 Controller#0.Start:1] totalActions:9] threads:[] witness:[[false false false false]]]
. Expected DISABLED
. Actual [str_value:"DISABLED"], len:1
    Action Link: Controller#0.Start
    Found matching Source Link: src:117 dest:113 name:"Controller#0.Start" weight:0.125 type:"action" 10:"\n\x12Controller#0.Start\x12\n\"DISABLED\""
  End of Request 221, current nodeId: 113, node: map[channel_messages:map[] channels:map[] current:0 failedInvariants:<nil> name:yield returns:{"Controller#0.Start":"DISABLED"} roles:[map[fields:map[attempts:5 current:1 fault:true generation:1 inspected:true phase:terminal proof:0 repair:0 repeats:2 reports:implementation,review review:1 saved:4 status:BLOCKED] name:Controller params:map[] ref:0 ref_string:Controller#0]] state:map[controller:role Controller#0] stats:map[counts:map[Controller#0.Corrupt:1 Controller#0.Inspect:1 Controller#0.Proof:1 Controller#0.Restart:1 Controller#0.Resume:2 Controller#0.Review:1 Controller#0.Start:2] totalActions:9] threads:[] witness:[[false false false false]]]
. Expected DISABLED
. Actual [str_value:"DISABLED"], len:1
    Action Link: Controller#0.Restart
    Found matching Source Link: src:113 dest:117 name:"Controller#0.Restart" weight:0.125 type:"action" 10:"\n\x14Controller#0.Restart\x12\n\"DISABLED\""
  End of Request 222, current nodeId: 117, node: map[channel_messages:map[] channels:map[] current:0 failedInvariants:<nil> name:yield returns:{"Controller#0.Restart":"DISABLED"} roles:[map[fields:map[attempts:5 current:1 fault:true generation:1 inspected:true phase:terminal proof:0 repair:0 repeats:2 reports:implementation,review review:1 saved:4 status:BLOCKED] name:Controller params:map[] ref:0 ref_string:Controller#0]] state:map[controller:role Controller#0] stats:map[counts:map[Controller#0.Corrupt:1 Controller#0.Inspect:1 Controller#0.Proof:1 Controller#0.Restart:2 Controller#0.Resume:2 Controller#0.Review:1 Controller#0.Start:1] totalActions:9] threads:[] witness:[[false false false false]]]
. Expected DISABLED
. Actual [str_value:"DISABLED"], len:1
    Action Link: Controller#0.Inspect
    Found matching Source Link: src:117 dest:118 name:"Controller#0.Inspect" weight:0.125 type:"action" 10:"\n\x14Controller#0.Inspect\x12\n\"DISABLED\""
  End of Request 223, current nodeId: 118, node: map[channel_messages:map[] channels:map[] current:0 failedInvariants:<nil> name:yield returns:{"Controller#0.Inspect":"DISABLED"} roles:[map[fields:map[attempts:5 current:1 fault:true generation:1 inspected:true phase:terminal proof:0 repair:0 repeats:2 reports:implementation,review review:1 saved:4 status:BLOCKED] name:Controller params:map[] ref:0 ref_string:Controller#0]] state:map[controller:role Controller#0] stats:map[counts:map[Controller#0.Corrupt:1 Controller#0.Inspect:2 Controller#0.Proof:1 Controller#0.Restart:1 Controller#0.Resume:2 Controller#0.Review:1 Controller#0.Start:1] totalActions:9] threads:[] witness:[[false false false false]]]
. Expected DISABLED
. Actual [str_value:"DISABLED"], len:1
    Action Link: Controller#0.Resume
    Found matching Source Link: src:118 dest:119 name:"Controller#0.Resume" weight:0.125 type:"action" 10:"\n\x13Controller#0.Resume\x12\n\"DISABLED\""
  End of Request 224, current nodeId: 119, node: map[channel_messages:map[] channels:map[] current:0 failedInvariants:<nil> name:yield returns:{"Controller#0.Resume":"DISABLED"} roles:[map[fields:map[attempts:5 current:1 fault:true generation:1 inspected:true phase:terminal proof:0 repair:0 repeats:2 reports:implementation,review review:1 saved:4 status:BLOCKED] name:Controller params:map[] ref:0 ref_string:Controller#0]] state:map[controller:role Controller#0] stats:map[counts:map[Controller#0.Corrupt:1 Controller#0.Inspect:1 Controller#0.Proof:1 Controller#0.Restart:1 Controller#0.Resume:3 Controller#0.Review:1 Controller#0.Start:1] totalActions:9] threads:[] witness:[[false false false false]]]
. Expected DISABLED
. Actual [str_value:"DISABLED"], len:1
    Action Link: Controller#0.Start
    Found matching Source Link: src:119 dest:113 name:"Controller#0.Start" weight:0.125 type:"action" 10:"\n\x12Controller#0.Start\x12\n\"DISABLED\""
  End of Request 225, current nodeId: 113, node: map[channel_messages:map[] channels:map[] current:0 failedInvariants:<nil> name:yield returns:{"Controller#0.Start":"DISABLED"} roles:[map[fields:map[attempts:5 current:1 fault:true generation:1 inspected:true phase:terminal proof:0 repair:0 repeats:2 reports:implementation,review review:1 saved:4 status:BLOCKED] name:Controller params:map[] ref:0 ref_string:Controller#0]] state:map[controller:role Controller#0] stats:map[counts:map[Controller#0.Corrupt:1 Controller#0.Inspect:1 Controller#0.Proof:1 Controller#0.Restart:1 Controller#0.Resume:2 Controller#0.Review:1 Controller#0.Start:2] totalActions:9] threads:[] witness:[[false false false false]]]
. Expected DISABLED
. Actual [str_value:"DISABLED"], len:1
    Action Link: Controller#0.Inspect
    Found matching Source Link: src:113 dest:118 name:"Controller#0.Inspect" weight:0.125 type:"action" 10:"\n\x14Controller#0.Inspect\x12\n\"DISABLED\""
  End of Request 226, current nodeId: 118, node: map[channel_messages:map[] channels:map[] current:0 failedInvariants:<nil> name:yield returns:{"Controller#0.Inspect":"DISABLED"} roles:[map[fields:map[attempts:5 current:1 fault:true generation:1 inspected:true phase:terminal proof:0 repair:0 repeats:2 reports:implementation,review review:1 saved:4 status:BLOCKED] name:Controller params:map[] ref:0 ref_string:Controller#0]] state:map[controller:role Controller#0] stats:map[counts:map[Controller#0.Corrupt:1 Controller#0.Inspect:2 Controller#0.Proof:1 Controller#0.Restart:1 Controller#0.Resume:2 Controller#0.Review:1 Controller#0.Start:1] totalActions:9] threads:[] witness:[[false false false false]]]
. Expected DISABLED
. Actual [str_value:"DISABLED"], len:1
    Action Link: Controller#0.Overlap
    Found matching Source Link: src:118 dest:120 name:"Controller#0.Overlap" weight:0.125 type:"action" 10:"\n\x14Controller#0.Overlap\x12\n\"DISABLED\""
  End of Request 227, current nodeId: 120, node: map[channel_messages:map[] channels:map[] current:0 failedInvariants:<nil> name:yield returns:{"Controller#0.Overlap":"DISABLED"} roles:[map[fields:map[attempts:5 current:1 fault:true generation:1 inspected:true phase:terminal proof:0 repair:0 repeats:2 reports:implementation,review review:1 saved:4 status:BLOCKED] name:Controller params:map[] ref:0 ref_string:Controller#0]] state:map[controller:role Controller#0] stats:map[counts:map[Controller#0.Corrupt:1 Controller#0.Inspect:1 Controller#0.Overlap:1 Controller#0.Proof:1 Controller#0.Restart:1 Controller#0.Resume:2 Controller#0.Review:1 Controller#0.Start:1] totalActions:9] threads:[] witness:[[false false false false]]]
. Expected DISABLED
. Actual [str_value:"DISABLED"], len:1
    Action Link: Controller#0.Corrupt
    Found matching Source Link: src:120 dest:116 name:"Controller#0.Corrupt" weight:0.125 type:"action" 10:"\n\x14Controller#0.Corrupt\x12\n\"DISABLED\""
  End of Request 228, current nodeId: 116, node: map[channel_messages:map[] channels:map[] current:0 failedInvariants:<nil> name:yield returns:{"Controller#0.Corrupt":"DISABLED"} roles:[map[fields:map[attempts:5 current:1 fault:true generation:1 inspected:true phase:terminal proof:0 repair:0 repeats:2 reports:implementation,review review:1 saved:4 status:BLOCKED] name:Controller params:map[] ref:0 ref_string:Controller#0]] state:map[controller:role Controller#0] stats:map[counts:map[Controller#0.Corrupt:2 Controller#0.Inspect:1 Controller#0.Proof:1 Controller#0.Restart:1 Controller#0.Resume:2 Controller#0.Review:1 Controller#0.Start:1] totalActions:9] threads:[] witness:[[false false false false]]]
. Expected DISABLED
. Actual [str_value:"DISABLED"], len:1
    Action Link: Controller#0.Corrupt
    Found matching Source Link: src:116 dest:116 name:"Controller#0.Corrupt" weight:0.125 type:"action" 10:"\n\x14Controller#0.Corrupt\x12\n\"DISABLED\""
  End of Request 229, current nodeId: 116, node: map[channel_messages:map[] channels:map[] current:0 failedInvariants:<nil> name:yield returns:{"Controller#0.Corrupt":"DISABLED"} roles:[map[fields:map[attempts:5 current:1 fault:true generation:1 inspected:true phase:terminal proof:0 repair:0 repeats:2 reports:implementation,review review:1 saved:4 status:BLOCKED] name:Controller params:map[] ref:0 ref_string:Controller#0]] state:map[controller:role Controller#0] stats:map[counts:map[Controller#0.Corrupt:2 Controller#0.Inspect:1 Controller#0.Proof:1 Controller#0.Restart:1 Controller#0.Resume:2 Controller#0.Review:1 Controller#0.Start:1] totalActions:9] threads:[] witness:[[false false false false]]]
. Expected DISABLED
. Actual [str_value:"DISABLED"], len:1
    Action Link: Controller#0.Corrupt
    Found matching Source Link: src:116 dest:116 name:"Controller#0.Corrupt" weight:0.125 type:"action" 10:"\n\x14Controller#0.Corrupt\x12\n\"DISABLED\""
  End of Request 230, current nodeId: 116, node: map[channel_messages:map[] channels:map[] current:0 failedInvariants:<nil> name:yield returns:{"Controller#0.Corrupt":"DISABLED"} roles:[map[fields:map[attempts:5 current:1 fault:true generation:1 inspected:true phase:terminal proof:0 repair:0 repeats:2 reports:implementation,review review:1 saved:4 status:BLOCKED] name:Controller params:map[] ref:0 ref_string:Controller#0]] state:map[controller:role Controller#0] stats:map[counts:map[Controller#0.Corrupt:2 Controller#0.Inspect:1 Controller#0.Proof:1 Controller#0.Restart:1 Controller#0.Resume:2 Controller#0.Review:1 Controller#0.Start:1] totalActions:9] threads:[] witness:[[false false false false]]]
. Expected DISABLED
. Actual [str_value:"DISABLED"], len:1
    Action Link: Controller#0.Restart
    Found matching Source Link: src:116 dest:117 name:"Controller#0.Restart" weight:0.125 type:"action" 10:"\n\x14Controller#0.Restart\x12\n\"DISABLED\""
  End of Request 231, current nodeId: 117, node: map[channel_messages:map[] channels:map[] current:0 failedInvariants:<nil> name:yield returns:{"Controller#0.Restart":"DISABLED"} roles:[map[fields:map[attempts:5 current:1 fault:true generation:1 inspected:true phase:terminal proof:0 repair:0 repeats:2 reports:implementation,review review:1 saved:4 status:BLOCKED] name:Controller params:map[] ref:0 ref_string:Controller#0]] state:map[controller:role Controller#0] stats:map[counts:map[Controller#0.Corrupt:1 Controller#0.Inspect:1 Controller#0.Proof:1 Controller#0.Restart:2 Controller#0.Resume:2 Controller#0.Review:1 Controller#0.Start:1] totalActions:9] threads:[] witness:[[false false false false]]]
. Expected DISABLED
. Actual [str_value:"DISABLED"], len:1
    Action Link: Controller#0.Resume
    Found matching Source Link: src:117 dest:119 name:"Controller#0.Resume" weight:0.125 type:"action" 10:"\n\x13Controller#0.Resume\x12\n\"DISABLED\""
  End of Request 232, current nodeId: 119, node: map[channel_messages:map[] channels:map[] current:0 failedInvariants:<nil> name:yield returns:{"Controller#0.Resume":"DISABLED"} roles:[map[fields:map[attempts:5 current:1 fault:true generation:1 inspected:true phase:terminal proof:0 repair:0 repeats:2 reports:implementation,review review:1 saved:4 status:BLOCKED] name:Controller params:map[] ref:0 ref_string:Controller#0]] state:map[controller:role Controller#0] stats:map[counts:map[Controller#0.Corrupt:1 Controller#0.Inspect:1 Controller#0.Proof:1 Controller#0.Restart:1 Controller#0.Resume:3 Controller#0.Review:1 Controller#0.Start:1] totalActions:9] threads:[] witness:[[false false false false]]]
. Expected DISABLED
. Actual [str_value:"DISABLED"], len:1
    Action Link: Controller#0.Corrupt
    Found matching Source Link: src:119 dest:116 name:"Controller#0.Corrupt" weight:0.125 type:"action" 10:"\n\x14Controller#0.Corrupt\x12\n\"DISABLED\""
  End of Request 233, current nodeId: 116, node: map[channel_messages:map[] channels:map[] current:0 failedInvariants:<nil> name:yield returns:{"Controller#0.Corrupt":"DISABLED"} roles:[map[fields:map[attempts:5 current:1 fault:true generation:1 inspected:true phase:terminal proof:0 repair:0 repeats:2 reports:implementation,review review:1 saved:4 status:BLOCKED] name:Controller params:map[] ref:0 ref_string:Controller#0]] state:map[controller:role Controller#0] stats:map[counts:map[Controller#0.Corrupt:2 Controller#0.Inspect:1 Controller#0.Proof:1 Controller#0.Restart:1 Controller#0.Resume:2 Controller#0.Review:1 Controller#0.Start:1] totalActions:9] threads:[] witness:[[false false false false]]]
. Expected DISABLED
. Actual [str_value:"DISABLED"], len:1
    Action Link: Controller#0.Start
    Found matching Source Link: src:116 dest:113 name:"Controller#0.Start" weight:0.125 type:"action" 10:"\n\x12Controller#0.Start\x12\n\"DISABLED\""
  End of Request 234, current nodeId: 113, node: map[channel_messages:map[] channels:map[] current:0 failedInvariants:<nil> name:yield returns:{"Controller#0.Start":"DISABLED"} roles:[map[fields:map[attempts:5 current:1 fault:true generation:1 inspected:true phase:terminal proof:0 repair:0 repeats:2 reports:implementation,review review:1 saved:4 status:BLOCKED] name:Controller params:map[] ref:0 ref_string:Controller#0]] state:map[controller:role Controller#0] stats:map[counts:map[Controller#0.Corrupt:1 Controller#0.Inspect:1 Controller#0.Proof:1 Controller#0.Restart:1 Controller#0.Resume:2 Controller#0.Review:1 Controller#0.Start:2] totalActions:9] threads:[] witness:[[false false false false]]]
. Expected DISABLED
. Actual [str_value:"DISABLED"], len:1
    Action Link: Controller#0.Proof
    Found matching Source Link: src:113 dest:115 name:"Controller#0.Proof" weight:0.125 type:"action" 10:"\n\x12Controller#0.Proof\x12\n\"DISABLED\""
  End of Request 235, current nodeId: 115, node: map[channel_messages:map[] channels:map[] current:0 failedInvariants:<nil> name:yield returns:{"Controller#0.Proof":"DISABLED"} roles:[map[fields:map[attempts:5 current:1 fault:true generation:1 inspected:true phase:terminal proof:0 repair:0 repeats:2 reports:implementation,review review:1 saved:4 status:BLOCKED] name:Controller params:map[] ref:0 ref_string:Controller#0]] state:map[controller:role Controller#0] stats:map[counts:map[Controller#0.Corrupt:1 Controller#0.Inspect:1 Controller#0.Proof:2 Controller#0.Restart:1 Controller#0.Resume:2 Controller#0.Review:1 Controller#0.Start:1] totalActions:9] threads:[] witness:[[false false false false]]]
. Expected DISABLED
. Actual [str_value:"DISABLED"], len:1
    Action Link: Controller#0.Start
    Found matching Source Link: src:115 dest:113 name:"Controller#0.Start" weight:0.125 type:"action" 10:"\n\x12Controller#0.Start\x12\n\"DISABLED\""
  End of Request 236, current nodeId: 113, node: map[channel_messages:map[] channels:map[] current:0 failedInvariants:<nil> name:yield returns:{"Controller#0.Start":"DISABLED"} roles:[map[fields:map[attempts:5 current:1 fault:true generation:1 inspected:true phase:terminal proof:0 repair:0 repeats:2 reports:implementation,review review:1 saved:4 status:BLOCKED] name:Controller params:map[] ref:0 ref_string:Controller#0]] state:map[controller:role Controller#0] stats:map[counts:map[Controller#0.Corrupt:1 Controller#0.Inspect:1 Controller#0.Proof:1 Controller#0.Restart:1 Controller#0.Resume:2 Controller#0.Review:1 Controller#0.Start:2] totalActions:9] threads:[] witness:[[false false false false]]]
. Expected DISABLED
. Actual [str_value:"DISABLED"], len:1
    Action Link: Controller#0.Resume
    Found matching Source Link: src:113 dest:119 name:"Controller#0.Resume" weight:0.125 type:"action" 10:"\n\x13Controller#0.Resume\x12\n\"DISABLED\""
  End of Request 237, current nodeId: 119, node: map[channel_messages:map[] channels:map[] current:0 failedInvariants:<nil> name:yield returns:{"Controller#0.Resume":"DISABLED"} roles:[map[fields:map[attempts:5 current:1 fault:true generation:1 inspected:true phase:terminal proof:0 repair:0 repeats:2 reports:implementation,review review:1 saved:4 status:BLOCKED] name:Controller params:map[] ref:0 ref_string:Controller#0]] state:map[controller:role Controller#0] stats:map[counts:map[Controller#0.Corrupt:1 Controller#0.Inspect:1 Controller#0.Proof:1 Controller#0.Restart:1 Controller#0.Resume:3 Controller#0.Review:1 Controller#0.Start:1] totalActions:9] threads:[] witness:[[false false false false]]]
. Expected DISABLED
. Actual [str_value:"DISABLED"], len:1
    Action Link: Controller#0.Proof
    Found matching Source Link: src:119 dest:115 name:"Controller#0.Proof" weight:0.125 type:"action" 10:"\n\x12Controller#0.Proof\x12\n\"DISABLED\""
  End of Request 238, current nodeId: 115, node: map[channel_messages:map[] channels:map[] current:0 failedInvariants:<nil> name:yield returns:{"Controller#0.Proof":"DISABLED"} roles:[map[fields:map[attempts:5 current:1 fault:true generation:1 inspected:true phase:terminal proof:0 repair:0 repeats:2 reports:implementation,review review:1 saved:4 status:BLOCKED] name:Controller params:map[] ref:0 ref_string:Controller#0]] state:map[controller:role Controller#0] stats:map[counts:map[Controller#0.Corrupt:1 Controller#0.Inspect:1 Controller#0.Proof:2 Controller#0.Restart:1 Controller#0.Resume:2 Controller#0.Review:1 Controller#0.Start:1] totalActions:9] threads:[] witness:[[false false false false]]]
. Expected DISABLED
. Actual [str_value:"DISABLED"], len:1
    Action Link: Controller#0.Proof
    Found matching Source Link: src:115 dest:115 name:"Controller#0.Proof" weight:0.125 type:"action" 10:"\n\x12Controller#0.Proof\x12\n\"DISABLED\""
  End of Request 239, current nodeId: 115, node: map[channel_messages:map[] channels:map[] current:0 failedInvariants:<nil> name:yield returns:{"Controller#0.Proof":"DISABLED"} roles:[map[fields:map[attempts:5 current:1 fault:true generation:1 inspected:true phase:terminal proof:0 repair:0 repeats:2 reports:implementation,review review:1 saved:4 status:BLOCKED] name:Controller params:map[] ref:0 ref_string:Controller#0]] state:map[controller:role Controller#0] stats:map[counts:map[Controller#0.Corrupt:1 Controller#0.Inspect:1 Controller#0.Proof:2 Controller#0.Restart:1 Controller#0.Resume:2 Controller#0.Review:1 Controller#0.Start:1] totalActions:9] threads:[] witness:[[false false false false]]]
. Expected DISABLED
. Actual [str_value:"DISABLED"], len:1
    Action Link: Controller#0.Restart
    Found matching Source Link: src:115 dest:117 name:"Controller#0.Restart" weight:0.125 type:"action" 10:"\n\x14Controller#0.Restart\x12\n\"DISABLED\""
  End of Request 240, current nodeId: 117, node: map[channel_messages:map[] channels:map[] current:0 failedInvariants:<nil> name:yield returns:{"Controller#0.Restart":"DISABLED"} roles:[map[fields:map[attempts:5 current:1 fault:true generation:1 inspected:true phase:terminal proof:0 repair:0 repeats:2 reports:implementation,review review:1 saved:4 status:BLOCKED] name:Controller params:map[] ref:0 ref_string:Controller#0]] state:map[controller:role Controller#0] stats:map[counts:map[Controller#0.Corrupt:1 Controller#0.Inspect:1 Controller#0.Proof:1 Controller#0.Restart:2 Controller#0.Resume:2 Controller#0.Review:1 Controller#0.Start:1] totalActions:9] threads:[] witness:[[false false false false]]]
. Expected DISABLED
. Actual [str_value:"DISABLED"], len:1
    Action Link: Controller#0.Inspect
    Found matching Source Link: src:117 dest:118 name:"Controller#0.Inspect" weight:0.125 type:"action" 10:"\n\x14Controller#0.Inspect\x12\n\"DISABLED\""
  End of Request 241, current nodeId: 118, node: map[channel_messages:map[] channels:map[] current:0 failedInvariants:<nil> name:yield returns:{"Controller#0.Inspect":"DISABLED"} roles:[map[fields:map[attempts:5 current:1 fault:true generation:1 inspected:true phase:terminal proof:0 repair:0 repeats:2 reports:implementation,review review:1 saved:4 status:BLOCKED] name:Controller params:map[] ref:0 ref_string:Controller#0]] state:map[controller:role Controller#0] stats:map[counts:map[Controller#0.Corrupt:1 Controller#0.Inspect:2 Controller#0.Proof:1 Controller#0.Restart:1 Controller#0.Resume:2 Controller#0.Review:1 Controller#0.Start:1] totalActions:9] threads:[] witness:[[false false false false]]]
. Expected DISABLED
. Actual [str_value:"DISABLED"], len:1
    Action Link: Controller#0.Review
    Found matching Source Link: src:118 dest:114 name:"Controller#0.Review" weight:0.125 type:"action" 10:"\n\x13Controller#0.Review\x12\n\"DISABLED\""
  End of Request 242, current nodeId: 114, node: map[channel_messages:map[] channels:map[] current:0 failedInvariants:<nil> name:yield returns:{"Controller#0.Review":"DISABLED"} roles:[map[fields:map[attempts:5 current:1 fault:true generation:1 inspected:true phase:terminal proof:0 repair:0 repeats:2 reports:implementation,review review:1 saved:4 status:BLOCKED] name:Controller params:map[] ref:0 ref_string:Controller#0]] state:map[controller:role Controller#0] stats:map[counts:map[Controller#0.Corrupt:1 Controller#0.Inspect:1 Controller#0.Proof:1 Controller#0.Restart:1 Controller#0.Resume:2 Controller#0.Review:2 Controller#0.Start:1] totalActions:9] threads:[] witness:[[false false false false]]]
. Expected DISABLED
. Actual [str_value:"DISABLED"], len:1
    Action Link: Controller#0.Overlap
    Found matching Source Link: src:114 dest:120 name:"Controller#0.Overlap" weight:0.125 type:"action" 10:"\n\x14Controller#0.Overlap\x12\n\"DISABLED\""
  End of Request 243, current nodeId: 120, node: map[channel_messages:map[] channels:map[] current:0 failedInvariants:<nil> name:yield returns:{"Controller#0.Overlap":"DISABLED"} roles:[map[fields:map[attempts:5 current:1 fault:true generation:1 inspected:true phase:terminal proof:0 repair:0 repeats:2 reports:implementation,review review:1 saved:4 status:BLOCKED] name:Controller params:map[] ref:0 ref_string:Controller#0]] state:map[controller:role Controller#0] stats:map[counts:map[Controller#0.Corrupt:1 Controller#0.Inspect:1 Controller#0.Overlap:1 Controller#0.Proof:1 Controller#0.Restart:1 Controller#0.Resume:2 Controller#0.Review:1 Controller#0.Start:1] totalActions:9] threads:[] witness:[[false false false false]]]
. Expected DISABLED
. Actual [str_value:"DISABLED"], len:1
    Action Link: Controller#0.Proof
    Found matching Source Link: src:120 dest:115 name:"Controller#0.Proof" weight:0.125 type:"action" 10:"\n\x12Controller#0.Proof\x12\n\"DISABLED\""
  End of Request 244, current nodeId: 115, node: map[channel_messages:map[] channels:map[] current:0 failedInvariants:<nil> name:yield returns:{"Controller#0.Proof":"DISABLED"} roles:[map[fields:map[attempts:5 current:1 fault:true generation:1 inspected:true phase:terminal proof:0 repair:0 repeats:2 reports:implementation,review review:1 saved:4 status:BLOCKED] name:Controller params:map[] ref:0 ref_string:Controller#0]] state:map[controller:role Controller#0] stats:map[counts:map[Controller#0.Corrupt:1 Controller#0.Inspect:1 Controller#0.Proof:2 Controller#0.Restart:1 Controller#0.Resume:2 Controller#0.Review:1 Controller#0.Start:1] totalActions:9] threads:[] witness:[[false false false false]]]
. Expected DISABLED
. Actual [str_value:"DISABLED"], len:1
    Action Link: Controller#0.Overlap
    Found matching Source Link: src:115 dest:120 name:"Controller#0.Overlap" weight:0.125 type:"action" 10:"\n\x14Controller#0.Overlap\x12\n\"DISABLED\""
  End of Request 245, current nodeId: 120, node: map[channel_messages:map[] channels:map[] current:0 failedInvariants:<nil> name:yield returns:{"Controller#0.Overlap":"DISABLED"} roles:[map[fields:map[attempts:5 current:1 fault:true generation:1 inspected:true phase:terminal proof:0 repair:0 repeats:2 reports:implementation,review review:1 saved:4 status:BLOCKED] name:Controller params:map[] ref:0 ref_string:Controller#0]] state:map[controller:role Controller#0] stats:map[counts:map[Controller#0.Corrupt:1 Controller#0.Inspect:1 Controller#0.Overlap:1 Controller#0.Proof:1 Controller#0.Restart:1 Controller#0.Resume:2 Controller#0.Review:1 Controller#0.Start:1] totalActions:9] threads:[] witness:[[false false false false]]]
. Expected DISABLED
. Actual [str_value:"DISABLED"], len:1
    Action Link: Controller#0.Review
    Found matching Source Link: src:120 dest:114 name:"Controller#0.Review" weight:0.125 type:"action" 10:"\n\x13Controller#0.Review\x12\n\"DISABLED\""
  End of Request 246, current nodeId: 114, node: map[channel_messages:map[] channels:map[] current:0 failedInvariants:<nil> name:yield returns:{"Controller#0.Review":"DISABLED"} roles:[map[fields:map[attempts:5 current:1 fault:true generation:1 inspected:true phase:terminal proof:0 repair:0 repeats:2 reports:implementation,review review:1 saved:4 status:BLOCKED] name:Controller params:map[] ref:0 ref_string:Controller#0]] state:map[controller:role Controller#0] stats:map[counts:map[Controller#0.Corrupt:1 Controller#0.Inspect:1 Controller#0.Proof:1 Controller#0.Restart:1 Controller#0.Resume:2 Controller#0.Review:2 Controller#0.Start:1] totalActions:9] threads:[] witness:[[false false false false]]]
. Expected DISABLED
. Actual [str_value:"DISABLED"], len:1
    Action Link: Controller#0.Restart
    Found matching Source Link: src:114 dest:117 name:"Controller#0.Restart" weight:0.125 type:"action" 10:"\n\x14Controller#0.Restart\x12\n\"DISABLED\""
  End of Request 247, current nodeId: 117, node: map[channel_messages:map[] channels:map[] current:0 failedInvariants:<nil> name:yield returns:{"Controller#0.Restart":"DISABLED"} roles:[map[fields:map[attempts:5 current:1 fault:true generation:1 inspected:true phase:terminal proof:0 repair:0 repeats:2 reports:implementation,review review:1 saved:4 status:BLOCKED] name:Controller params:map[] ref:0 ref_string:Controller#0]] state:map[controller:role Controller#0] stats:map[counts:map[Controller#0.Corrupt:1 Controller#0.Inspect:1 Controller#0.Proof:1 Controller#0.Restart:2 Controller#0.Resume:2 Controller#0.Review:1 Controller#0.Start:1] totalActions:9] threads:[] witness:[[false false false false]]]
. Expected DISABLED
. Actual [str_value:"DISABLED"], len:1
    Action Link: Controller#0.Proof
    Found matching Source Link: src:117 dest:115 name:"Controller#0.Proof" weight:0.125 type:"action" 10:"\n\x12Controller#0.Proof\x12\n\"DISABLED\""
  End of Request 248, current nodeId: 115, node: map[channel_messages:map[] channels:map[] current:0 failedInvariants:<nil> name:yield returns:{"Controller#0.Proof":"DISABLED"} roles:[map[fields:map[attempts:5 current:1 fault:true generation:1 inspected:true phase:terminal proof:0 repair:0 repeats:2 reports:implementation,review review:1 saved:4 status:BLOCKED] name:Controller params:map[] ref:0 ref_string:Controller#0]] state:map[controller:role Controller#0] stats:map[counts:map[Controller#0.Corrupt:1 Controller#0.Inspect:1 Controller#0.Proof:2 Controller#0.Restart:1 Controller#0.Resume:2 Controller#0.Review:1 Controller#0.Start:1] totalActions:9] threads:[] witness:[[false false false false]]]
. Expected DISABLED
. Actual [str_value:"DISABLED"], len:1
    Action Link: Controller#0.Corrupt
    Found matching Source Link: src:115 dest:116 name:"Controller#0.Corrupt" weight:0.125 type:"action" 10:"\n\x14Controller#0.Corrupt\x12\n\"DISABLED\""
  End of Request 249, current nodeId: 116, node: map[channel_messages:map[] channels:map[] current:0 failedInvariants:<nil> name:yield returns:{"Controller#0.Corrupt":"DISABLED"} roles:[map[fields:map[attempts:5 current:1 fault:true generation:1 inspected:true phase:terminal proof:0 repair:0 repeats:2 reports:implementation,review review:1 saved:4 status:BLOCKED] name:Controller params:map[] ref:0 ref_string:Controller#0]] state:map[controller:role Controller#0] stats:map[counts:map[Controller#0.Corrupt:2 Controller#0.Inspect:1 Controller#0.Proof:1 Controller#0.Restart:1 Controller#0.Resume:2 Controller#0.Review:1 Controller#0.Start:1] totalActions:9] threads:[] witness:[[false false false false]]]
. Expected DISABLED
. Actual [str_value:"DISABLED"], len:1
    Action Link: Controller#0.Start
    Found matching Source Link: src:116 dest:113 name:"Controller#0.Start" weight:0.125 type:"action" 10:"\n\x12Controller#0.Start\x12\n\"DISABLED\""
  End of Request 250, current nodeId: 113, node: map[channel_messages:map[] channels:map[] current:0 failedInvariants:<nil> name:yield returns:{"Controller#0.Start":"DISABLED"} roles:[map[fields:map[attempts:5 current:1 fault:true generation:1 inspected:true phase:terminal proof:0 repair:0 repeats:2 reports:implementation,review review:1 saved:4 status:BLOCKED] name:Controller params:map[] ref:0 ref_string:Controller#0]] state:map[controller:role Controller#0] stats:map[counts:map[Controller#0.Corrupt:1 Controller#0.Inspect:1 Controller#0.Proof:1 Controller#0.Restart:1 Controller#0.Resume:2 Controller#0.Review:1 Controller#0.Start:2] totalActions:9] threads:[] witness:[[false false false false]]]
. Expected DISABLED
. Actual [str_value:"DISABLED"], len:1
    Action Link: Controller#0.Corrupt
    Found matching Source Link: src:113 dest:116 name:"Controller#0.Corrupt" weight:0.125 type:"action" 10:"\n\x14Controller#0.Corrupt\x12\n\"DISABLED\""
  End of Request 251, current nodeId: 116, node: map[channel_messages:map[] channels:map[] current:0 failedInvariants:<nil> name:yield returns:{"Controller#0.Corrupt":"DISABLED"} roles:[map[fields:map[attempts:5 current:1 fault:true generation:1 inspected:true phase:terminal proof:0 repair:0 repeats:2 reports:implementation,review review:1 saved:4 status:BLOCKED] name:Controller params:map[] ref:0 ref_string:Controller#0]] state:map[controller:role Controller#0] stats:map[counts:map[Controller#0.Corrupt:2 Controller#0.Inspect:1 Controller#0.Proof:1 Controller#0.Restart:1 Controller#0.Resume:2 Controller#0.Review:1 Controller#0.Start:1] totalActions:9] threads:[] witness:[[false false false false]]]
. Expected DISABLED
. Actual [str_value:"DISABLED"], len:1
    Action Link: Controller#0.Overlap
    Found matching Source Link: src:116 dest:120 name:"Controller#0.Overlap" weight:0.125 type:"action" 10:"\n\x14Controller#0.Overlap\x12\n\"DISABLED\""
  End of Request 252, current nodeId: 120, node: map[channel_messages:map[] channels:map[] current:0 failedInvariants:<nil> name:yield returns:{"Controller#0.Overlap":"DISABLED"} roles:[map[fields:map[attempts:5 current:1 fault:true generation:1 inspected:true phase:terminal proof:0 repair:0 repeats:2 reports:implementation,review review:1 saved:4 status:BLOCKED] name:Controller params:map[] ref:0 ref_string:Controller#0]] state:map[controller:role Controller#0] stats:map[counts:map[Controller#0.Corrupt:1 Controller#0.Inspect:1 Controller#0.Overlap:1 Controller#0.Proof:1 Controller#0.Restart:1 Controller#0.Resume:2 Controller#0.Review:1 Controller#0.Start:1] totalActions:9] threads:[] witness:[[false false false false]]]
. Expected DISABLED
. Actual [str_value:"DISABLED"], len:1
    Action Link: Controller#0.Start
    Found matching Source Link: src:120 dest:113 name:"Controller#0.Start" weight:0.125 type:"action" 10:"\n\x12Controller#0.Start\x12\n\"DISABLED\""
  End of Request 253, current nodeId: 113, node: map[channel_messages:map[] channels:map[] current:0 failedInvariants:<nil> name:yield returns:{"Controller#0.Start":"DISABLED"} roles:[map[fields:map[attempts:5 current:1 fault:true generation:1 inspected:true phase:terminal proof:0 repair:0 repeats:2 reports:implementation,review review:1 saved:4 status:BLOCKED] name:Controller params:map[] ref:0 ref_string:Controller#0]] state:map[controller:role Controller#0] stats:map[counts:map[Controller#0.Corrupt:1 Controller#0.Inspect:1 Controller#0.Proof:1 Controller#0.Restart:1 Controller#0.Resume:2 Controller#0.Review:1 Controller#0.Start:2] totalActions:9] threads:[] witness:[[false false false false]]]
. Expected DISABLED
. Actual [str_value:"DISABLED"], len:1
    Action Link: Controller#0.Inspect
    Found matching Source Link: src:113 dest:118 name:"Controller#0.Inspect" weight:0.125 type:"action" 10:"\n\x14Controller#0.Inspect\x12\n\"DISABLED\""
  End of Request 254, current nodeId: 118, node: map[channel_messages:map[] channels:map[] current:0 failedInvariants:<nil> name:yield returns:{"Controller#0.Inspect":"DISABLED"} roles:[map[fields:map[attempts:5 current:1 fault:true generation:1 inspected:true phase:terminal proof:0 repair:0 repeats:2 reports:implementation,review review:1 saved:4 status:BLOCKED] name:Controller params:map[] ref:0 ref_string:Controller#0]] state:map[controller:role Controller#0] stats:map[counts:map[Controller#0.Corrupt:1 Controller#0.Inspect:2 Controller#0.Proof:1 Controller#0.Restart:1 Controller#0.Resume:2 Controller#0.Review:1 Controller#0.Start:1] totalActions:9] threads:[] witness:[[false false false false]]]
. Expected DISABLED
. Actual [str_value:"DISABLED"], len:1
    Action Link: Controller#0.Corrupt
    Found matching Source Link: src:118 dest:116 name:"Controller#0.Corrupt" weight:0.125 type:"action" 10:"\n\x14Controller#0.Corrupt\x12\n\"DISABLED\""
  End of Request 255, current nodeId: 116, node: map[channel_messages:map[] channels:map[] current:0 failedInvariants:<nil> name:yield returns:{"Controller#0.Corrupt":"DISABLED"} roles:[map[fields:map[attempts:5 current:1 fault:true generation:1 inspected:true phase:terminal proof:0 repair:0 repeats:2 reports:implementation,review review:1 saved:4 status:BLOCKED] name:Controller params:map[] ref:0 ref_string:Controller#0]] state:map[controller:role Controller#0] stats:map[counts:map[Controller#0.Corrupt:2 Controller#0.Inspect:1 Controller#0.Proof:1 Controller#0.Restart:1 Controller#0.Resume:2 Controller#0.Review:1 Controller#0.Start:1] totalActions:9] threads:[] witness:[[false false false false]]]
. Expected DISABLED
. Actual [str_value:"DISABLED"], len:1
