2026/09/26 17:13:59 Loaded 153 nodes and 1224 links
2026/09/26 17:13:59 State Space Options: options:{max_actions:256 max_concurrent_actions:1 crash_on_yield:true} deadlock_detection:false
Generated 8 unique operations
Generated 8 operation groups
Group: Controller#0.Proof
  Op: role:{role_name:"Controller"} action_name:"Proof", MaxYields: 0
Group: Controller#0.Corrupt
  Op: role:{role_name:"Controller"} action_name:"Corrupt", MaxYields: 0
Group: Controller#0.Restart
  Op: role:{role_name:"Controller"} action_name:"Restart", MaxYields: 0
Group: Controller#0.Inspect
  Op: role:{role_name:"Controller"} action_name:"Inspect", MaxYields: 0
Group: Controller#0.Resume
  Op: role:{role_name:"Controller"} action_name:"Resume", MaxYields: 0
Group: Controller#0.Overlap
  Op: role:{role_name:"Controller"} action_name:"Overlap", MaxYields: 0
Group: Controller#0.Start
  Op: role:{role_name:"Controller"} action_name:"Start", MaxYields: 0
Group: Controller#0.Review
  Op: role:{role_name:"Controller"} action_name:"Review", MaxYields: 0
2026/09/26 17:13:59 FizzMo server listening on :50051
2026/09/26 17:13:59 Received StartTestRun request: 
Received ValidateTrace request: demo-run-id
  Request 0: role:{role_name:"Controller"} action_name:"Inspect"
  Response 0: return_values:{str_value:"DISABLED"} exec_time:{start_unix_nano:187273792 end_unix_nano:187340083} status:{code:STATUS_OK message:"OK"} roles:{role_name:"Controller"}
  Request 1: role:{role_name:"Controller"} action_name:"Restart"
  Response 1: return_values:{str_value:"DISABLED"} exec_time:{start_unix_nano:188120792 end_unix_nano:188162292} status:{code:STATUS_OK message:"OK"} roles:{role_name:"Controller"}
  Request 2: role:{role_name:"Controller"} action_name:"Start"
  Response 2: return_values:{str_value:"77|RUNNING|3|3|implementation|0|1|0|0|1"} exec_time:{start_unix_nano:188655208 end_unix_nano:3000509417} status:{code:STATUS_OK message:"OK"} roles:{role_name:"Controller"}
  Request 3: role:{role_name:"Controller"} action_name:"Resume"
  Response 3: return_values:{str_value:"DISABLED"} exec_time:{start_unix_nano:3001308083 end_unix_nano:3001356125} status:{code:STATUS_OK message:"OK"} roles:{role_name:"Controller"}
  Request 4: role:{role_name:"Controller"} action_name:"Corrupt"
  Response 4: return_values:{str_value:"DISABLED"} exec_time:{start_unix_nano:3001774958 end_unix_nano:3001818083} status:{code:STATUS_OK message:"OK"} roles:{role_name:"Controller"}
  Request 5: role:{role_name:"Controller"} action_name:"Inspect"
  Response 5: return_values:{str_value:"1|RUNNING|3|3|implementation|0|1|0|0|1"} exec_time:{start_unix_nano:3002208250 end_unix_nano:3430532042} status:{code:STATUS_OK message:"OK"} roles:{role_name:"Controller"}
  Request 6: role:{role_name:"Controller"} action_name:"Start"
  Response 6: return_values:{str_value:"DISABLED"} exec_time:{start_unix_nano:3431196000 end_unix_nano:3431207000} status:{code:STATUS_OK message:"OK"} roles:{role_name:"Controller"}
  Request 7: role:{role_name:"Controller"} action_name:"Restart"
  Response 7: return_values:{str_value:"DISABLED"} exec_time:{start_unix_nano:3431585333 end_unix_nano:3431599375} status:{code:STATUS_OK message:"OK"} roles:{role_name:"Controller"}
  Request 8: role:{role_name:"Controller"} action_name:"Restart"
  Response 8: return_values:{str_value:"DISABLED"} exec_time:{start_unix_nano:3431960417 end_unix_nano:3431974000} status:{code:STATUS_OK message:"OK"} roles:{role_name:"Controller"}
  Request 9: role:{role_name:"Controller"} action_name:"Start"
  Response 9: return_values:{str_value:"DISABLED"} exec_time:{start_unix_nano:3432290667 end_unix_nano:3432299208} status:{code:STATUS_OK message:"OK"} roles:{role_name:"Controller"}
  Request 10: role:{role_name:"Controller"} action_name:"Overlap"
  Response 10: return_values:{str_value:"DISABLED"} exec_time:{start_unix_nano:3432582292 end_unix_nano:3432647167} status:{code:STATUS_OK message:"OK"} roles:{role_name:"Controller"}
  Request 11: role:{role_name:"Controller"} action_name:"Restart"
  Response 11: return_values:{str_value:"DISABLED"} exec_time:{start_unix_nano:3432912458 end_unix_nano:3432920167} status:{code:STATUS_OK message:"OK"} roles:{role_name:"Controller"}
  Request 12: role:{role_name:"Controller"} action_name:"Corrupt"
  Response 12: return_values:{str_value:"DISABLED"} exec_time:{start_unix_nano:3433188958 end_unix_nano:3433194958} status:{code:STATUS_OK message:"OK"} roles:{role_name:"Controller"}
  Request 13: role:{role_name:"Controller"} action_name:"Overlap"
  Response 13: return_values:{str_value:"DISABLED"} exec_time:{start_unix_nano:3433412167 end_unix_nano:3433416875} status:{code:STATUS_OK message:"OK"} roles:{role_name:"Controller"}
  Request 14: role:{role_name:"Controller"} action_name:"Proof"
  Response 14: return_values:{str_value:"DISABLED"} exec_time:{start_unix_nano:3433613375 end_unix_nano:3433640958} status:{code:STATUS_OK message:"OK"} roles:{role_name:"Controller"}
  Request 15: role:{role_name:"Controller"} action_name:"Review"
  Response 15: return_values:{str_value:"77|RUNNING|4|4|implementation,review|0|1|1|0|1"} exec_time:{start_unix_nano:3433841000 end_unix_nano:4908961208} status:{code:STATUS_OK message:"OK"} roles:{role_name:"Controller"}
  Request 16: role:{role_name:"Controller"} action_name:"Proof"
  Response 16: return_values:{str_value:"77|RUNNING|5|4|implementation,review|0|1|1|0|1"} exec_time:{start_unix_nano:4909518500 end_unix_nano:5761370375} status:{code:STATUS_OK message:"OK"} roles:{role_name:"Controller"}
  Request 17: role:{role_name:"Controller"} action_name:"Resume"
  Response 17: return_values:{str_value:"DISABLED"} exec_time:{start_unix_nano:5761929292 end_unix_nano:5761938375} status:{code:STATUS_OK message:"OK"} roles:{role_name:"Controller"}
  Request 18: role:{role_name:"Controller"} action_name:"Review"
  Response 18: return_values:{str_value:"DISABLED"} exec_time:{start_unix_nano:5762241417 end_unix_nano:5762248750} status:{code:STATUS_OK message:"OK"} roles:{role_name:"Controller"}
  Request 19: role:{role_name:"Controller"} action_name:"Restart"
  Response 19: return_values:{str_value:"77|RUNNING|6|6|implementation,repair|1|2|0|0|1"} exec_time:{start_unix_nano:5762551208 end_unix_nano:8100047708} status:{code:STATUS_OK message:"OK"} roles:{role_name:"Controller"}
  Request 20: role:{role_name:"Controller"} action_name:"Proof"
  Response 20: return_values:{str_value:"DISABLED"} exec_time:{start_unix_nano:8100912375 end_unix_nano:8100923833} status:{code:STATUS_OK message:"OK"} roles:{role_name:"Controller"}
  Request 21: role:{role_name:"Controller"} action_name:"Corrupt"
  Response 21: return_values:{str_value:"DISABLED"} exec_time:{start_unix_nano:8101220583 end_unix_nano:8101227583} status:{code:STATUS_OK message:"OK"} roles:{role_name:"Controller"}
  Request 22: role:{role_name:"Controller"} action_name:"Corrupt"
  Response 22: return_values:{str_value:"DISABLED"} exec_time:{start_unix_nano:8101525917 end_unix_nano:8101533875} status:{code:STATUS_OK message:"OK"} roles:{role_name:"Controller"}
  Request 23: role:{role_name:"Controller"} action_name:"Overlap"
  Response 23: return_values:{str_value:"DISABLED"} exec_time:{start_unix_nano:8101957583 end_unix_nano:8101968000} status:{code:STATUS_OK message:"OK"} roles:{role_name:"Controller"}
  Request 24: role:{role_name:"Controller"} action_name:"Resume"
  Response 24: return_values:{str_value:"DISABLED"} exec_time:{start_unix_nano:8102315083 end_unix_nano:8102322667} status:{code:STATUS_OK message:"OK"} roles:{role_name:"Controller"}
  Request 25: role:{role_name:"Controller"} action_name:"Overlap"
  Response 25: return_values:{str_value:"DISABLED"} exec_time:{start_unix_nano:8102547042 end_unix_nano:8102552583} status:{code:STATUS_OK message:"OK"} roles:{role_name:"Controller"}
  Request 26: role:{role_name:"Controller"} action_name:"Resume"
  Response 26: return_values:{str_value:"DISABLED"} exec_time:{start_unix_nano:8102798708 end_unix_nano:8102805042} status:{code:STATUS_OK message:"OK"} roles:{role_name:"Controller"}
  Request 27: role:{role_name:"Controller"} action_name:"Corrupt"
  Response 27: return_values:{str_value:"DISABLED"} exec_time:{start_unix_nano:8103017042 end_unix_nano:8103023208} status:{code:STATUS_OK message:"OK"} roles:{role_name:"Controller"}
  Request 28: role:{role_name:"Controller"} action_name:"Overlap"
  Response 28: return_values:{str_value:"DISABLED"} exec_time:{start_unix_nano:8103239167 end_unix_nano:8103244458} status:{code:STATUS_OK message:"OK"} roles:{role_name:"Controller"}
  Request 29: role:{role_name:"Controller"} action_name:"Overlap"
  Response 29: return_values:{str_value:"DISABLED"} exec_time:{start_unix_nano:8103464000 end_unix_nano:8103468667} status:{code:STATUS_OK message:"OK"} roles:{role_name:"Controller"}
  Request 30: role:{role_name:"Controller"} action_name:"Corrupt"
  Response 30: return_values:{str_value:"DISABLED"} exec_time:{start_unix_nano:8103700458 end_unix_nano:8103706833} status:{code:STATUS_OK message:"OK"} roles:{role_name:"Controller"}
  Request 31: role:{role_name:"Controller"} action_name:"Proof"
  Response 31: return_values:{str_value:"DISABLED"} exec_time:{start_unix_nano:8103953458 end_unix_nano:8103958833} status:{code:STATUS_OK message:"OK"} roles:{role_name:"Controller"}
  Request 32: role:{role_name:"Controller"} action_name:"Start"
  Response 32: return_values:{str_value:"DISABLED"} exec_time:{start_unix_nano:8104231458 end_unix_nano:8104237750} status:{code:STATUS_OK message:"OK"} roles:{role_name:"Controller"}
  Request 33: role:{role_name:"Controller"} action_name:"Corrupt"
  Response 33: return_values:{str_value:"DISABLED"} exec_time:{start_unix_nano:8104485167 end_unix_nano:8104490208} status:{code:STATUS_OK message:"OK"} roles:{role_name:"Controller"}
  Request 34: role:{role_name:"Controller"} action_name:"Restart"
  Response 34: return_values:{str_value:"DISABLED"} exec_time:{start_unix_nano:8104742167 end_unix_nano:8104749333} status:{code:STATUS_OK message:"OK"} roles:{role_name:"Controller"}
  Request 35: role:{role_name:"Controller"} action_name:"Review"
  Response 35: return_values:{str_value:"77|RUNNING|7|7|implementation,repair,review|1|2|2|0|1"} exec_time:{start_unix_nano:8105037125 end_unix_nano:9698480833} status:{code:STATUS_OK message:"OK"} roles:{role_name:"Controller"}
  Request 36: role:{role_name:"Controller"} action_name:"Review"
  Response 36: return_values:{str_value:"DISABLED"} exec_time:{start_unix_nano:9699419000 end_unix_nano:9699428208} status:{code:STATUS_OK message:"OK"} roles:{role_name:"Controller"}
  Request 37: role:{role_name:"Controller"} action_name:"Corrupt"
  Response 37: return_values:{str_value:"DISABLED"} exec_time:{start_unix_nano:9699855792 end_unix_nano:9699861375} status:{code:STATUS_OK message:"OK"} roles:{role_name:"Controller"}
  Request 38: role:{role_name:"Controller"} action_name:"Resume"
  Response 38: return_values:{str_value:"DISABLED"} exec_time:{start_unix_nano:9700058000 end_unix_nano:9700062375} status:{code:STATUS_OK message:"OK"} roles:{role_name:"Controller"}
  Request 39: role:{role_name:"Controller"} action_name:"Start"
  Response 39: return_values:{str_value:"DISABLED"} exec_time:{start_unix_nano:9700239250 end_unix_nano:9700243625} status:{code:STATUS_OK message:"OK"} roles:{role_name:"Controller"}
  Request 40: role:{role_name:"Controller"} action_name:"Start"
  Response 40: return_values:{str_value:"DISABLED"} exec_time:{start_unix_nano:9700460292 end_unix_nano:9700467167} status:{code:STATUS_OK message:"OK"} roles:{role_name:"Controller"}
  Request 41: role:{role_name:"Controller"} action_name:"Resume"
  Response 41: return_values:{str_value:"DISABLED"} exec_time:{start_unix_nano:9700684333 end_unix_nano:9700689375} status:{code:STATUS_OK message:"OK"} roles:{role_name:"Controller"}
  Request 42: role:{role_name:"Controller"} action_name:"Overlap"
  Response 42: return_values:{str_value:"DISABLED"} exec_time:{start_unix_nano:9700934500 end_unix_nano:9700945167} status:{code:STATUS_OK message:"OK"} roles:{role_name:"Controller"}
  Request 43: role:{role_name:"Controller"} action_name:"Start"
  Response 43: return_values:{str_value:"DISABLED"} exec_time:{start_unix_nano:9701278750 end_unix_nano:9701283167} status:{code:STATUS_OK message:"OK"} roles:{role_name:"Controller"}
  Request 44: role:{role_name:"Controller"} action_name:"Proof"
  Response 44: return_values:{str_value:"77|RUNNING|8|7|implementation,repair,review|1|2|2|0|1"} exec_time:{start_unix_nano:9701475500 end_unix_nano:10568439000} status:{code:STATUS_OK message:"OK"} roles:{role_name:"Controller"}
  Request 45: role:{role_name:"Controller"} action_name:"Review"
  Response 45: return_values:{str_value:"DISABLED"} exec_time:{start_unix_nano:10569023833 end_unix_nano:10569032875} status:{code:STATUS_OK message:"OK"} roles:{role_name:"Controller"}
  Request 46: role:{role_name:"Controller"} action_name:"Start"
  Response 46: return_values:{str_value:"DISABLED"} exec_time:{start_unix_nano:10569345583 end_unix_nano:10569352375} status:{code:STATUS_OK message:"OK"} roles:{role_name:"Controller"}
  Request 47: role:{role_name:"Controller"} action_name:"Start"
  Response 47: return_values:{str_value:"DISABLED"} exec_time:{start_unix_nano:10569575625 end_unix_nano:10569580917} status:{code:STATUS_OK message:"OK"} roles:{role_name:"Controller"}
  Request 48: role:{role_name:"Controller"} action_name:"Restart"
  Response 48: return_values:{str_value:"1|BLOCKED|8|8|implementation,proof,repair,review|1|2|2|-1|1"} exec_time:{start_unix_nano:10569785250 end_unix_nano:11822997792} status:{code:STATUS_OK message:"OK"} roles:{role_name:"Controller"}
  Request 49: role:{role_name:"Controller"} action_name:"Corrupt"
  Response 49: return_values:{str_value:"DISABLED"} exec_time:{start_unix_nano:11823655667 end_unix_nano:11823665583} status:{code:STATUS_OK message:"OK"} roles:{role_name:"Controller"}
  Request 50: role:{role_name:"Controller"} action_name:"Review"
  Response 50: return_values:{str_value:"DISABLED"} exec_time:{start_unix_nano:11824036792 end_unix_nano:11824046583} status:{code:STATUS_OK message:"OK"} roles:{role_name:"Controller"}
  Request 51: role:{role_name:"Controller"} action_name:"Corrupt"
  Response 51: return_values:{str_value:"DISABLED"} exec_time:{start_unix_nano:11824299458 end_unix_nano:11824305875} status:{code:STATUS_OK message:"OK"} roles:{role_name:"Controller"}
  Request 52: role:{role_name:"Controller"} action_name:"Review"
  Response 52: return_values:{str_value:"DISABLED"} exec_time:{start_unix_nano:11824586958 end_unix_nano:11824593625} status:{code:STATUS_OK message:"OK"} roles:{role_name:"Controller"}
  Request 53: role:{role_name:"Controller"} action_name:"Review"
  Response 53: return_values:{str_value:"DISABLED"} exec_time:{start_unix_nano:11825012375 end_unix_nano:11825022292} status:{code:STATUS_OK message:"OK"} roles:{role_name:"Controller"}
  Request 54: role:{role_name:"Controller"} action_name:"Corrupt"
  Response 54: return_values:{str_value:"DISABLED"} exec_time:{start_unix_nano:11825382792 end_unix_nano:11825391083} status:{code:STATUS_OK message:"OK"} roles:{role_name:"Controller"}
  Request 55: role:{role_name:"Controller"} action_name:"Corrupt"
  Response 55: return_values:{str_value:"DISABLED"} exec_time:{start_unix_nano:11825703375 end_unix_nano:11825712375} status:{code:STATUS_OK message:"OK"} roles:{role_name:"Controller"}
  Request 56: role:{role_name:"Controller"} action_name:"Start"
  Response 56: return_values:{str_value:"DISABLED"} exec_time:{start_unix_nano:11826033625 end_unix_nano:11826039083} status:{code:STATUS_OK message:"OK"} roles:{role_name:"Controller"}
  Request 57: role:{role_name:"Controller"} action_name:"Proof"
  Response 57: return_values:{str_value:"DISABLED"} exec_time:{start_unix_nano:11826314208 end_unix_nano:11826319292} status:{code:STATUS_OK message:"OK"} roles:{role_name:"Controller"}
  Request 58: role:{role_name:"Controller"} action_name:"Inspect"
  Response 58: return_values:{str_value:"DISABLED"} exec_time:{start_unix_nano:11826635583 end_unix_nano:11826644333} status:{code:STATUS_OK message:"OK"} roles:{role_name:"Controller"}
  Request 59: role:{role_name:"Controller"} action_name:"Inspect"
  Response 59: return_values:{str_value:"DISABLED"} exec_time:{start_unix_nano:11826925625 end_unix_nano:11826931792} status:{code:STATUS_OK message:"OK"} roles:{role_name:"Controller"}
  Request 60: role:{role_name:"Controller"} action_name:"Inspect"
  Response 60: return_values:{str_value:"DISABLED"} exec_time:{start_unix_nano:11827177250 end_unix_nano:11827190958} status:{code:STATUS_OK message:"OK"} roles:{role_name:"Controller"}
  Request 61: role:{role_name:"Controller"} action_name:"Review"
  Response 61: return_values:{str_value:"DISABLED"} exec_time:{start_unix_nano:11827445167 end_unix_nano:11827450917} status:{code:STATUS_OK message:"OK"} roles:{role_name:"Controller"}
  Request 62: role:{role_name:"Controller"} action_name:"Start"
  Response 62: return_values:{str_value:"DISABLED"} exec_time:{start_unix_nano:11827689292 end_unix_nano:11827696042} status:{code:STATUS_OK message:"OK"} roles:{role_name:"Controller"}
  Request 63: role:{role_name:"Controller"} action_name:"Resume"
  Response 63: return_values:{str_value:"1|BLOCKED|8|8|implementation,proof,repair,review|1|2|2|-1|1"} exec_time:{start_unix_nano:11827874958 end_unix_nano:12339275083} status:{code:STATUS_OK message:"OK"} roles:{role_name:"Controller"}
  Request 64: role:{role_name:"Controller"} action_name:"Proof"
  Response 64: return_values:{str_value:"DISABLED"} exec_time:{start_unix_nano:12339865333 end_unix_nano:12339873708} status:{code:STATUS_OK message:"OK"} roles:{role_name:"Controller"}
  Request 65: role:{role_name:"Controller"} action_name:"Overlap"
  Response 65: return_values:{str_value:"DISABLED"} exec_time:{start_unix_nano:12340121083 end_unix_nano:12340127083} status:{code:STATUS_OK message:"OK"} roles:{role_name:"Controller"}
  Request 66: role:{role_name:"Controller"} action_name:"Review"
  Response 66: return_values:{str_value:"DISABLED"} exec_time:{start_unix_nano:12340553958 end_unix_nano:12340560542} status:{code:STATUS_OK message:"OK"} roles:{role_name:"Controller"}
  Request 67: role:{role_name:"Controller"} action_name:"Review"
  Response 67: return_values:{str_value:"DISABLED"} exec_time:{start_unix_nano:12340795625 end_unix_nano:12340801417} status:{code:STATUS_OK message:"OK"} roles:{role_name:"Controller"}
  Request 68: role:{role_name:"Controller"} action_name:"Proof"
  Response 68: return_values:{str_value:"DISABLED"} exec_time:{start_unix_nano:12341113833 end_unix_nano:12341123667} status:{code:STATUS_OK message:"OK"} roles:{role_name:"Controller"}
  Request 69: role:{role_name:"Controller"} action_name:"Proof"
  Response 69: return_values:{str_value:"DISABLED"} exec_time:{start_unix_nano:12341383000 end_unix_nano:12341387542} status:{code:STATUS_OK message:"OK"} roles:{role_name:"Controller"}
  Request 70: role:{role_name:"Controller"} action_name:"Inspect"
  Response 70: return_values:{str_value:"DISABLED"} exec_time:{start_unix_nano:12341602208 end_unix_nano:12341609167} status:{code:STATUS_OK message:"OK"} roles:{role_name:"Controller"}
  Request 71: role:{role_name:"Controller"} action_name:"Start"
  Response 71: return_values:{str_value:"DISABLED"} exec_time:{start_unix_nano:12341794667 end_unix_nano:12341800542} status:{code:STATUS_OK message:"OK"} roles:{role_name:"Controller"}
  Request 72: role:{role_name:"Controller"} action_name:"Proof"
  Response 72: return_values:{str_value:"DISABLED"} exec_time:{start_unix_nano:12342015375 end_unix_nano:12342019708} status:{code:STATUS_OK message:"OK"} roles:{role_name:"Controller"}
  Request 73: role:{role_name:"Controller"} action_name:"Overlap"
  Response 73: return_values:{str_value:"DISABLED"} exec_time:{start_unix_nano:12342328167 end_unix_nano:12342334458} status:{code:STATUS_OK message:"OK"} roles:{role_name:"Controller"}
  Request 74: role:{role_name:"Controller"} action_name:"Overlap"
  Response 74: return_values:{str_value:"DISABLED"} exec_time:{start_unix_nano:12342564958 end_unix_nano:12342569208} status:{code:STATUS_OK message:"OK"} roles:{role_name:"Controller"}
  Request 75: role:{role_name:"Controller"} action_name:"Resume"
  Response 75: return_values:{str_value:"1|BLOCKED|8|8|implementation,proof,repair,review|1|2|2|-1|1"} exec_time:{start_unix_nano:12342742625 end_unix_nano:12808223750} status:{code:STATUS_OK message:"OK"} roles:{role_name:"Controller"}
  Request 76: role:{role_name:"Controller"} action_name:"Proof"
  Response 76: return_values:{str_value:"DISABLED"} exec_time:{start_unix_nano:12808934833 end_unix_nano:12808945458} status:{code:STATUS_OK message:"OK"} roles:{role_name:"Controller"}
  Request 77: role:{role_name:"Controller"} action_name:"Start"
  Response 77: return_values:{str_value:"DISABLED"} exec_time:{start_unix_nano:12809162500 end_unix_nano:12809167958} status:{code:STATUS_OK message:"OK"} roles:{role_name:"Controller"}
  Request 78: role:{role_name:"Controller"} action_name:"Overlap"
  Response 78: return_values:{str_value:"DISABLED"} exec_time:{start_unix_nano:12809386750 end_unix_nano:12809394042} status:{code:STATUS_OK message:"OK"} roles:{role_name:"Controller"}
  Request 79: role:{role_name:"Controller"} action_name:"Start"
  Response 79: return_values:{str_value:"DISABLED"} exec_time:{start_unix_nano:12809675542 end_unix_nano:12809681708} status:{code:STATUS_OK message:"OK"} roles:{role_name:"Controller"}
  Request 80: role:{role_name:"Controller"} action_name:"Corrupt"
  Response 80: return_values:{str_value:"DISABLED"} exec_time:{start_unix_nano:12809891333 end_unix_nano:12809901583} status:{code:STATUS_OK message:"OK"} roles:{role_name:"Controller"}
  Request 81: role:{role_name:"Controller"} action_name:"Corrupt"
  Response 81: return_values:{str_value:"DISABLED"} exec_time:{start_unix_nano:12810075833 end_unix_nano:12810081458} status:{code:STATUS_OK message:"OK"} roles:{role_name:"Controller"}
  Request 82: role:{role_name:"Controller"} action_name:"Inspect"
  Response 82: return_values:{str_value:"DISABLED"} exec_time:{start_unix_nano:12810236167 end_unix_nano:12810244167} status:{code:STATUS_OK message:"OK"} roles:{role_name:"Controller"}
  Request 83: role:{role_name:"Controller"} action_name:"Inspect"
  Response 83: return_values:{str_value:"DISABLED"} exec_time:{start_unix_nano:12810429458 end_unix_nano:12810433917} status:{code:STATUS_OK message:"OK"} roles:{role_name:"Controller"}
  Request 84: role:{role_name:"Controller"} action_name:"Start"
  Response 84: return_values:{str_value:"DISABLED"} exec_time:{start_unix_nano:12810610292 end_unix_nano:12810613792} status:{code:STATUS_OK message:"OK"} roles:{role_name:"Controller"}
  Request 85: role:{role_name:"Controller"} action_name:"Review"
  Response 85: return_values:{str_value:"DISABLED"} exec_time:{start_unix_nano:12810843417 end_unix_nano:12810852167} status:{code:STATUS_OK message:"OK"} roles:{role_name:"Controller"}
  Request 86: role:{role_name:"Controller"} action_name:"Resume"
  Response 86: return_values:{str_value:"DISABLED"} exec_time:{start_unix_nano:12811146875 end_unix_nano:12811153917} status:{code:STATUS_OK message:"OK"} roles:{role_name:"Controller"}
  Request 87: role:{role_name:"Controller"} action_name:"Inspect"
  Response 87: return_values:{str_value:"DISABLED"} exec_time:{start_unix_nano:12811378375 end_unix_nano:12811383083} status:{code:STATUS_OK message:"OK"} roles:{role_name:"Controller"}
  Request 88: role:{role_name:"Controller"} action_name:"Proof"
  Response 88: return_values:{str_value:"DISABLED"} exec_time:{start_unix_nano:12811725625 end_unix_nano:12811731750} status:{code:STATUS_OK message:"OK"} roles:{role_name:"Controller"}
  Request 89: role:{role_name:"Controller"} action_name:"Restart"
  Response 89: return_values:{str_value:"DISABLED"} exec_time:{start_unix_nano:12811907500 end_unix_nano:12811911500} status:{code:STATUS_OK message:"OK"} roles:{role_name:"Controller"}
  Request 90: role:{role_name:"Controller"} action_name:"Resume"
  Response 90: return_values:{str_value:"DISABLED"} exec_time:{start_unix_nano:12812074958 end_unix_nano:12812079417} status:{code:STATUS_OK message:"OK"} roles:{role_name:"Controller"}
  Request 91: role:{role_name:"Controller"} action_name:"Overlap"
  Response 91: return_values:{str_value:"DISABLED"} exec_time:{start_unix_nano:12812239083 end_unix_nano:12812246458} status:{code:STATUS_OK message:"OK"} roles:{role_name:"Controller"}
  Request 92: role:{role_name:"Controller"} action_name:"Overlap"
  Response 92: return_values:{str_value:"DISABLED"} exec_time:{start_unix_nano:12812397667 end_unix_nano:12812400958} status:{code:STATUS_OK message:"OK"} roles:{role_name:"Controller"}
  Request 93: role:{role_name:"Controller"} action_name:"Resume"
  Response 93: return_values:{str_value:"DISABLED"} exec_time:{start_unix_nano:12812539750 end_unix_nano:12812544417} status:{code:STATUS_OK message:"OK"} roles:{role_name:"Controller"}
  Request 94: role:{role_name:"Controller"} action_name:"Overlap"
  Response 94: return_values:{str_value:"DISABLED"} exec_time:{start_unix_nano:12812719917 end_unix_nano:12812725000} status:{code:STATUS_OK message:"OK"} roles:{role_name:"Controller"}
  Request 95: role:{role_name:"Controller"} action_name:"Resume"
  Response 95: return_values:{str_value:"DISABLED"} exec_time:{start_unix_nano:12812939708 end_unix_nano:12812946708} status:{code:STATUS_OK message:"OK"} roles:{role_name:"Controller"}
  Request 96: role:{role_name:"Controller"} action_name:"Corrupt"
  Response 96: return_values:{str_value:"DISABLED"} exec_time:{start_unix_nano:12813154042 end_unix_nano:12813157792} status:{code:STATUS_OK message:"OK"} roles:{role_name:"Controller"}
  Request 97: role:{role_name:"Controller"} action_name:"Inspect"
  Response 97: return_values:{str_value:"DISABLED"} exec_time:{start_unix_nano:12813325167 end_unix_nano:12813329458} status:{code:STATUS_OK message:"OK"} roles:{role_name:"Controller"}
  Request 98: role:{role_name:"Controller"} action_name:"Start"
  Response 98: return_values:{str_value:"DISABLED"} exec_time:{start_unix_nano:12813505792 end_unix_nano:12813509250} status:{code:STATUS_OK message:"OK"} roles:{role_name:"Controller"}
  Request 99: role:{role_name:"Controller"} action_name:"Corrupt"
  Response 99: return_values:{str_value:"DISABLED"} exec_time:{start_unix_nano:12813671333 end_unix_nano:12813676875} status:{code:STATUS_OK message:"OK"} roles:{role_name:"Controller"}
  Request 100: role:{role_name:"Controller"} action_name:"Start"
  Response 100: return_values:{str_value:"DISABLED"} exec_time:{start_unix_nano:12813974167 end_unix_nano:12813977833} status:{code:STATUS_OK message:"OK"} roles:{role_name:"Controller"}
  Request 101: role:{role_name:"Controller"} action_name:"Review"
  Response 101: return_values:{str_value:"DISABLED"} exec_time:{start_unix_nano:12814196917 end_unix_nano:12814200958} status:{code:STATUS_OK message:"OK"} roles:{role_name:"Controller"}
  Request 102: role:{role_name:"Controller"} action_name:"Review"
  Response 102: return_values:{str_value:"DISABLED"} exec_time:{start_unix_nano:12814417625 end_unix_nano:12814422042} status:{code:STATUS_OK message:"OK"} roles:{role_name:"Controller"}
  Request 103: role:{role_name:"Controller"} action_name:"Inspect"
  Response 103: return_values:{str_value:"DISABLED"} exec_time:{start_unix_nano:12814627583 end_unix_nano:12814633667} status:{code:STATUS_OK message:"OK"} roles:{role_name:"Controller"}
  Request 104: role:{role_name:"Controller"} action_name:"Resume"
  Response 104: return_values:{str_value:"DISABLED"} exec_time:{start_unix_nano:12814801042 end_unix_nano:12814804917} status:{code:STATUS_OK message:"OK"} roles:{role_name:"Controller"}
  Request 105: role:{role_name:"Controller"} action_name:"Inspect"
  Response 105: return_values:{str_value:"DISABLED"} exec_time:{start_unix_nano:12814999458 end_unix_nano:12815007542} status:{code:STATUS_OK message:"OK"} roles:{role_name:"Controller"}
  Request 106: role:{role_name:"Controller"} action_name:"Inspect"
  Response 106: return_values:{str_value:"DISABLED"} exec_time:{start_unix_nano:12815201958 end_unix_nano:12815206500} status:{code:STATUS_OK message:"OK"} roles:{role_name:"Controller"}
  Request 107: role:{role_name:"Controller"} action_name:"Inspect"
  Response 107: return_values:{str_value:"DISABLED"} exec_time:{start_unix_nano:12815376833 end_unix_nano:12815381500} status:{code:STATUS_OK message:"OK"} roles:{role_name:"Controller"}
  Request 108: role:{role_name:"Controller"} action_name:"Review"
  Response 108: return_values:{str_value:"DISABLED"} exec_time:{start_unix_nano:12815561792 end_unix_nano:12815566292} status:{code:STATUS_OK message:"OK"} roles:{role_name:"Controller"}
  Request 109: role:{role_name:"Controller"} action_name:"Corrupt"
  Response 109: return_values:{str_value:"DISABLED"} exec_time:{start_unix_nano:12815744167 end_unix_nano:12815752625} status:{code:STATUS_OK message:"OK"} roles:{role_name:"Controller"}
  Request 110: role:{role_name:"Controller"} action_name:"Start"
  Response 110: return_values:{str_value:"DISABLED"} exec_time:{start_unix_nano:12815909750 end_unix_nano:12815913167} status:{code:STATUS_OK message:"OK"} roles:{role_name:"Controller"}
  Request 111: role:{role_name:"Controller"} action_name:"Review"
  Response 111: return_values:{str_value:"DISABLED"} exec_time:{start_unix_nano:12816075042 end_unix_nano:12816078125} status:{code:STATUS_OK message:"OK"} roles:{role_name:"Controller"}
  Request 112: role:{role_name:"Controller"} action_name:"Inspect"
  Response 112: return_values:{str_value:"DISABLED"} exec_time:{start_unix_nano:12816391417 end_unix_nano:12816397833} status:{code:STATUS_OK message:"OK"} roles:{role_name:"Controller"}
  Request 113: role:{role_name:"Controller"} action_name:"Review"
  Response 113: return_values:{str_value:"DISABLED"} exec_time:{start_unix_nano:12816558375 end_unix_nano:12816561542} status:{code:STATUS_OK message:"OK"} roles:{role_name:"Controller"}
  Request 114: role:{role_name:"Controller"} action_name:"Start"
  Response 114: return_values:{str_value:"DISABLED"} exec_time:{start_unix_nano:12816726542 end_unix_nano:12816730250} status:{code:STATUS_OK message:"OK"} roles:{role_name:"Controller"}
  Request 115: role:{role_name:"Controller"} action_name:"Inspect"
  Response 115: return_values:{str_value:"DISABLED"} exec_time:{start_unix_nano:12816871333 end_unix_nano:12816875125} status:{code:STATUS_OK message:"OK"} roles:{role_name:"Controller"}
  Request 116: role:{role_name:"Controller"} action_name:"Review"
  Response 116: return_values:{str_value:"DISABLED"} exec_time:{start_unix_nano:12817046375 end_unix_nano:12817049542} status:{code:STATUS_OK message:"OK"} roles:{role_name:"Controller"}
  Request 117: role:{role_name:"Controller"} action_name:"Start"
  Response 117: return_values:{str_value:"DISABLED"} exec_time:{start_unix_nano:12817197958 end_unix_nano:12817201417} status:{code:STATUS_OK message:"OK"} roles:{role_name:"Controller"}
  Request 118: role:{role_name:"Controller"} action_name:"Proof"
  Response 118: return_values:{str_value:"DISABLED"} exec_time:{start_unix_nano:12817345083 end_unix_nano:12817351625} status:{code:STATUS_OK message:"OK"} roles:{role_name:"Controller"}
  Request 119: role:{role_name:"Controller"} action_name:"Corrupt"
  Response 119: return_values:{str_value:"DISABLED"} exec_time:{start_unix_nano:12817509042 end_unix_nano:12817512417} status:{code:STATUS_OK message:"OK"} roles:{role_name:"Controller"}
  Request 120: role:{role_name:"Controller"} action_name:"Inspect"
  Response 120: return_values:{str_value:"DISABLED"} exec_time:{start_unix_nano:12817654667 end_unix_nano:12817657958} status:{code:STATUS_OK message:"OK"} roles:{role_name:"Controller"}
  Request 121: role:{role_name:"Controller"} action_name:"Review"
  Response 121: return_values:{str_value:"DISABLED"} exec_time:{start_unix_nano:12817812958 end_unix_nano:12817816250} status:{code:STATUS_OK message:"OK"} roles:{role_name:"Controller"}
  Request 122: role:{role_name:"Controller"} action_name:"Resume"
  Response 122: return_values:{str_value:"DISABLED"} exec_time:{start_unix_nano:12817974708 end_unix_nano:12817979750} status:{code:STATUS_OK message:"OK"} roles:{role_name:"Controller"}
  Request 123: role:{role_name:"Controller"} action_name:"Corrupt"
  Response 123: return_values:{str_value:"DISABLED"} exec_time:{start_unix_nano:12818134500 end_unix_nano:12818137917} status:{code:STATUS_OK message:"OK"} roles:{role_name:"Controller"}
  Request 124: role:{role_name:"Controller"} action_name:"Start"
  Response 124: return_values:{str_value:"DISABLED"} exec_time:{start_unix_nano:12818435333 end_unix_nano:12818438833} status:{code:STATUS_OK message:"OK"} roles:{role_name:"Controller"}
  Request 125: role:{role_name:"Controller"} action_name:"Proof"
  Response 125: return_values:{str_value:"DISABLED"} exec_time:{start_unix_nano:12818588708 end_unix_nano:12818592167} status:{code:STATUS_OK message:"OK"} roles:{role_name:"Controller"}
  Request 126: role:{role_name:"Controller"} action_name:"Review"
  Response 126: return_values:{str_value:"DISABLED"} exec_time:{start_unix_nano:12818759042 end_unix_nano:12818762583} status:{code:STATUS_OK message:"OK"} roles:{role_name:"Controller"}
  Request 127: role:{role_name:"Controller"} action_name:"Restart"
  Response 127: return_values:{str_value:"DISABLED"} exec_time:{start_unix_nano:12818967000 end_unix_nano:12818972292} status:{code:STATUS_OK message:"OK"} roles:{role_name:"Controller"}
  Request 128: role:{role_name:"Controller"} action_name:"Resume"
  Response 128: return_values:{str_value:"DISABLED"} exec_time:{start_unix_nano:12819192542 end_unix_nano:12819198167} status:{code:STATUS_OK message:"OK"} roles:{role_name:"Controller"}
  Request 129: role:{role_name:"Controller"} action_name:"Review"
  Response 129: return_values:{str_value:"DISABLED"} exec_time:{start_unix_nano:12819412958 end_unix_nano:12819416667} status:{code:STATUS_OK message:"OK"} roles:{role_name:"Controller"}
  Request 130: role:{role_name:"Controller"} action_name:"Restart"
  Response 130: return_values:{str_value:"DISABLED"} exec_time:{start_unix_nano:12819594958 end_unix_nano:12819599917} status:{code:STATUS_OK message:"OK"} roles:{role_name:"Controller"}
  Request 131: role:{role_name:"Controller"} action_name:"Inspect"
  Response 131: return_values:{str_value:"DISABLED"} exec_time:{start_unix_nano:12819795167 end_unix_nano:12819799375} status:{code:STATUS_OK message:"OK"} roles:{role_name:"Controller"}
  Request 132: role:{role_name:"Controller"} action_name:"Resume"
  Response 132: return_values:{str_value:"DISABLED"} exec_time:{start_unix_nano:12819989708 end_unix_nano:12819992917} status:{code:STATUS_OK message:"OK"} roles:{role_name:"Controller"}
  Request 133: role:{role_name:"Controller"} action_name:"Restart"
  Response 133: return_values:{str_value:"DISABLED"} exec_time:{start_unix_nano:12820261417 end_unix_nano:12820269000} status:{code:STATUS_OK message:"OK"} roles:{role_name:"Controller"}
  Request 134: role:{role_name:"Controller"} action_name:"Review"
  Response 134: return_values:{str_value:"DISABLED"} exec_time:{start_unix_nano:12820509125 end_unix_nano:12820514375} status:{code:STATUS_OK message:"OK"} roles:{role_name:"Controller"}
  Request 135: role:{role_name:"Controller"} action_name:"Overlap"
  Response 135: return_values:{str_value:"DISABLED"} exec_time:{start_unix_nano:12820700875 end_unix_nano:12820705833} status:{code:STATUS_OK message:"OK"} roles:{role_name:"Controller"}
  Request 136: role:{role_name:"Controller"} action_name:"Restart"
  Response 136: return_values:{str_value:"DISABLED"} exec_time:{start_unix_nano:12820889917 end_unix_nano:12820896125} status:{code:STATUS_OK message:"OK"} roles:{role_name:"Controller"}
  Request 137: role:{role_name:"Controller"} action_name:"Restart"
  Response 137: return_values:{str_value:"DISABLED"} exec_time:{start_unix_nano:12821046917 end_unix_nano:12821050667} status:{code:STATUS_OK message:"OK"} roles:{role_name:"Controller"}
  Request 138: role:{role_name:"Controller"} action_name:"Restart"
  Response 138: return_values:{str_value:"DISABLED"} exec_time:{start_unix_nano:12821210750 end_unix_nano:12821214500} status:{code:STATUS_OK message:"OK"} roles:{role_name:"Controller"}
  Request 139: role:{role_name:"Controller"} action_name:"Start"
  Response 139: return_values:{str_value:"DISABLED"} exec_time:{start_unix_nano:12821396333 end_unix_nano:12821399458} status:{code:STATUS_OK message:"OK"} roles:{role_name:"Controller"}
  Request 140: role:{role_name:"Controller"} action_name:"Proof"
  Response 140: return_values:{str_value:"DISABLED"} exec_time:{start_unix_nano:12821562708 end_unix_nano:12821567458} status:{code:STATUS_OK message:"OK"} roles:{role_name:"Controller"}
  Request 141: role:{role_name:"Controller"} action_name:"Resume"
  Response 141: return_values:{str_value:"DISABLED"} exec_time:{start_unix_nano:12821728250 end_unix_nano:12821731833} status:{code:STATUS_OK message:"OK"} roles:{role_name:"Controller"}
  Request 142: role:{role_name:"Controller"} action_name:"Review"
  Response 142: return_values:{str_value:"DISABLED"} exec_time:{start_unix_nano:12821874667 end_unix_nano:12821878292} status:{code:STATUS_OK message:"OK"} roles:{role_name:"Controller"}
  Request 143: role:{role_name:"Controller"} action_name:"Review"
  Response 143: return_values:{str_value:"DISABLED"} exec_time:{start_unix_nano:12822044417 end_unix_nano:12822047833} status:{code:STATUS_OK message:"OK"} roles:{role_name:"Controller"}
  Request 144: role:{role_name:"Controller"} action_name:"Corrupt"
  Response 144: return_values:{str_value:"DISABLED"} exec_time:{start_unix_nano:12822219292 end_unix_nano:12822222708} status:{code:STATUS_OK message:"OK"} roles:{role_name:"Controller"}
  Request 145: role:{role_name:"Controller"} action_name:"Proof"
  Response 145: return_values:{str_value:"DISABLED"} exec_time:{start_unix_nano:12822415958 end_unix_nano:12822420667} status:{code:STATUS_OK message:"OK"} roles:{role_name:"Controller"}
  Request 146: role:{role_name:"Controller"} action_name:"Restart"
  Response 146: return_values:{str_value:"DISABLED"} exec_time:{start_unix_nano:12822566875 end_unix_nano:12822571083} status:{code:STATUS_OK message:"OK"} roles:{role_name:"Controller"}
  Request 147: role:{role_name:"Controller"} action_name:"Inspect"
  Response 147: return_values:{str_value:"DISABLED"} exec_time:{start_unix_nano:12822761833 end_unix_nano:12822765417} status:{code:STATUS_OK message:"OK"} roles:{role_name:"Controller"}
  Request 148: role:{role_name:"Controller"} action_name:"Proof"
  Response 148: return_values:{str_value:"DISABLED"} exec_time:{start_unix_nano:12822924250 end_unix_nano:12822927125} status:{code:STATUS_OK message:"OK"} roles:{role_name:"Controller"}
  Request 149: role:{role_name:"Controller"} action_name:"Restart"
  Response 149: return_values:{str_value:"DISABLED"} exec_time:{start_unix_nano:12823082208 end_unix_nano:12823086625} status:{code:STATUS_OK message:"OK"} roles:{role_name:"Controller"}
  Request 150: role:{role_name:"Controller"} action_name:"Review"
  Response 150: return_values:{str_value:"DISABLED"} exec_time:{start_unix_nano:12823417417 end_unix_nano:12823422250} status:{code:STATUS_OK message:"OK"} roles:{role_name:"Controller"}
  Request 151: role:{role_name:"Controller"} action_name:"Review"
  Response 151: return_values:{str_value:"DISABLED"} exec_time:{start_unix_nano:12823591500 end_unix_nano:12823594792} status:{code:STATUS_OK message:"OK"} roles:{role_name:"Controller"}
  Request 152: role:{role_name:"Controller"} action_name:"Review"
  Response 152: return_values:{str_value:"DISABLED"} exec_time:{start_unix_nano:12823736292 end_unix_nano:12823739208} status:{code:STATUS_OK message:"OK"} roles:{role_name:"Controller"}
  Request 153: role:{role_name:"Controller"} action_name:"Restart"
  Response 153: return_values:{str_value:"DISABLED"} exec_time:{start_unix_nano:12823882792 end_unix_nano:12823886708} status:{code:STATUS_OK message:"OK"} roles:{role_name:"Controller"}
  Request 154: role:{role_name:"Controller"} action_name:"Resume"
  Response 154: return_values:{str_value:"DISABLED"} exec_time:{start_unix_nano:12824039625 end_unix_nano:12824042583} status:{code:STATUS_OK message:"OK"} roles:{role_name:"Controller"}
  Request 155: role:{role_name:"Controller"} action_name:"Inspect"
  Response 155: return_values:{str_value:"DISABLED"} exec_time:{start_unix_nano:12824199708 end_unix_nano:12824205042} status:{code:STATUS_OK message:"OK"} roles:{role_name:"Controller"}
  Request 156: role:{role_name:"Controller"} action_name:"Restart"
  Response 156: return_values:{str_value:"DISABLED"} exec_time:{start_unix_nano:12824388167 end_unix_nano:12824394875} status:{code:STATUS_OK message:"OK"} roles:{role_name:"Controller"}
  Request 157: role:{role_name:"Controller"} action_name:"Proof"
  Response 157: return_values:{str_value:"DISABLED"} exec_time:{start_unix_nano:12824543708 end_unix_nano:12824546917} status:{code:STATUS_OK message:"OK"} roles:{role_name:"Controller"}
  Request 158: role:{role_name:"Controller"} action_name:"Resume"
  Response 158: return_values:{str_value:"DISABLED"} exec_time:{start_unix_nano:12824696833 end_unix_nano:12824701250} status:{code:STATUS_OK message:"OK"} roles:{role_name:"Controller"}
  Request 159: role:{role_name:"Controller"} action_name:"Inspect"
  Response 159: return_values:{str_value:"DISABLED"} exec_time:{start_unix_nano:12824845333 end_unix_nano:12824848708} status:{code:STATUS_OK message:"OK"} roles:{role_name:"Controller"}
  Request 160: role:{role_name:"Controller"} action_name:"Proof"
  Response 160: return_values:{str_value:"DISABLED"} exec_time:{start_unix_nano:12824981083 end_unix_nano:12824983792} status:{code:STATUS_OK message:"OK"} roles:{role_name:"Controller"}
  Request 161: role:{role_name:"Controller"} action_name:"Proof"
  Response 161: return_values:{str_value:"DISABLED"} exec_time:{start_unix_nano:12825120292 end_unix_nano:12825123208} status:{code:STATUS_OK message:"OK"} roles:{role_name:"Controller"}
  Request 162: role:{role_name:"Controller"} action_name:"Restart"
  Response 162: return_values:{str_value:"DISABLED"} exec_time:{start_unix_nano:12825274042 end_unix_nano:12825279250} status:{code:STATUS_OK message:"OK"} roles:{role_name:"Controller"}
  Request 163: role:{role_name:"Controller"} action_name:"Start"
  Response 163: return_values:{str_value:"DISABLED"} exec_time:{start_unix_nano:12825435625 end_unix_nano:12825440958} status:{code:STATUS_OK message:"OK"} roles:{role_name:"Controller"}
  Request 164: role:{role_name:"Controller"} action_name:"Restart"
  Response 164: return_values:{str_value:"DISABLED"} exec_time:{start_unix_nano:12825651208 end_unix_nano:12825655542} status:{code:STATUS_OK message:"OK"} roles:{role_name:"Controller"}
  Request 165: role:{role_name:"Controller"} action_name:"Overlap"
  Response 165: return_values:{str_value:"DISABLED"} exec_time:{start_unix_nano:12825861375 end_unix_nano:12825866833} status:{code:STATUS_OK message:"OK"} roles:{role_name:"Controller"}
  Request 166: role:{role_name:"Controller"} action_name:"Resume"
  Response 166: return_values:{str_value:"DISABLED"} exec_time:{start_unix_nano:12826125667 end_unix_nano:12826132750} status:{code:STATUS_OK message:"OK"} roles:{role_name:"Controller"}
  Request 167: role:{role_name:"Controller"} action_name:"Restart"
  Response 167: return_values:{str_value:"DISABLED"} exec_time:{start_unix_nano:12826393125 end_unix_nano:12826397375} status:{code:STATUS_OK message:"OK"} roles:{role_name:"Controller"}
  Request 168: role:{role_name:"Controller"} action_name:"Start"
  Response 168: return_values:{str_value:"DISABLED"} exec_time:{start_unix_nano:12826648625 end_unix_nano:12826654708} status:{code:STATUS_OK message:"OK"} roles:{role_name:"Controller"}
  Request 169: role:{role_name:"Controller"} action_name:"Proof"
  Response 169: return_values:{str_value:"DISABLED"} exec_time:{start_unix_nano:12826879458 end_unix_nano:12826887125} status:{code:STATUS_OK message:"OK"} roles:{role_name:"Controller"}
  Request 170: role:{role_name:"Controller"} action_name:"Start"
  Response 170: return_values:{str_value:"DISABLED"} exec_time:{start_unix_nano:12827094958 end_unix_nano:12827104333} status:{code:STATUS_OK message:"OK"} roles:{role_name:"Controller"}
  Request 171: role:{role_name:"Controller"} action_name:"Corrupt"
  Response 171: return_values:{str_value:"DISABLED"} exec_time:{start_unix_nano:12827313208 end_unix_nano:12827317208} status:{code:STATUS_OK message:"OK"} roles:{role_name:"Controller"}
  Request 172: role:{role_name:"Controller"} action_name:"Review"
  Response 172: return_values:{str_value:"DISABLED"} exec_time:{start_unix_nano:12827503875 end_unix_nano:12827507125} status:{code:STATUS_OK message:"OK"} roles:{role_name:"Controller"}
  Request 173: role:{role_name:"Controller"} action_name:"Proof"
  Response 173: return_values:{str_value:"DISABLED"} exec_time:{start_unix_nano:12827664875 end_unix_nano:12827668250} status:{code:STATUS_OK message:"OK"} roles:{role_name:"Controller"}
  Request 174: role:{role_name:"Controller"} action_name:"Review"
  Response 174: return_values:{str_value:"DISABLED"} exec_time:{start_unix_nano:12828022083 end_unix_nano:12828025292} status:{code:STATUS_OK message:"OK"} roles:{role_name:"Controller"}
  Request 175: role:{role_name:"Controller"} action_name:"Inspect"
  Response 175: return_values:{str_value:"DISABLED"} exec_time:{start_unix_nano:12828182542 end_unix_nano:12828185750} status:{code:STATUS_OK message:"OK"} roles:{role_name:"Controller"}
  Request 176: role:{role_name:"Controller"} action_name:"Inspect"
  Response 176: return_values:{str_value:"DISABLED"} exec_time:{start_unix_nano:12828336375 end_unix_nano:12828339875} status:{code:STATUS_OK message:"OK"} roles:{role_name:"Controller"}
  Request 177: role:{role_name:"Controller"} action_name:"Restart"
  Response 177: return_values:{str_value:"DISABLED"} exec_time:{start_unix_nano:12828521208 end_unix_nano:12828525125} status:{code:STATUS_OK message:"OK"} roles:{role_name:"Controller"}
  Request 178: role:{role_name:"Controller"} action_name:"Restart"
  Response 178: return_values:{str_value:"DISABLED"} exec_time:{start_unix_nano:12828673500 end_unix_nano:12828676958} status:{code:STATUS_OK message:"OK"} roles:{role_name:"Controller"}
  Request 179: role:{role_name:"Controller"} action_name:"Corrupt"
  Response 179: return_values:{str_value:"DISABLED"} exec_time:{start_unix_nano:12828835500 end_unix_nano:12828838500} status:{code:STATUS_OK message:"OK"} roles:{role_name:"Controller"}
  Request 180: role:{role_name:"Controller"} action_name:"Proof"
  Response 180: return_values:{str_value:"DISABLED"} exec_time:{start_unix_nano:12828968958 end_unix_nano:12828974917} status:{code:STATUS_OK message:"OK"} roles:{role_name:"Controller"}
  Request 181: role:{role_name:"Controller"} action_name:"Resume"
  Response 181: return_values:{str_value:"DISABLED"} exec_time:{start_unix_nano:12829107542 end_unix_nano:12829110833} status:{code:STATUS_OK message:"OK"} roles:{role_name:"Controller"}
  Request 182: role:{role_name:"Controller"} action_name:"Proof"
  Response 182: return_values:{str_value:"DISABLED"} exec_time:{start_unix_nano:12829272458 end_unix_nano:12829275500} status:{code:STATUS_OK message:"OK"} roles:{role_name:"Controller"}
  Request 183: role:{role_name:"Controller"} action_name:"Start"
  Response 183: return_values:{str_value:"DISABLED"} exec_time:{start_unix_nano:12829452208 end_unix_nano:12829457625} status:{code:STATUS_OK message:"OK"} roles:{role_name:"Controller"}
  Request 184: role:{role_name:"Controller"} action_name:"Resume"
  Response 184: return_values:{str_value:"DISABLED"} exec_time:{start_unix_nano:12829630458 end_unix_nano:12829633750} status:{code:STATUS_OK message:"OK"} roles:{role_name:"Controller"}
  Request 185: role:{role_name:"Controller"} action_name:"Start"
  Response 185: return_values:{str_value:"DISABLED"} exec_time:{start_unix_nano:12829869833 end_unix_nano:12829876750} status:{code:STATUS_OK message:"OK"} roles:{role_name:"Controller"}
  Request 186: role:{role_name:"Controller"} action_name:"Inspect"
  Response 186: return_values:{str_value:"DISABLED"} exec_time:{start_unix_nano:12830108167 end_unix_nano:12830112083} status:{code:STATUS_OK message:"OK"} roles:{role_name:"Controller"}
  Request 187: role:{role_name:"Controller"} action_name:"Inspect"
  Response 187: return_values:{str_value:"DISABLED"} exec_time:{start_unix_nano:12830338958 end_unix_nano:12830363208} status:{code:STATUS_OK message:"OK"} roles:{role_name:"Controller"}
  Request 188: role:{role_name:"Controller"} action_name:"Inspect"
  Response 188: return_values:{str_value:"DISABLED"} exec_time:{start_unix_nano:12830625792 end_unix_nano:12830628958} status:{code:STATUS_OK message:"OK"} roles:{role_name:"Controller"}
  Request 189: role:{role_name:"Controller"} action_name:"Overlap"
  Response 189: return_values:{str_value:"DISABLED"} exec_time:{start_unix_nano:12830786583 end_unix_nano:12830790000} status:{code:STATUS_OK message:"OK"} roles:{role_name:"Controller"}
  Request 190: role:{role_name:"Controller"} action_name:"Proof"
  Response 190: return_values:{str_value:"DISABLED"} exec_time:{start_unix_nano:12830926875 end_unix_nano:12830929708} status:{code:STATUS_OK message:"OK"} roles:{role_name:"Controller"}
  Request 191: role:{role_name:"Controller"} action_name:"Inspect"
  Response 191: return_values:{str_value:"DISABLED"} exec_time:{start_unix_nano:12831068083 end_unix_nano:12831070958} status:{code:STATUS_OK message:"OK"} roles:{role_name:"Controller"}
  Request 192: role:{role_name:"Controller"} action_name:"Resume"
  Response 192: return_values:{str_value:"DISABLED"} exec_time:{start_unix_nano:12831196292 end_unix_nano:12831199167} status:{code:STATUS_OK message:"OK"} roles:{role_name:"Controller"}
  Request 193: role:{role_name:"Controller"} action_name:"Corrupt"
  Response 193: return_values:{str_value:"DISABLED"} exec_time:{start_unix_nano:12831342417 end_unix_nano:12831345875} status:{code:STATUS_OK message:"OK"} roles:{role_name:"Controller"}
  Request 194: role:{role_name:"Controller"} action_name:"Restart"
  Response 194: return_values:{str_value:"DISABLED"} exec_time:{start_unix_nano:12831505333 end_unix_nano:12831508625} status:{code:STATUS_OK message:"OK"} roles:{role_name:"Controller"}
  Request 195: role:{role_name:"Controller"} action_name:"Review"
  Response 195: return_values:{str_value:"DISABLED"} exec_time:{start_unix_nano:12831677792 end_unix_nano:12831680833} status:{code:STATUS_OK message:"OK"} roles:{role_name:"Controller"}
  Request 196: role:{role_name:"Controller"} action_name:"Start"
  Response 196: return_values:{str_value:"DISABLED"} exec_time:{start_unix_nano:12831865333 end_unix_nano:12831869625} status:{code:STATUS_OK message:"OK"} roles:{role_name:"Controller"}
  Request 197: role:{role_name:"Controller"} action_name:"Proof"
  Response 197: return_values:{str_value:"DISABLED"} exec_time:{start_unix_nano:12832016542 end_unix_nano:12832019500} status:{code:STATUS_OK message:"OK"} roles:{role_name:"Controller"}
  Request 198: role:{role_name:"Controller"} action_name:"Resume"
  Response 198: return_values:{str_value:"DISABLED"} exec_time:{start_unix_nano:12832189500 end_unix_nano:12832192458} status:{code:STATUS_OK message:"OK"} roles:{role_name:"Controller"}
  Request 199: role:{role_name:"Controller"} action_name:"Review"
  Response 199: return_values:{str_value:"DISABLED"} exec_time:{start_unix_nano:12832484208 end_unix_nano:12832487500} status:{code:STATUS_OK message:"OK"} roles:{role_name:"Controller"}
  Request 200: role:{role_name:"Controller"} action_name:"Corrupt"
  Response 200: return_values:{str_value:"DISABLED"} exec_time:{start_unix_nano:12832634042 end_unix_nano:12832638833} status:{code:STATUS_OK message:"OK"} roles:{role_name:"Controller"}
  Request 201: role:{role_name:"Controller"} action_name:"Inspect"
  Response 201: return_values:{str_value:"DISABLED"} exec_time:{start_unix_nano:12832791583 end_unix_nano:12832794750} status:{code:STATUS_OK message:"OK"} roles:{role_name:"Controller"}
  Request 202: role:{role_name:"Controller"} action_name:"Overlap"
  Response 202: return_values:{str_value:"DISABLED"} exec_time:{start_unix_nano:12832952792 end_unix_nano:12832957000} status:{code:STATUS_OK message:"OK"} roles:{role_name:"Controller"}
  Request 203: role:{role_name:"Controller"} action_name:"Review"
  Response 203: return_values:{str_value:"DISABLED"} exec_time:{start_unix_nano:12833094875 end_unix_nano:12833097583} status:{code:STATUS_OK message:"OK"} roles:{role_name:"Controller"}
  Request 204: role:{role_name:"Controller"} action_name:"Restart"
  Response 204: return_values:{str_value:"DISABLED"} exec_time:{start_unix_nano:12833239167 end_unix_nano:12833242125} status:{code:STATUS_OK message:"OK"} roles:{role_name:"Controller"}
  Request 205: role:{role_name:"Controller"} action_name:"Start"
  Response 205: return_values:{str_value:"DISABLED"} exec_time:{start_unix_nano:12833413625 end_unix_nano:12833417250} status:{code:STATUS_OK message:"OK"} roles:{role_name:"Controller"}
  Request 206: role:{role_name:"Controller"} action_name:"Overlap"
  Response 206: return_values:{str_value:"DISABLED"} exec_time:{start_unix_nano:12833596875 end_unix_nano:12833600500} status:{code:STATUS_OK message:"OK"} roles:{role_name:"Controller"}
  Request 207: role:{role_name:"Controller"} action_name:"Overlap"
  Response 207: return_values:{str_value:"DISABLED"} exec_time:{start_unix_nano:12833774917 end_unix_nano:12833778167} status:{code:STATUS_OK message:"OK"} roles:{role_name:"Controller"}
  Request 208: role:{role_name:"Controller"} action_name:"Inspect"
  Response 208: return_values:{str_value:"DISABLED"} exec_time:{start_unix_nano:12833962292 end_unix_nano:12833965667} status:{code:STATUS_OK message:"OK"} roles:{role_name:"Controller"}
  Request 209: role:{role_name:"Controller"} action_name:"Review"
  Response 209: return_values:{str_value:"DISABLED"} exec_time:{start_unix_nano:12834112875 end_unix_nano:12834115708} status:{code:STATUS_OK message:"OK"} roles:{role_name:"Controller"}
  Request 210: role:{role_name:"Controller"} action_name:"Overlap"
  Response 210: return_values:{str_value:"DISABLED"} exec_time:{start_unix_nano:12834255750 end_unix_nano:12834258667} status:{code:STATUS_OK message:"OK"} roles:{role_name:"Controller"}
  Request 211: role:{role_name:"Controller"} action_name:"Inspect"
  Response 211: return_values:{str_value:"DISABLED"} exec_time:{start_unix_nano:12834398250 end_unix_nano:12834401333} status:{code:STATUS_OK message:"OK"} roles:{role_name:"Controller"}
  Request 212: role:{role_name:"Controller"} action_name:"Proof"
  Response 212: return_values:{str_value:"DISABLED"} exec_time:{start_unix_nano:12834551417 end_unix_nano:12834554125} status:{code:STATUS_OK message:"OK"} roles:{role_name:"Controller"}
  Request 213: role:{role_name:"Controller"} action_name:"Restart"
  Response 213: return_values:{str_value:"DISABLED"} exec_time:{start_unix_nano:12834684542 end_unix_nano:12834687125} status:{code:STATUS_OK message:"OK"} roles:{role_name:"Controller"}
  Request 214: role:{role_name:"Controller"} action_name:"Start"
  Response 214: return_values:{str_value:"DISABLED"} exec_time:{start_unix_nano:12834886708 end_unix_nano:12834891542} status:{code:STATUS_OK message:"OK"} roles:{role_name:"Controller"}
  Request 215: role:{role_name:"Controller"} action_name:"Inspect"
  Response 215: return_values:{str_value:"DISABLED"} exec_time:{start_unix_nano:12835040917 end_unix_nano:12835043833} status:{code:STATUS_OK message:"OK"} roles:{role_name:"Controller"}
  Request 216: role:{role_name:"Controller"} action_name:"Corrupt"
  Response 216: return_values:{str_value:"DISABLED"} exec_time:{start_unix_nano:12835183583 end_unix_nano:12835186417} status:{code:STATUS_OK message:"OK"} roles:{role_name:"Controller"}
  Request 217: role:{role_name:"Controller"} action_name:"Overlap"
  Response 217: return_values:{str_value:"DISABLED"} exec_time:{start_unix_nano:12835336458 end_unix_nano:12835341250} status:{code:STATUS_OK message:"OK"} roles:{role_name:"Controller"}
  Request 218: role:{role_name:"Controller"} action_name:"Review"
  Response 218: return_values:{str_value:"DISABLED"} exec_time:{start_unix_nano:12835478000 end_unix_nano:12835480875} status:{code:STATUS_OK message:"OK"} roles:{role_name:"Controller"}
  Request 219: role:{role_name:"Controller"} action_name:"Resume"
  Response 219: return_values:{str_value:"DISABLED"} exec_time:{start_unix_nano:12835628792 end_unix_nano:12835631583} status:{code:STATUS_OK message:"OK"} roles:{role_name:"Controller"}
  Request 220: role:{role_name:"Controller"} action_name:"Restart"
  Response 220: return_values:{str_value:"DISABLED"} exec_time:{start_unix_nano:12835806375 end_unix_nano:12835809167} status:{code:STATUS_OK message:"OK"} roles:{role_name:"Controller"}
  Request 221: role:{role_name:"Controller"} action_name:"Start"
  Response 221: return_values:{str_value:"DISABLED"} exec_time:{start_unix_nano:12835954083 end_unix_nano:12835957375} status:{code:STATUS_OK message:"OK"} roles:{role_name:"Controller"}
  Request 222: role:{role_name:"Controller"} action_name:"Restart"
  Response 222: return_values:{str_value:"DISABLED"} exec_time:{start_unix_nano:12836114958 end_unix_nano:12836118000} status:{code:STATUS_OK message:"OK"} roles:{role_name:"Controller"}
  Request 223: role:{role_name:"Controller"} action_name:"Inspect"
  Response 223: return_values:{str_value:"DISABLED"} exec_time:{start_unix_nano:12836430042 end_unix_nano:12836433333} status:{code:STATUS_OK message:"OK"} roles:{role_name:"Controller"}
  Request 224: role:{role_name:"Controller"} action_name:"Resume"
  Response 224: return_values:{str_value:"DISABLED"} exec_time:{start_unix_nano:12836860417 end_unix_nano:12836863583} status:{code:STATUS_OK message:"OK"} roles:{role_name:"Controller"}
  Request 225: role:{role_name:"Controller"} action_name:"Start"
  Response 225: return_values:{str_value:"DISABLED"} exec_time:{start_unix_nano:12837053875 end_unix_nano:12837057000} status:{code:STATUS_OK message:"OK"} roles:{role_name:"Controller"}
  Request 226: role:{role_name:"Controller"} action_name:"Inspect"
  Response 226: return_values:{str_value:"DISABLED"} exec_time:{start_unix_nano:12837202792 end_unix_nano:12837206000} status:{code:STATUS_OK message:"OK"} roles:{role_name:"Controller"}
  Request 227: role:{role_name:"Controller"} action_name:"Overlap"
  Response 227: return_values:{str_value:"DISABLED"} exec_time:{start_unix_nano:12837403458 end_unix_nano:12837406667} status:{code:STATUS_OK message:"OK"} roles:{role_name:"Controller"}
  Request 228: role:{role_name:"Controller"} action_name:"Corrupt"
  Response 228: return_values:{str_value:"DISABLED"} exec_time:{start_unix_nano:12837577125 end_unix_nano:12837580667} status:{code:STATUS_OK message:"OK"} roles:{role_name:"Controller"}
  Request 229: role:{role_name:"Controller"} action_name:"Corrupt"
  Response 229: return_values:{str_value:"DISABLED"} exec_time:{start_unix_nano:12837794125 end_unix_nano:12837800625} status:{code:STATUS_OK message:"OK"} roles:{role_name:"Controller"}
  Request 230: role:{role_name:"Controller"} action_name:"Corrupt"
  Response 230: return_values:{str_value:"DISABLED"} exec_time:{start_unix_nano:12838031542 end_unix_nano:12838035500} status:{code:STATUS_OK message:"OK"} roles:{role_name:"Controller"}
  Request 231: role:{role_name:"Controller"} action_name:"Restart"
  Response 231: return_values:{str_value:"DISABLED"} exec_time:{start_unix_nano:12838258292 end_unix_nano:12838263750} status:{code:STATUS_OK message:"OK"} roles:{role_name:"Controller"}
  Request 232: role:{role_name:"Controller"} action_name:"Resume"
  Response 232: return_values:{str_value:"DISABLED"} exec_time:{start_unix_nano:12838435917 end_unix_nano:12838439375} status:{code:STATUS_OK message:"OK"} roles:{role_name:"Controller"}
  Request 233: role:{role_name:"Controller"} action_name:"Corrupt"
  Response 233: return_values:{str_value:"DISABLED"} exec_time:{start_unix_nano:12838596042 end_unix_nano:12838599708} status:{code:STATUS_OK message:"OK"} roles:{role_name:"Controller"}
  Request 234: role:{role_name:"Controller"} action_name:"Start"
  Response 234: return_values:{str_value:"DISABLED"} exec_time:{start_unix_nano:12838750250 end_unix_nano:12838754750} status:{code:STATUS_OK message:"OK"} roles:{role_name:"Controller"}
  Request 235: role:{role_name:"Controller"} action_name:"Proof"
  Response 235: return_values:{str_value:"DISABLED"} exec_time:{start_unix_nano:12838921292 end_unix_nano:12838924333} status:{code:STATUS_OK message:"OK"} roles:{role_name:"Controller"}
  Request 236: role:{role_name:"Controller"} action_name:"Start"
  Response 236: return_values:{str_value:"DISABLED"} exec_time:{start_unix_nano:12839053625 end_unix_nano:12839056708} status:{code:STATUS_OK message:"OK"} roles:{role_name:"Controller"}
  Request 237: role:{role_name:"Controller"} action_name:"Resume"
  Response 237: return_values:{str_value:"DISABLED"} exec_time:{start_unix_nano:12839190583 end_unix_nano:12839193917} status:{code:STATUS_OK message:"OK"} roles:{role_name:"Controller"}
  Request 238: role:{role_name:"Controller"} action_name:"Proof"
  Response 238: return_values:{str_value:"DISABLED"} exec_time:{start_unix_nano:12839323625 end_unix_nano:12839326250} status:{code:STATUS_OK message:"OK"} roles:{role_name:"Controller"}
  Request 239: role:{role_name:"Controller"} action_name:"Proof"
  Response 239: return_values:{str_value:"DISABLED"} exec_time:{start_unix_nano:12839455042 end_unix_nano:12839457708} status:{code:STATUS_OK message:"OK"} roles:{role_name:"Controller"}
  Request 240: role:{role_name:"Controller"} action_name:"Restart"
  Response 240: return_values:{str_value:"DISABLED"} exec_time:{start_unix_nano:12839590000 end_unix_nano:12839593000} status:{code:STATUS_OK message:"OK"} roles:{role_name:"Controller"}
  Request 241: role:{role_name:"Controller"} action_name:"Inspect"
  Response 241: return_values:{str_value:"DISABLED"} exec_time:{start_unix_nano:12839743042 end_unix_nano:12839746125} status:{code:STATUS_OK message:"OK"} roles:{role_name:"Controller"}
  Request 242: role:{role_name:"Controller"} action_name:"Review"
  Response 242: return_values:{str_value:"DISABLED"} exec_time:{start_unix_nano:12839901792 end_unix_nano:12839905583} status:{code:STATUS_OK message:"OK"} roles:{role_name:"Controller"}
  Request 243: role:{role_name:"Controller"} action_name:"Overlap"
  Response 243: return_values:{str_value:"DISABLED"} exec_time:{start_unix_nano:12840096625 end_unix_nano:12840100250} status:{code:STATUS_OK message:"OK"} roles:{role_name:"Controller"}
  Request 244: role:{role_name:"Controller"} action_name:"Proof"
  Response 244: return_values:{str_value:"DISABLED"} exec_time:{start_unix_nano:12840261875 end_unix_nano:12840264583} status:{code:STATUS_OK message:"OK"} roles:{role_name:"Controller"}
  Request 245: role:{role_name:"Controller"} action_name:"Overlap"
  Response 245: return_values:{str_value:"DISABLED"} exec_time:{start_unix_nano:12840390875 end_unix_nano:12840393250} status:{code:STATUS_OK message:"OK"} roles:{role_name:"Controller"}
  Request 246: role:{role_name:"Controller"} action_name:"Review"
  Response 246: return_values:{str_value:"DISABLED"} exec_time:{start_unix_nano:12840541458 end_unix_nano:12840544458} status:{code:STATUS_OK message:"OK"} roles:{role_name:"Controller"}
  Request 247: role:{role_name:"Controller"} action_name:"Restart"
  Response 247: return_values:{str_value:"DISABLED"} exec_time:{start_unix_nano:12840702292 end_unix_nano:12840705292} status:{code:STATUS_OK message:"OK"} roles:{role_name:"Controller"}
  Request 248: role:{role_name:"Controller"} action_name:"Proof"
  Response 248: return_values:{str_value:"DISABLED"} exec_time:{start_unix_nano:12841038250 end_unix_nano:12841044000} status:{code:STATUS_OK message:"OK"} roles:{role_name:"Controller"}
  Request 249: role:{role_name:"Controller"} action_name:"Corrupt"
  Response 249: return_values:{str_value:"DISABLED"} exec_time:{start_unix_nano:12841187625 end_unix_nano:12841191042} status:{code:STATUS_OK message:"OK"} roles:{role_name:"Controller"}
  Request 250: role:{role_name:"Controller"} action_name:"Start"
  Response 250: return_values:{str_value:"DISABLED"} exec_time:{start_unix_nano:12841329667 end_unix_nano:12841332833} status:{code:STATUS_OK message:"OK"} roles:{role_name:"Controller"}
  Request 251: role:{role_name:"Controller"} action_name:"Corrupt"
  Response 251: return_values:{str_value:"DISABLED"} exec_time:{start_unix_nano:12841515792 end_unix_nano:12841518458} status:{code:STATUS_OK message:"OK"} roles:{role_name:"Controller"}
  Request 252: role:{role_name:"Controller"} action_name:"Overlap"
  Response 252: return_values:{str_value:"DISABLED"} exec_time:{start_unix_nano:12841684792 end_unix_nano:12841688208} status:{code:STATUS_OK message:"OK"} roles:{role_name:"Controller"}
  Request 253: role:{role_name:"Controller"} action_name:"Start"
  Response 253: return_values:{str_value:"DISABLED"} exec_time:{start_unix_nano:12841904250 end_unix_nano:12841907958} status:{code:STATUS_OK message:"OK"} roles:{role_name:"Controller"}
  Request 254: role:{role_name:"Controller"} action_name:"Inspect"
  Response 254: return_values:{str_value:"DISABLED"} exec_time:{start_unix_nano:12842148542 end_unix_nano:12842156167} status:{code:STATUS_OK message:"OK"} roles:{role_name:"Controller"}
  Request 255: role:{role_name:"Controller"} action_name:"Corrupt"
  Response 255: return_values:{str_value:"DISABLED"} exec_time:{start_unix_nano:12842391417 end_unix_nano:12842394750} status:{code:STATUS_OK message:"OK"} roles:{role_name:"Controller"}
Validating trace for RunId: demo-run-id
    Action Link: Controller#0.Inspect
    Found matching Source Link: dest:6 name:"Controller#0.Inspect" weight:0.125 type:"action" 10:"\n\x14Controller#0.Inspect\x12\n\"DISABLED\""
  End of Request 0, current nodeId: 6, node: map[channel_messages:map[] channels:map[] current:0 failedInvariants:<nil> name:yield returns:{"Controller#0.Inspect":"DISABLED"} roles:[map[fields:map[attempts:0 current:1 fault:false generation:0 inspected:false phase:new proof:0 repair:0 repeats:0 reports: review:0 saved:0 status:ABSENT] name:Controller params:map[] ref:0 ref_string:Controller#0]] state:map[controller:role Controller#0] stats:map[counts:map[Controller#0.Inspect:1] totalActions:1] threads:[] witness:[[false false false false]]]
. Expected DISABLED
. Actual [str_value:"DISABLED"], len:1
    Action Link: Controller#0.Restart
    Found matching Source Link: src:6 dest:5 name:"Controller#0.Restart" weight:0.125 type:"action" 10:"\n\x14Controller#0.Restart\x12\n\"DISABLED\""
  End of Request 1, current nodeId: 5, node: map[channel_messages:map[] channels:map[] current:0 failedInvariants:<nil> name:yield returns:{"Controller#0.Restart":"DISABLED"} roles:[map[fields:map[attempts:0 current:1 fault:false generation:0 inspected:false phase:new proof:0 repair:0 repeats:0 reports: review:0 saved:0 status:ABSENT] name:Controller params:map[] ref:0 ref_string:Controller#0]] state:map[controller:role Controller#0] stats:map[counts:map[Controller#0.Restart:1] totalActions:1] threads:[] witness:[[false false false false]]]
. Expected DISABLED
. Actual [str_value:"DISABLED"], len:1
    Action Link: Controller#0.Start
    Found matching Source Link: src:5 dest:1 name:"Controller#0.Start" labels:"Projection.call" weight:0.125 type:"action" 10:"\n\x12Controller#0.Start\x12)\"77|RUNNING|3|3|implementation|0|1|0|0|1\""
  End of Request 2, current nodeId: 1, node: map[channel_messages:map[] channels:map[] current:0 failedInvariants:<nil> name:yield returns:{"Controller#0.Start":"77|RUNNING|3|3|implementation|0|1|0|0|1"} roles:[map[fields:map[attempts:3 current:1 fault:false generation:1 inspected:false phase:review proof:0 repair:0 repeats:0 reports:implementation review:0 saved:3 status:RUNNING] name:Controller params:map[] ref:0 ref_string:Controller#0]] state:map[controller:role Controller#0] stats:map[counts:map[Controller#0.Start:1] totalActions:1] threads:[] witness:[[false false false false]]]
. Expected 77|RUNNING|3|3|implementation|0|1|0|0|1
. Actual [str_value:"77|RUNNING|3|3|implementation|0|1|0|0|1"], len:1
    Action Link: Controller#0.Resume
    Found matching Source Link: src:1 dest:15 name:"Controller#0.Resume" weight:0.125 type:"action" 10:"\n\x13Controller#0.Resume\x12\n\"DISABLED\""
  End of Request 3, current nodeId: 15, node: map[channel_messages:map[] channels:map[] current:0 failedInvariants:<nil> name:yield returns:{"Controller#0.Resume":"DISABLED"} roles:[map[fields:map[attempts:3 current:1 fault:false generation:1 inspected:false phase:review proof:0 repair:0 repeats:0 reports:implementation review:0 saved:3 status:RUNNING] name:Controller params:map[] ref:0 ref_string:Controller#0]] state:map[controller:role Controller#0] stats:map[counts:map[Controller#0.Resume:1 Controller#0.Start:1] totalActions:2] threads:[] witness:[[false false false false]]]
. Expected DISABLED
. Actual [str_value:"DISABLED"], len:1
    Action Link: Controller#0.Corrupt
    Found matching Source Link: src:15 dest:12 name:"Controller#0.Corrupt" weight:0.125 type:"action" 10:"\n\x14Controller#0.Corrupt\x12\n\"DISABLED\""
  End of Request 4, current nodeId: 12, node: map[channel_messages:map[] channels:map[] current:0 failedInvariants:<nil> name:yield returns:{"Controller#0.Corrupt":"DISABLED"} roles:[map[fields:map[attempts:3 current:1 fault:false generation:1 inspected:false phase:review proof:0 repair:0 repeats:0 reports:implementation review:0 saved:3 status:RUNNING] name:Controller params:map[] ref:0 ref_string:Controller#0]] state:map[controller:role Controller#0] stats:map[counts:map[Controller#0.Corrupt:1 Controller#0.Start:1] totalActions:2] threads:[] witness:[[false false false false]]]
. Expected DISABLED
. Actual [str_value:"DISABLED"], len:1
    Action Link: Controller#0.Inspect
    Found matching Source Link: src:12 dest:14 name:"Controller#0.Inspect" labels:"Projection.call" weight:0.125 type:"action" 10:"\n\x14Controller#0.Inspect\x12(\"1|RUNNING|3|3|implementation|0|1|0|0|1\""
  End of Request 5, current nodeId: 14, node: map[channel_messages:map[] channels:map[] current:0 failedInvariants:<nil> name:yield returns:{"Controller#0.Inspect":"1|RUNNING|3|3|implementation|0|1|0|0|1"} roles:[map[fields:map[attempts:3 current:1 fault:false generation:1 inspected:true phase:review proof:0 repair:0 repeats:0 reports:implementation review:0 saved:3 status:RUNNING] name:Controller params:map[] ref:0 ref_string:Controller#0]] state:map[controller:role Controller#0] stats:map[counts:map[Controller#0.Inspect:1 Controller#0.Start:1] totalActions:2] threads:[] witness:[[false false false false]]]
. Expected 1|RUNNING|3|3|implementation|0|1|0|0|1
. Actual [str_value:"1|RUNNING|3|3|implementation|0|1|0|0|1"], len:1
    Action Link: Controller#0.Start
    Found matching Source Link: src:14 dest:25 name:"Controller#0.Start" weight:0.125 type:"action" 10:"\n\x12Controller#0.Start\x12\n\"DISABLED\""
  End of Request 6, current nodeId: 25, node: map[channel_messages:map[] channels:map[] current:0 failedInvariants:<nil> name:yield returns:{"Controller#0.Start":"DISABLED"} roles:[map[fields:map[attempts:3 current:1 fault:false generation:1 inspected:true phase:review proof:0 repair:0 repeats:0 reports:implementation review:0 saved:3 status:RUNNING] name:Controller params:map[] ref:0 ref_string:Controller#0]] state:map[controller:role Controller#0] stats:map[counts:map[Controller#0.Inspect:1 Controller#0.Start:2] totalActions:3] threads:[] witness:[[false false false false]]]
. Expected DISABLED
. Actual [str_value:"DISABLED"], len:1
    Action Link: Controller#0.Restart
    Found matching Source Link: src:25 dest:29 name:"Controller#0.Restart" weight:0.125 type:"action" 10:"\n\x14Controller#0.Restart\x12\n\"DISABLED\""
  End of Request 7, current nodeId: 29, node: map[channel_messages:map[] channels:map[] current:0 failedInvariants:<nil> name:yield returns:{"Controller#0.Restart":"DISABLED"} roles:[map[fields:map[attempts:3 current:1 fault:false generation:1 inspected:true phase:review proof:0 repair:0 repeats:0 reports:implementation review:0 saved:3 status:RUNNING] name:Controller params:map[] ref:0 ref_string:Controller#0]] state:map[controller:role Controller#0] stats:map[counts:map[Controller#0.Inspect:1 Controller#0.Restart:1 Controller#0.Start:1] totalActions:3] threads:[] witness:[[false false false false]]]
. Expected DISABLED
. Actual [str_value:"DISABLED"], len:1
    Action Link: Controller#0.Restart
    Found matching Source Link: src:29 dest:29 name:"Controller#0.Restart" weight:0.125 type:"action" 10:"\n\x14Controller#0.Restart\x12\n\"DISABLED\""
  End of Request 8, current nodeId: 29, node: map[channel_messages:map[] channels:map[] current:0 failedInvariants:<nil> name:yield returns:{"Controller#0.Restart":"DISABLED"} roles:[map[fields:map[attempts:3 current:1 fault:false generation:1 inspected:true phase:review proof:0 repair:0 repeats:0 reports:implementation review:0 saved:3 status:RUNNING] name:Controller params:map[] ref:0 ref_string:Controller#0]] state:map[controller:role Controller#0] stats:map[counts:map[Controller#0.Inspect:1 Controller#0.Restart:1 Controller#0.Start:1] totalActions:3] threads:[] witness:[[false false false false]]]
. Expected DISABLED
. Actual [str_value:"DISABLED"], len:1
    Action Link: Controller#0.Start
    Found matching Source Link: src:29 dest:25 name:"Controller#0.Start" weight:0.125 type:"action" 10:"\n\x12Controller#0.Start\x12\n\"DISABLED\""
  End of Request 9, current nodeId: 25, node: map[channel_messages:map[] channels:map[] current:0 failedInvariants:<nil> name:yield returns:{"Controller#0.Start":"DISABLED"} roles:[map[fields:map[attempts:3 current:1 fault:false generation:1 inspected:true phase:review proof:0 repair:0 repeats:0 reports:implementation review:0 saved:3 status:RUNNING] name:Controller params:map[] ref:0 ref_string:Controller#0]] state:map[controller:role Controller#0] stats:map[counts:map[Controller#0.Inspect:1 Controller#0.Start:2] totalActions:3] threads:[] witness:[[false false false false]]]
. Expected DISABLED
. Actual [str_value:"DISABLED"], len:1
    Action Link: Controller#0.Overlap
    Found matching Source Link: src:25 dest:32 name:"Controller#0.Overlap" weight:0.125 type:"action" 10:"\n\x14Controller#0.Overlap\x12\n\"DISABLED\""
  End of Request 10, current nodeId: 32, node: map[channel_messages:map[] channels:map[] current:0 failedInvariants:<nil> name:yield returns:{"Controller#0.Overlap":"DISABLED"} roles:[map[fields:map[attempts:3 current:1 fault:false generation:1 inspected:true phase:review proof:0 repair:0 repeats:0 reports:implementation review:0 saved:3 status:RUNNING] name:Controller params:map[] ref:0 ref_string:Controller#0]] state:map[controller:role Controller#0] stats:map[counts:map[Controller#0.Inspect:1 Controller#0.Overlap:1 Controller#0.Start:1] totalActions:3] threads:[] witness:[[false false false false]]]
. Expected DISABLED
. Actual [str_value:"DISABLED"], len:1
    Action Link: Controller#0.Restart
    Found matching Source Link: src:32 dest:29 name:"Controller#0.Restart" weight:0.125 type:"action" 10:"\n\x14Controller#0.Restart\x12\n\"DISABLED\""
  End of Request 11, current nodeId: 29, node: map[channel_messages:map[] channels:map[] current:0 failedInvariants:<nil> name:yield returns:{"Controller#0.Restart":"DISABLED"} roles:[map[fields:map[attempts:3 current:1 fault:false generation:1 inspected:true phase:review proof:0 repair:0 repeats:0 reports:implementation review:0 saved:3 status:RUNNING] name:Controller params:map[] ref:0 ref_string:Controller#0]] state:map[controller:role Controller#0] stats:map[counts:map[Controller#0.Inspect:1 Controller#0.Restart:1 Controller#0.Start:1] totalActions:3] threads:[] witness:[[false false false false]]]
. Expected DISABLED
. Actual [str_value:"DISABLED"], len:1
    Action Link: Controller#0.Corrupt
    Found matching Source Link: src:29 dest:28 name:"Controller#0.Corrupt" weight:0.125 type:"action" 10:"\n\x14Controller#0.Corrupt\x12\n\"DISABLED\""
  End of Request 12, current nodeId: 28, node: map[channel_messages:map[] channels:map[] current:0 failedInvariants:<nil> name:yield returns:{"Controller#0.Corrupt":"DISABLED"} roles:[map[fields:map[attempts:3 current:1 fault:false generation:1 inspected:true phase:review proof:0 repair:0 repeats:0 reports:implementation review:0 saved:3 status:RUNNING] name:Controller params:map[] ref:0 ref_string:Controller#0]] state:map[controller:role Controller#0] stats:map[counts:map[Controller#0.Corrupt:1 Controller#0.Inspect:1 Controller#0.Start:1] totalActions:3] threads:[] witness:[[false false false false]]]
. Expected DISABLED
. Actual [str_value:"DISABLED"], len:1
    Action Link: Controller#0.Overlap
    Found matching Source Link: src:28 dest:32 name:"Controller#0.Overlap" weight:0.125 type:"action" 10:"\n\x14Controller#0.Overlap\x12\n\"DISABLED\""
  End of Request 13, current nodeId: 32, node: map[channel_messages:map[] channels:map[] current:0 failedInvariants:<nil> name:yield returns:{"Controller#0.Overlap":"DISABLED"} roles:[map[fields:map[attempts:3 current:1 fault:false generation:1 inspected:true phase:review proof:0 repair:0 repeats:0 reports:implementation review:0 saved:3 status:RUNNING] name:Controller params:map[] ref:0 ref_string:Controller#0]] state:map[controller:role Controller#0] stats:map[counts:map[Controller#0.Inspect:1 Controller#0.Overlap:1 Controller#0.Start:1] totalActions:3] threads:[] witness:[[false false false false]]]
. Expected DISABLED
. Actual [str_value:"DISABLED"], len:1
    Action Link: Controller#0.Proof
    Found matching Source Link: src:32 dest:27 name:"Controller#0.Proof" weight:0.125 type:"action" 10:"\n\x12Controller#0.Proof\x12\n\"DISABLED\""
  End of Request 14, current nodeId: 27, node: map[channel_messages:map[] channels:map[] current:0 failedInvariants:<nil> name:yield returns:{"Controller#0.Proof":"DISABLED"} roles:[map[fields:map[attempts:3 current:1 fault:false generation:1 inspected:true phase:review proof:0 repair:0 repeats:0 reports:implementation review:0 saved:3 status:RUNNING] name:Controller params:map[] ref:0 ref_string:Controller#0]] state:map[controller:role Controller#0] stats:map[counts:map[Controller#0.Inspect:1 Controller#0.Proof:1 Controller#0.Start:1] totalActions:3] threads:[] witness:[[false false false false]]]
. Expected DISABLED
. Actual [str_value:"DISABLED"], len:1
    Action Link: Controller#0.Review
    Found matching Source Link: src:27 dest:26 name:"Controller#0.Review" labels:"Projection.call" weight:0.125 type:"action" 10:"\n\x13Controller#0.Review\x120\"77|RUNNING|4|4|implementation,review|0|1|1|0|1\""
  End of Request 15, current nodeId: 26, node: map[channel_messages:map[] channels:map[] current:0 failedInvariants:<nil> name:yield returns:{"Controller#0.Review":"77|RUNNING|4|4|implementation,review|0|1|1|0|1"} roles:[map[fields:map[attempts:4 current:1 fault:false generation:1 inspected:true phase:proof proof:0 repair:0 repeats:0 reports:implementation,review review:1 saved:4 status:RUNNING] name:Controller params:map[] ref:0 ref_string:Controller#0]] state:map[controller:role Controller#0] stats:map[counts:map[Controller#0.Inspect:1 Controller#0.Review:1 Controller#0.Start:1] totalActions:3] threads:[] witness:[[false false false false]]]
. Expected 77|RUNNING|4|4|implementation,review|0|1|1|0|1
. Actual [str_value:"77|RUNNING|4|4|implementation,review|0|1|1|0|1"], len:1
    Action Link: Controller#0.Proof
    Found matching Source Link: src:26 dest:43 name:"Controller#0.Proof" labels:"Projection.call" weight:0.125 type:"action" 10:"\n\x12Controller#0.Proof\x120\"77|RUNNING|5|4|implementation,review|0|1|1|0|1\""
  End of Request 16, current nodeId: 43, node: map[channel_messages:map[] channels:map[] current:0 failedInvariants:<nil> name:yield returns:{"Controller#0.Proof":"77|RUNNING|5|4|implementation,review|0|1|1|0|1"} roles:[map[fields:map[attempts:5 current:1 fault:false generation:1 inspected:true phase:pending proof:0 repair:0 repeats:0 reports:implementation,review review:1 saved:4 status:RUNNING] name:Controller params:map[] ref:0 ref_string:Controller#0]] state:map[controller:role Controller#0] stats:map[counts:map[Controller#0.Inspect:1 Controller#0.Proof:1 Controller#0.Review:1 Controller#0.Start:1] totalActions:4] threads:[] witness:[[false false false false]]]
. Expected 77|RUNNING|5|4|implementation,review|0|1|1|0|1
. Actual [str_value:"77|RUNNING|5|4|implementation,review|0|1|1|0|1"], len:1
    Action Link: Controller#0.Resume
    Found matching Source Link: src:43 dest:63 name:"Controller#0.Resume" weight:0.125 type:"action" 10:"\n\x13Controller#0.Resume\x12\n\"DISABLED\""
  End of Request 17, current nodeId: 63, node: map[channel_messages:map[] channels:map[] current:0 failedInvariants:<nil> name:yield returns:{"Controller#0.Resume":"DISABLED"} roles:[map[fields:map[attempts:5 current:1 fault:false generation:1 inspected:true phase:pending proof:0 repair:0 repeats:0 reports:implementation,review review:1 saved:4 status:RUNNING] name:Controller params:map[] ref:0 ref_string:Controller#0]] state:map[controller:role Controller#0] stats:map[counts:map[Controller#0.Inspect:1 Controller#0.Proof:1 Controller#0.Resume:1 Controller#0.Review:1 Controller#0.Start:1] totalActions:5] threads:[] witness:[[false false false false]]]
. Expected DISABLED
. Actual [str_value:"DISABLED"], len:1
    Action Link: Controller#0.Review
    Found matching Source Link: src:63 dest:58 name:"Controller#0.Review" weight:0.125 type:"action" 10:"\n\x13Controller#0.Review\x12\n\"DISABLED\""
  End of Request 18, current nodeId: 58, node: map[channel_messages:map[] channels:map[] current:0 failedInvariants:<nil> name:yield returns:{"Controller#0.Review":"DISABLED"} roles:[map[fields:map[attempts:5 current:1 fault:false generation:1 inspected:true phase:pending proof:0 repair:0 repeats:0 reports:implementation,review review:1 saved:4 status:RUNNING] name:Controller params:map[] ref:0 ref_string:Controller#0]] state:map[controller:role Controller#0] stats:map[counts:map[Controller#0.Inspect:1 Controller#0.Proof:1 Controller#0.Review:2 Controller#0.Start:1] totalActions:5] threads:[] witness:[[false false false false]]]
. Expected DISABLED
. Actual [str_value:"DISABLED"], len:1
    Action Link: Controller#0.Restart
    Found matching Source Link: src:58 dest:61 name:"Controller#0.Restart" labels:"Projection.call" weight:0.125 type:"action" 10:"\n\x14Controller#0.Restart\x120\"77|RUNNING|6|6|implementation,repair|1|2|0|0|1\""
  End of Request 19, current nodeId: 61, node: map[channel_messages:map[] channels:map[] current:0 failedInvariants:<nil> name:yield returns:{"Controller#0.Restart":"77|RUNNING|6|6|implementation,repair|1|2|0|0|1"} roles:[map[fields:map[attempts:6 current:1 fault:false generation:2 inspected:true phase:review proof:0 repair:1 repeats:0 reports:implementation,repair review:0 saved:6 status:RUNNING] name:Controller params:map[] ref:0 ref_string:Controller#0]] state:map[controller:role Controller#0] stats:map[counts:map[Controller#0.Inspect:1 Controller#0.Proof:1 Controller#0.Restart:1 Controller#0.Review:1 Controller#0.Start:1] totalActions:5] threads:[] witness:[[false false false false]]]
. Expected 77|RUNNING|6|6|implementation,repair|1|2|0|0|1
. Actual [str_value:"77|RUNNING|6|6|implementation,repair|1|2|0|0|1"], len:1
    Action Link: Controller#0.Proof
    Found matching Source Link: src:61 dest:75 name:"Controller#0.Proof" weight:0.125 type:"action" 10:"\n\x12Controller#0.Proof\x12\n\"DISABLED\""
  End of Request 20, current nodeId: 75, node: map[channel_messages:map[] channels:map[] current:0 failedInvariants:<nil> name:yield returns:{"Controller#0.Proof":"DISABLED"} roles:[map[fields:map[attempts:6 current:1 fault:false generation:2 inspected:true phase:review proof:0 repair:1 repeats:0 reports:implementation,repair review:0 saved:6 status:RUNNING] name:Controller params:map[] ref:0 ref_string:Controller#0]] state:map[controller:role Controller#0] stats:map[counts:map[Controller#0.Inspect:1 Controller#0.Proof:2 Controller#0.Restart:1 Controller#0.Review:1 Controller#0.Start:1] totalActions:6] threads:[] witness:[[false false false false]]]
. Expected DISABLED
. Actual [str_value:"DISABLED"], len:1
    Action Link: Controller#0.Corrupt
    Found matching Source Link: src:75 dest:76 name:"Controller#0.Corrupt" weight:0.125 type:"action" 10:"\n\x14Controller#0.Corrupt\x12\n\"DISABLED\""
  End of Request 21, current nodeId: 76, node: map[channel_messages:map[] channels:map[] current:0 failedInvariants:<nil> name:yield returns:{"Controller#0.Corrupt":"DISABLED"} roles:[map[fields:map[attempts:6 current:1 fault:false generation:2 inspected:true phase:review proof:0 repair:1 repeats:0 reports:implementation,repair review:0 saved:6 status:RUNNING] name:Controller params:map[] ref:0 ref_string:Controller#0]] state:map[controller:role Controller#0] stats:map[counts:map[Controller#0.Corrupt:1 Controller#0.Inspect:1 Controller#0.Proof:1 Controller#0.Restart:1 Controller#0.Review:1 Controller#0.Start:1] totalActions:6] threads:[] witness:[[false false false false]]]
. Expected DISABLED
. Actual [str_value:"DISABLED"], len:1
    Action Link: Controller#0.Corrupt
    Found matching Source Link: src:76 dest:76 name:"Controller#0.Corrupt" weight:0.125 type:"action" 10:"\n\x14Controller#0.Corrupt\x12\n\"DISABLED\""
  End of Request 22, current nodeId: 76, node: map[channel_messages:map[] channels:map[] current:0 failedInvariants:<nil> name:yield returns:{"Controller#0.Corrupt":"DISABLED"} roles:[map[fields:map[attempts:6 current:1 fault:false generation:2 inspected:true phase:review proof:0 repair:1 repeats:0 reports:implementation,repair review:0 saved:6 status:RUNNING] name:Controller params:map[] ref:0 ref_string:Controller#0]] state:map[controller:role Controller#0] stats:map[counts:map[Controller#0.Corrupt:1 Controller#0.Inspect:1 Controller#0.Proof:1 Controller#0.Restart:1 Controller#0.Review:1 Controller#0.Start:1] totalActions:6] threads:[] witness:[[false false false false]]]
. Expected DISABLED
. Actual [str_value:"DISABLED"], len:1
    Action Link: Controller#0.Overlap
    Found matching Source Link: src:76 dest:80 name:"Controller#0.Overlap" weight:0.125 type:"action" 10:"\n\x14Controller#0.Overlap\x12\n\"DISABLED\""
  End of Request 23, current nodeId: 80, node: map[channel_messages:map[] channels:map[] current:0 failedInvariants:<nil> name:yield returns:{"Controller#0.Overlap":"DISABLED"} roles:[map[fields:map[attempts:6 current:1 fault:false generation:2 inspected:true phase:review proof:0 repair:1 repeats:0 reports:implementation,repair review:0 saved:6 status:RUNNING] name:Controller params:map[] ref:0 ref_string:Controller#0]] state:map[controller:role Controller#0] stats:map[counts:map[Controller#0.Inspect:1 Controller#0.Overlap:1 Controller#0.Proof:1 Controller#0.Restart:1 Controller#0.Review:1 Controller#0.Start:1] totalActions:6] threads:[] witness:[[false false false false]]]
. Expected DISABLED
. Actual [str_value:"DISABLED"], len:1
    Action Link: Controller#0.Resume
    Found matching Source Link: src:80 dest:79 name:"Controller#0.Resume" weight:0.125 type:"action" 10:"\n\x13Controller#0.Resume\x12\n\"DISABLED\""
  End of Request 24, current nodeId: 79, node: map[channel_messages:map[] channels:map[] current:0 failedInvariants:<nil> name:yield returns:{"Controller#0.Resume":"DISABLED"} roles:[map[fields:map[attempts:6 current:1 fault:false generation:2 inspected:true phase:review proof:0 repair:1 repeats:0 reports:implementation,repair review:0 saved:6 status:RUNNING] name:Controller params:map[] ref:0 ref_string:Controller#0]] state:map[controller:role Controller#0] stats:map[counts:map[Controller#0.Inspect:1 Controller#0.Proof:1 Controller#0.Restart:1 Controller#0.Resume:1 Controller#0.Review:1 Controller#0.Start:1] totalActions:6] threads:[] witness:[[false false false false]]]
. Expected DISABLED
. Actual [str_value:"DISABLED"], len:1
    Action Link: Controller#0.Overlap
    Found matching Source Link: src:79 dest:80 name:"Controller#0.Overlap" weight:0.125 type:"action" 10:"\n\x14Controller#0.Overlap\x12\n\"DISABLED\""
  End of Request 25, current nodeId: 80, node: map[channel_messages:map[] channels:map[] current:0 failedInvariants:<nil> name:yield returns:{"Controller#0.Overlap":"DISABLED"} roles:[map[fields:map[attempts:6 current:1 fault:false generation:2 inspected:true phase:review proof:0 repair:1 repeats:0 reports:implementation,repair review:0 saved:6 status:RUNNING] name:Controller params:map[] ref:0 ref_string:Controller#0]] state:map[controller:role Controller#0] stats:map[counts:map[Controller#0.Inspect:1 Controller#0.Overlap:1 Controller#0.Proof:1 Controller#0.Restart:1 Controller#0.Review:1 Controller#0.Start:1] totalActions:6] threads:[] witness:[[false false false false]]]
. Expected DISABLED
. Actual [str_value:"DISABLED"], len:1
    Action Link: Controller#0.Resume
    Found matching Source Link: src:80 dest:79 name:"Controller#0.Resume" weight:0.125 type:"action" 10:"\n\x13Controller#0.Resume\x12\n\"DISABLED\""
  End of Request 26, current nodeId: 79, node: map[channel_messages:map[] channels:map[] current:0 failedInvariants:<nil> name:yield returns:{"Controller#0.Resume":"DISABLED"} roles:[map[fields:map[attempts:6 current:1 fault:false generation:2 inspected:true phase:review proof:0 repair:1 repeats:0 reports:implementation,repair review:0 saved:6 status:RUNNING] name:Controller params:map[] ref:0 ref_string:Controller#0]] state:map[controller:role Controller#0] stats:map[counts:map[Controller#0.Inspect:1 Controller#0.Proof:1 Controller#0.Restart:1 Controller#0.Resume:1 Controller#0.Review:1 Controller#0.Start:1] totalActions:6] threads:[] witness:[[false false false false]]]
. Expected DISABLED
. Actual [str_value:"DISABLED"], len:1
    Action Link: Controller#0.Corrupt
    Found matching Source Link: src:79 dest:76 name:"Controller#0.Corrupt" weight:0.125 type:"action" 10:"\n\x14Controller#0.Corrupt\x12\n\"DISABLED\""
  End of Request 27, current nodeId: 76, node: map[channel_messages:map[] channels:map[] current:0 failedInvariants:<nil> name:yield returns:{"Controller#0.Corrupt":"DISABLED"} roles:[map[fields:map[attempts:6 current:1 fault:false generation:2 inspected:true phase:review proof:0 repair:1 repeats:0 reports:implementation,repair review:0 saved:6 status:RUNNING] name:Controller params:map[] ref:0 ref_string:Controller#0]] state:map[controller:role Controller#0] stats:map[counts:map[Controller#0.Corrupt:1 Controller#0.Inspect:1 Controller#0.Proof:1 Controller#0.Restart:1 Controller#0.Review:1 Controller#0.Start:1] totalActions:6] threads:[] witness:[[false false false false]]]
. Expected DISABLED
. Actual [str_value:"DISABLED"], len:1
    Action Link: Controller#0.Overlap
    Found matching Source Link: src:76 dest:80 name:"Controller#0.Overlap" weight:0.125 type:"action" 10:"\n\x14Controller#0.Overlap\x12\n\"DISABLED\""
  End of Request 28, current nodeId: 80, node: map[channel_messages:map[] channels:map[] current:0 failedInvariants:<nil> name:yield returns:{"Controller#0.Overlap":"DISABLED"} roles:[map[fields:map[attempts:6 current:1 fault:false generation:2 inspected:true phase:review proof:0 repair:1 repeats:0 reports:implementation,repair review:0 saved:6 status:RUNNING] name:Controller params:map[] ref:0 ref_string:Controller#0]] state:map[controller:role Controller#0] stats:map[counts:map[Controller#0.Inspect:1 Controller#0.Overlap:1 Controller#0.Proof:1 Controller#0.Restart:1 Controller#0.Review:1 Controller#0.Start:1] totalActions:6] threads:[] witness:[[false false false false]]]
. Expected DISABLED
. Actual [str_value:"DISABLED"], len:1
    Action Link: Controller#0.Overlap
    Found matching Source Link: src:80 dest:80 name:"Controller#0.Overlap" weight:0.125 type:"action" 10:"\n\x14Controller#0.Overlap\x12\n\"DISABLED\""
  End of Request 29, current nodeId: 80, node: map[channel_messages:map[] channels:map[] current:0 failedInvariants:<nil> name:yield returns:{"Controller#0.Overlap":"DISABLED"} roles:[map[fields:map[attempts:6 current:1 fault:false generation:2 inspected:true phase:review proof:0 repair:1 repeats:0 reports:implementation,repair review:0 saved:6 status:RUNNING] name:Controller params:map[] ref:0 ref_string:Controller#0]] state:map[controller:role Controller#0] stats:map[counts:map[Controller#0.Inspect:1 Controller#0.Overlap:1 Controller#0.Proof:1 Controller#0.Restart:1 Controller#0.Review:1 Controller#0.Start:1] totalActions:6] threads:[] witness:[[false false false false]]]
. Expected DISABLED
. Actual [str_value:"DISABLED"], len:1
    Action Link: Controller#0.Corrupt
    Found matching Source Link: src:80 dest:76 name:"Controller#0.Corrupt" weight:0.125 type:"action" 10:"\n\x14Controller#0.Corrupt\x12\n\"DISABLED\""
  End of Request 30, current nodeId: 76, node: map[channel_messages:map[] channels:map[] current:0 failedInvariants:<nil> name:yield returns:{"Controller#0.Corrupt":"DISABLED"} roles:[map[fields:map[attempts:6 current:1 fault:false generation:2 inspected:true phase:review proof:0 repair:1 repeats:0 reports:implementation,repair review:0 saved:6 status:RUNNING] name:Controller params:map[] ref:0 ref_string:Controller#0]] state:map[controller:role Controller#0] stats:map[counts:map[Controller#0.Corrupt:1 Controller#0.Inspect:1 Controller#0.Proof:1 Controller#0.Restart:1 Controller#0.Review:1 Controller#0.Start:1] totalActions:6] threads:[] witness:[[false false false false]]]
. Expected DISABLED
. Actual [str_value:"DISABLED"], len:1
    Action Link: Controller#0.Proof
    Found matching Source Link: src:76 dest:75 name:"Controller#0.Proof" weight:0.125 type:"action" 10:"\n\x12Controller#0.Proof\x12\n\"DISABLED\""
  End of Request 31, current nodeId: 75, node: map[channel_messages:map[] channels:map[] current:0 failedInvariants:<nil> name:yield returns:{"Controller#0.Proof":"DISABLED"} roles:[map[fields:map[attempts:6 current:1 fault:false generation:2 inspected:true phase:review proof:0 repair:1 repeats:0 reports:implementation,repair review:0 saved:6 status:RUNNING] name:Controller params:map[] ref:0 ref_string:Controller#0]] state:map[controller:role Controller#0] stats:map[counts:map[Controller#0.Inspect:1 Controller#0.Proof:2 Controller#0.Restart:1 Controller#0.Review:1 Controller#0.Start:1] totalActions:6] threads:[] witness:[[false false false false]]]
. Expected DISABLED
. Actual [str_value:"DISABLED"], len:1
    Action Link: Controller#0.Start
    Found matching Source Link: src:75 dest:73 name:"Controller#0.Start" weight:0.125 type:"action" 10:"\n\x12Controller#0.Start\x12\n\"DISABLED\""
  End of Request 32, current nodeId: 73, node: map[channel_messages:map[] channels:map[] current:0 failedInvariants:<nil> name:yield returns:{"Controller#0.Start":"DISABLED"} roles:[map[fields:map[attempts:6 current:1 fault:false generation:2 inspected:true phase:review proof:0 repair:1 repeats:0 reports:implementation,repair review:0 saved:6 status:RUNNING] name:Controller params:map[] ref:0 ref_string:Controller#0]] state:map[controller:role Controller#0] stats:map[counts:map[Controller#0.Inspect:1 Controller#0.Proof:1 Controller#0.Restart:1 Controller#0.Review:1 Controller#0.Start:2] totalActions:6] threads:[] witness:[[false false false false]]]
. Expected DISABLED
. Actual [str_value:"DISABLED"], len:1
    Action Link: Controller#0.Corrupt
    Found matching Source Link: src:73 dest:76 name:"Controller#0.Corrupt" weight:0.125 type:"action" 10:"\n\x14Controller#0.Corrupt\x12\n\"DISABLED\""
  End of Request 33, current nodeId: 76, node: map[channel_messages:map[] channels:map[] current:0 failedInvariants:<nil> name:yield returns:{"Controller#0.Corrupt":"DISABLED"} roles:[map[fields:map[attempts:6 current:1 fault:false generation:2 inspected:true phase:review proof:0 repair:1 repeats:0 reports:implementation,repair review:0 saved:6 status:RUNNING] name:Controller params:map[] ref:0 ref_string:Controller#0]] state:map[controller:role Controller#0] stats:map[counts:map[Controller#0.Corrupt:1 Controller#0.Inspect:1 Controller#0.Proof:1 Controller#0.Restart:1 Controller#0.Review:1 Controller#0.Start:1] totalActions:6] threads:[] witness:[[false false false false]]]
. Expected DISABLED
. Actual [str_value:"DISABLED"], len:1
    Action Link: Controller#0.Restart
    Found matching Source Link: src:76 dest:77 name:"Controller#0.Restart" weight:0.125 type:"action" 10:"\n\x14Controller#0.Restart\x12\n\"DISABLED\""
  End of Request 34, current nodeId: 77, node: map[channel_messages:map[] channels:map[] current:0 failedInvariants:<nil> name:yield returns:{"Controller#0.Restart":"DISABLED"} roles:[map[fields:map[attempts:6 current:1 fault:false generation:2 inspected:true phase:review proof:0 repair:1 repeats:0 reports:implementation,repair review:0 saved:6 status:RUNNING] name:Controller params:map[] ref:0 ref_string:Controller#0]] state:map[controller:role Controller#0] stats:map[counts:map[Controller#0.Inspect:1 Controller#0.Proof:1 Controller#0.Restart:2 Controller#0.Review:1 Controller#0.Start:1] totalActions:6] threads:[] witness:[[false false false false]]]
. Expected DISABLED
. Actual [str_value:"DISABLED"], len:1
    Action Link: Controller#0.Review
    Found matching Source Link: src:77 dest:74 name:"Controller#0.Review" labels:"Projection.call" weight:0.125 type:"action" 10:"\n\x13Controller#0.Review\x127\"77|RUNNING|7|7|implementation,repair,review|1|2|2|0|1\""
  End of Request 35, current nodeId: 74, node: map[channel_messages:map[] channels:map[] current:0 failedInvariants:<nil> name:yield returns:{"Controller#0.Review":"77|RUNNING|7|7|implementation,repair,review|1|2|2|0|1"} roles:[map[fields:map[attempts:7 current:1 fault:false generation:2 inspected:true phase:proof proof:0 repair:1 repeats:0 reports:implementation,repair,review review:2 saved:7 status:RUNNING] name:Controller params:map[] ref:0 ref_string:Controller#0]] state:map[controller:role Controller#0] stats:map[counts:map[Controller#0.Inspect:1 Controller#0.Proof:1 Controller#0.Restart:1 Controller#0.Review:2 Controller#0.Start:1] totalActions:6] threads:[] witness:[[false false false false]]]
. Expected 77|RUNNING|7|7|implementation,repair,review|1|2|2|0|1
. Actual [str_value:"77|RUNNING|7|7|implementation,repair,review|1|2|2|0|1"], len:1
    Action Link: Controller#0.Review
    Found matching Source Link: src:74 dest:90 name:"Controller#0.Review" weight:0.125 type:"action" 10:"\n\x13Controller#0.Review\x12\n\"DISABLED\""
  End of Request 36, current nodeId: 90, node: map[channel_messages:map[] channels:map[] current:0 failedInvariants:<nil> name:yield returns:{"Controller#0.Review":"DISABLED"} roles:[map[fields:map[attempts:7 current:1 fault:false generation:2 inspected:true phase:proof proof:0 repair:1 repeats:0 reports:implementation,repair,review review:2 saved:7 status:RUNNING] name:Controller params:map[] ref:0 ref_string:Controller#0]] state:map[controller:role Controller#0] stats:map[counts:map[Controller#0.Inspect:1 Controller#0.Proof:1 Controller#0.Restart:1 Controller#0.Review:3 Controller#0.Start:1] totalActions:7] threads:[] witness:[[false false false false]]]
. Expected DISABLED
. Actual [str_value:"DISABLED"], len:1
    Action Link: Controller#0.Corrupt
    Found matching Source Link: src:90 dest:92 name:"Controller#0.Corrupt" weight:0.125 type:"action" 10:"\n\x14Controller#0.Corrupt\x12\n\"DISABLED\""
  End of Request 37, current nodeId: 92, node: map[channel_messages:map[] channels:map[] current:0 failedInvariants:<nil> name:yield returns:{"Controller#0.Corrupt":"DISABLED"} roles:[map[fields:map[attempts:7 current:1 fault:false generation:2 inspected:true phase:proof proof:0 repair:1 repeats:0 reports:implementation,repair,review review:2 saved:7 status:RUNNING] name:Controller params:map[] ref:0 ref_string:Controller#0]] state:map[controller:role Controller#0] stats:map[counts:map[Controller#0.Corrupt:1 Controller#0.Inspect:1 Controller#0.Proof:1 Controller#0.Restart:1 Controller#0.Review:2 Controller#0.Start:1] totalActions:7] threads:[] witness:[[false false false false]]]
. Expected DISABLED
. Actual [str_value:"DISABLED"], len:1
    Action Link: Controller#0.Resume
    Found matching Source Link: src:92 dest:95 name:"Controller#0.Resume" weight:0.125 type:"action" 10:"\n\x13Controller#0.Resume\x12\n\"DISABLED\""
  End of Request 38, current nodeId: 95, node: map[channel_messages:map[] channels:map[] current:0 failedInvariants:<nil> name:yield returns:{"Controller#0.Resume":"DISABLED"} roles:[map[fields:map[attempts:7 current:1 fault:false generation:2 inspected:true phase:proof proof:0 repair:1 repeats:0 reports:implementation,repair,review review:2 saved:7 status:RUNNING] name:Controller params:map[] ref:0 ref_string:Controller#0]] state:map[controller:role Controller#0] stats:map[counts:map[Controller#0.Inspect:1 Controller#0.Proof:1 Controller#0.Restart:1 Controller#0.Resume:1 Controller#0.Review:2 Controller#0.Start:1] totalActions:7] threads:[] witness:[[false false false false]]]
. Expected DISABLED
. Actual [str_value:"DISABLED"], len:1
    Action Link: Controller#0.Start
    Found matching Source Link: src:95 dest:89 name:"Controller#0.Start" weight:0.125 type:"action" 10:"\n\x12Controller#0.Start\x12\n\"DISABLED\""
  End of Request 39, current nodeId: 89, node: map[channel_messages:map[] channels:map[] current:0 failedInvariants:<nil> name:yield returns:{"Controller#0.Start":"DISABLED"} roles:[map[fields:map[attempts:7 current:1 fault:false generation:2 inspected:true phase:proof proof:0 repair:1 repeats:0 reports:implementation,repair,review review:2 saved:7 status:RUNNING] name:Controller params:map[] ref:0 ref_string:Controller#0]] state:map[controller:role Controller#0] stats:map[counts:map[Controller#0.Inspect:1 Controller#0.Proof:1 Controller#0.Restart:1 Controller#0.Review:2 Controller#0.Start:2] totalActions:7] threads:[] witness:[[false false false false]]]
. Expected DISABLED
. Actual [str_value:"DISABLED"], len:1
    Action Link: Controller#0.Start
    Found matching Source Link: src:89 dest:89 name:"Controller#0.Start" weight:0.125 type:"action" 10:"\n\x12Controller#0.Start\x12\n\"DISABLED\""
  End of Request 40, current nodeId: 89, node: map[channel_messages:map[] channels:map[] current:0 failedInvariants:<nil> name:yield returns:{"Controller#0.Start":"DISABLED"} roles:[map[fields:map[attempts:7 current:1 fault:false generation:2 inspected:true phase:proof proof:0 repair:1 repeats:0 reports:implementation,repair,review review:2 saved:7 status:RUNNING] name:Controller params:map[] ref:0 ref_string:Controller#0]] state:map[controller:role Controller#0] stats:map[counts:map[Controller#0.Inspect:1 Controller#0.Proof:1 Controller#0.Restart:1 Controller#0.Review:2 Controller#0.Start:2] totalActions:7] threads:[] witness:[[false false false false]]]
. Expected DISABLED
. Actual [str_value:"DISABLED"], len:1
    Action Link: Controller#0.Resume
    Found matching Source Link: src:89 dest:95 name:"Controller#0.Resume" weight:0.125 type:"action" 10:"\n\x13Controller#0.Resume\x12\n\"DISABLED\""
  End of Request 41, current nodeId: 95, node: map[channel_messages:map[] channels:map[] current:0 failedInvariants:<nil> name:yield returns:{"Controller#0.Resume":"DISABLED"} roles:[map[fields:map[attempts:7 current:1 fault:false generation:2 inspected:true phase:proof proof:0 repair:1 repeats:0 reports:implementation,repair,review review:2 saved:7 status:RUNNING] name:Controller params:map[] ref:0 ref_string:Controller#0]] state:map[controller:role Controller#0] stats:map[counts:map[Controller#0.Inspect:1 Controller#0.Proof:1 Controller#0.Restart:1 Controller#0.Resume:1 Controller#0.Review:2 Controller#0.Start:1] totalActions:7] threads:[] witness:[[false false false false]]]
. Expected DISABLED
. Actual [str_value:"DISABLED"], len:1
    Action Link: Controller#0.Overlap
    Found matching Source Link: src:95 dest:96 name:"Controller#0.Overlap" weight:0.125 type:"action" 10:"\n\x14Controller#0.Overlap\x12\n\"DISABLED\""
  End of Request 42, current nodeId: 96, node: map[channel_messages:map[] channels:map[] current:0 failedInvariants:<nil> name:yield returns:{"Controller#0.Overlap":"DISABLED"} roles:[map[fields:map[attempts:7 current:1 fault:false generation:2 inspected:true phase:proof proof:0 repair:1 repeats:0 reports:implementation,repair,review review:2 saved:7 status:RUNNING] name:Controller params:map[] ref:0 ref_string:Controller#0]] state:map[controller:role Controller#0] stats:map[counts:map[Controller#0.Inspect:1 Controller#0.Overlap:1 Controller#0.Proof:1 Controller#0.Restart:1 Controller#0.Review:2 Controller#0.Start:1] totalActions:7] threads:[] witness:[[false false false false]]]
. Expected DISABLED
. Actual [str_value:"DISABLED"], len:1
    Action Link: Controller#0.Start
    Found matching Source Link: src:96 dest:89 name:"Controller#0.Start" weight:0.125 type:"action" 10:"\n\x12Controller#0.Start\x12\n\"DISABLED\""
  End of Request 43, current nodeId: 89, node: map[channel_messages:map[] channels:map[] current:0 failedInvariants:<nil> name:yield returns:{"Controller#0.Start":"DISABLED"} roles:[map[fields:map[attempts:7 current:1 fault:false generation:2 inspected:true phase:proof proof:0 repair:1 repeats:0 reports:implementation,repair,review review:2 saved:7 status:RUNNING] name:Controller params:map[] ref:0 ref_string:Controller#0]] state:map[controller:role Controller#0] stats:map[counts:map[Controller#0.Inspect:1 Controller#0.Proof:1 Controller#0.Restart:1 Controller#0.Review:2 Controller#0.Start:2] totalActions:7] threads:[] witness:[[false false false false]]]
. Expected DISABLED
. Actual [str_value:"DISABLED"], len:1
    Action Link: Controller#0.Proof
    Found matching Source Link: src:89 dest:91 name:"Controller#0.Proof" labels:"Projection.call" weight:0.125 type:"action" 10:"\n\x12Controller#0.Proof\x127\"77|RUNNING|8|7|implementation,repair,review|1|2|2|0|1\""
  End of Request 44, current nodeId: 91, node: map[channel_messages:map[] channels:map[] current:0 failedInvariants:<nil> name:yield returns:{"Controller#0.Proof":"77|RUNNING|8|7|implementation,repair,review|1|2|2|0|1"} roles:[map[fields:map[attempts:8 current:1 fault:false generation:2 inspected:true phase:pending proof:0 repair:1 repeats:0 reports:implementation,repair,review review:2 saved:7 status:RUNNING] name:Controller params:map[] ref:0 ref_string:Controller#0]] state:map[controller:role Controller#0] stats:map[counts:map[Controller#0.Inspect:1 Controller#0.Proof:2 Controller#0.Restart:1 Controller#0.Review:2 Controller#0.Start:1] totalActions:7] threads:[] witness:[[false false false false]]]
. Expected 77|RUNNING|8|7|implementation,repair,review|1|2|2|0|1
. Actual [str_value:"77|RUNNING|8|7|implementation,repair,review|1|2|2|0|1"], len:1
    Action Link: Controller#0.Review
    Found matching Source Link: src:91 dest:106 name:"Controller#0.Review" weight:0.125 type:"action" 10:"\n\x13Controller#0.Review\x12\n\"DISABLED\""
  End of Request 45, current nodeId: 106, node: map[channel_messages:map[] channels:map[] current:0 failedInvariants:<nil> name:yield returns:{"Controller#0.Review":"DISABLED"} roles:[map[fields:map[attempts:8 current:1 fault:false generation:2 inspected:true phase:pending proof:0 repair:1 repeats:0 reports:implementation,repair,review review:2 saved:7 status:RUNNING] name:Controller params:map[] ref:0 ref_string:Controller#0]] state:map[controller:role Controller#0] stats:map[counts:map[Controller#0.Inspect:1 Controller#0.Proof:2 Controller#0.Restart:1 Controller#0.Review:3 Controller#0.Start:1] totalActions:8] threads:[] witness:[[false false false false]]]
. Expected DISABLED
. Actual [str_value:"DISABLED"], len:1
    Action Link: Controller#0.Start
    Found matching Source Link: src:106 dest:105 name:"Controller#0.Start" weight:0.125 type:"action" 10:"\n\x12Controller#0.Start\x12\n\"DISABLED\""
  End of Request 46, current nodeId: 105, node: map[channel_messages:map[] channels:map[] current:0 failedInvariants:<nil> name:yield returns:{"Controller#0.Start":"DISABLED"} roles:[map[fields:map[attempts:8 current:1 fault:false generation:2 inspected:true phase:pending proof:0 repair:1 repeats:0 reports:implementation,repair,review review:2 saved:7 status:RUNNING] name:Controller params:map[] ref:0 ref_string:Controller#0]] state:map[controller:role Controller#0] stats:map[counts:map[Controller#0.Inspect:1 Controller#0.Proof:2 Controller#0.Restart:1 Controller#0.Review:2 Controller#0.Start:2] totalActions:8] threads:[] witness:[[false false false false]]]
. Expected DISABLED
. Actual [str_value:"DISABLED"], len:1
    Action Link: Controller#0.Start
    Found matching Source Link: src:105 dest:105 name:"Controller#0.Start" weight:0.125 type:"action" 10:"\n\x12Controller#0.Start\x12\n\"DISABLED\""
  End of Request 47, current nodeId: 105, node: map[channel_messages:map[] channels:map[] current:0 failedInvariants:<nil> name:yield returns:{"Controller#0.Start":"DISABLED"} roles:[map[fields:map[attempts:8 current:1 fault:false generation:2 inspected:true phase:pending proof:0 repair:1 repeats:0 reports:implementation,repair,review review:2 saved:7 status:RUNNING] name:Controller params:map[] ref:0 ref_string:Controller#0]] state:map[controller:role Controller#0] stats:map[counts:map[Controller#0.Inspect:1 Controller#0.Proof:2 Controller#0.Restart:1 Controller#0.Review:2 Controller#0.Start:2] totalActions:8] threads:[] witness:[[false false false false]]]
. Expected DISABLED
. Actual [str_value:"DISABLED"], len:1
    Action Link: Controller#0.Restart
    Found matching Source Link: src:105 dest:109 name:"Controller#0.Restart" labels:"Projection.call" weight:0.125 type:"action" 10:"\n\x14Controller#0.Restart\x12=\"1|BLOCKED|8|8|implementation,proof,repair,review|1|2|2|-1|1\""
  End of Request 48, current nodeId: 109, node: map[channel_messages:map[] channels:map[] current:0 failedInvariants:<nil> name:yield returns:{"Controller#0.Restart":"1|BLOCKED|8|8|implementation,proof,repair,review|1|2|2|-1|1"} roles:[map[fields:map[attempts:8 current:1 fault:false generation:2 inspected:true phase:terminal proof:-1 repair:1 repeats:0 reports:implementation,proof,repair,review review:2 saved:8 status:BLOCKED] name:Controller params:map[] ref:0 ref_string:Controller#0]] state:map[controller:role Controller#0] stats:map[counts:map[Controller#0.Inspect:1 Controller#0.Proof:2 Controller#0.Restart:2 Controller#0.Review:2 Controller#0.Start:1] totalActions:8] threads:[] witness:[[false false false false]]]
. Expected 1|BLOCKED|8|8|implementation,proof,repair,review|1|2|2|-1|1
. Actual [str_value:"1|BLOCKED|8|8|implementation,proof,repair,review|1|2|2|-1|1"], len:1
    Action Link: Controller#0.Corrupt
    Found matching Source Link: src:109 dest:124 name:"Controller#0.Corrupt" weight:0.125 type:"action" 10:"\n\x14Controller#0.Corrupt\x12\n\"DISABLED\""
  End of Request 49, current nodeId: 124, node: map[channel_messages:map[] channels:map[] current:0 failedInvariants:<nil> name:yield returns:{"Controller#0.Corrupt":"DISABLED"} roles:[map[fields:map[attempts:8 current:1 fault:false generation:2 inspected:true phase:terminal proof:-1 repair:1 repeats:0 reports:implementation,proof,repair,review review:2 saved:8 status:BLOCKED] name:Controller params:map[] ref:0 ref_string:Controller#0]] state:map[controller:role Controller#0] stats:map[counts:map[Controller#0.Corrupt:1 Controller#0.Inspect:1 Controller#0.Proof:2 Controller#0.Restart:2 Controller#0.Review:2 Controller#0.Start:1] totalActions:9] threads:[] witness:[[false false false false]]]
. Expected DISABLED
. Actual [str_value:"DISABLED"], len:1
    Action Link: Controller#0.Review
    Found matching Source Link: src:124 dest:122 name:"Controller#0.Review" weight:0.125 type:"action" 10:"\n\x13Controller#0.Review\x12\n\"DISABLED\""
  End of Request 50, current nodeId: 122, node: map[channel_messages:map[] channels:map[] current:0 failedInvariants:<nil> name:yield returns:{"Controller#0.Review":"DISABLED"} roles:[map[fields:map[attempts:8 current:1 fault:false generation:2 inspected:true phase:terminal proof:-1 repair:1 repeats:0 reports:implementation,proof,repair,review review:2 saved:8 status:BLOCKED] name:Controller params:map[] ref:0 ref_string:Controller#0]] state:map[controller:role Controller#0] stats:map[counts:map[Controller#0.Inspect:1 Controller#0.Proof:2 Controller#0.Restart:2 Controller#0.Review:3 Controller#0.Start:1] totalActions:9] threads:[] witness:[[false false false false]]]
. Expected DISABLED
. Actual [str_value:"DISABLED"], len:1
    Action Link: Controller#0.Corrupt
    Found matching Source Link: src:122 dest:124 name:"Controller#0.Corrupt" weight:0.125 type:"action" 10:"\n\x14Controller#0.Corrupt\x12\n\"DISABLED\""
  End of Request 51, current nodeId: 124, node: map[channel_messages:map[] channels:map[] current:0 failedInvariants:<nil> name:yield returns:{"Controller#0.Corrupt":"DISABLED"} roles:[map[fields:map[attempts:8 current:1 fault:false generation:2 inspected:true phase:terminal proof:-1 repair:1 repeats:0 reports:implementation,proof,repair,review review:2 saved:8 status:BLOCKED] name:Controller params:map[] ref:0 ref_string:Controller#0]] state:map[controller:role Controller#0] stats:map[counts:map[Controller#0.Corrupt:1 Controller#0.Inspect:1 Controller#0.Proof:2 Controller#0.Restart:2 Controller#0.Review:2 Controller#0.Start:1] totalActions:9] threads:[] witness:[[false false false false]]]
. Expected DISABLED
. Actual [str_value:"DISABLED"], len:1
    Action Link: Controller#0.Review
    Found matching Source Link: src:124 dest:122 name:"Controller#0.Review" weight:0.125 type:"action" 10:"\n\x13Controller#0.Review\x12\n\"DISABLED\""
  End of Request 52, current nodeId: 122, node: map[channel_messages:map[] channels:map[] current:0 failedInvariants:<nil> name:yield returns:{"Controller#0.Review":"DISABLED"} roles:[map[fields:map[attempts:8 current:1 fault:false generation:2 inspected:true phase:terminal proof:-1 repair:1 repeats:0 reports:implementation,proof,repair,review review:2 saved:8 status:BLOCKED] name:Controller params:map[] ref:0 ref_string:Controller#0]] state:map[controller:role Controller#0] stats:map[counts:map[Controller#0.Inspect:1 Controller#0.Proof:2 Controller#0.Restart:2 Controller#0.Review:3 Controller#0.Start:1] totalActions:9] threads:[] witness:[[false false false false]]]
. Expected DISABLED
. Actual [str_value:"DISABLED"], len:1
    Action Link: Controller#0.Review
    Found matching Source Link: src:122 dest:122 name:"Controller#0.Review" weight:0.125 type:"action" 10:"\n\x13Controller#0.Review\x12\n\"DISABLED\""
  End of Request 53, current nodeId: 122, node: map[channel_messages:map[] channels:map[] current:0 failedInvariants:<nil> name:yield returns:{"Controller#0.Review":"DISABLED"} roles:[map[fields:map[attempts:8 current:1 fault:false generation:2 inspected:true phase:terminal proof:-1 repair:1 repeats:0 reports:implementation,proof,repair,review review:2 saved:8 status:BLOCKED] name:Controller params:map[] ref:0 ref_string:Controller#0]] state:map[controller:role Controller#0] stats:map[counts:map[Controller#0.Inspect:1 Controller#0.Proof:2 Controller#0.Restart:2 Controller#0.Review:3 Controller#0.Start:1] totalActions:9] threads:[] witness:[[false false false false]]]
. Expected DISABLED
. Actual [str_value:"DISABLED"], len:1
    Action Link: Controller#0.Corrupt
    Found matching Source Link: src:122 dest:124 name:"Controller#0.Corrupt" weight:0.125 type:"action" 10:"\n\x14Controller#0.Corrupt\x12\n\"DISABLED\""
  End of Request 54, current nodeId: 124, node: map[channel_messages:map[] channels:map[] current:0 failedInvariants:<nil> name:yield returns:{"Controller#0.Corrupt":"DISABLED"} roles:[map[fields:map[attempts:8 current:1 fault:false generation:2 inspected:true phase:terminal proof:-1 repair:1 repeats:0 reports:implementation,proof,repair,review review:2 saved:8 status:BLOCKED] name:Controller params:map[] ref:0 ref_string:Controller#0]] state:map[controller:role Controller#0] stats:map[counts:map[Controller#0.Corrupt:1 Controller#0.Inspect:1 Controller#0.Proof:2 Controller#0.Restart:2 Controller#0.Review:2 Controller#0.Start:1] totalActions:9] threads:[] witness:[[false false false false]]]
. Expected DISABLED
. Actual [str_value:"DISABLED"], len:1
    Action Link: Controller#0.Corrupt
    Found matching Source Link: src:124 dest:124 name:"Controller#0.Corrupt" weight:0.125 type:"action" 10:"\n\x14Controller#0.Corrupt\x12\n\"DISABLED\""
  End of Request 55, current nodeId: 124, node: map[channel_messages:map[] channels:map[] current:0 failedInvariants:<nil> name:yield returns:{"Controller#0.Corrupt":"DISABLED"} roles:[map[fields:map[attempts:8 current:1 fault:false generation:2 inspected:true phase:terminal proof:-1 repair:1 repeats:0 reports:implementation,proof,repair,review review:2 saved:8 status:BLOCKED] name:Controller params:map[] ref:0 ref_string:Controller#0]] state:map[controller:role Controller#0] stats:map[counts:map[Controller#0.Corrupt:1 Controller#0.Inspect:1 Controller#0.Proof:2 Controller#0.Restart:2 Controller#0.Review:2 Controller#0.Start:1] totalActions:9] threads:[] witness:[[false false false false]]]
. Expected DISABLED
. Actual [str_value:"DISABLED"], len:1
    Action Link: Controller#0.Start
    Found matching Source Link: src:124 dest:121 name:"Controller#0.Start" weight:0.125 type:"action" 10:"\n\x12Controller#0.Start\x12\n\"DISABLED\""
  End of Request 56, current nodeId: 121, node: map[channel_messages:map[] channels:map[] current:0 failedInvariants:<nil> name:yield returns:{"Controller#0.Start":"DISABLED"} roles:[map[fields:map[attempts:8 current:1 fault:false generation:2 inspected:true phase:terminal proof:-1 repair:1 repeats:0 reports:implementation,proof,repair,review review:2 saved:8 status:BLOCKED] name:Controller params:map[] ref:0 ref_string:Controller#0]] state:map[controller:role Controller#0] stats:map[counts:map[Controller#0.Inspect:1 Controller#0.Proof:2 Controller#0.Restart:2 Controller#0.Review:2 Controller#0.Start:2] totalActions:9] threads:[] witness:[[false false false false]]]
. Expected DISABLED
. Actual [str_value:"DISABLED"], len:1
    Action Link: Controller#0.Proof
    Found matching Source Link: src:121 dest:123 name:"Controller#0.Proof" weight:0.125 type:"action" 10:"\n\x12Controller#0.Proof\x12\n\"DISABLED\""
  End of Request 57, current nodeId: 123, node: map[channel_messages:map[] channels:map[] current:0 failedInvariants:<nil> name:yield returns:{"Controller#0.Proof":"DISABLED"} roles:[map[fields:map[attempts:8 current:1 fault:false generation:2 inspected:true phase:terminal proof:-1 repair:1 repeats:0 reports:implementation,proof,repair,review review:2 saved:8 status:BLOCKED] name:Controller params:map[] ref:0 ref_string:Controller#0]] state:map[controller:role Controller#0] stats:map[counts:map[Controller#0.Inspect:1 Controller#0.Proof:3 Controller#0.Restart:2 Controller#0.Review:2 Controller#0.Start:1] totalActions:9] threads:[] witness:[[false false false false]]]
. Expected DISABLED
. Actual [str_value:"DISABLED"], len:1
    Action Link: Controller#0.Inspect
    Found matching Source Link: src:123 dest:126 name:"Controller#0.Inspect" weight:0.125 type:"action" 10:"\n\x14Controller#0.Inspect\x12\n\"DISABLED\""
  End of Request 58, current nodeId: 126, node: map[channel_messages:map[] channels:map[] current:0 failedInvariants:<nil> name:yield returns:{"Controller#0.Inspect":"DISABLED"} roles:[map[fields:map[attempts:8 current:1 fault:false generation:2 inspected:true phase:terminal proof:-1 repair:1 repeats:0 reports:implementation,proof,repair,review review:2 saved:8 status:BLOCKED] name:Controller params:map[] ref:0 ref_string:Controller#0]] state:map[controller:role Controller#0] stats:map[counts:map[Controller#0.Inspect:2 Controller#0.Proof:2 Controller#0.Restart:2 Controller#0.Review:2 Controller#0.Start:1] totalActions:9] threads:[] witness:[[false false false false]]]
. Expected DISABLED
. Actual [str_value:"DISABLED"], len:1
    Action Link: Controller#0.Inspect
    Found matching Source Link: src:126 dest:126 name:"Controller#0.Inspect" weight:0.125 type:"action" 10:"\n\x14Controller#0.Inspect\x12\n\"DISABLED\""
  End of Request 59, current nodeId: 126, node: map[channel_messages:map[] channels:map[] current:0 failedInvariants:<nil> name:yield returns:{"Controller#0.Inspect":"DISABLED"} roles:[map[fields:map[attempts:8 current:1 fault:false generation:2 inspected:true phase:terminal proof:-1 repair:1 repeats:0 reports:implementation,proof,repair,review review:2 saved:8 status:BLOCKED] name:Controller params:map[] ref:0 ref_string:Controller#0]] state:map[controller:role Controller#0] stats:map[counts:map[Controller#0.Inspect:2 Controller#0.Proof:2 Controller#0.Restart:2 Controller#0.Review:2 Controller#0.Start:1] totalActions:9] threads:[] witness:[[false false false false]]]
. Expected DISABLED
. Actual [str_value:"DISABLED"], len:1
    Action Link: Controller#0.Inspect
    Found matching Source Link: src:126 dest:126 name:"Controller#0.Inspect" weight:0.125 type:"action" 10:"\n\x14Controller#0.Inspect\x12\n\"DISABLED\""
  End of Request 60, current nodeId: 126, node: map[channel_messages:map[] channels:map[] current:0 failedInvariants:<nil> name:yield returns:{"Controller#0.Inspect":"DISABLED"} roles:[map[fields:map[attempts:8 current:1 fault:false generation:2 inspected:true phase:terminal proof:-1 repair:1 repeats:0 reports:implementation,proof,repair,review review:2 saved:8 status:BLOCKED] name:Controller params:map[] ref:0 ref_string:Controller#0]] state:map[controller:role Controller#0] stats:map[counts:map[Controller#0.Inspect:2 Controller#0.Proof:2 Controller#0.Restart:2 Controller#0.Review:2 Controller#0.Start:1] totalActions:9] threads:[] witness:[[false false false false]]]
. Expected DISABLED
. Actual [str_value:"DISABLED"], len:1
    Action Link: Controller#0.Review
    Found matching Source Link: src:126 dest:122 name:"Controller#0.Review" weight:0.125 type:"action" 10:"\n\x13Controller#0.Review\x12\n\"DISABLED\""
  End of Request 61, current nodeId: 122, node: map[channel_messages:map[] channels:map[] current:0 failedInvariants:<nil> name:yield returns:{"Controller#0.Review":"DISABLED"} roles:[map[fields:map[attempts:8 current:1 fault:false generation:2 inspected:true phase:terminal proof:-1 repair:1 repeats:0 reports:implementation,proof,repair,review review:2 saved:8 status:BLOCKED] name:Controller params:map[] ref:0 ref_string:Controller#0]] state:map[controller:role Controller#0] stats:map[counts:map[Controller#0.Inspect:1 Controller#0.Proof:2 Controller#0.Restart:2 Controller#0.Review:3 Controller#0.Start:1] totalActions:9] threads:[] witness:[[false false false false]]]
. Expected DISABLED
. Actual [str_value:"DISABLED"], len:1
    Action Link: Controller#0.Start
    Found matching Source Link: src:122 dest:121 name:"Controller#0.Start" weight:0.125 type:"action" 10:"\n\x12Controller#0.Start\x12\n\"DISABLED\""
  End of Request 62, current nodeId: 121, node: map[channel_messages:map[] channels:map[] current:0 failedInvariants:<nil> name:yield returns:{"Controller#0.Start":"DISABLED"} roles:[map[fields:map[attempts:8 current:1 fault:false generation:2 inspected:true phase:terminal proof:-1 repair:1 repeats:0 reports:implementation,proof,repair,review review:2 saved:8 status:BLOCKED] name:Controller params:map[] ref:0 ref_string:Controller#0]] state:map[controller:role Controller#0] stats:map[counts:map[Controller#0.Inspect:1 Controller#0.Proof:2 Controller#0.Restart:2 Controller#0.Review:2 Controller#0.Start:2] totalActions:9] threads:[] witness:[[false false false false]]]
. Expected DISABLED
. Actual [str_value:"DISABLED"], len:1
    Action Link: Controller#0.Resume
    Found matching Source Link: src:121 dest:127 name:"Controller#0.Resume" labels:"Projection.call" weight:0.125 type:"action" 10:"\n\x13Controller#0.Resume\x12=\"1|BLOCKED|8|8|implementation,proof,repair,review|1|2|2|-1|1\""
  End of Request 63, current nodeId: 127, node: map[channel_messages:map[] channels:map[] current:0 failedInvariants:<nil> name:yield returns:{"Controller#0.Resume":"1|BLOCKED|8|8|implementation,proof,repair,review|1|2|2|-1|1"} roles:[map[fields:map[attempts:8 current:1 fault:false generation:2 inspected:true phase:terminal proof:-1 repair:1 repeats:1 reports:implementation,proof,repair,review review:2 saved:8 status:BLOCKED] name:Controller params:map[] ref:0 ref_string:Controller#0]] state:map[controller:role Controller#0] stats:map[counts:map[Controller#0.Inspect:1 Controller#0.Proof:2 Controller#0.Restart:2 Controller#0.Resume:1 Controller#0.Review:2 Controller#0.Start:1] totalActions:9] threads:[] witness:[[false false false false]]]
. Expected 1|BLOCKED|8|8|implementation,proof,repair,review|1|2|2|-1|1
. Actual [str_value:"1|BLOCKED|8|8|implementation,proof,repair,review|1|2|2|-1|1"], len:1
    Action Link: Controller#0.Proof
    Found matching Source Link: src:127 dest:139 name:"Controller#0.Proof" weight:0.125 type:"action" 10:"\n\x12Controller#0.Proof\x12\n\"DISABLED\""
  End of Request 64, current nodeId: 139, node: map[channel_messages:map[] channels:map[] current:0 failedInvariants:<nil> name:yield returns:{"Controller#0.Proof":"DISABLED"} roles:[map[fields:map[attempts:8 current:1 fault:false generation:2 inspected:true phase:terminal proof:-1 repair:1 repeats:1 reports:implementation,proof,repair,review review:2 saved:8 status:BLOCKED] name:Controller params:map[] ref:0 ref_string:Controller#0]] state:map[controller:role Controller#0] stats:map[counts:map[Controller#0.Inspect:1 Controller#0.Proof:3 Controller#0.Restart:2 Controller#0.Resume:1 Controller#0.Review:2 Controller#0.Start:1] totalActions:10] threads:[] witness:[[false false false false]]]
. Expected DISABLED
. Actual [str_value:"DISABLED"], len:1
    Action Link: Controller#0.Overlap
    Found matching Source Link: src:139 dest:144 name:"Controller#0.Overlap" weight:0.125 type:"action" 10:"\n\x14Controller#0.Overlap\x12\n\"DISABLED\""
  End of Request 65, current nodeId: 144, node: map[channel_messages:map[] channels:map[] current:0 failedInvariants:<nil> name:yield returns:{"Controller#0.Overlap":"DISABLED"} roles:[map[fields:map[attempts:8 current:1 fault:false generation:2 inspected:true phase:terminal proof:-1 repair:1 repeats:1 reports:implementation,proof,repair,review review:2 saved:8 status:BLOCKED] name:Controller params:map[] ref:0 ref_string:Controller#0]] state:map[controller:role Controller#0] stats:map[counts:map[Controller#0.Inspect:1 Controller#0.Overlap:1 Controller#0.Proof:2 Controller#0.Restart:2 Controller#0.Resume:1 Controller#0.Review:2 Controller#0.Start:1] totalActions:10] threads:[] witness:[[false false false false]]]
. Expected DISABLED
. Actual [str_value:"DISABLED"], len:1
    Action Link: Controller#0.Review
    Found matching Source Link: src:144 dest:138 name:"Controller#0.Review" weight:0.125 type:"action" 10:"\n\x13Controller#0.Review\x12\n\"DISABLED\""
  End of Request 66, current nodeId: 138, node: map[channel_messages:map[] channels:map[] current:0 failedInvariants:<nil> name:yield returns:{"Controller#0.Review":"DISABLED"} roles:[map[fields:map[attempts:8 current:1 fault:false generation:2 inspected:true phase:terminal proof:-1 repair:1 repeats:1 reports:implementation,proof,repair,review review:2 saved:8 status:BLOCKED] name:Controller params:map[] ref:0 ref_string:Controller#0]] state:map[controller:role Controller#0] stats:map[counts:map[Controller#0.Inspect:1 Controller#0.Proof:2 Controller#0.Restart:2 Controller#0.Resume:1 Controller#0.Review:3 Controller#0.Start:1] totalActions:10] threads:[] witness:[[false false false false]]]
. Expected DISABLED
. Actual [str_value:"DISABLED"], len:1
    Action Link: Controller#0.Review
    Found matching Source Link: src:138 dest:138 name:"Controller#0.Review" weight:0.125 type:"action" 10:"\n\x13Controller#0.Review\x12\n\"DISABLED\""
  End of Request 67, current nodeId: 138, node: map[channel_messages:map[] channels:map[] current:0 failedInvariants:<nil> name:yield returns:{"Controller#0.Review":"DISABLED"} roles:[map[fields:map[attempts:8 current:1 fault:false generation:2 inspected:true phase:terminal proof:-1 repair:1 repeats:1 reports:implementation,proof,repair,review review:2 saved:8 status:BLOCKED] name:Controller params:map[] ref:0 ref_string:Controller#0]] state:map[controller:role Controller#0] stats:map[counts:map[Controller#0.Inspect:1 Controller#0.Proof:2 Controller#0.Restart:2 Controller#0.Resume:1 Controller#0.Review:3 Controller#0.Start:1] totalActions:10] threads:[] witness:[[false false false false]]]
. Expected DISABLED
. Actual [str_value:"DISABLED"], len:1
    Action Link: Controller#0.Proof
    Found matching Source Link: src:138 dest:139 name:"Controller#0.Proof" weight:0.125 type:"action" 10:"\n\x12Controller#0.Proof\x12\n\"DISABLED\""
  End of Request 68, current nodeId: 139, node: map[channel_messages:map[] channels:map[] current:0 failedInvariants:<nil> name:yield returns:{"Controller#0.Proof":"DISABLED"} roles:[map[fields:map[attempts:8 current:1 fault:false generation:2 inspected:true phase:terminal proof:-1 repair:1 repeats:1 reports:implementation,proof,repair,review review:2 saved:8 status:BLOCKED] name:Controller params:map[] ref:0 ref_string:Controller#0]] state:map[controller:role Controller#0] stats:map[counts:map[Controller#0.Inspect:1 Controller#0.Proof:3 Controller#0.Restart:2 Controller#0.Resume:1 Controller#0.Review:2 Controller#0.Start:1] totalActions:10] threads:[] witness:[[false false false false]]]
. Expected DISABLED
. Actual [str_value:"DISABLED"], len:1
    Action Link: Controller#0.Proof
    Found matching Source Link: src:139 dest:139 name:"Controller#0.Proof" weight:0.125 type:"action" 10:"\n\x12Controller#0.Proof\x12\n\"DISABLED\""
  End of Request 69, current nodeId: 139, node: map[channel_messages:map[] channels:map[] current:0 failedInvariants:<nil> name:yield returns:{"Controller#0.Proof":"DISABLED"} roles:[map[fields:map[attempts:8 current:1 fault:false generation:2 inspected:true phase:terminal proof:-1 repair:1 repeats:1 reports:implementation,proof,repair,review review:2 saved:8 status:BLOCKED] name:Controller params:map[] ref:0 ref_string:Controller#0]] state:map[controller:role Controller#0] stats:map[counts:map[Controller#0.Inspect:1 Controller#0.Proof:3 Controller#0.Restart:2 Controller#0.Resume:1 Controller#0.Review:2 Controller#0.Start:1] totalActions:10] threads:[] witness:[[false false false false]]]
. Expected DISABLED
. Actual [str_value:"DISABLED"], len:1
    Action Link: Controller#0.Inspect
    Found matching Source Link: src:139 dest:142 name:"Controller#0.Inspect" weight:0.125 type:"action" 10:"\n\x14Controller#0.Inspect\x12\n\"DISABLED\""
  End of Request 70, current nodeId: 142, node: map[channel_messages:map[] channels:map[] current:0 failedInvariants:<nil> name:yield returns:{"Controller#0.Inspect":"DISABLED"} roles:[map[fields:map[attempts:8 current:1 fault:false generation:2 inspected:true phase:terminal proof:-1 repair:1 repeats:1 reports:implementation,proof,repair,review review:2 saved:8 status:BLOCKED] name:Controller params:map[] ref:0 ref_string:Controller#0]] state:map[controller:role Controller#0] stats:map[counts:map[Controller#0.Inspect:2 Controller#0.Proof:2 Controller#0.Restart:2 Controller#0.Resume:1 Controller#0.Review:2 Controller#0.Start:1] totalActions:10] threads:[] witness:[[false false false false]]]
. Expected DISABLED
. Actual [str_value:"DISABLED"], len:1
    Action Link: Controller#0.Start
    Found matching Source Link: src:142 dest:137 name:"Controller#0.Start" weight:0.125 type:"action" 10:"\n\x12Controller#0.Start\x12\n\"DISABLED\""
  End of Request 71, current nodeId: 137, node: map[channel_messages:map[] channels:map[] current:0 failedInvariants:<nil> name:yield returns:{"Controller#0.Start":"DISABLED"} roles:[map[fields:map[attempts:8 current:1 fault:false generation:2 inspected:true phase:terminal proof:-1 repair:1 repeats:1 reports:implementation,proof,repair,review review:2 saved:8 status:BLOCKED] name:Controller params:map[] ref:0 ref_string:Controller#0]] state:map[controller:role Controller#0] stats:map[counts:map[Controller#0.Inspect:1 Controller#0.Proof:2 Controller#0.Restart:2 Controller#0.Resume:1 Controller#0.Review:2 Controller#0.Start:2] totalActions:10] threads:[] witness:[[false false false false]]]
. Expected DISABLED
. Actual [str_value:"DISABLED"], len:1
    Action Link: Controller#0.Proof
    Found matching Source Link: src:137 dest:139 name:"Controller#0.Proof" weight:0.125 type:"action" 10:"\n\x12Controller#0.Proof\x12\n\"DISABLED\""
  End of Request 72, current nodeId: 139, node: map[channel_messages:map[] channels:map[] current:0 failedInvariants:<nil> name:yield returns:{"Controller#0.Proof":"DISABLED"} roles:[map[fields:map[attempts:8 current:1 fault:false generation:2 inspected:true phase:terminal proof:-1 repair:1 repeats:1 reports:implementation,proof,repair,review review:2 saved:8 status:BLOCKED] name:Controller params:map[] ref:0 ref_string:Controller#0]] state:map[controller:role Controller#0] stats:map[counts:map[Controller#0.Inspect:1 Controller#0.Proof:3 Controller#0.Restart:2 Controller#0.Resume:1 Controller#0.Review:2 Controller#0.Start:1] totalActions:10] threads:[] witness:[[false false false false]]]
. Expected DISABLED
. Actual [str_value:"DISABLED"], len:1
    Action Link: Controller#0.Overlap
    Found matching Source Link: src:139 dest:144 name:"Controller#0.Overlap" weight:0.125 type:"action" 10:"\n\x14Controller#0.Overlap\x12\n\"DISABLED\""
  End of Request 73, current nodeId: 144, node: map[channel_messages:map[] channels:map[] current:0 failedInvariants:<nil> name:yield returns:{"Controller#0.Overlap":"DISABLED"} roles:[map[fields:map[attempts:8 current:1 fault:false generation:2 inspected:true phase:terminal proof:-1 repair:1 repeats:1 reports:implementation,proof,repair,review review:2 saved:8 status:BLOCKED] name:Controller params:map[] ref:0 ref_string:Controller#0]] state:map[controller:role Controller#0] stats:map[counts:map[Controller#0.Inspect:1 Controller#0.Overlap:1 Controller#0.Proof:2 Controller#0.Restart:2 Controller#0.Resume:1 Controller#0.Review:2 Controller#0.Start:1] totalActions:10] threads:[] witness:[[false false false false]]]
. Expected DISABLED
. Actual [str_value:"DISABLED"], len:1
    Action Link: Controller#0.Overlap
    Found matching Source Link: src:144 dest:144 name:"Controller#0.Overlap" weight:0.125 type:"action" 10:"\n\x14Controller#0.Overlap\x12\n\"DISABLED\""
  End of Request 74, current nodeId: 144, node: map[channel_messages:map[] channels:map[] current:0 failedInvariants:<nil> name:yield returns:{"Controller#0.Overlap":"DISABLED"} roles:[map[fields:map[attempts:8 current:1 fault:false generation:2 inspected:true phase:terminal proof:-1 repair:1 repeats:1 reports:implementation,proof,repair,review review:2 saved:8 status:BLOCKED] name:Controller params:map[] ref:0 ref_string:Controller#0]] state:map[controller:role Controller#0] stats:map[counts:map[Controller#0.Inspect:1 Controller#0.Overlap:1 Controller#0.Proof:2 Controller#0.Restart:2 Controller#0.Resume:1 Controller#0.Review:2 Controller#0.Start:1] totalActions:10] threads:[] witness:[[false false false false]]]
. Expected DISABLED
. Actual [str_value:"DISABLED"], len:1
    Action Link: Controller#0.Resume
    Found matching Source Link: src:144 dest:143 name:"Controller#0.Resume" labels:"Projection.call" weight:0.125 type:"action" 10:"\n\x13Controller#0.Resume\x12=\"1|BLOCKED|8|8|implementation,proof,repair,review|1|2|2|-1|1\""
  End of Request 75, current nodeId: 143, node: map[channel_messages:map[] channels:map[] current:0 failedInvariants:<nil> name:yield returns:{"Controller#0.Resume":"1|BLOCKED|8|8|implementation,proof,repair,review|1|2|2|-1|1"} roles:[map[fields:map[attempts:8 current:1 fault:false generation:2 inspected:true phase:terminal proof:-1 repair:1 repeats:2 reports:implementation,proof,repair,review review:2 saved:8 status:BLOCKED] name:Controller params:map[] ref:0 ref_string:Controller#0]] state:map[controller:role Controller#0] stats:map[counts:map[Controller#0.Inspect:1 Controller#0.Proof:2 Controller#0.Restart:2 Controller#0.Resume:2 Controller#0.Review:2 Controller#0.Start:1] totalActions:10] threads:[] witness:[[false false false false]]]
. Expected 1|BLOCKED|8|8|implementation,proof,repair,review|1|2|2|-1|1
. Actual [str_value:"1|BLOCKED|8|8|implementation,proof,repair,review|1|2|2|-1|1"], len:1
    Action Link: Controller#0.Proof
    Found matching Source Link: src:143 dest:147 name:"Controller#0.Proof" weight:0.125 type:"action" 10:"\n\x12Controller#0.Proof\x12\n\"DISABLED\""
  End of Request 76, current nodeId: 147, node: map[channel_messages:map[] channels:map[] current:0 failedInvariants:<nil> name:yield returns:{"Controller#0.Proof":"DISABLED"} roles:[map[fields:map[attempts:8 current:1 fault:false generation:2 inspected:true phase:terminal proof:-1 repair:1 repeats:2 reports:implementation,proof,repair,review review:2 saved:8 status:BLOCKED] name:Controller params:map[] ref:0 ref_string:Controller#0]] state:map[controller:role Controller#0] stats:map[counts:map[Controller#0.Inspect:1 Controller#0.Proof:3 Controller#0.Restart:2 Controller#0.Resume:2 Controller#0.Review:2 Controller#0.Start:1] totalActions:11] threads:[] witness:[[false false false false]]]
. Expected DISABLED
. Actual [str_value:"DISABLED"], len:1
    Action Link: Controller#0.Start
    Found matching Source Link: src:147 dest:145 name:"Controller#0.Start" weight:0.125 type:"action" 10:"\n\x12Controller#0.Start\x12\n\"DISABLED\""
  End of Request 77, current nodeId: 145, node: map[channel_messages:map[] channels:map[] current:0 failedInvariants:<nil> name:yield returns:{"Controller#0.Start":"DISABLED"} roles:[map[fields:map[attempts:8 current:1 fault:false generation:2 inspected:true phase:terminal proof:-1 repair:1 repeats:2 reports:implementation,proof,repair,review review:2 saved:8 status:BLOCKED] name:Controller params:map[] ref:0 ref_string:Controller#0]] state:map[controller:role Controller#0] stats:map[counts:map[Controller#0.Inspect:1 Controller#0.Proof:2 Controller#0.Restart:2 Controller#0.Resume:2 Controller#0.Review:2 Controller#0.Start:2] totalActions:11] threads:[] witness:[[false false false false]]]
. Expected DISABLED
. Actual [str_value:"DISABLED"], len:1
    Action Link: Controller#0.Overlap
    Found matching Source Link: src:145 dest:152 name:"Controller#0.Overlap" weight:0.125 type:"action" 10:"\n\x14Controller#0.Overlap\x12\n\"DISABLED\""
  End of Request 78, current nodeId: 152, node: map[channel_messages:map[] channels:map[] current:0 failedInvariants:<nil> name:yield returns:{"Controller#0.Overlap":"DISABLED"} roles:[map[fields:map[attempts:8 current:1 fault:false generation:2 inspected:true phase:terminal proof:-1 repair:1 repeats:2 reports:implementation,proof,repair,review review:2 saved:8 status:BLOCKED] name:Controller params:map[] ref:0 ref_string:Controller#0]] state:map[controller:role Controller#0] stats:map[counts:map[Controller#0.Inspect:1 Controller#0.Overlap:1 Controller#0.Proof:2 Controller#0.Restart:2 Controller#0.Resume:2 Controller#0.Review:2 Controller#0.Start:1] totalActions:11] threads:[] witness:[[false false false false]]]
. Expected DISABLED
. Actual [str_value:"DISABLED"], len:1
    Action Link: Controller#0.Start
    Found matching Source Link: src:152 dest:145 name:"Controller#0.Start" weight:0.125 type:"action" 10:"\n\x12Controller#0.Start\x12\n\"DISABLED\""
  End of Request 79, current nodeId: 145, node: map[channel_messages:map[] channels:map[] current:0 failedInvariants:<nil> name:yield returns:{"Controller#0.Start":"DISABLED"} roles:[map[fields:map[attempts:8 current:1 fault:false generation:2 inspected:true phase:terminal proof:-1 repair:1 repeats:2 reports:implementation,proof,repair,review review:2 saved:8 status:BLOCKED] name:Controller params:map[] ref:0 ref_string:Controller#0]] state:map[controller:role Controller#0] stats:map[counts:map[Controller#0.Inspect:1 Controller#0.Proof:2 Controller#0.Restart:2 Controller#0.Resume:2 Controller#0.Review:2 Controller#0.Start:2] totalActions:11] threads:[] witness:[[false false false false]]]
. Expected DISABLED
. Actual [str_value:"DISABLED"], len:1
    Action Link: Controller#0.Corrupt
    Found matching Source Link: src:145 dest:148 name:"Controller#0.Corrupt" weight:0.125 type:"action" 10:"\n\x14Controller#0.Corrupt\x12\n\"DISABLED\""
  End of Request 80, current nodeId: 148, node: map[channel_messages:map[] channels:map[] current:0 failedInvariants:<nil> name:yield returns:{"Controller#0.Corrupt":"DISABLED"} roles:[map[fields:map[attempts:8 current:1 fault:false generation:2 inspected:true phase:terminal proof:-1 repair:1 repeats:2 reports:implementation,proof,repair,review review:2 saved:8 status:BLOCKED] name:Controller params:map[] ref:0 ref_string:Controller#0]] state:map[controller:role Controller#0] stats:map[counts:map[Controller#0.Corrupt:1 Controller#0.Inspect:1 Controller#0.Proof:2 Controller#0.Restart:2 Controller#0.Resume:2 Controller#0.Review:2 Controller#0.Start:1] totalActions:11] threads:[] witness:[[false false false false]]]
. Expected DISABLED
. Actual [str_value:"DISABLED"], len:1
    Action Link: Controller#0.Corrupt
    Found matching Source Link: src:148 dest:148 name:"Controller#0.Corrupt" weight:0.125 type:"action" 10:"\n\x14Controller#0.Corrupt\x12\n\"DISABLED\""
  End of Request 81, current nodeId: 148, node: map[channel_messages:map[] channels:map[] current:0 failedInvariants:<nil> name:yield returns:{"Controller#0.Corrupt":"DISABLED"} roles:[map[fields:map[attempts:8 current:1 fault:false generation:2 inspected:true phase:terminal proof:-1 repair:1 repeats:2 reports:implementation,proof,repair,review review:2 saved:8 status:BLOCKED] name:Controller params:map[] ref:0 ref_string:Controller#0]] state:map[controller:role Controller#0] stats:map[counts:map[Controller#0.Corrupt:1 Controller#0.Inspect:1 Controller#0.Proof:2 Controller#0.Restart:2 Controller#0.Resume:2 Controller#0.Review:2 Controller#0.Start:1] totalActions:11] threads:[] witness:[[false false false false]]]
. Expected DISABLED
. Actual [str_value:"DISABLED"], len:1
    Action Link: Controller#0.Inspect
    Found matching Source Link: src:148 dest:150 name:"Controller#0.Inspect" weight:0.125 type:"action" 10:"\n\x14Controller#0.Inspect\x12\n\"DISABLED\""
  End of Request 82, current nodeId: 150, node: map[channel_messages:map[] channels:map[] current:0 failedInvariants:<nil> name:yield returns:{"Controller#0.Inspect":"DISABLED"} roles:[map[fields:map[attempts:8 current:1 fault:false generation:2 inspected:true phase:terminal proof:-1 repair:1 repeats:2 reports:implementation,proof,repair,review review:2 saved:8 status:BLOCKED] name:Controller params:map[] ref:0 ref_string:Controller#0]] state:map[controller:role Controller#0] stats:map[counts:map[Controller#0.Inspect:2 Controller#0.Proof:2 Controller#0.Restart:2 Controller#0.Resume:2 Controller#0.Review:2 Controller#0.Start:1] totalActions:11] threads:[] witness:[[false false false false]]]
. Expected DISABLED
. Actual [str_value:"DISABLED"], len:1
    Action Link: Controller#0.Inspect
    Found matching Source Link: src:150 dest:150 name:"Controller#0.Inspect" weight:0.125 type:"action" 10:"\n\x14Controller#0.Inspect\x12\n\"DISABLED\""
  End of Request 83, current nodeId: 150, node: map[channel_messages:map[] channels:map[] current:0 failedInvariants:<nil> name:yield returns:{"Controller#0.Inspect":"DISABLED"} roles:[map[fields:map[attempts:8 current:1 fault:false generation:2 inspected:true phase:terminal proof:-1 repair:1 repeats:2 reports:implementation,proof,repair,review review:2 saved:8 status:BLOCKED] name:Controller params:map[] ref:0 ref_string:Controller#0]] state:map[controller:role Controller#0] stats:map[counts:map[Controller#0.Inspect:2 Controller#0.Proof:2 Controller#0.Restart:2 Controller#0.Resume:2 Controller#0.Review:2 Controller#0.Start:1] totalActions:11] threads:[] witness:[[false false false false]]]
. Expected DISABLED
. Actual [str_value:"DISABLED"], len:1
    Action Link: Controller#0.Start
    Found matching Source Link: src:150 dest:145 name:"Controller#0.Start" weight:0.125 type:"action" 10:"\n\x12Controller#0.Start\x12\n\"DISABLED\""
  End of Request 84, current nodeId: 145, node: map[channel_messages:map[] channels:map[] current:0 failedInvariants:<nil> name:yield returns:{"Controller#0.Start":"DISABLED"} roles:[map[fields:map[attempts:8 current:1 fault:false generation:2 inspected:true phase:terminal proof:-1 repair:1 repeats:2 reports:implementation,proof,repair,review review:2 saved:8 status:BLOCKED] name:Controller params:map[] ref:0 ref_string:Controller#0]] state:map[controller:role Controller#0] stats:map[counts:map[Controller#0.Inspect:1 Controller#0.Proof:2 Controller#0.Restart:2 Controller#0.Resume:2 Controller#0.Review:2 Controller#0.Start:2] totalActions:11] threads:[] witness:[[false false false false]]]
. Expected DISABLED
. Actual [str_value:"DISABLED"], len:1
    Action Link: Controller#0.Review
    Found matching Source Link: src:145 dest:146 name:"Controller#0.Review" weight:0.125 type:"action" 10:"\n\x13Controller#0.Review\x12\n\"DISABLED\""
  End of Request 85, current nodeId: 146, node: map[channel_messages:map[] channels:map[] current:0 failedInvariants:<nil> name:yield returns:{"Controller#0.Review":"DISABLED"} roles:[map[fields:map[attempts:8 current:1 fault:false generation:2 inspected:true phase:terminal proof:-1 repair:1 repeats:2 reports:implementation,proof,repair,review review:2 saved:8 status:BLOCKED] name:Controller params:map[] ref:0 ref_string:Controller#0]] state:map[controller:role Controller#0] stats:map[counts:map[Controller#0.Inspect:1 Controller#0.Proof:2 Controller#0.Restart:2 Controller#0.Resume:2 Controller#0.Review:3 Controller#0.Start:1] totalActions:11] threads:[] witness:[[false false false false]]]
. Expected DISABLED
. Actual [str_value:"DISABLED"], len:1
    Action Link: Controller#0.Resume
    Found matching Source Link: src:146 dest:151 name:"Controller#0.Resume" weight:0.125 type:"action" 10:"\n\x13Controller#0.Resume\x12\n\"DISABLED\""
  End of Request 86, current nodeId: 151, node: map[channel_messages:map[] channels:map[] current:0 failedInvariants:<nil> name:yield returns:{"Controller#0.Resume":"DISABLED"} roles:[map[fields:map[attempts:8 current:1 fault:false generation:2 inspected:true phase:terminal proof:-1 repair:1 repeats:2 reports:implementation,proof,repair,review review:2 saved:8 status:BLOCKED] name:Controller params:map[] ref:0 ref_string:Controller#0]] state:map[controller:role Controller#0] stats:map[counts:map[Controller#0.Inspect:1 Controller#0.Proof:2 Controller#0.Restart:2 Controller#0.Resume:3 Controller#0.Review:2 Controller#0.Start:1] totalActions:11] threads:[] witness:[[false false false false]]]
. Expected DISABLED
. Actual [str_value:"DISABLED"], len:1
    Action Link: Controller#0.Inspect
    Found matching Source Link: src:151 dest:150 name:"Controller#0.Inspect" weight:0.125 type:"action" 10:"\n\x14Controller#0.Inspect\x12\n\"DISABLED\""
  End of Request 87, current nodeId: 150, node: map[channel_messages:map[] channels:map[] current:0 failedInvariants:<nil> name:yield returns:{"Controller#0.Inspect":"DISABLED"} roles:[map[fields:map[attempts:8 current:1 fault:false generation:2 inspected:true phase:terminal proof:-1 repair:1 repeats:2 reports:implementation,proof,repair,review review:2 saved:8 status:BLOCKED] name:Controller params:map[] ref:0 ref_string:Controller#0]] state:map[controller:role Controller#0] stats:map[counts:map[Controller#0.Inspect:2 Controller#0.Proof:2 Controller#0.Restart:2 Controller#0.Resume:2 Controller#0.Review:2 Controller#0.Start:1] totalActions:11] threads:[] witness:[[false false false false]]]
. Expected DISABLED
. Actual [str_value:"DISABLED"], len:1
    Action Link: Controller#0.Proof
    Found matching Source Link: src:150 dest:147 name:"Controller#0.Proof" weight:0.125 type:"action" 10:"\n\x12Controller#0.Proof\x12\n\"DISABLED\""
  End of Request 88, current nodeId: 147, node: map[channel_messages:map[] channels:map[] current:0 failedInvariants:<nil> name:yield returns:{"Controller#0.Proof":"DISABLED"} roles:[map[fields:map[attempts:8 current:1 fault:false generation:2 inspected:true phase:terminal proof:-1 repair:1 repeats:2 reports:implementation,proof,repair,review review:2 saved:8 status:BLOCKED] name:Controller params:map[] ref:0 ref_string:Controller#0]] state:map[controller:role Controller#0] stats:map[counts:map[Controller#0.Inspect:1 Controller#0.Proof:3 Controller#0.Restart:2 Controller#0.Resume:2 Controller#0.Review:2 Controller#0.Start:1] totalActions:11] threads:[] witness:[[false false false false]]]
. Expected DISABLED
. Actual [str_value:"DISABLED"], len:1
    Action Link: Controller#0.Restart
    Found matching Source Link: src:147 dest:149 name:"Controller#0.Restart" weight:0.125 type:"action" 10:"\n\x14Controller#0.Restart\x12\n\"DISABLED\""
  End of Request 89, current nodeId: 149, node: map[channel_messages:map[] channels:map[] current:0 failedInvariants:<nil> name:yield returns:{"Controller#0.Restart":"DISABLED"} roles:[map[fields:map[attempts:8 current:1 fault:false generation:2 inspected:true phase:terminal proof:-1 repair:1 repeats:2 reports:implementation,proof,repair,review review:2 saved:8 status:BLOCKED] name:Controller params:map[] ref:0 ref_string:Controller#0]] state:map[controller:role Controller#0] stats:map[counts:map[Controller#0.Inspect:1 Controller#0.Proof:2 Controller#0.Restart:3 Controller#0.Resume:2 Controller#0.Review:2 Controller#0.Start:1] totalActions:11] threads:[] witness:[[false false false false]]]
. Expected DISABLED
. Actual [str_value:"DISABLED"], len:1
    Action Link: Controller#0.Resume
    Found matching Source Link: src:149 dest:151 name:"Controller#0.Resume" weight:0.125 type:"action" 10:"\n\x13Controller#0.Resume\x12\n\"DISABLED\""
  End of Request 90, current nodeId: 151, node: map[channel_messages:map[] channels:map[] current:0 failedInvariants:<nil> name:yield returns:{"Controller#0.Resume":"DISABLED"} roles:[map[fields:map[attempts:8 current:1 fault:false generation:2 inspected:true phase:terminal proof:-1 repair:1 repeats:2 reports:implementation,proof,repair,review review:2 saved:8 status:BLOCKED] name:Controller params:map[] ref:0 ref_string:Controller#0]] state:map[controller:role Controller#0] stats:map[counts:map[Controller#0.Inspect:1 Controller#0.Proof:2 Controller#0.Restart:2 Controller#0.Resume:3 Controller#0.Review:2 Controller#0.Start:1] totalActions:11] threads:[] witness:[[false false false false]]]
. Expected DISABLED
. Actual [str_value:"DISABLED"], len:1
    Action Link: Controller#0.Overlap
    Found matching Source Link: src:151 dest:152 name:"Controller#0.Overlap" weight:0.125 type:"action" 10:"\n\x14Controller#0.Overlap\x12\n\"DISABLED\""
  End of Request 91, current nodeId: 152, node: map[channel_messages:map[] channels:map[] current:0 failedInvariants:<nil> name:yield returns:{"Controller#0.Overlap":"DISABLED"} roles:[map[fields:map[attempts:8 current:1 fault:false generation:2 inspected:true phase:terminal proof:-1 repair:1 repeats:2 reports:implementation,proof,repair,review review:2 saved:8 status:BLOCKED] name:Controller params:map[] ref:0 ref_string:Controller#0]] state:map[controller:role Controller#0] stats:map[counts:map[Controller#0.Inspect:1 Controller#0.Overlap:1 Controller#0.Proof:2 Controller#0.Restart:2 Controller#0.Resume:2 Controller#0.Review:2 Controller#0.Start:1] totalActions:11] threads:[] witness:[[false false false false]]]
. Expected DISABLED
. Actual [str_value:"DISABLED"], len:1
    Action Link: Controller#0.Overlap
    Found matching Source Link: src:152 dest:152 name:"Controller#0.Overlap" weight:0.125 type:"action" 10:"\n\x14Controller#0.Overlap\x12\n\"DISABLED\""
  End of Request 92, current nodeId: 152, node: map[channel_messages:map[] channels:map[] current:0 failedInvariants:<nil> name:yield returns:{"Controller#0.Overlap":"DISABLED"} roles:[map[fields:map[attempts:8 current:1 fault:false generation:2 inspected:true phase:terminal proof:-1 repair:1 repeats:2 reports:implementation,proof,repair,review review:2 saved:8 status:BLOCKED] name:Controller params:map[] ref:0 ref_string:Controller#0]] state:map[controller:role Controller#0] stats:map[counts:map[Controller#0.Inspect:1 Controller#0.Overlap:1 Controller#0.Proof:2 Controller#0.Restart:2 Controller#0.Resume:2 Controller#0.Review:2 Controller#0.Start:1] totalActions:11] threads:[] witness:[[false false false false]]]
. Expected DISABLED
. Actual [str_value:"DISABLED"], len:1
    Action Link: Controller#0.Resume
    Found matching Source Link: src:152 dest:151 name:"Controller#0.Resume" weight:0.125 type:"action" 10:"\n\x13Controller#0.Resume\x12\n\"DISABLED\""
  End of Request 93, current nodeId: 151, node: map[channel_messages:map[] channels:map[] current:0 failedInvariants:<nil> name:yield returns:{"Controller#0.Resume":"DISABLED"} roles:[map[fields:map[attempts:8 current:1 fault:false generation:2 inspected:true phase:terminal proof:-1 repair:1 repeats:2 reports:implementation,proof,repair,review review:2 saved:8 status:BLOCKED] name:Controller params:map[] ref:0 ref_string:Controller#0]] state:map[controller:role Controller#0] stats:map[counts:map[Controller#0.Inspect:1 Controller#0.Proof:2 Controller#0.Restart:2 Controller#0.Resume:3 Controller#0.Review:2 Controller#0.Start:1] totalActions:11] threads:[] witness:[[false false false false]]]
. Expected DISABLED
. Actual [str_value:"DISABLED"], len:1
    Action Link: Controller#0.Overlap
    Found matching Source Link: src:151 dest:152 name:"Controller#0.Overlap" weight:0.125 type:"action" 10:"\n\x14Controller#0.Overlap\x12\n\"DISABLED\""
  End of Request 94, current nodeId: 152, node: map[channel_messages:map[] channels:map[] current:0 failedInvariants:<nil> name:yield returns:{"Controller#0.Overlap":"DISABLED"} roles:[map[fields:map[attempts:8 current:1 fault:false generation:2 inspected:true phase:terminal proof:-1 repair:1 repeats:2 reports:implementation,proof,repair,review review:2 saved:8 status:BLOCKED] name:Controller params:map[] ref:0 ref_string:Controller#0]] state:map[controller:role Controller#0] stats:map[counts:map[Controller#0.Inspect:1 Controller#0.Overlap:1 Controller#0.Proof:2 Controller#0.Restart:2 Controller#0.Resume:2 Controller#0.Review:2 Controller#0.Start:1] totalActions:11] threads:[] witness:[[false false false false]]]
. Expected DISABLED
. Actual [str_value:"DISABLED"], len:1
    Action Link: Controller#0.Resume
    Found matching Source Link: src:152 dest:151 name:"Controller#0.Resume" weight:0.125 type:"action" 10:"\n\x13Controller#0.Resume\x12\n\"DISABLED\""
  End of Request 95, current nodeId: 151, node: map[channel_messages:map[] channels:map[] current:0 failedInvariants:<nil> name:yield returns:{"Controller#0.Resume":"DISABLED"} roles:[map[fields:map[attempts:8 current:1 fault:false generation:2 inspected:true phase:terminal proof:-1 repair:1 repeats:2 reports:implementation,proof,repair,review review:2 saved:8 status:BLOCKED] name:Controller params:map[] ref:0 ref_string:Controller#0]] state:map[controller:role Controller#0] stats:map[counts:map[Controller#0.Inspect:1 Controller#0.Proof:2 Controller#0.Restart:2 Controller#0.Resume:3 Controller#0.Review:2 Controller#0.Start:1] totalActions:11] threads:[] witness:[[false false false false]]]
. Expected DISABLED
. Actual [str_value:"DISABLED"], len:1
    Action Link: Controller#0.Corrupt
    Found matching Source Link: src:151 dest:148 name:"Controller#0.Corrupt" weight:0.125 type:"action" 10:"\n\x14Controller#0.Corrupt\x12\n\"DISABLED\""
  End of Request 96, current nodeId: 148, node: map[channel_messages:map[] channels:map[] current:0 failedInvariants:<nil> name:yield returns:{"Controller#0.Corrupt":"DISABLED"} roles:[map[fields:map[attempts:8 current:1 fault:false generation:2 inspected:true phase:terminal proof:-1 repair:1 repeats:2 reports:implementation,proof,repair,review review:2 saved:8 status:BLOCKED] name:Controller params:map[] ref:0 ref_string:Controller#0]] state:map[controller:role Controller#0] stats:map[counts:map[Controller#0.Corrupt:1 Controller#0.Inspect:1 Controller#0.Proof:2 Controller#0.Restart:2 Controller#0.Resume:2 Controller#0.Review:2 Controller#0.Start:1] totalActions:11] threads:[] witness:[[false false false false]]]
. Expected DISABLED
. Actual [str_value:"DISABLED"], len:1
    Action Link: Controller#0.Inspect
    Found matching Source Link: src:148 dest:150 name:"Controller#0.Inspect" weight:0.125 type:"action" 10:"\n\x14Controller#0.Inspect\x12\n\"DISABLED\""
  End of Request 97, current nodeId: 150, node: map[channel_messages:map[] channels:map[] current:0 failedInvariants:<nil> name:yield returns:{"Controller#0.Inspect":"DISABLED"} roles:[map[fields:map[attempts:8 current:1 fault:false generation:2 inspected:true phase:terminal proof:-1 repair:1 repeats:2 reports:implementation,proof,repair,review review:2 saved:8 status:BLOCKED] name:Controller params:map[] ref:0 ref_string:Controller#0]] state:map[controller:role Controller#0] stats:map[counts:map[Controller#0.Inspect:2 Controller#0.Proof:2 Controller#0.Restart:2 Controller#0.Resume:2 Controller#0.Review:2 Controller#0.Start:1] totalActions:11] threads:[] witness:[[false false false false]]]
. Expected DISABLED
. Actual [str_value:"DISABLED"], len:1
    Action Link: Controller#0.Start
    Found matching Source Link: src:150 dest:145 name:"Controller#0.Start" weight:0.125 type:"action" 10:"\n\x12Controller#0.Start\x12\n\"DISABLED\""
  End of Request 98, current nodeId: 145, node: map[channel_messages:map[] channels:map[] current:0 failedInvariants:<nil> name:yield returns:{"Controller#0.Start":"DISABLED"} roles:[map[fields:map[attempts:8 current:1 fault:false generation:2 inspected:true phase:terminal proof:-1 repair:1 repeats:2 reports:implementation,proof,repair,review review:2 saved:8 status:BLOCKED] name:Controller params:map[] ref:0 ref_string:Controller#0]] state:map[controller:role Controller#0] stats:map[counts:map[Controller#0.Inspect:1 Controller#0.Proof:2 Controller#0.Restart:2 Controller#0.Resume:2 Controller#0.Review:2 Controller#0.Start:2] totalActions:11] threads:[] witness:[[false false false false]]]
. Expected DISABLED
. Actual [str_value:"DISABLED"], len:1
    Action Link: Controller#0.Corrupt
    Found matching Source Link: src:145 dest:148 name:"Controller#0.Corrupt" weight:0.125 type:"action" 10:"\n\x14Controller#0.Corrupt\x12\n\"DISABLED\""
  End of Request 99, current nodeId: 148, node: map[channel_messages:map[] channels:map[] current:0 failedInvariants:<nil> name:yield returns:{"Controller#0.Corrupt":"DISABLED"} roles:[map[fields:map[attempts:8 current:1 fault:false generation:2 inspected:true phase:terminal proof:-1 repair:1 repeats:2 reports:implementation,proof,repair,review review:2 saved:8 status:BLOCKED] name:Controller params:map[] ref:0 ref_string:Controller#0]] state:map[controller:role Controller#0] stats:map[counts:map[Controller#0.Corrupt:1 Controller#0.Inspect:1 Controller#0.Proof:2 Controller#0.Restart:2 Controller#0.Resume:2 Controller#0.Review:2 Controller#0.Start:1] totalActions:11] threads:[] witness:[[false false false false]]]
. Expected DISABLED
. Actual [str_value:"DISABLED"], len:1
    Action Link: Controller#0.Start
    Found matching Source Link: src:148 dest:145 name:"Controller#0.Start" weight:0.125 type:"action" 10:"\n\x12Controller#0.Start\x12\n\"DISABLED\""
  End of Request 100, current nodeId: 145, node: map[channel_messages:map[] channels:map[] current:0 failedInvariants:<nil> name:yield returns:{"Controller#0.Start":"DISABLED"} roles:[map[fields:map[attempts:8 current:1 fault:false generation:2 inspected:true phase:terminal proof:-1 repair:1 repeats:2 reports:implementation,proof,repair,review review:2 saved:8 status:BLOCKED] name:Controller params:map[] ref:0 ref_string:Controller#0]] state:map[controller:role Controller#0] stats:map[counts:map[Controller#0.Inspect:1 Controller#0.Proof:2 Controller#0.Restart:2 Controller#0.Resume:2 Controller#0.Review:2 Controller#0.Start:2] totalActions:11] threads:[] witness:[[false false false false]]]
. Expected DISABLED
. Actual [str_value:"DISABLED"], len:1
    Action Link: Controller#0.Review
    Found matching Source Link: src:145 dest:146 name:"Controller#0.Review" weight:0.125 type:"action" 10:"\n\x13Controller#0.Review\x12\n\"DISABLED\""
  End of Request 101, current nodeId: 146, node: map[channel_messages:map[] channels:map[] current:0 failedInvariants:<nil> name:yield returns:{"Controller#0.Review":"DISABLED"} roles:[map[fields:map[attempts:8 current:1 fault:false generation:2 inspected:true phase:terminal proof:-1 repair:1 repeats:2 reports:implementation,proof,repair,review review:2 saved:8 status:BLOCKED] name:Controller params:map[] ref:0 ref_string:Controller#0]] state:map[controller:role Controller#0] stats:map[counts:map[Controller#0.Inspect:1 Controller#0.Proof:2 Controller#0.Restart:2 Controller#0.Resume:2 Controller#0.Review:3 Controller#0.Start:1] totalActions:11] threads:[] witness:[[false false false false]]]
. Expected DISABLED
. Actual [str_value:"DISABLED"], len:1
    Action Link: Controller#0.Review
    Found matching Source Link: src:146 dest:146 name:"Controller#0.Review" weight:0.125 type:"action" 10:"\n\x13Controller#0.Review\x12\n\"DISABLED\""
  End of Request 102, current nodeId: 146, node: map[channel_messages:map[] channels:map[] current:0 failedInvariants:<nil> name:yield returns:{"Controller#0.Review":"DISABLED"} roles:[map[fields:map[attempts:8 current:1 fault:false generation:2 inspected:true phase:terminal proof:-1 repair:1 repeats:2 reports:implementation,proof,repair,review review:2 saved:8 status:BLOCKED] name:Controller params:map[] ref:0 ref_string:Controller#0]] state:map[controller:role Controller#0] stats:map[counts:map[Controller#0.Inspect:1 Controller#0.Proof:2 Controller#0.Restart:2 Controller#0.Resume:2 Controller#0.Review:3 Controller#0.Start:1] totalActions:11] threads:[] witness:[[false false false false]]]
. Expected DISABLED
. Actual [str_value:"DISABLED"], len:1
    Action Link: Controller#0.Inspect
    Found matching Source Link: src:146 dest:150 name:"Controller#0.Inspect" weight:0.125 type:"action" 10:"\n\x14Controller#0.Inspect\x12\n\"DISABLED\""
  End of Request 103, current nodeId: 150, node: map[channel_messages:map[] channels:map[] current:0 failedInvariants:<nil> name:yield returns:{"Controller#0.Inspect":"DISABLED"} roles:[map[fields:map[attempts:8 current:1 fault:false generation:2 inspected:true phase:terminal proof:-1 repair:1 repeats:2 reports:implementation,proof,repair,review review:2 saved:8 status:BLOCKED] name:Controller params:map[] ref:0 ref_string:Controller#0]] state:map[controller:role Controller#0] stats:map[counts:map[Controller#0.Inspect:2 Controller#0.Proof:2 Controller#0.Restart:2 Controller#0.Resume:2 Controller#0.Review:2 Controller#0.Start:1] totalActions:11] threads:[] witness:[[false false false false]]]
. Expected DISABLED
. Actual [str_value:"DISABLED"], len:1
    Action Link: Controller#0.Resume
    Found matching Source Link: src:150 dest:151 name:"Controller#0.Resume" weight:0.125 type:"action" 10:"\n\x13Controller#0.Resume\x12\n\"DISABLED\""
  End of Request 104, current nodeId: 151, node: map[channel_messages:map[] channels:map[] current:0 failedInvariants:<nil> name:yield returns:{"Controller#0.Resume":"DISABLED"} roles:[map[fields:map[attempts:8 current:1 fault:false generation:2 inspected:true phase:terminal proof:-1 repair:1 repeats:2 reports:implementation,proof,repair,review review:2 saved:8 status:BLOCKED] name:Controller params:map[] ref:0 ref_string:Controller#0]] state:map[controller:role Controller#0] stats:map[counts:map[Controller#0.Inspect:1 Controller#0.Proof:2 Controller#0.Restart:2 Controller#0.Resume:3 Controller#0.Review:2 Controller#0.Start:1] totalActions:11] threads:[] witness:[[false false false false]]]
. Expected DISABLED
. Actual [str_value:"DISABLED"], len:1
    Action Link: Controller#0.Inspect
    Found matching Source Link: src:151 dest:150 name:"Controller#0.Inspect" weight:0.125 type:"action" 10:"\n\x14Controller#0.Inspect\x12\n\"DISABLED\""
  End of Request 105, current nodeId: 150, node: map[channel_messages:map[] channels:map[] current:0 failedInvariants:<nil> name:yield returns:{"Controller#0.Inspect":"DISABLED"} roles:[map[fields:map[attempts:8 current:1 fault:false generation:2 inspected:true phase:terminal proof:-1 repair:1 repeats:2 reports:implementation,proof,repair,review review:2 saved:8 status:BLOCKED] name:Controller params:map[] ref:0 ref_string:Controller#0]] state:map[controller:role Controller#0] stats:map[counts:map[Controller#0.Inspect:2 Controller#0.Proof:2 Controller#0.Restart:2 Controller#0.Resume:2 Controller#0.Review:2 Controller#0.Start:1] totalActions:11] threads:[] witness:[[false false false false]]]
. Expected DISABLED
. Actual [str_value:"DISABLED"], len:1
    Action Link: Controller#0.Inspect
    Found matching Source Link: src:150 dest:150 name:"Controller#0.Inspect" weight:0.125 type:"action" 10:"\n\x14Controller#0.Inspect\x12\n\"DISABLED\""
  End of Request 106, current nodeId: 150, node: map[channel_messages:map[] channels:map[] current:0 failedInvariants:<nil> name:yield returns:{"Controller#0.Inspect":"DISABLED"} roles:[map[fields:map[attempts:8 current:1 fault:false generation:2 inspected:true phase:terminal proof:-1 repair:1 repeats:2 reports:implementation,proof,repair,review review:2 saved:8 status:BLOCKED] name:Controller params:map[] ref:0 ref_string:Controller#0]] state:map[controller:role Controller#0] stats:map[counts:map[Controller#0.Inspect:2 Controller#0.Proof:2 Controller#0.Restart:2 Controller#0.Resume:2 Controller#0.Review:2 Controller#0.Start:1] totalActions:11] threads:[] witness:[[false false false false]]]
. Expected DISABLED
. Actual [str_value:"DISABLED"], len:1
    Action Link: Controller#0.Inspect
    Found matching Source Link: src:150 dest:150 name:"Controller#0.Inspect" weight:0.125 type:"action" 10:"\n\x14Controller#0.Inspect\x12\n\"DISABLED\""
  End of Request 107, current nodeId: 150, node: map[channel_messages:map[] channels:map[] current:0 failedInvariants:<nil> name:yield returns:{"Controller#0.Inspect":"DISABLED"} roles:[map[fields:map[attempts:8 current:1 fault:false generation:2 inspected:true phase:terminal proof:-1 repair:1 repeats:2 reports:implementation,proof,repair,review review:2 saved:8 status:BLOCKED] name:Controller params:map[] ref:0 ref_string:Controller#0]] state:map[controller:role Controller#0] stats:map[counts:map[Controller#0.Inspect:2 Controller#0.Proof:2 Controller#0.Restart:2 Controller#0.Resume:2 Controller#0.Review:2 Controller#0.Start:1] totalActions:11] threads:[] witness:[[false false false false]]]
. Expected DISABLED
. Actual [str_value:"DISABLED"], len:1
    Action Link: Controller#0.Review
    Found matching Source Link: src:150 dest:146 name:"Controller#0.Review" weight:0.125 type:"action" 10:"\n\x13Controller#0.Review\x12\n\"DISABLED\""
  End of Request 108, current nodeId: 146, node: map[channel_messages:map[] channels:map[] current:0 failedInvariants:<nil> name:yield returns:{"Controller#0.Review":"DISABLED"} roles:[map[fields:map[attempts:8 current:1 fault:false generation:2 inspected:true phase:terminal proof:-1 repair:1 repeats:2 reports:implementation,proof,repair,review review:2 saved:8 status:BLOCKED] name:Controller params:map[] ref:0 ref_string:Controller#0]] state:map[controller:role Controller#0] stats:map[counts:map[Controller#0.Inspect:1 Controller#0.Proof:2 Controller#0.Restart:2 Controller#0.Resume:2 Controller#0.Review:3 Controller#0.Start:1] totalActions:11] threads:[] witness:[[false false false false]]]
. Expected DISABLED
. Actual [str_value:"DISABLED"], len:1
    Action Link: Controller#0.Corrupt
    Found matching Source Link: src:146 dest:148 name:"Controller#0.Corrupt" weight:0.125 type:"action" 10:"\n\x14Controller#0.Corrupt\x12\n\"DISABLED\""
  End of Request 109, current nodeId: 148, node: map[channel_messages:map[] channels:map[] current:0 failedInvariants:<nil> name:yield returns:{"Controller#0.Corrupt":"DISABLED"} roles:[map[fields:map[attempts:8 current:1 fault:false generation:2 inspected:true phase:terminal proof:-1 repair:1 repeats:2 reports:implementation,proof,repair,review review:2 saved:8 status:BLOCKED] name:Controller params:map[] ref:0 ref_string:Controller#0]] state:map[controller:role Controller#0] stats:map[counts:map[Controller#0.Corrupt:1 Controller#0.Inspect:1 Controller#0.Proof:2 Controller#0.Restart:2 Controller#0.Resume:2 Controller#0.Review:2 Controller#0.Start:1] totalActions:11] threads:[] witness:[[false false false false]]]
. Expected DISABLED
. Actual [str_value:"DISABLED"], len:1
    Action Link: Controller#0.Start
    Found matching Source Link: src:148 dest:145 name:"Controller#0.Start" weight:0.125 type:"action" 10:"\n\x12Controller#0.Start\x12\n\"DISABLED\""
  End of Request 110, current nodeId: 145, node: map[channel_messages:map[] channels:map[] current:0 failedInvariants:<nil> name:yield returns:{"Controller#0.Start":"DISABLED"} roles:[map[fields:map[attempts:8 current:1 fault:false generation:2 inspected:true phase:terminal proof:-1 repair:1 repeats:2 reports:implementation,proof,repair,review review:2 saved:8 status:BLOCKED] name:Controller params:map[] ref:0 ref_string:Controller#0]] state:map[controller:role Controller#0] stats:map[counts:map[Controller#0.Inspect:1 Controller#0.Proof:2 Controller#0.Restart:2 Controller#0.Resume:2 Controller#0.Review:2 Controller#0.Start:2] totalActions:11] threads:[] witness:[[false false false false]]]
. Expected DISABLED
. Actual [str_value:"DISABLED"], len:1
    Action Link: Controller#0.Review
    Found matching Source Link: src:145 dest:146 name:"Controller#0.Review" weight:0.125 type:"action" 10:"\n\x13Controller#0.Review\x12\n\"DISABLED\""
  End of Request 111, current nodeId: 146, node: map[channel_messages:map[] channels:map[] current:0 failedInvariants:<nil> name:yield returns:{"Controller#0.Review":"DISABLED"} roles:[map[fields:map[attempts:8 current:1 fault:false generation:2 inspected:true phase:terminal proof:-1 repair:1 repeats:2 reports:implementation,proof,repair,review review:2 saved:8 status:BLOCKED] name:Controller params:map[] ref:0 ref_string:Controller#0]] state:map[controller:role Controller#0] stats:map[counts:map[Controller#0.Inspect:1 Controller#0.Proof:2 Controller#0.Restart:2 Controller#0.Resume:2 Controller#0.Review:3 Controller#0.Start:1] totalActions:11] threads:[] witness:[[false false false false]]]
. Expected DISABLED
. Actual [str_value:"DISABLED"], len:1
    Action Link: Controller#0.Inspect
    Found matching Source Link: src:146 dest:150 name:"Controller#0.Inspect" weight:0.125 type:"action" 10:"\n\x14Controller#0.Inspect\x12\n\"DISABLED\""
  End of Request 112, current nodeId: 150, node: map[channel_messages:map[] channels:map[] current:0 failedInvariants:<nil> name:yield returns:{"Controller#0.Inspect":"DISABLED"} roles:[map[fields:map[attempts:8 current:1 fault:false generation:2 inspected:true phase:terminal proof:-1 repair:1 repeats:2 reports:implementation,proof,repair,review review:2 saved:8 status:BLOCKED] name:Controller params:map[] ref:0 ref_string:Controller#0]] state:map[controller:role Controller#0] stats:map[counts:map[Controller#0.Inspect:2 Controller#0.Proof:2 Controller#0.Restart:2 Controller#0.Resume:2 Controller#0.Review:2 Controller#0.Start:1] totalActions:11] threads:[] witness:[[false false false false]]]
. Expected DISABLED
. Actual [str_value:"DISABLED"], len:1
    Action Link: Controller#0.Review
    Found matching Source Link: src:150 dest:146 name:"Controller#0.Review" weight:0.125 type:"action" 10:"\n\x13Controller#0.Review\x12\n\"DISABLED\""
  End of Request 113, current nodeId: 146, node: map[channel_messages:map[] channels:map[] current:0 failedInvariants:<nil> name:yield returns:{"Controller#0.Review":"DISABLED"} roles:[map[fields:map[attempts:8 current:1 fault:false generation:2 inspected:true phase:terminal proof:-1 repair:1 repeats:2 reports:implementation,proof,repair,review review:2 saved:8 status:BLOCKED] name:Controller params:map[] ref:0 ref_string:Controller#0]] state:map[controller:role Controller#0] stats:map[counts:map[Controller#0.Inspect:1 Controller#0.Proof:2 Controller#0.Restart:2 Controller#0.Resume:2 Controller#0.Review:3 Controller#0.Start:1] totalActions:11] threads:[] witness:[[false false false false]]]
. Expected DISABLED
. Actual [str_value:"DISABLED"], len:1
    Action Link: Controller#0.Start
    Found matching Source Link: src:146 dest:145 name:"Controller#0.Start" weight:0.125 type:"action" 10:"\n\x12Controller#0.Start\x12\n\"DISABLED\""
  End of Request 114, current nodeId: 145, node: map[channel_messages:map[] channels:map[] current:0 failedInvariants:<nil> name:yield returns:{"Controller#0.Start":"DISABLED"} roles:[map[fields:map[attempts:8 current:1 fault:false generation:2 inspected:true phase:terminal proof:-1 repair:1 repeats:2 reports:implementation,proof,repair,review review:2 saved:8 status:BLOCKED] name:Controller params:map[] ref:0 ref_string:Controller#0]] state:map[controller:role Controller#0] stats:map[counts:map[Controller#0.Inspect:1 Controller#0.Proof:2 Controller#0.Restart:2 Controller#0.Resume:2 Controller#0.Review:2 Controller#0.Start:2] totalActions:11] threads:[] witness:[[false false false false]]]
. Expected DISABLED
. Actual [str_value:"DISABLED"], len:1
    Action Link: Controller#0.Inspect
    Found matching Source Link: src:145 dest:150 name:"Controller#0.Inspect" weight:0.125 type:"action" 10:"\n\x14Controller#0.Inspect\x12\n\"DISABLED\""
  End of Request 115, current nodeId: 150, node: map[channel_messages:map[] channels:map[] current:0 failedInvariants:<nil> name:yield returns:{"Controller#0.Inspect":"DISABLED"} roles:[map[fields:map[attempts:8 current:1 fault:false generation:2 inspected:true phase:terminal proof:-1 repair:1 repeats:2 reports:implementation,proof,repair,review review:2 saved:8 status:BLOCKED] name:Controller params:map[] ref:0 ref_string:Controller#0]] state:map[controller:role Controller#0] stats:map[counts:map[Controller#0.Inspect:2 Controller#0.Proof:2 Controller#0.Restart:2 Controller#0.Resume:2 Controller#0.Review:2 Controller#0.Start:1] totalActions:11] threads:[] witness:[[false false false false]]]
. Expected DISABLED
. Actual [str_value:"DISABLED"], len:1
    Action Link: Controller#0.Review
    Found matching Source Link: src:150 dest:146 name:"Controller#0.Review" weight:0.125 type:"action" 10:"\n\x13Controller#0.Review\x12\n\"DISABLED\""
  End of Request 116, current nodeId: 146, node: map[channel_messages:map[] channels:map[] current:0 failedInvariants:<nil> name:yield returns:{"Controller#0.Review":"DISABLED"} roles:[map[fields:map[attempts:8 current:1 fault:false generation:2 inspected:true phase:terminal proof:-1 repair:1 repeats:2 reports:implementation,proof,repair,review review:2 saved:8 status:BLOCKED] name:Controller params:map[] ref:0 ref_string:Controller#0]] state:map[controller:role Controller#0] stats:map[counts:map[Controller#0.Inspect:1 Controller#0.Proof:2 Controller#0.Restart:2 Controller#0.Resume:2 Controller#0.Review:3 Controller#0.Start:1] totalActions:11] threads:[] witness:[[false false false false]]]
. Expected DISABLED
. Actual [str_value:"DISABLED"], len:1
    Action Link: Controller#0.Start
    Found matching Source Link: src:146 dest:145 name:"Controller#0.Start" weight:0.125 type:"action" 10:"\n\x12Controller#0.Start\x12\n\"DISABLED\""
  End of Request 117, current nodeId: 145, node: map[channel_messages:map[] channels:map[] current:0 failedInvariants:<nil> name:yield returns:{"Controller#0.Start":"DISABLED"} roles:[map[fields:map[attempts:8 current:1 fault:false generation:2 inspected:true phase:terminal proof:-1 repair:1 repeats:2 reports:implementation,proof,repair,review review:2 saved:8 status:BLOCKED] name:Controller params:map[] ref:0 ref_string:Controller#0]] state:map[controller:role Controller#0] stats:map[counts:map[Controller#0.Inspect:1 Controller#0.Proof:2 Controller#0.Restart:2 Controller#0.Resume:2 Controller#0.Review:2 Controller#0.Start:2] totalActions:11] threads:[] witness:[[false false false false]]]
. Expected DISABLED
. Actual [str_value:"DISABLED"], len:1
    Action Link: Controller#0.Proof
    Found matching Source Link: src:145 dest:147 name:"Controller#0.Proof" weight:0.125 type:"action" 10:"\n\x12Controller#0.Proof\x12\n\"DISABLED\""
  End of Request 118, current nodeId: 147, node: map[channel_messages:map[] channels:map[] current:0 failedInvariants:<nil> name:yield returns:{"Controller#0.Proof":"DISABLED"} roles:[map[fields:map[attempts:8 current:1 fault:false generation:2 inspected:true phase:terminal proof:-1 repair:1 repeats:2 reports:implementation,proof,repair,review review:2 saved:8 status:BLOCKED] name:Controller params:map[] ref:0 ref_string:Controller#0]] state:map[controller:role Controller#0] stats:map[counts:map[Controller#0.Inspect:1 Controller#0.Proof:3 Controller#0.Restart:2 Controller#0.Resume:2 Controller#0.Review:2 Controller#0.Start:1] totalActions:11] threads:[] witness:[[false false false false]]]
. Expected DISABLED
. Actual [str_value:"DISABLED"], len:1
    Action Link: Controller#0.Corrupt
    Found matching Source Link: src:147 dest:148 name:"Controller#0.Corrupt" weight:0.125 type:"action" 10:"\n\x14Controller#0.Corrupt\x12\n\"DISABLED\""
  End of Request 119, current nodeId: 148, node: map[channel_messages:map[] channels:map[] current:0 failedInvariants:<nil> name:yield returns:{"Controller#0.Corrupt":"DISABLED"} roles:[map[fields:map[attempts:8 current:1 fault:false generation:2 inspected:true phase:terminal proof:-1 repair:1 repeats:2 reports:implementation,proof,repair,review review:2 saved:8 status:BLOCKED] name:Controller params:map[] ref:0 ref_string:Controller#0]] state:map[controller:role Controller#0] stats:map[counts:map[Controller#0.Corrupt:1 Controller#0.Inspect:1 Controller#0.Proof:2 Controller#0.Restart:2 Controller#0.Resume:2 Controller#0.Review:2 Controller#0.Start:1] totalActions:11] threads:[] witness:[[false false false false]]]
. Expected DISABLED
. Actual [str_value:"DISABLED"], len:1
    Action Link: Controller#0.Inspect
    Found matching Source Link: src:148 dest:150 name:"Controller#0.Inspect" weight:0.125 type:"action" 10:"\n\x14Controller#0.Inspect\x12\n\"DISABLED\""
  End of Request 120, current nodeId: 150, node: map[channel_messages:map[] channels:map[] current:0 failedInvariants:<nil> name:yield returns:{"Controller#0.Inspect":"DISABLED"} roles:[map[fields:map[attempts:8 current:1 fault:false generation:2 inspected:true phase:terminal proof:-1 repair:1 repeats:2 reports:implementation,proof,repair,review review:2 saved:8 status:BLOCKED] name:Controller params:map[] ref:0 ref_string:Controller#0]] state:map[controller:role Controller#0] stats:map[counts:map[Controller#0.Inspect:2 Controller#0.Proof:2 Controller#0.Restart:2 Controller#0.Resume:2 Controller#0.Review:2 Controller#0.Start:1] totalActions:11] threads:[] witness:[[false false false false]]]
. Expected DISABLED
. Actual [str_value:"DISABLED"], len:1
    Action Link: Controller#0.Review
    Found matching Source Link: src:150 dest:146 name:"Controller#0.Review" weight:0.125 type:"action" 10:"\n\x13Controller#0.Review\x12\n\"DISABLED\""
  End of Request 121, current nodeId: 146, node: map[channel_messages:map[] channels:map[] current:0 failedInvariants:<nil> name:yield returns:{"Controller#0.Review":"DISABLED"} roles:[map[fields:map[attempts:8 current:1 fault:false generation:2 inspected:true phase:terminal proof:-1 repair:1 repeats:2 reports:implementation,proof,repair,review review:2 saved:8 status:BLOCKED] name:Controller params:map[] ref:0 ref_string:Controller#0]] state:map[controller:role Controller#0] stats:map[counts:map[Controller#0.Inspect:1 Controller#0.Proof:2 Controller#0.Restart:2 Controller#0.Resume:2 Controller#0.Review:3 Controller#0.Start:1] totalActions:11] threads:[] witness:[[false false false false]]]
. Expected DISABLED
. Actual [str_value:"DISABLED"], len:1
    Action Link: Controller#0.Resume
    Found matching Source Link: src:146 dest:151 name:"Controller#0.Resume" weight:0.125 type:"action" 10:"\n\x13Controller#0.Resume\x12\n\"DISABLED\""
  End of Request 122, current nodeId: 151, node: map[channel_messages:map[] channels:map[] current:0 failedInvariants:<nil> name:yield returns:{"Controller#0.Resume":"DISABLED"} roles:[map[fields:map[attempts:8 current:1 fault:false generation:2 inspected:true phase:terminal proof:-1 repair:1 repeats:2 reports:implementation,proof,repair,review review:2 saved:8 status:BLOCKED] name:Controller params:map[] ref:0 ref_string:Controller#0]] state:map[controller:role Controller#0] stats:map[counts:map[Controller#0.Inspect:1 Controller#0.Proof:2 Controller#0.Restart:2 Controller#0.Resume:3 Controller#0.Review:2 Controller#0.Start:1] totalActions:11] threads:[] witness:[[false false false false]]]
. Expected DISABLED
. Actual [str_value:"DISABLED"], len:1
    Action Link: Controller#0.Corrupt
    Found matching Source Link: src:151 dest:148 name:"Controller#0.Corrupt" weight:0.125 type:"action" 10:"\n\x14Controller#0.Corrupt\x12\n\"DISABLED\""
  End of Request 123, current nodeId: 148, node: map[channel_messages:map[] channels:map[] current:0 failedInvariants:<nil> name:yield returns:{"Controller#0.Corrupt":"DISABLED"} roles:[map[fields:map[attempts:8 current:1 fault:false generation:2 inspected:true phase:terminal proof:-1 repair:1 repeats:2 reports:implementation,proof,repair,review review:2 saved:8 status:BLOCKED] name:Controller params:map[] ref:0 ref_string:Controller#0]] state:map[controller:role Controller#0] stats:map[counts:map[Controller#0.Corrupt:1 Controller#0.Inspect:1 Controller#0.Proof:2 Controller#0.Restart:2 Controller#0.Resume:2 Controller#0.Review:2 Controller#0.Start:1] totalActions:11] threads:[] witness:[[false false false false]]]
. Expected DISABLED
. Actual [str_value:"DISABLED"], len:1
    Action Link: Controller#0.Start
    Found matching Source Link: src:148 dest:145 name:"Controller#0.Start" weight:0.125 type:"action" 10:"\n\x12Controller#0.Start\x12\n\"DISABLED\""
  End of Request 124, current nodeId: 145, node: map[channel_messages:map[] channels:map[] current:0 failedInvariants:<nil> name:yield returns:{"Controller#0.Start":"DISABLED"} roles:[map[fields:map[attempts:8 current:1 fault:false generation:2 inspected:true phase:terminal proof:-1 repair:1 repeats:2 reports:implementation,proof,repair,review review:2 saved:8 status:BLOCKED] name:Controller params:map[] ref:0 ref_string:Controller#0]] state:map[controller:role Controller#0] stats:map[counts:map[Controller#0.Inspect:1 Controller#0.Proof:2 Controller#0.Restart:2 Controller#0.Resume:2 Controller#0.Review:2 Controller#0.Start:2] totalActions:11] threads:[] witness:[[false false false false]]]
. Expected DISABLED
. Actual [str_value:"DISABLED"], len:1
    Action Link: Controller#0.Proof
    Found matching Source Link: src:145 dest:147 name:"Controller#0.Proof" weight:0.125 type:"action" 10:"\n\x12Controller#0.Proof\x12\n\"DISABLED\""
  End of Request 125, current nodeId: 147, node: map[channel_messages:map[] channels:map[] current:0 failedInvariants:<nil> name:yield returns:{"Controller#0.Proof":"DISABLED"} roles:[map[fields:map[attempts:8 current:1 fault:false generation:2 inspected:true phase:terminal proof:-1 repair:1 repeats:2 reports:implementation,proof,repair,review review:2 saved:8 status:BLOCKED] name:Controller params:map[] ref:0 ref_string:Controller#0]] state:map[controller:role Controller#0] stats:map[counts:map[Controller#0.Inspect:1 Controller#0.Proof:3 Controller#0.Restart:2 Controller#0.Resume:2 Controller#0.Review:2 Controller#0.Start:1] totalActions:11] threads:[] witness:[[false false false false]]]
. Expected DISABLED
. Actual [str_value:"DISABLED"], len:1
    Action Link: Controller#0.Review
    Found matching Source Link: src:147 dest:146 name:"Controller#0.Review" weight:0.125 type:"action" 10:"\n\x13Controller#0.Review\x12\n\"DISABLED\""
  End of Request 126, current nodeId: 146, node: map[channel_messages:map[] channels:map[] current:0 failedInvariants:<nil> name:yield returns:{"Controller#0.Review":"DISABLED"} roles:[map[fields:map[attempts:8 current:1 fault:false generation:2 inspected:true phase:terminal proof:-1 repair:1 repeats:2 reports:implementation,proof,repair,review review:2 saved:8 status:BLOCKED] name:Controller params:map[] ref:0 ref_string:Controller#0]] state:map[controller:role Controller#0] stats:map[counts:map[Controller#0.Inspect:1 Controller#0.Proof:2 Controller#0.Restart:2 Controller#0.Resume:2 Controller#0.Review:3 Controller#0.Start:1] totalActions:11] threads:[] witness:[[false false false false]]]
. Expected DISABLED
. Actual [str_value:"DISABLED"], len:1
    Action Link: Controller#0.Restart
    Found matching Source Link: src:146 dest:149 name:"Controller#0.Restart" weight:0.125 type:"action" 10:"\n\x14Controller#0.Restart\x12\n\"DISABLED\""
  End of Request 127, current nodeId: 149, node: map[channel_messages:map[] channels:map[] current:0 failedInvariants:<nil> name:yield returns:{"Controller#0.Restart":"DISABLED"} roles:[map[fields:map[attempts:8 current:1 fault:false generation:2 inspected:true phase:terminal proof:-1 repair:1 repeats:2 reports:implementation,proof,repair,review review:2 saved:8 status:BLOCKED] name:Controller params:map[] ref:0 ref_string:Controller#0]] state:map[controller:role Controller#0] stats:map[counts:map[Controller#0.Inspect:1 Controller#0.Proof:2 Controller#0.Restart:3 Controller#0.Resume:2 Controller#0.Review:2 Controller#0.Start:1] totalActions:11] threads:[] witness:[[false false false false]]]
. Expected DISABLED
. Actual [str_value:"DISABLED"], len:1
    Action Link: Controller#0.Resume
    Found matching Source Link: src:149 dest:151 name:"Controller#0.Resume" weight:0.125 type:"action" 10:"\n\x13Controller#0.Resume\x12\n\"DISABLED\""
  End of Request 128, current nodeId: 151, node: map[channel_messages:map[] channels:map[] current:0 failedInvariants:<nil> name:yield returns:{"Controller#0.Resume":"DISABLED"} roles:[map[fields:map[attempts:8 current:1 fault:false generation:2 inspected:true phase:terminal proof:-1 repair:1 repeats:2 reports:implementation,proof,repair,review review:2 saved:8 status:BLOCKED] name:Controller params:map[] ref:0 ref_string:Controller#0]] state:map[controller:role Controller#0] stats:map[counts:map[Controller#0.Inspect:1 Controller#0.Proof:2 Controller#0.Restart:2 Controller#0.Resume:3 Controller#0.Review:2 Controller#0.Start:1] totalActions:11] threads:[] witness:[[false false false false]]]
. Expected DISABLED
. Actual [str_value:"DISABLED"], len:1
    Action Link: Controller#0.Review
    Found matching Source Link: src:151 dest:146 name:"Controller#0.Review" weight:0.125 type:"action" 10:"\n\x13Controller#0.Review\x12\n\"DISABLED\""
  End of Request 129, current nodeId: 146, node: map[channel_messages:map[] channels:map[] current:0 failedInvariants:<nil> name:yield returns:{"Controller#0.Review":"DISABLED"} roles:[map[fields:map[attempts:8 current:1 fault:false generation:2 inspected:true phase:terminal proof:-1 repair:1 repeats:2 reports:implementation,proof,repair,review review:2 saved:8 status:BLOCKED] name:Controller params:map[] ref:0 ref_string:Controller#0]] state:map[controller:role Controller#0] stats:map[counts:map[Controller#0.Inspect:1 Controller#0.Proof:2 Controller#0.Restart:2 Controller#0.Resume:2 Controller#0.Review:3 Controller#0.Start:1] totalActions:11] threads:[] witness:[[false false false false]]]
. Expected DISABLED
. Actual [str_value:"DISABLED"], len:1
    Action Link: Controller#0.Restart
    Found matching Source Link: src:146 dest:149 name:"Controller#0.Restart" weight:0.125 type:"action" 10:"\n\x14Controller#0.Restart\x12\n\"DISABLED\""
  End of Request 130, current nodeId: 149, node: map[channel_messages:map[] channels:map[] current:0 failedInvariants:<nil> name:yield returns:{"Controller#0.Restart":"DISABLED"} roles:[map[fields:map[attempts:8 current:1 fault:false generation:2 inspected:true phase:terminal proof:-1 repair:1 repeats:2 reports:implementation,proof,repair,review review:2 saved:8 status:BLOCKED] name:Controller params:map[] ref:0 ref_string:Controller#0]] state:map[controller:role Controller#0] stats:map[counts:map[Controller#0.Inspect:1 Controller#0.Proof:2 Controller#0.Restart:3 Controller#0.Resume:2 Controller#0.Review:2 Controller#0.Start:1] totalActions:11] threads:[] witness:[[false false false false]]]
. Expected DISABLED
. Actual [str_value:"DISABLED"], len:1
    Action Link: Controller#0.Inspect
    Found matching Source Link: src:149 dest:150 name:"Controller#0.Inspect" weight:0.125 type:"action" 10:"\n\x14Controller#0.Inspect\x12\n\"DISABLED\""
  End of Request 131, current nodeId: 150, node: map[channel_messages:map[] channels:map[] current:0 failedInvariants:<nil> name:yield returns:{"Controller#0.Inspect":"DISABLED"} roles:[map[fields:map[attempts:8 current:1 fault:false generation:2 inspected:true phase:terminal proof:-1 repair:1 repeats:2 reports:implementation,proof,repair,review review:2 saved:8 status:BLOCKED] name:Controller params:map[] ref:0 ref_string:Controller#0]] state:map[controller:role Controller#0] stats:map[counts:map[Controller#0.Inspect:2 Controller#0.Proof:2 Controller#0.Restart:2 Controller#0.Resume:2 Controller#0.Review:2 Controller#0.Start:1] totalActions:11] threads:[] witness:[[false false false false]]]
. Expected DISABLED
. Actual [str_value:"DISABLED"], len:1
    Action Link: Controller#0.Resume
    Found matching Source Link: src:150 dest:151 name:"Controller#0.Resume" weight:0.125 type:"action" 10:"\n\x13Controller#0.Resume\x12\n\"DISABLED\""
  End of Request 132, current nodeId: 151, node: map[channel_messages:map[] channels:map[] current:0 failedInvariants:<nil> name:yield returns:{"Controller#0.Resume":"DISABLED"} roles:[map[fields:map[attempts:8 current:1 fault:false generation:2 inspected:true phase:terminal proof:-1 repair:1 repeats:2 reports:implementation,proof,repair,review review:2 saved:8 status:BLOCKED] name:Controller params:map[] ref:0 ref_string:Controller#0]] state:map[controller:role Controller#0] stats:map[counts:map[Controller#0.Inspect:1 Controller#0.Proof:2 Controller#0.Restart:2 Controller#0.Resume:3 Controller#0.Review:2 Controller#0.Start:1] totalActions:11] threads:[] witness:[[false false false false]]]
. Expected DISABLED
. Actual [str_value:"DISABLED"], len:1
    Action Link: Controller#0.Restart
    Found matching Source Link: src:151 dest:149 name:"Controller#0.Restart" weight:0.125 type:"action" 10:"\n\x14Controller#0.Restart\x12\n\"DISABLED\""
  End of Request 133, current nodeId: 149, node: map[channel_messages:map[] channels:map[] current:0 failedInvariants:<nil> name:yield returns:{"Controller#0.Restart":"DISABLED"} roles:[map[fields:map[attempts:8 current:1 fault:false generation:2 inspected:true phase:terminal proof:-1 repair:1 repeats:2 reports:implementation,proof,repair,review review:2 saved:8 status:BLOCKED] name:Controller params:map[] ref:0 ref_string:Controller#0]] state:map[controller:role Controller#0] stats:map[counts:map[Controller#0.Inspect:1 Controller#0.Proof:2 Controller#0.Restart:3 Controller#0.Resume:2 Controller#0.Review:2 Controller#0.Start:1] totalActions:11] threads:[] witness:[[false false false false]]]
. Expected DISABLED
. Actual [str_value:"DISABLED"], len:1
    Action Link: Controller#0.Review
    Found matching Source Link: src:149 dest:146 name:"Controller#0.Review" weight:0.125 type:"action" 10:"\n\x13Controller#0.Review\x12\n\"DISABLED\""
  End of Request 134, current nodeId: 146, node: map[channel_messages:map[] channels:map[] current:0 failedInvariants:<nil> name:yield returns:{"Controller#0.Review":"DISABLED"} roles:[map[fields:map[attempts:8 current:1 fault:false generation:2 inspected:true phase:terminal proof:-1 repair:1 repeats:2 reports:implementation,proof,repair,review review:2 saved:8 status:BLOCKED] name:Controller params:map[] ref:0 ref_string:Controller#0]] state:map[controller:role Controller#0] stats:map[counts:map[Controller#0.Inspect:1 Controller#0.Proof:2 Controller#0.Restart:2 Controller#0.Resume:2 Controller#0.Review:3 Controller#0.Start:1] totalActions:11] threads:[] witness:[[false false false false]]]
. Expected DISABLED
. Actual [str_value:"DISABLED"], len:1
    Action Link: Controller#0.Overlap
    Found matching Source Link: src:146 dest:152 name:"Controller#0.Overlap" weight:0.125 type:"action" 10:"\n\x14Controller#0.Overlap\x12\n\"DISABLED\""
  End of Request 135, current nodeId: 152, node: map[channel_messages:map[] channels:map[] current:0 failedInvariants:<nil> name:yield returns:{"Controller#0.Overlap":"DISABLED"} roles:[map[fields:map[attempts:8 current:1 fault:false generation:2 inspected:true phase:terminal proof:-1 repair:1 repeats:2 reports:implementation,proof,repair,review review:2 saved:8 status:BLOCKED] name:Controller params:map[] ref:0 ref_string:Controller#0]] state:map[controller:role Controller#0] stats:map[counts:map[Controller#0.Inspect:1 Controller#0.Overlap:1 Controller#0.Proof:2 Controller#0.Restart:2 Controller#0.Resume:2 Controller#0.Review:2 Controller#0.Start:1] totalActions:11] threads:[] witness:[[false false false false]]]
. Expected DISABLED
. Actual [str_value:"DISABLED"], len:1
    Action Link: Controller#0.Restart
    Found matching Source Link: src:152 dest:149 name:"Controller#0.Restart" weight:0.125 type:"action" 10:"\n\x14Controller#0.Restart\x12\n\"DISABLED\""
  End of Request 136, current nodeId: 149, node: map[channel_messages:map[] channels:map[] current:0 failedInvariants:<nil> name:yield returns:{"Controller#0.Restart":"DISABLED"} roles:[map[fields:map[attempts:8 current:1 fault:false generation:2 inspected:true phase:terminal proof:-1 repair:1 repeats:2 reports:implementation,proof,repair,review review:2 saved:8 status:BLOCKED] name:Controller params:map[] ref:0 ref_string:Controller#0]] state:map[controller:role Controller#0] stats:map[counts:map[Controller#0.Inspect:1 Controller#0.Proof:2 Controller#0.Restart:3 Controller#0.Resume:2 Controller#0.Review:2 Controller#0.Start:1] totalActions:11] threads:[] witness:[[false false false false]]]
. Expected DISABLED
. Actual [str_value:"DISABLED"], len:1
    Action Link: Controller#0.Restart
    Found matching Source Link: src:149 dest:149 name:"Controller#0.Restart" weight:0.125 type:"action" 10:"\n\x14Controller#0.Restart\x12\n\"DISABLED\""
  End of Request 137, current nodeId: 149, node: map[channel_messages:map[] channels:map[] current:0 failedInvariants:<nil> name:yield returns:{"Controller#0.Restart":"DISABLED"} roles:[map[fields:map[attempts:8 current:1 fault:false generation:2 inspected:true phase:terminal proof:-1 repair:1 repeats:2 reports:implementation,proof,repair,review review:2 saved:8 status:BLOCKED] name:Controller params:map[] ref:0 ref_string:Controller#0]] state:map[controller:role Controller#0] stats:map[counts:map[Controller#0.Inspect:1 Controller#0.Proof:2 Controller#0.Restart:3 Controller#0.Resume:2 Controller#0.Review:2 Controller#0.Start:1] totalActions:11] threads:[] witness:[[false false false false]]]
. Expected DISABLED
. Actual [str_value:"DISABLED"], len:1
    Action Link: Controller#0.Restart
    Found matching Source Link: src:149 dest:149 name:"Controller#0.Restart" weight:0.125 type:"action" 10:"\n\x14Controller#0.Restart\x12\n\"DISABLED\""
  End of Request 138, current nodeId: 149, node: map[channel_messages:map[] channels:map[] current:0 failedInvariants:<nil> name:yield returns:{"Controller#0.Restart":"DISABLED"} roles:[map[fields:map[attempts:8 current:1 fault:false generation:2 inspected:true phase:terminal proof:-1 repair:1 repeats:2 reports:implementation,proof,repair,review review:2 saved:8 status:BLOCKED] name:Controller params:map[] ref:0 ref_string:Controller#0]] state:map[controller:role Controller#0] stats:map[counts:map[Controller#0.Inspect:1 Controller#0.Proof:2 Controller#0.Restart:3 Controller#0.Resume:2 Controller#0.Review:2 Controller#0.Start:1] totalActions:11] threads:[] witness:[[false false false false]]]
. Expected DISABLED
. Actual [str_value:"DISABLED"], len:1
    Action Link: Controller#0.Start
    Found matching Source Link: src:149 dest:145 name:"Controller#0.Start" weight:0.125 type:"action" 10:"\n\x12Controller#0.Start\x12\n\"DISABLED\""
  End of Request 139, current nodeId: 145, node: map[channel_messages:map[] channels:map[] current:0 failedInvariants:<nil> name:yield returns:{"Controller#0.Start":"DISABLED"} roles:[map[fields:map[attempts:8 current:1 fault:false generation:2 inspected:true phase:terminal proof:-1 repair:1 repeats:2 reports:implementation,proof,repair,review review:2 saved:8 status:BLOCKED] name:Controller params:map[] ref:0 ref_string:Controller#0]] state:map[controller:role Controller#0] stats:map[counts:map[Controller#0.Inspect:1 Controller#0.Proof:2 Controller#0.Restart:2 Controller#0.Resume:2 Controller#0.Review:2 Controller#0.Start:2] totalActions:11] threads:[] witness:[[false false false false]]]
. Expected DISABLED
. Actual [str_value:"DISABLED"], len:1
    Action Link: Controller#0.Proof
    Found matching Source Link: src:145 dest:147 name:"Controller#0.Proof" weight:0.125 type:"action" 10:"\n\x12Controller#0.Proof\x12\n\"DISABLED\""
  End of Request 140, current nodeId: 147, node: map[channel_messages:map[] channels:map[] current:0 failedInvariants:<nil> name:yield returns:{"Controller#0.Proof":"DISABLED"} roles:[map[fields:map[attempts:8 current:1 fault:false generation:2 inspected:true phase:terminal proof:-1 repair:1 repeats:2 reports:implementation,proof,repair,review review:2 saved:8 status:BLOCKED] name:Controller params:map[] ref:0 ref_string:Controller#0]] state:map[controller:role Controller#0] stats:map[counts:map[Controller#0.Inspect:1 Controller#0.Proof:3 Controller#0.Restart:2 Controller#0.Resume:2 Controller#0.Review:2 Controller#0.Start:1] totalActions:11] threads:[] witness:[[false false false false]]]
. Expected DISABLED
. Actual [str_value:"DISABLED"], len:1
    Action Link: Controller#0.Resume
    Found matching Source Link: src:147 dest:151 name:"Controller#0.Resume" weight:0.125 type:"action" 10:"\n\x13Controller#0.Resume\x12\n\"DISABLED\""
  End of Request 141, current nodeId: 151, node: map[channel_messages:map[] channels:map[] current:0 failedInvariants:<nil> name:yield returns:{"Controller#0.Resume":"DISABLED"} roles:[map[fields:map[attempts:8 current:1 fault:false generation:2 inspected:true phase:terminal proof:-1 repair:1 repeats:2 reports:implementation,proof,repair,review review:2 saved:8 status:BLOCKED] name:Controller params:map[] ref:0 ref_string:Controller#0]] state:map[controller:role Controller#0] stats:map[counts:map[Controller#0.Inspect:1 Controller#0.Proof:2 Controller#0.Restart:2 Controller#0.Resume:3 Controller#0.Review:2 Controller#0.Start:1] totalActions:11] threads:[] witness:[[false false false false]]]
. Expected DISABLED
. Actual [str_value:"DISABLED"], len:1
    Action Link: Controller#0.Review
    Found matching Source Link: src:151 dest:146 name:"Controller#0.Review" weight:0.125 type:"action" 10:"\n\x13Controller#0.Review\x12\n\"DISABLED\""
  End of Request 142, current nodeId: 146, node: map[channel_messages:map[] channels:map[] current:0 failedInvariants:<nil> name:yield returns:{"Controller#0.Review":"DISABLED"} roles:[map[fields:map[attempts:8 current:1 fault:false generation:2 inspected:true phase:terminal proof:-1 repair:1 repeats:2 reports:implementation,proof,repair,review review:2 saved:8 status:BLOCKED] name:Controller params:map[] ref:0 ref_string:Controller#0]] state:map[controller:role Controller#0] stats:map[counts:map[Controller#0.Inspect:1 Controller#0.Proof:2 Controller#0.Restart:2 Controller#0.Resume:2 Controller#0.Review:3 Controller#0.Start:1] totalActions:11] threads:[] witness:[[false false false false]]]
. Expected DISABLED
. Actual [str_value:"DISABLED"], len:1
    Action Link: Controller#0.Review
    Found matching Source Link: src:146 dest:146 name:"Controller#0.Review" weight:0.125 type:"action" 10:"\n\x13Controller#0.Review\x12\n\"DISABLED\""
  End of Request 143, current nodeId: 146, node: map[channel_messages:map[] channels:map[] current:0 failedInvariants:<nil> name:yield returns:{"Controller#0.Review":"DISABLED"} roles:[map[fields:map[attempts:8 current:1 fault:false generation:2 inspected:true phase:terminal proof:-1 repair:1 repeats:2 reports:implementation,proof,repair,review review:2 saved:8 status:BLOCKED] name:Controller params:map[] ref:0 ref_string:Controller#0]] state:map[controller:role Controller#0] stats:map[counts:map[Controller#0.Inspect:1 Controller#0.Proof:2 Controller#0.Restart:2 Controller#0.Resume:2 Controller#0.Review:3 Controller#0.Start:1] totalActions:11] threads:[] witness:[[false false false false]]]
. Expected DISABLED
. Actual [str_value:"DISABLED"], len:1
    Action Link: Controller#0.Corrupt
    Found matching Source Link: src:146 dest:148 name:"Controller#0.Corrupt" weight:0.125 type:"action" 10:"\n\x14Controller#0.Corrupt\x12\n\"DISABLED\""
  End of Request 144, current nodeId: 148, node: map[channel_messages:map[] channels:map[] current:0 failedInvariants:<nil> name:yield returns:{"Controller#0.Corrupt":"DISABLED"} roles:[map[fields:map[attempts:8 current:1 fault:false generation:2 inspected:true phase:terminal proof:-1 repair:1 repeats:2 reports:implementation,proof,repair,review review:2 saved:8 status:BLOCKED] name:Controller params:map[] ref:0 ref_string:Controller#0]] state:map[controller:role Controller#0] stats:map[counts:map[Controller#0.Corrupt:1 Controller#0.Inspect:1 Controller#0.Proof:2 Controller#0.Restart:2 Controller#0.Resume:2 Controller#0.Review:2 Controller#0.Start:1] totalActions:11] threads:[] witness:[[false false false false]]]
. Expected DISABLED
. Actual [str_value:"DISABLED"], len:1
    Action Link: Controller#0.Proof
    Found matching Source Link: src:148 dest:147 name:"Controller#0.Proof" weight:0.125 type:"action" 10:"\n\x12Controller#0.Proof\x12\n\"DISABLED\""
  End of Request 145, current nodeId: 147, node: map[channel_messages:map[] channels:map[] current:0 failedInvariants:<nil> name:yield returns:{"Controller#0.Proof":"DISABLED"} roles:[map[fields:map[attempts:8 current:1 fault:false generation:2 inspected:true phase:terminal proof:-1 repair:1 repeats:2 reports:implementation,proof,repair,review review:2 saved:8 status:BLOCKED] name:Controller params:map[] ref:0 ref_string:Controller#0]] state:map[controller:role Controller#0] stats:map[counts:map[Controller#0.Inspect:1 Controller#0.Proof:3 Controller#0.Restart:2 Controller#0.Resume:2 Controller#0.Review:2 Controller#0.Start:1] totalActions:11] threads:[] witness:[[false false false false]]]
. Expected DISABLED
. Actual [str_value:"DISABLED"], len:1
    Action Link: Controller#0.Restart
    Found matching Source Link: src:147 dest:149 name:"Controller#0.Restart" weight:0.125 type:"action" 10:"\n\x14Controller#0.Restart\x12\n\"DISABLED\""
  End of Request 146, current nodeId: 149, node: map[channel_messages:map[] channels:map[] current:0 failedInvariants:<nil> name:yield returns:{"Controller#0.Restart":"DISABLED"} roles:[map[fields:map[attempts:8 current:1 fault:false generation:2 inspected:true phase:terminal proof:-1 repair:1 repeats:2 reports:implementation,proof,repair,review review:2 saved:8 status:BLOCKED] name:Controller params:map[] ref:0 ref_string:Controller#0]] state:map[controller:role Controller#0] stats:map[counts:map[Controller#0.Inspect:1 Controller#0.Proof:2 Controller#0.Restart:3 Controller#0.Resume:2 Controller#0.Review:2 Controller#0.Start:1] totalActions:11] threads:[] witness:[[false false false false]]]
. Expected DISABLED
. Actual [str_value:"DISABLED"], len:1
    Action Link: Controller#0.Inspect
    Found matching Source Link: src:149 dest:150 name:"Controller#0.Inspect" weight:0.125 type:"action" 10:"\n\x14Controller#0.Inspect\x12\n\"DISABLED\""
  End of Request 147, current nodeId: 150, node: map[channel_messages:map[] channels:map[] current:0 failedInvariants:<nil> name:yield returns:{"Controller#0.Inspect":"DISABLED"} roles:[map[fields:map[attempts:8 current:1 fault:false generation:2 inspected:true phase:terminal proof:-1 repair:1 repeats:2 reports:implementation,proof,repair,review review:2 saved:8 status:BLOCKED] name:Controller params:map[] ref:0 ref_string:Controller#0]] state:map[controller:role Controller#0] stats:map[counts:map[Controller#0.Inspect:2 Controller#0.Proof:2 Controller#0.Restart:2 Controller#0.Resume:2 Controller#0.Review:2 Controller#0.Start:1] totalActions:11] threads:[] witness:[[false false false false]]]
. Expected DISABLED
. Actual [str_value:"DISABLED"], len:1
    Action Link: Controller#0.Proof
    Found matching Source Link: src:150 dest:147 name:"Controller#0.Proof" weight:0.125 type:"action" 10:"\n\x12Controller#0.Proof\x12\n\"DISABLED\""
  End of Request 148, current nodeId: 147, node: map[channel_messages:map[] channels:map[] current:0 failedInvariants:<nil> name:yield returns:{"Controller#0.Proof":"DISABLED"} roles:[map[fields:map[attempts:8 current:1 fault:false generation:2 inspected:true phase:terminal proof:-1 repair:1 repeats:2 reports:implementation,proof,repair,review review:2 saved:8 status:BLOCKED] name:Controller params:map[] ref:0 ref_string:Controller#0]] state:map[controller:role Controller#0] stats:map[counts:map[Controller#0.Inspect:1 Controller#0.Proof:3 Controller#0.Restart:2 Controller#0.Resume:2 Controller#0.Review:2 Controller#0.Start:1] totalActions:11] threads:[] witness:[[false false false false]]]
. Expected DISABLED
. Actual [str_value:"DISABLED"], len:1
    Action Link: Controller#0.Restart
    Found matching Source Link: src:147 dest:149 name:"Controller#0.Restart" weight:0.125 type:"action" 10:"\n\x14Controller#0.Restart\x12\n\"DISABLED\""
  End of Request 149, current nodeId: 149, node: map[channel_messages:map[] channels:map[] current:0 failedInvariants:<nil> name:yield returns:{"Controller#0.Restart":"DISABLED"} roles:[map[fields:map[attempts:8 current:1 fault:false generation:2 inspected:true phase:terminal proof:-1 repair:1 repeats:2 reports:implementation,proof,repair,review review:2 saved:8 status:BLOCKED] name:Controller params:map[] ref:0 ref_string:Controller#0]] state:map[controller:role Controller#0] stats:map[counts:map[Controller#0.Inspect:1 Controller#0.Proof:2 Controller#0.Restart:3 Controller#0.Resume:2 Controller#0.Review:2 Controller#0.Start:1] totalActions:11] threads:[] witness:[[false false false false]]]
. Expected DISABLED
. Actual [str_value:"DISABLED"], len:1
    Action Link: Controller#0.Review
    Found matching Source Link: src:149 dest:146 name:"Controller#0.Review" weight:0.125 type:"action" 10:"\n\x13Controller#0.Review\x12\n\"DISABLED\""
  End of Request 150, current nodeId: 146, node: map[channel_messages:map[] channels:map[] current:0 failedInvariants:<nil> name:yield returns:{"Controller#0.Review":"DISABLED"} roles:[map[fields:map[attempts:8 current:1 fault:false generation:2 inspected:true phase:terminal proof:-1 repair:1 repeats:2 reports:implementation,proof,repair,review review:2 saved:8 status:BLOCKED] name:Controller params:map[] ref:0 ref_string:Controller#0]] state:map[controller:role Controller#0] stats:map[counts:map[Controller#0.Inspect:1 Controller#0.Proof:2 Controller#0.Restart:2 Controller#0.Resume:2 Controller#0.Review:3 Controller#0.Start:1] totalActions:11] threads:[] witness:[[false false false false]]]
. Expected DISABLED
. Actual [str_value:"DISABLED"], len:1
    Action Link: Controller#0.Review
    Found matching Source Link: src:146 dest:146 name:"Controller#0.Review" weight:0.125 type:"action" 10:"\n\x13Controller#0.Review\x12\n\"DISABLED\""
  End of Request 151, current nodeId: 146, node: map[channel_messages:map[] channels:map[] current:0 failedInvariants:<nil> name:yield returns:{"Controller#0.Review":"DISABLED"} roles:[map[fields:map[attempts:8 current:1 fault:false generation:2 inspected:true phase:terminal proof:-1 repair:1 repeats:2 reports:implementation,proof,repair,review review:2 saved:8 status:BLOCKED] name:Controller params:map[] ref:0 ref_string:Controller#0]] state:map[controller:role Controller#0] stats:map[counts:map[Controller#0.Inspect:1 Controller#0.Proof:2 Controller#0.Restart:2 Controller#0.Resume:2 Controller#0.Review:3 Controller#0.Start:1] totalActions:11] threads:[] witness:[[false false false false]]]
. Expected DISABLED
. Actual [str_value:"DISABLED"], len:1
    Action Link: Controller#0.Review
    Found matching Source Link: src:146 dest:146 name:"Controller#0.Review" weight:0.125 type:"action" 10:"\n\x13Controller#0.Review\x12\n\"DISABLED\""
  End of Request 152, current nodeId: 146, node: map[channel_messages:map[] channels:map[] current:0 failedInvariants:<nil> name:yield returns:{"Controller#0.Review":"DISABLED"} roles:[map[fields:map[attempts:8 current:1 fault:false generation:2 inspected:true phase:terminal proof:-1 repair:1 repeats:2 reports:implementation,proof,repair,review review:2 saved:8 status:BLOCKED] name:Controller params:map[] ref:0 ref_string:Controller#0]] state:map[controller:role Controller#0] stats:map[counts:map[Controller#0.Inspect:1 Controller#0.Proof:2 Controller#0.Restart:2 Controller#0.Resume:2 Controller#0.Review:3 Controller#0.Start:1] totalActions:11] threads:[] witness:[[false false false false]]]
. Expected DISABLED
. Actual [str_value:"DISABLED"], len:1
    Action Link: Controller#0.Restart
    Found matching Source Link: src:146 dest:149 name:"Controller#0.Restart" weight:0.125 type:"action" 10:"\n\x14Controller#0.Restart\x12\n\"DISABLED\""
  End of Request 153, current nodeId: 149, node: map[channel_messages:map[] channels:map[] current:0 failedInvariants:<nil> name:yield returns:{"Controller#0.Restart":"DISABLED"} roles:[map[fields:map[attempts:8 current:1 fault:false generation:2 inspected:true phase:terminal proof:-1 repair:1 repeats:2 reports:implementation,proof,repair,review review:2 saved:8 status:BLOCKED] name:Controller params:map[] ref:0 ref_string:Controller#0]] state:map[controller:role Controller#0] stats:map[counts:map[Controller#0.Inspect:1 Controller#0.Proof:2 Controller#0.Restart:3 Controller#0.Resume:2 Controller#0.Review:2 Controller#0.Start:1] totalActions:11] threads:[] witness:[[false false false false]]]
. Expected DISABLED
. Actual [str_value:"DISABLED"], len:1
    Action Link: Controller#0.Resume
    Found matching Source Link: src:149 dest:151 name:"Controller#0.Resume" weight:0.125 type:"action" 10:"\n\x13Controller#0.Resume\x12\n\"DISABLED\""
  End of Request 154, current nodeId: 151, node: map[channel_messages:map[] channels:map[] current:0 failedInvariants:<nil> name:yield returns:{"Controller#0.Resume":"DISABLED"} roles:[map[fields:map[attempts:8 current:1 fault:false generation:2 inspected:true phase:terminal proof:-1 repair:1 repeats:2 reports:implementation,proof,repair,review review:2 saved:8 status:BLOCKED] name:Controller params:map[] ref:0 ref_string:Controller#0]] state:map[controller:role Controller#0] stats:map[counts:map[Controller#0.Inspect:1 Controller#0.Proof:2 Controller#0.Restart:2 Controller#0.Resume:3 Controller#0.Review:2 Controller#0.Start:1] totalActions:11] threads:[] witness:[[false false false false]]]
. Expected DISABLED
. Actual [str_value:"DISABLED"], len:1
    Action Link: Controller#0.Inspect
    Found matching Source Link: src:151 dest:150 name:"Controller#0.Inspect" weight:0.125 type:"action" 10:"\n\x14Controller#0.Inspect\x12\n\"DISABLED\""
  End of Request 155, current nodeId: 150, node: map[channel_messages:map[] channels:map[] current:0 failedInvariants:<nil> name:yield returns:{"Controller#0.Inspect":"DISABLED"} roles:[map[fields:map[attempts:8 current:1 fault:false generation:2 inspected:true phase:terminal proof:-1 repair:1 repeats:2 reports:implementation,proof,repair,review review:2 saved:8 status:BLOCKED] name:Controller params:map[] ref:0 ref_string:Controller#0]] state:map[controller:role Controller#0] stats:map[counts:map[Controller#0.Inspect:2 Controller#0.Proof:2 Controller#0.Restart:2 Controller#0.Resume:2 Controller#0.Review:2 Controller#0.Start:1] totalActions:11] threads:[] witness:[[false false false false]]]
. Expected DISABLED
. Actual [str_value:"DISABLED"], len:1
    Action Link: Controller#0.Restart
    Found matching Source Link: src:150 dest:149 name:"Controller#0.Restart" weight:0.125 type:"action" 10:"\n\x14Controller#0.Restart\x12\n\"DISABLED\""
  End of Request 156, current nodeId: 149, node: map[channel_messages:map[] channels:map[] current:0 failedInvariants:<nil> name:yield returns:{"Controller#0.Restart":"DISABLED"} roles:[map[fields:map[attempts:8 current:1 fault:false generation:2 inspected:true phase:terminal proof:-1 repair:1 repeats:2 reports:implementation,proof,repair,review review:2 saved:8 status:BLOCKED] name:Controller params:map[] ref:0 ref_string:Controller#0]] state:map[controller:role Controller#0] stats:map[counts:map[Controller#0.Inspect:1 Controller#0.Proof:2 Controller#0.Restart:3 Controller#0.Resume:2 Controller#0.Review:2 Controller#0.Start:1] totalActions:11] threads:[] witness:[[false false false false]]]
. Expected DISABLED
. Actual [str_value:"DISABLED"], len:1
    Action Link: Controller#0.Proof
    Found matching Source Link: src:149 dest:147 name:"Controller#0.Proof" weight:0.125 type:"action" 10:"\n\x12Controller#0.Proof\x12\n\"DISABLED\""
  End of Request 157, current nodeId: 147, node: map[channel_messages:map[] channels:map[] current:0 failedInvariants:<nil> name:yield returns:{"Controller#0.Proof":"DISABLED"} roles:[map[fields:map[attempts:8 current:1 fault:false generation:2 inspected:true phase:terminal proof:-1 repair:1 repeats:2 reports:implementation,proof,repair,review review:2 saved:8 status:BLOCKED] name:Controller params:map[] ref:0 ref_string:Controller#0]] state:map[controller:role Controller#0] stats:map[counts:map[Controller#0.Inspect:1 Controller#0.Proof:3 Controller#0.Restart:2 Controller#0.Resume:2 Controller#0.Review:2 Controller#0.Start:1] totalActions:11] threads:[] witness:[[false false false false]]]
. Expected DISABLED
. Actual [str_value:"DISABLED"], len:1
    Action Link: Controller#0.Resume
    Found matching Source Link: src:147 dest:151 name:"Controller#0.Resume" weight:0.125 type:"action" 10:"\n\x13Controller#0.Resume\x12\n\"DISABLED\""
  End of Request 158, current nodeId: 151, node: map[channel_messages:map[] channels:map[] current:0 failedInvariants:<nil> name:yield returns:{"Controller#0.Resume":"DISABLED"} roles:[map[fields:map[attempts:8 current:1 fault:false generation:2 inspected:true phase:terminal proof:-1 repair:1 repeats:2 reports:implementation,proof,repair,review review:2 saved:8 status:BLOCKED] name:Controller params:map[] ref:0 ref_string:Controller#0]] state:map[controller:role Controller#0] stats:map[counts:map[Controller#0.Inspect:1 Controller#0.Proof:2 Controller#0.Restart:2 Controller#0.Resume:3 Controller#0.Review:2 Controller#0.Start:1] totalActions:11] threads:[] witness:[[false false false false]]]
. Expected DISABLED
. Actual [str_value:"DISABLED"], len:1
    Action Link: Controller#0.Inspect
    Found matching Source Link: src:151 dest:150 name:"Controller#0.Inspect" weight:0.125 type:"action" 10:"\n\x14Controller#0.Inspect\x12\n\"DISABLED\""
  End of Request 159, current nodeId: 150, node: map[channel_messages:map[] channels:map[] current:0 failedInvariants:<nil> name:yield returns:{"Controller#0.Inspect":"DISABLED"} roles:[map[fields:map[attempts:8 current:1 fault:false generation:2 inspected:true phase:terminal proof:-1 repair:1 repeats:2 reports:implementation,proof,repair,review review:2 saved:8 status:BLOCKED] name:Controller params:map[] ref:0 ref_string:Controller#0]] state:map[controller:role Controller#0] stats:map[counts:map[Controller#0.Inspect:2 Controller#0.Proof:2 Controller#0.Restart:2 Controller#0.Resume:2 Controller#0.Review:2 Controller#0.Start:1] totalActions:11] threads:[] witness:[[false false false false]]]
. Expected DISABLED
. Actual [str_value:"DISABLED"], len:1
    Action Link: Controller#0.Proof
    Found matching Source Link: src:150 dest:147 name:"Controller#0.Proof" weight:0.125 type:"action" 10:"\n\x12Controller#0.Proof\x12\n\"DISABLED\""
  End of Request 160, current nodeId: 147, node: map[channel_messages:map[] channels:map[] current:0 failedInvariants:<nil> name:yield returns:{"Controller#0.Proof":"DISABLED"} roles:[map[fields:map[attempts:8 current:1 fault:false generation:2 inspected:true phase:terminal proof:-1 repair:1 repeats:2 reports:implementation,proof,repair,review review:2 saved:8 status:BLOCKED] name:Controller params:map[] ref:0 ref_string:Controller#0]] state:map[controller:role Controller#0] stats:map[counts:map[Controller#0.Inspect:1 Controller#0.Proof:3 Controller#0.Restart:2 Controller#0.Resume:2 Controller#0.Review:2 Controller#0.Start:1] totalActions:11] threads:[] witness:[[false false false false]]]
. Expected DISABLED
. Actual [str_value:"DISABLED"], len:1
    Action Link: Controller#0.Proof
    Found matching Source Link: src:147 dest:147 name:"Controller#0.Proof" weight:0.125 type:"action" 10:"\n\x12Controller#0.Proof\x12\n\"DISABLED\""
  End of Request 161, current nodeId: 147, node: map[channel_messages:map[] channels:map[] current:0 failedInvariants:<nil> name:yield returns:{"Controller#0.Proof":"DISABLED"} roles:[map[fields:map[attempts:8 current:1 fault:false generation:2 inspected:true phase:terminal proof:-1 repair:1 repeats:2 reports:implementation,proof,repair,review review:2 saved:8 status:BLOCKED] name:Controller params:map[] ref:0 ref_string:Controller#0]] state:map[controller:role Controller#0] stats:map[counts:map[Controller#0.Inspect:1 Controller#0.Proof:3 Controller#0.Restart:2 Controller#0.Resume:2 Controller#0.Review:2 Controller#0.Start:1] totalActions:11] threads:[] witness:[[false false false false]]]
. Expected DISABLED
. Actual [str_value:"DISABLED"], len:1
    Action Link: Controller#0.Restart
    Found matching Source Link: src:147 dest:149 name:"Controller#0.Restart" weight:0.125 type:"action" 10:"\n\x14Controller#0.Restart\x12\n\"DISABLED\""
  End of Request 162, current nodeId: 149, node: map[channel_messages:map[] channels:map[] current:0 failedInvariants:<nil> name:yield returns:{"Controller#0.Restart":"DISABLED"} roles:[map[fields:map[attempts:8 current:1 fault:false generation:2 inspected:true phase:terminal proof:-1 repair:1 repeats:2 reports:implementation,proof,repair,review review:2 saved:8 status:BLOCKED] name:Controller params:map[] ref:0 ref_string:Controller#0]] state:map[controller:role Controller#0] stats:map[counts:map[Controller#0.Inspect:1 Controller#0.Proof:2 Controller#0.Restart:3 Controller#0.Resume:2 Controller#0.Review:2 Controller#0.Start:1] totalActions:11] threads:[] witness:[[false false false false]]]
. Expected DISABLED
. Actual [str_value:"DISABLED"], len:1
    Action Link: Controller#0.Start
    Found matching Source Link: src:149 dest:145 name:"Controller#0.Start" weight:0.125 type:"action" 10:"\n\x12Controller#0.Start\x12\n\"DISABLED\""
  End of Request 163, current nodeId: 145, node: map[channel_messages:map[] channels:map[] current:0 failedInvariants:<nil> name:yield returns:{"Controller#0.Start":"DISABLED"} roles:[map[fields:map[attempts:8 current:1 fault:false generation:2 inspected:true phase:terminal proof:-1 repair:1 repeats:2 reports:implementation,proof,repair,review review:2 saved:8 status:BLOCKED] name:Controller params:map[] ref:0 ref_string:Controller#0]] state:map[controller:role Controller#0] stats:map[counts:map[Controller#0.Inspect:1 Controller#0.Proof:2 Controller#0.Restart:2 Controller#0.Resume:2 Controller#0.Review:2 Controller#0.Start:2] totalActions:11] threads:[] witness:[[false false false false]]]
. Expected DISABLED
. Actual [str_value:"DISABLED"], len:1
    Action Link: Controller#0.Restart
    Found matching Source Link: src:145 dest:149 name:"Controller#0.Restart" weight:0.125 type:"action" 10:"\n\x14Controller#0.Restart\x12\n\"DISABLED\""
  End of Request 164, current nodeId: 149, node: map[channel_messages:map[] channels:map[] current:0 failedInvariants:<nil> name:yield returns:{"Controller#0.Restart":"DISABLED"} roles:[map[fields:map[attempts:8 current:1 fault:false generation:2 inspected:true phase:terminal proof:-1 repair:1 repeats:2 reports:implementation,proof,repair,review review:2 saved:8 status:BLOCKED] name:Controller params:map[] ref:0 ref_string:Controller#0]] state:map[controller:role Controller#0] stats:map[counts:map[Controller#0.Inspect:1 Controller#0.Proof:2 Controller#0.Restart:3 Controller#0.Resume:2 Controller#0.Review:2 Controller#0.Start:1] totalActions:11] threads:[] witness:[[false false false false]]]
. Expected DISABLED
. Actual [str_value:"DISABLED"], len:1
    Action Link: Controller#0.Overlap
    Found matching Source Link: src:149 dest:152 name:"Controller#0.Overlap" weight:0.125 type:"action" 10:"\n\x14Controller#0.Overlap\x12\n\"DISABLED\""
  End of Request 165, current nodeId: 152, node: map[channel_messages:map[] channels:map[] current:0 failedInvariants:<nil> name:yield returns:{"Controller#0.Overlap":"DISABLED"} roles:[map[fields:map[attempts:8 current:1 fault:false generation:2 inspected:true phase:terminal proof:-1 repair:1 repeats:2 reports:implementation,proof,repair,review review:2 saved:8 status:BLOCKED] name:Controller params:map[] ref:0 ref_string:Controller#0]] state:map[controller:role Controller#0] stats:map[counts:map[Controller#0.Inspect:1 Controller#0.Overlap:1 Controller#0.Proof:2 Controller#0.Restart:2 Controller#0.Resume:2 Controller#0.Review:2 Controller#0.Start:1] totalActions:11] threads:[] witness:[[false false false false]]]
. Expected DISABLED
. Actual [str_value:"DISABLED"], len:1
    Action Link: Controller#0.Resume
    Found matching Source Link: src:152 dest:151 name:"Controller#0.Resume" weight:0.125 type:"action" 10:"\n\x13Controller#0.Resume\x12\n\"DISABLED\""
  End of Request 166, current nodeId: 151, node: map[channel_messages:map[] channels:map[] current:0 failedInvariants:<nil> name:yield returns:{"Controller#0.Resume":"DISABLED"} roles:[map[fields:map[attempts:8 current:1 fault:false generation:2 inspected:true phase:terminal proof:-1 repair:1 repeats:2 reports:implementation,proof,repair,review review:2 saved:8 status:BLOCKED] name:Controller params:map[] ref:0 ref_string:Controller#0]] state:map[controller:role Controller#0] stats:map[counts:map[Controller#0.Inspect:1 Controller#0.Proof:2 Controller#0.Restart:2 Controller#0.Resume:3 Controller#0.Review:2 Controller#0.Start:1] totalActions:11] threads:[] witness:[[false false false false]]]
. Expected DISABLED
. Actual [str_value:"DISABLED"], len:1
    Action Link: Controller#0.Restart
    Found matching Source Link: src:151 dest:149 name:"Controller#0.Restart" weight:0.125 type:"action" 10:"\n\x14Controller#0.Restart\x12\n\"DISABLED\""
  End of Request 167, current nodeId: 149, node: map[channel_messages:map[] channels:map[] current:0 failedInvariants:<nil> name:yield returns:{"Controller#0.Restart":"DISABLED"} roles:[map[fields:map[attempts:8 current:1 fault:false generation:2 inspected:true phase:terminal proof:-1 repair:1 repeats:2 reports:implementation,proof,repair,review review:2 saved:8 status:BLOCKED] name:Controller params:map[] ref:0 ref_string:Controller#0]] state:map[controller:role Controller#0] stats:map[counts:map[Controller#0.Inspect:1 Controller#0.Proof:2 Controller#0.Restart:3 Controller#0.Resume:2 Controller#0.Review:2 Controller#0.Start:1] totalActions:11] threads:[] witness:[[false false false false]]]
. Expected DISABLED
. Actual [str_value:"DISABLED"], len:1
    Action Link: Controller#0.Start
    Found matching Source Link: src:149 dest:145 name:"Controller#0.Start" weight:0.125 type:"action" 10:"\n\x12Controller#0.Start\x12\n\"DISABLED\""
  End of Request 168, current nodeId: 145, node: map[channel_messages:map[] channels:map[] current:0 failedInvariants:<nil> name:yield returns:{"Controller#0.Start":"DISABLED"} roles:[map[fields:map[attempts:8 current:1 fault:false generation:2 inspected:true phase:terminal proof:-1 repair:1 repeats:2 reports:implementation,proof,repair,review review:2 saved:8 status:BLOCKED] name:Controller params:map[] ref:0 ref_string:Controller#0]] state:map[controller:role Controller#0] stats:map[counts:map[Controller#0.Inspect:1 Controller#0.Proof:2 Controller#0.Restart:2 Controller#0.Resume:2 Controller#0.Review:2 Controller#0.Start:2] totalActions:11] threads:[] witness:[[false false false false]]]
. Expected DISABLED
. Actual [str_value:"DISABLED"], len:1
    Action Link: Controller#0.Proof
    Found matching Source Link: src:145 dest:147 name:"Controller#0.Proof" weight:0.125 type:"action" 10:"\n\x12Controller#0.Proof\x12\n\"DISABLED\""
  End of Request 169, current nodeId: 147, node: map[channel_messages:map[] channels:map[] current:0 failedInvariants:<nil> name:yield returns:{"Controller#0.Proof":"DISABLED"} roles:[map[fields:map[attempts:8 current:1 fault:false generation:2 inspected:true phase:terminal proof:-1 repair:1 repeats:2 reports:implementation,proof,repair,review review:2 saved:8 status:BLOCKED] name:Controller params:map[] ref:0 ref_string:Controller#0]] state:map[controller:role Controller#0] stats:map[counts:map[Controller#0.Inspect:1 Controller#0.Proof:3 Controller#0.Restart:2 Controller#0.Resume:2 Controller#0.Review:2 Controller#0.Start:1] totalActions:11] threads:[] witness:[[false false false false]]]
. Expected DISABLED
. Actual [str_value:"DISABLED"], len:1
    Action Link: Controller#0.Start
    Found matching Source Link: src:147 dest:145 name:"Controller#0.Start" weight:0.125 type:"action" 10:"\n\x12Controller#0.Start\x12\n\"DISABLED\""
  End of Request 170, current nodeId: 145, node: map[channel_messages:map[] channels:map[] current:0 failedInvariants:<nil> name:yield returns:{"Controller#0.Start":"DISABLED"} roles:[map[fields:map[attempts:8 current:1 fault:false generation:2 inspected:true phase:terminal proof:-1 repair:1 repeats:2 reports:implementation,proof,repair,review review:2 saved:8 status:BLOCKED] name:Controller params:map[] ref:0 ref_string:Controller#0]] state:map[controller:role Controller#0] stats:map[counts:map[Controller#0.Inspect:1 Controller#0.Proof:2 Controller#0.Restart:2 Controller#0.Resume:2 Controller#0.Review:2 Controller#0.Start:2] totalActions:11] threads:[] witness:[[false false false false]]]
. Expected DISABLED
. Actual [str_value:"DISABLED"], len:1
    Action Link: Controller#0.Corrupt
    Found matching Source Link: src:145 dest:148 name:"Controller#0.Corrupt" weight:0.125 type:"action" 10:"\n\x14Controller#0.Corrupt\x12\n\"DISABLED\""
  End of Request 171, current nodeId: 148, node: map[channel_messages:map[] channels:map[] current:0 failedInvariants:<nil> name:yield returns:{"Controller#0.Corrupt":"DISABLED"} roles:[map[fields:map[attempts:8 current:1 fault:false generation:2 inspected:true phase:terminal proof:-1 repair:1 repeats:2 reports:implementation,proof,repair,review review:2 saved:8 status:BLOCKED] name:Controller params:map[] ref:0 ref_string:Controller#0]] state:map[controller:role Controller#0] stats:map[counts:map[Controller#0.Corrupt:1 Controller#0.Inspect:1 Controller#0.Proof:2 Controller#0.Restart:2 Controller#0.Resume:2 Controller#0.Review:2 Controller#0.Start:1] totalActions:11] threads:[] witness:[[false false false false]]]
. Expected DISABLED
. Actual [str_value:"DISABLED"], len:1
    Action Link: Controller#0.Review
    Found matching Source Link: src:148 dest:146 name:"Controller#0.Review" weight:0.125 type:"action" 10:"\n\x13Controller#0.Review\x12\n\"DISABLED\""
  End of Request 172, current nodeId: 146, node: map[channel_messages:map[] channels:map[] current:0 failedInvariants:<nil> name:yield returns:{"Controller#0.Review":"DISABLED"} roles:[map[fields:map[attempts:8 current:1 fault:false generation:2 inspected:true phase:terminal proof:-1 repair:1 repeats:2 reports:implementation,proof,repair,review review:2 saved:8 status:BLOCKED] name:Controller params:map[] ref:0 ref_string:Controller#0]] state:map[controller:role Controller#0] stats:map[counts:map[Controller#0.Inspect:1 Controller#0.Proof:2 Controller#0.Restart:2 Controller#0.Resume:2 Controller#0.Review:3 Controller#0.Start:1] totalActions:11] threads:[] witness:[[false false false false]]]
. Expected DISABLED
. Actual [str_value:"DISABLED"], len:1
    Action Link: Controller#0.Proof
    Found matching Source Link: src:146 dest:147 name:"Controller#0.Proof" weight:0.125 type:"action" 10:"\n\x12Controller#0.Proof\x12\n\"DISABLED\""
  End of Request 173, current nodeId: 147, node: map[channel_messages:map[] channels:map[] current:0 failedInvariants:<nil> name:yield returns:{"Controller#0.Proof":"DISABLED"} roles:[map[fields:map[attempts:8 current:1 fault:false generation:2 inspected:true phase:terminal proof:-1 repair:1 repeats:2 reports:implementation,proof,repair,review review:2 saved:8 status:BLOCKED] name:Controller params:map[] ref:0 ref_string:Controller#0]] state:map[controller:role Controller#0] stats:map[counts:map[Controller#0.Inspect:1 Controller#0.Proof:3 Controller#0.Restart:2 Controller#0.Resume:2 Controller#0.Review:2 Controller#0.Start:1] totalActions:11] threads:[] witness:[[false false false false]]]
. Expected DISABLED
. Actual [str_value:"DISABLED"], len:1
    Action Link: Controller#0.Review
    Found matching Source Link: src:147 dest:146 name:"Controller#0.Review" weight:0.125 type:"action" 10:"\n\x13Controller#0.Review\x12\n\"DISABLED\""
  End of Request 174, current nodeId: 146, node: map[channel_messages:map[] channels:map[] current:0 failedInvariants:<nil> name:yield returns:{"Controller#0.Review":"DISABLED"} roles:[map[fields:map[attempts:8 current:1 fault:false generation:2 inspected:true phase:terminal proof:-1 repair:1 repeats:2 reports:implementation,proof,repair,review review:2 saved:8 status:BLOCKED] name:Controller params:map[] ref:0 ref_string:Controller#0]] state:map[controller:role Controller#0] stats:map[counts:map[Controller#0.Inspect:1 Controller#0.Proof:2 Controller#0.Restart:2 Controller#0.Resume:2 Controller#0.Review:3 Controller#0.Start:1] totalActions:11] threads:[] witness:[[false false false false]]]
. Expected DISABLED
. Actual [str_value:"DISABLED"], len:1
    Action Link: Controller#0.Inspect
    Found matching Source Link: src:146 dest:150 name:"Controller#0.Inspect" weight:0.125 type:"action" 10:"\n\x14Controller#0.Inspect\x12\n\"DISABLED\""
  End of Request 175, current nodeId: 150, node: map[channel_messages:map[] channels:map[] current:0 failedInvariants:<nil> name:yield returns:{"Controller#0.Inspect":"DISABLED"} roles:[map[fields:map[attempts:8 current:1 fault:false generation:2 inspected:true phase:terminal proof:-1 repair:1 repeats:2 reports:implementation,proof,repair,review review:2 saved:8 status:BLOCKED] name:Controller params:map[] ref:0 ref_string:Controller#0]] state:map[controller:role Controller#0] stats:map[counts:map[Controller#0.Inspect:2 Controller#0.Proof:2 Controller#0.Restart:2 Controller#0.Resume:2 Controller#0.Review:2 Controller#0.Start:1] totalActions:11] threads:[] witness:[[false false false false]]]
. Expected DISABLED
. Actual [str_value:"DISABLED"], len:1
    Action Link: Controller#0.Inspect
    Found matching Source Link: src:150 dest:150 name:"Controller#0.Inspect" weight:0.125 type:"action" 10:"\n\x14Controller#0.Inspect\x12\n\"DISABLED\""
  End of Request 176, current nodeId: 150, node: map[channel_messages:map[] channels:map[] current:0 failedInvariants:<nil> name:yield returns:{"Controller#0.Inspect":"DISABLED"} roles:[map[fields:map[attempts:8 current:1 fault:false generation:2 inspected:true phase:terminal proof:-1 repair:1 repeats:2 reports:implementation,proof,repair,review review:2 saved:8 status:BLOCKED] name:Controller params:map[] ref:0 ref_string:Controller#0]] state:map[controller:role Controller#0] stats:map[counts:map[Controller#0.Inspect:2 Controller#0.Proof:2 Controller#0.Restart:2 Controller#0.Resume:2 Controller#0.Review:2 Controller#0.Start:1] totalActions:11] threads:[] witness:[[false false false false]]]
. Expected DISABLED
. Actual [str_value:"DISABLED"], len:1
    Action Link: Controller#0.Restart
    Found matching Source Link: src:150 dest:149 name:"Controller#0.Restart" weight:0.125 type:"action" 10:"\n\x14Controller#0.Restart\x12\n\"DISABLED\""
  End of Request 177, current nodeId: 149, node: map[channel_messages:map[] channels:map[] current:0 failedInvariants:<nil> name:yield returns:{"Controller#0.Restart":"DISABLED"} roles:[map[fields:map[attempts:8 current:1 fault:false generation:2 inspected:true phase:terminal proof:-1 repair:1 repeats:2 reports:implementation,proof,repair,review review:2 saved:8 status:BLOCKED] name:Controller params:map[] ref:0 ref_string:Controller#0]] state:map[controller:role Controller#0] stats:map[counts:map[Controller#0.Inspect:1 Controller#0.Proof:2 Controller#0.Restart:3 Controller#0.Resume:2 Controller#0.Review:2 Controller#0.Start:1] totalActions:11] threads:[] witness:[[false false false false]]]
. Expected DISABLED
. Actual [str_value:"DISABLED"], len:1
    Action Link: Controller#0.Restart
    Found matching Source Link: src:149 dest:149 name:"Controller#0.Restart" weight:0.125 type:"action" 10:"\n\x14Controller#0.Restart\x12\n\"DISABLED\""
  End of Request 178, current nodeId: 149, node: map[channel_messages:map[] channels:map[] current:0 failedInvariants:<nil> name:yield returns:{"Controller#0.Restart":"DISABLED"} roles:[map[fields:map[attempts:8 current:1 fault:false generation:2 inspected:true phase:terminal proof:-1 repair:1 repeats:2 reports:implementation,proof,repair,review review:2 saved:8 status:BLOCKED] name:Controller params:map[] ref:0 ref_string:Controller#0]] state:map[controller:role Controller#0] stats:map[counts:map[Controller#0.Inspect:1 Controller#0.Proof:2 Controller#0.Restart:3 Controller#0.Resume:2 Controller#0.Review:2 Controller#0.Start:1] totalActions:11] threads:[] witness:[[false false false false]]]
. Expected DISABLED
. Actual [str_value:"DISABLED"], len:1
    Action Link: Controller#0.Corrupt
    Found matching Source Link: src:149 dest:148 name:"Controller#0.Corrupt" weight:0.125 type:"action" 10:"\n\x14Controller#0.Corrupt\x12\n\"DISABLED\""
  End of Request 179, current nodeId: 148, node: map[channel_messages:map[] channels:map[] current:0 failedInvariants:<nil> name:yield returns:{"Controller#0.Corrupt":"DISABLED"} roles:[map[fields:map[attempts:8 current:1 fault:false generation:2 inspected:true phase:terminal proof:-1 repair:1 repeats:2 reports:implementation,proof,repair,review review:2 saved:8 status:BLOCKED] name:Controller params:map[] ref:0 ref_string:Controller#0]] state:map[controller:role Controller#0] stats:map[counts:map[Controller#0.Corrupt:1 Controller#0.Inspect:1 Controller#0.Proof:2 Controller#0.Restart:2 Controller#0.Resume:2 Controller#0.Review:2 Controller#0.Start:1] totalActions:11] threads:[] witness:[[false false false false]]]
. Expected DISABLED
. Actual [str_value:"DISABLED"], len:1
    Action Link: Controller#0.Proof
    Found matching Source Link: src:148 dest:147 name:"Controller#0.Proof" weight:0.125 type:"action" 10:"\n\x12Controller#0.Proof\x12\n\"DISABLED\""
  End of Request 180, current nodeId: 147, node: map[channel_messages:map[] channels:map[] current:0 failedInvariants:<nil> name:yield returns:{"Controller#0.Proof":"DISABLED"} roles:[map[fields:map[attempts:8 current:1 fault:false generation:2 inspected:true phase:terminal proof:-1 repair:1 repeats:2 reports:implementation,proof,repair,review review:2 saved:8 status:BLOCKED] name:Controller params:map[] ref:0 ref_string:Controller#0]] state:map[controller:role Controller#0] stats:map[counts:map[Controller#0.Inspect:1 Controller#0.Proof:3 Controller#0.Restart:2 Controller#0.Resume:2 Controller#0.Review:2 Controller#0.Start:1] totalActions:11] threads:[] witness:[[false false false false]]]
. Expected DISABLED
. Actual [str_value:"DISABLED"], len:1
    Action Link: Controller#0.Resume
    Found matching Source Link: src:147 dest:151 name:"Controller#0.Resume" weight:0.125 type:"action" 10:"\n\x13Controller#0.Resume\x12\n\"DISABLED\""
  End of Request 181, current nodeId: 151, node: map[channel_messages:map[] channels:map[] current:0 failedInvariants:<nil> name:yield returns:{"Controller#0.Resume":"DISABLED"} roles:[map[fields:map[attempts:8 current:1 fault:false generation:2 inspected:true phase:terminal proof:-1 repair:1 repeats:2 reports:implementation,proof,repair,review review:2 saved:8 status:BLOCKED] name:Controller params:map[] ref:0 ref_string:Controller#0]] state:map[controller:role Controller#0] stats:map[counts:map[Controller#0.Inspect:1 Controller#0.Proof:2 Controller#0.Restart:2 Controller#0.Resume:3 Controller#0.Review:2 Controller#0.Start:1] totalActions:11] threads:[] witness:[[false false false false]]]
. Expected DISABLED
. Actual [str_value:"DISABLED"], len:1
    Action Link: Controller#0.Proof
    Found matching Source Link: src:151 dest:147 name:"Controller#0.Proof" weight:0.125 type:"action" 10:"\n\x12Controller#0.Proof\x12\n\"DISABLED\""
  End of Request 182, current nodeId: 147, node: map[channel_messages:map[] channels:map[] current:0 failedInvariants:<nil> name:yield returns:{"Controller#0.Proof":"DISABLED"} roles:[map[fields:map[attempts:8 current:1 fault:false generation:2 inspected:true phase:terminal proof:-1 repair:1 repeats:2 reports:implementation,proof,repair,review review:2 saved:8 status:BLOCKED] name:Controller params:map[] ref:0 ref_string:Controller#0]] state:map[controller:role Controller#0] stats:map[counts:map[Controller#0.Inspect:1 Controller#0.Proof:3 Controller#0.Restart:2 Controller#0.Resume:2 Controller#0.Review:2 Controller#0.Start:1] totalActions:11] threads:[] witness:[[false false false false]]]
. Expected DISABLED
. Actual [str_value:"DISABLED"], len:1
    Action Link: Controller#0.Start
    Found matching Source Link: src:147 dest:145 name:"Controller#0.Start" weight:0.125 type:"action" 10:"\n\x12Controller#0.Start\x12\n\"DISABLED\""
  End of Request 183, current nodeId: 145, node: map[channel_messages:map[] channels:map[] current:0 failedInvariants:<nil> name:yield returns:{"Controller#0.Start":"DISABLED"} roles:[map[fields:map[attempts:8 current:1 fault:false generation:2 inspected:true phase:terminal proof:-1 repair:1 repeats:2 reports:implementation,proof,repair,review review:2 saved:8 status:BLOCKED] name:Controller params:map[] ref:0 ref_string:Controller#0]] state:map[controller:role Controller#0] stats:map[counts:map[Controller#0.Inspect:1 Controller#0.Proof:2 Controller#0.Restart:2 Controller#0.Resume:2 Controller#0.Review:2 Controller#0.Start:2] totalActions:11] threads:[] witness:[[false false false false]]]
. Expected DISABLED
. Actual [str_value:"DISABLED"], len:1
    Action Link: Controller#0.Resume
    Found matching Source Link: src:145 dest:151 name:"Controller#0.Resume" weight:0.125 type:"action" 10:"\n\x13Controller#0.Resume\x12\n\"DISABLED\""
  End of Request 184, current nodeId: 151, node: map[channel_messages:map[] channels:map[] current:0 failedInvariants:<nil> name:yield returns:{"Controller#0.Resume":"DISABLED"} roles:[map[fields:map[attempts:8 current:1 fault:false generation:2 inspected:true phase:terminal proof:-1 repair:1 repeats:2 reports:implementation,proof,repair,review review:2 saved:8 status:BLOCKED] name:Controller params:map[] ref:0 ref_string:Controller#0]] state:map[controller:role Controller#0] stats:map[counts:map[Controller#0.Inspect:1 Controller#0.Proof:2 Controller#0.Restart:2 Controller#0.Resume:3 Controller#0.Review:2 Controller#0.Start:1] totalActions:11] threads:[] witness:[[false false false false]]]
. Expected DISABLED
. Actual [str_value:"DISABLED"], len:1
    Action Link: Controller#0.Start
    Found matching Source Link: src:151 dest:145 name:"Controller#0.Start" weight:0.125 type:"action" 10:"\n\x12Controller#0.Start\x12\n\"DISABLED\""
  End of Request 185, current nodeId: 145, node: map[channel_messages:map[] channels:map[] current:0 failedInvariants:<nil> name:yield returns:{"Controller#0.Start":"DISABLED"} roles:[map[fields:map[attempts:8 current:1 fault:false generation:2 inspected:true phase:terminal proof:-1 repair:1 repeats:2 reports:implementation,proof,repair,review review:2 saved:8 status:BLOCKED] name:Controller params:map[] ref:0 ref_string:Controller#0]] state:map[controller:role Controller#0] stats:map[counts:map[Controller#0.Inspect:1 Controller#0.Proof:2 Controller#0.Restart:2 Controller#0.Resume:2 Controller#0.Review:2 Controller#0.Start:2] totalActions:11] threads:[] witness:[[false false false false]]]
. Expected DISABLED
. Actual [str_value:"DISABLED"], len:1
    Action Link: Controller#0.Inspect
    Found matching Source Link: src:145 dest:150 name:"Controller#0.Inspect" weight:0.125 type:"action" 10:"\n\x14Controller#0.Inspect\x12\n\"DISABLED\""
  End of Request 186, current nodeId: 150, node: map[channel_messages:map[] channels:map[] current:0 failedInvariants:<nil> name:yield returns:{"Controller#0.Inspect":"DISABLED"} roles:[map[fields:map[attempts:8 current:1 fault:false generation:2 inspected:true phase:terminal proof:-1 repair:1 repeats:2 reports:implementation,proof,repair,review review:2 saved:8 status:BLOCKED] name:Controller params:map[] ref:0 ref_string:Controller#0]] state:map[controller:role Controller#0] stats:map[counts:map[Controller#0.Inspect:2 Controller#0.Proof:2 Controller#0.Restart:2 Controller#0.Resume:2 Controller#0.Review:2 Controller#0.Start:1] totalActions:11] threads:[] witness:[[false false false false]]]
. Expected DISABLED
. Actual [str_value:"DISABLED"], len:1
    Action Link: Controller#0.Inspect
    Found matching Source Link: src:150 dest:150 name:"Controller#0.Inspect" weight:0.125 type:"action" 10:"\n\x14Controller#0.Inspect\x12\n\"DISABLED\""
  End of Request 187, current nodeId: 150, node: map[channel_messages:map[] channels:map[] current:0 failedInvariants:<nil> name:yield returns:{"Controller#0.Inspect":"DISABLED"} roles:[map[fields:map[attempts:8 current:1 fault:false generation:2 inspected:true phase:terminal proof:-1 repair:1 repeats:2 reports:implementation,proof,repair,review review:2 saved:8 status:BLOCKED] name:Controller params:map[] ref:0 ref_string:Controller#0]] state:map[controller:role Controller#0] stats:map[counts:map[Controller#0.Inspect:2 Controller#0.Proof:2 Controller#0.Restart:2 Controller#0.Resume:2 Controller#0.Review:2 Controller#0.Start:1] totalActions:11] threads:[] witness:[[false false false false]]]
. Expected DISABLED
. Actual [str_value:"DISABLED"], len:1
    Action Link: Controller#0.Inspect
    Found matching Source Link: src:150 dest:150 name:"Controller#0.Inspect" weight:0.125 type:"action" 10:"\n\x14Controller#0.Inspect\x12\n\"DISABLED\""
  End of Request 188, current nodeId: 150, node: map[channel_messages:map[] channels:map[] current:0 failedInvariants:<nil> name:yield returns:{"Controller#0.Inspect":"DISABLED"} roles:[map[fields:map[attempts:8 current:1 fault:false generation:2 inspected:true phase:terminal proof:-1 repair:1 repeats:2 reports:implementation,proof,repair,review review:2 saved:8 status:BLOCKED] name:Controller params:map[] ref:0 ref_string:Controller#0]] state:map[controller:role Controller#0] stats:map[counts:map[Controller#0.Inspect:2 Controller#0.Proof:2 Controller#0.Restart:2 Controller#0.Resume:2 Controller#0.Review:2 Controller#0.Start:1] totalActions:11] threads:[] witness:[[false false false false]]]
. Expected DISABLED
. Actual [str_value:"DISABLED"], len:1
    Action Link: Controller#0.Overlap
    Found matching Source Link: src:150 dest:152 name:"Controller#0.Overlap" weight:0.125 type:"action" 10:"\n\x14Controller#0.Overlap\x12\n\"DISABLED\""
  End of Request 189, current nodeId: 152, node: map[channel_messages:map[] channels:map[] current:0 failedInvariants:<nil> name:yield returns:{"Controller#0.Overlap":"DISABLED"} roles:[map[fields:map[attempts:8 current:1 fault:false generation:2 inspected:true phase:terminal proof:-1 repair:1 repeats:2 reports:implementation,proof,repair,review review:2 saved:8 status:BLOCKED] name:Controller params:map[] ref:0 ref_string:Controller#0]] state:map[controller:role Controller#0] stats:map[counts:map[Controller#0.Inspect:1 Controller#0.Overlap:1 Controller#0.Proof:2 Controller#0.Restart:2 Controller#0.Resume:2 Controller#0.Review:2 Controller#0.Start:1] totalActions:11] threads:[] witness:[[false false false false]]]
. Expected DISABLED
. Actual [str_value:"DISABLED"], len:1
    Action Link: Controller#0.Proof
    Found matching Source Link: src:152 dest:147 name:"Controller#0.Proof" weight:0.125 type:"action" 10:"\n\x12Controller#0.Proof\x12\n\"DISABLED\""
  End of Request 190, current nodeId: 147, node: map[channel_messages:map[] channels:map[] current:0 failedInvariants:<nil> name:yield returns:{"Controller#0.Proof":"DISABLED"} roles:[map[fields:map[attempts:8 current:1 fault:false generation:2 inspected:true phase:terminal proof:-1 repair:1 repeats:2 reports:implementation,proof,repair,review review:2 saved:8 status:BLOCKED] name:Controller params:map[] ref:0 ref_string:Controller#0]] state:map[controller:role Controller#0] stats:map[counts:map[Controller#0.Inspect:1 Controller#0.Proof:3 Controller#0.Restart:2 Controller#0.Resume:2 Controller#0.Review:2 Controller#0.Start:1] totalActions:11] threads:[] witness:[[false false false false]]]
. Expected DISABLED
. Actual [str_value:"DISABLED"], len:1
    Action Link: Controller#0.Inspect
    Found matching Source Link: src:147 dest:150 name:"Controller#0.Inspect" weight:0.125 type:"action" 10:"\n\x14Controller#0.Inspect\x12\n\"DISABLED\""
  End of Request 191, current nodeId: 150, node: map[channel_messages:map[] channels:map[] current:0 failedInvariants:<nil> name:yield returns:{"Controller#0.Inspect":"DISABLED"} roles:[map[fields:map[attempts:8 current:1 fault:false generation:2 inspected:true phase:terminal proof:-1 repair:1 repeats:2 reports:implementation,proof,repair,review review:2 saved:8 status:BLOCKED] name:Controller params:map[] ref:0 ref_string:Controller#0]] state:map[controller:role Controller#0] stats:map[counts:map[Controller#0.Inspect:2 Controller#0.Proof:2 Controller#0.Restart:2 Controller#0.Resume:2 Controller#0.Review:2 Controller#0.Start:1] totalActions:11] threads:[] witness:[[false false false false]]]
. Expected DISABLED
. Actual [str_value:"DISABLED"], len:1
    Action Link: Controller#0.Resume
    Found matching Source Link: src:150 dest:151 name:"Controller#0.Resume" weight:0.125 type:"action" 10:"\n\x13Controller#0.Resume\x12\n\"DISABLED\""
  End of Request 192, current nodeId: 151, node: map[channel_messages:map[] channels:map[] current:0 failedInvariants:<nil> name:yield returns:{"Controller#0.Resume":"DISABLED"} roles:[map[fields:map[attempts:8 current:1 fault:false generation:2 inspected:true phase:terminal proof:-1 repair:1 repeats:2 reports:implementation,proof,repair,review review:2 saved:8 status:BLOCKED] name:Controller params:map[] ref:0 ref_string:Controller#0]] state:map[controller:role Controller#0] stats:map[counts:map[Controller#0.Inspect:1 Controller#0.Proof:2 Controller#0.Restart:2 Controller#0.Resume:3 Controller#0.Review:2 Controller#0.Start:1] totalActions:11] threads:[] witness:[[false false false false]]]
. Expected DISABLED
. Actual [str_value:"DISABLED"], len:1
    Action Link: Controller#0.Corrupt
    Found matching Source Link: src:151 dest:148 name:"Controller#0.Corrupt" weight:0.125 type:"action" 10:"\n\x14Controller#0.Corrupt\x12\n\"DISABLED\""
  End of Request 193, current nodeId: 148, node: map[channel_messages:map[] channels:map[] current:0 failedInvariants:<nil> name:yield returns:{"Controller#0.Corrupt":"DISABLED"} roles:[map[fields:map[attempts:8 current:1 fault:false generation:2 inspected:true phase:terminal proof:-1 repair:1 repeats:2 reports:implementation,proof,repair,review review:2 saved:8 status:BLOCKED] name:Controller params:map[] ref:0 ref_string:Controller#0]] state:map[controller:role Controller#0] stats:map[counts:map[Controller#0.Corrupt:1 Controller#0.Inspect:1 Controller#0.Proof:2 Controller#0.Restart:2 Controller#0.Resume:2 Controller#0.Review:2 Controller#0.Start:1] totalActions:11] threads:[] witness:[[false false false false]]]
. Expected DISABLED
. Actual [str_value:"DISABLED"], len:1
    Action Link: Controller#0.Restart
    Found matching Source Link: src:148 dest:149 name:"Controller#0.Restart" weight:0.125 type:"action" 10:"\n\x14Controller#0.Restart\x12\n\"DISABLED\""
  End of Request 194, current nodeId: 149, node: map[channel_messages:map[] channels:map[] current:0 failedInvariants:<nil> name:yield returns:{"Controller#0.Restart":"DISABLED"} roles:[map[fields:map[attempts:8 current:1 fault:false generation:2 inspected:true phase:terminal proof:-1 repair:1 repeats:2 reports:implementation,proof,repair,review review:2 saved:8 status:BLOCKED] name:Controller params:map[] ref:0 ref_string:Controller#0]] state:map[controller:role Controller#0] stats:map[counts:map[Controller#0.Inspect:1 Controller#0.Proof:2 Controller#0.Restart:3 Controller#0.Resume:2 Controller#0.Review:2 Controller#0.Start:1] totalActions:11] threads:[] witness:[[false false false false]]]
. Expected DISABLED
. Actual [str_value:"DISABLED"], len:1
    Action Link: Controller#0.Review
    Found matching Source Link: src:149 dest:146 name:"Controller#0.Review" weight:0.125 type:"action" 10:"\n\x13Controller#0.Review\x12\n\"DISABLED\""
  End of Request 195, current nodeId: 146, node: map[channel_messages:map[] channels:map[] current:0 failedInvariants:<nil> name:yield returns:{"Controller#0.Review":"DISABLED"} roles:[map[fields:map[attempts:8 current:1 fault:false generation:2 inspected:true phase:terminal proof:-1 repair:1 repeats:2 reports:implementation,proof,repair,review review:2 saved:8 status:BLOCKED] name:Controller params:map[] ref:0 ref_string:Controller#0]] state:map[controller:role Controller#0] stats:map[counts:map[Controller#0.Inspect:1 Controller#0.Proof:2 Controller#0.Restart:2 Controller#0.Resume:2 Controller#0.Review:3 Controller#0.Start:1] totalActions:11] threads:[] witness:[[false false false false]]]
. Expected DISABLED
. Actual [str_value:"DISABLED"], len:1
    Action Link: Controller#0.Start
    Found matching Source Link: src:146 dest:145 name:"Controller#0.Start" weight:0.125 type:"action" 10:"\n\x12Controller#0.Start\x12\n\"DISABLED\""
  End of Request 196, current nodeId: 145, node: map[channel_messages:map[] channels:map[] current:0 failedInvariants:<nil> name:yield returns:{"Controller#0.Start":"DISABLED"} roles:[map[fields:map[attempts:8 current:1 fault:false generation:2 inspected:true phase:terminal proof:-1 repair:1 repeats:2 reports:implementation,proof,repair,review review:2 saved:8 status:BLOCKED] name:Controller params:map[] ref:0 ref_string:Controller#0]] state:map[controller:role Controller#0] stats:map[counts:map[Controller#0.Inspect:1 Controller#0.Proof:2 Controller#0.Restart:2 Controller#0.Resume:2 Controller#0.Review:2 Controller#0.Start:2] totalActions:11] threads:[] witness:[[false false false false]]]
. Expected DISABLED
. Actual [str_value:"DISABLED"], len:1
    Action Link: Controller#0.Proof
    Found matching Source Link: src:145 dest:147 name:"Controller#0.Proof" weight:0.125 type:"action" 10:"\n\x12Controller#0.Proof\x12\n\"DISABLED\""
  End of Request 197, current nodeId: 147, node: map[channel_messages:map[] channels:map[] current:0 failedInvariants:<nil> name:yield returns:{"Controller#0.Proof":"DISABLED"} roles:[map[fields:map[attempts:8 current:1 fault:false generation:2 inspected:true phase:terminal proof:-1 repair:1 repeats:2 reports:implementation,proof,repair,review review:2 saved:8 status:BLOCKED] name:Controller params:map[] ref:0 ref_string:Controller#0]] state:map[controller:role Controller#0] stats:map[counts:map[Controller#0.Inspect:1 Controller#0.Proof:3 Controller#0.Restart:2 Controller#0.Resume:2 Controller#0.Review:2 Controller#0.Start:1] totalActions:11] threads:[] witness:[[false false false false]]]
. Expected DISABLED
. Actual [str_value:"DISABLED"], len:1
    Action Link: Controller#0.Resume
    Found matching Source Link: src:147 dest:151 name:"Controller#0.Resume" weight:0.125 type:"action" 10:"\n\x13Controller#0.Resume\x12\n\"DISABLED\""
  End of Request 198, current nodeId: 151, node: map[channel_messages:map[] channels:map[] current:0 failedInvariants:<nil> name:yield returns:{"Controller#0.Resume":"DISABLED"} roles:[map[fields:map[attempts:8 current:1 fault:false generation:2 inspected:true phase:terminal proof:-1 repair:1 repeats:2 reports:implementation,proof,repair,review review:2 saved:8 status:BLOCKED] name:Controller params:map[] ref:0 ref_string:Controller#0]] state:map[controller:role Controller#0] stats:map[counts:map[Controller#0.Inspect:1 Controller#0.Proof:2 Controller#0.Restart:2 Controller#0.Resume:3 Controller#0.Review:2 Controller#0.Start:1] totalActions:11] threads:[] witness:[[false false false false]]]
. Expected DISABLED
. Actual [str_value:"DISABLED"], len:1
    Action Link: Controller#0.Review
    Found matching Source Link: src:151 dest:146 name:"Controller#0.Review" weight:0.125 type:"action" 10:"\n\x13Controller#0.Review\x12\n\"DISABLED\""
  End of Request 199, current nodeId: 146, node: map[channel_messages:map[] channels:map[] current:0 failedInvariants:<nil> name:yield returns:{"Controller#0.Review":"DISABLED"} roles:[map[fields:map[attempts:8 current:1 fault:false generation:2 inspected:true phase:terminal proof:-1 repair:1 repeats:2 reports:implementation,proof,repair,review review:2 saved:8 status:BLOCKED] name:Controller params:map[] ref:0 ref_string:Controller#0]] state:map[controller:role Controller#0] stats:map[counts:map[Controller#0.Inspect:1 Controller#0.Proof:2 Controller#0.Restart:2 Controller#0.Resume:2 Controller#0.Review:3 Controller#0.Start:1] totalActions:11] threads:[] witness:[[false false false false]]]
. Expected DISABLED
. Actual [str_value:"DISABLED"], len:1
    Action Link: Controller#0.Corrupt
    Found matching Source Link: src:146 dest:148 name:"Controller#0.Corrupt" weight:0.125 type:"action" 10:"\n\x14Controller#0.Corrupt\x12\n\"DISABLED\""
  End of Request 200, current nodeId: 148, node: map[channel_messages:map[] channels:map[] current:0 failedInvariants:<nil> name:yield returns:{"Controller#0.Corrupt":"DISABLED"} roles:[map[fields:map[attempts:8 current:1 fault:false generation:2 inspected:true phase:terminal proof:-1 repair:1 repeats:2 reports:implementation,proof,repair,review review:2 saved:8 status:BLOCKED] name:Controller params:map[] ref:0 ref_string:Controller#0]] state:map[controller:role Controller#0] stats:map[counts:map[Controller#0.Corrupt:1 Controller#0.Inspect:1 Controller#0.Proof:2 Controller#0.Restart:2 Controller#0.Resume:2 Controller#0.Review:2 Controller#0.Start:1] totalActions:11] threads:[] witness:[[false false false false]]]
. Expected DISABLED
. Actual [str_value:"DISABLED"], len:1
    Action Link: Controller#0.Inspect
    Found matching Source Link: src:148 dest:150 name:"Controller#0.Inspect" weight:0.125 type:"action" 10:"\n\x14Controller#0.Inspect\x12\n\"DISABLED\""
  End of Request 201, current nodeId: 150, node: map[channel_messages:map[] channels:map[] current:0 failedInvariants:<nil> name:yield returns:{"Controller#0.Inspect":"DISABLED"} roles:[map[fields:map[attempts:8 current:1 fault:false generation:2 inspected:true phase:terminal proof:-1 repair:1 repeats:2 reports:implementation,proof,repair,review review:2 saved:8 status:BLOCKED] name:Controller params:map[] ref:0 ref_string:Controller#0]] state:map[controller:role Controller#0] stats:map[counts:map[Controller#0.Inspect:2 Controller#0.Proof:2 Controller#0.Restart:2 Controller#0.Resume:2 Controller#0.Review:2 Controller#0.Start:1] totalActions:11] threads:[] witness:[[false false false false]]]
. Expected DISABLED
. Actual [str_value:"DISABLED"], len:1
    Action Link: Controller#0.Overlap
    Found matching Source Link: src:150 dest:152 name:"Controller#0.Overlap" weight:0.125 type:"action" 10:"\n\x14Controller#0.Overlap\x12\n\"DISABLED\""
  End of Request 202, current nodeId: 152, node: map[channel_messages:map[] channels:map[] current:0 failedInvariants:<nil> name:yield returns:{"Controller#0.Overlap":"DISABLED"} roles:[map[fields:map[attempts:8 current:1 fault:false generation:2 inspected:true phase:terminal proof:-1 repair:1 repeats:2 reports:implementation,proof,repair,review review:2 saved:8 status:BLOCKED] name:Controller params:map[] ref:0 ref_string:Controller#0]] state:map[controller:role Controller#0] stats:map[counts:map[Controller#0.Inspect:1 Controller#0.Overlap:1 Controller#0.Proof:2 Controller#0.Restart:2 Controller#0.Resume:2 Controller#0.Review:2 Controller#0.Start:1] totalActions:11] threads:[] witness:[[false false false false]]]
. Expected DISABLED
. Actual [str_value:"DISABLED"], len:1
    Action Link: Controller#0.Review
    Found matching Source Link: src:152 dest:146 name:"Controller#0.Review" weight:0.125 type:"action" 10:"\n\x13Controller#0.Review\x12\n\"DISABLED\""
  End of Request 203, current nodeId: 146, node: map[channel_messages:map[] channels:map[] current:0 failedInvariants:<nil> name:yield returns:{"Controller#0.Review":"DISABLED"} roles:[map[fields:map[attempts:8 current:1 fault:false generation:2 inspected:true phase:terminal proof:-1 repair:1 repeats:2 reports:implementation,proof,repair,review review:2 saved:8 status:BLOCKED] name:Controller params:map[] ref:0 ref_string:Controller#0]] state:map[controller:role Controller#0] stats:map[counts:map[Controller#0.Inspect:1 Controller#0.Proof:2 Controller#0.Restart:2 Controller#0.Resume:2 Controller#0.Review:3 Controller#0.Start:1] totalActions:11] threads:[] witness:[[false false false false]]]
. Expected DISABLED
. Actual [str_value:"DISABLED"], len:1
    Action Link: Controller#0.Restart
    Found matching Source Link: src:146 dest:149 name:"Controller#0.Restart" weight:0.125 type:"action" 10:"\n\x14Controller#0.Restart\x12\n\"DISABLED\""
  End of Request 204, current nodeId: 149, node: map[channel_messages:map[] channels:map[] current:0 failedInvariants:<nil> name:yield returns:{"Controller#0.Restart":"DISABLED"} roles:[map[fields:map[attempts:8 current:1 fault:false generation:2 inspected:true phase:terminal proof:-1 repair:1 repeats:2 reports:implementation,proof,repair,review review:2 saved:8 status:BLOCKED] name:Controller params:map[] ref:0 ref_string:Controller#0]] state:map[controller:role Controller#0] stats:map[counts:map[Controller#0.Inspect:1 Controller#0.Proof:2 Controller#0.Restart:3 Controller#0.Resume:2 Controller#0.Review:2 Controller#0.Start:1] totalActions:11] threads:[] witness:[[false false false false]]]
. Expected DISABLED
. Actual [str_value:"DISABLED"], len:1
    Action Link: Controller#0.Start
    Found matching Source Link: src:149 dest:145 name:"Controller#0.Start" weight:0.125 type:"action" 10:"\n\x12Controller#0.Start\x12\n\"DISABLED\""
  End of Request 205, current nodeId: 145, node: map[channel_messages:map[] channels:map[] current:0 failedInvariants:<nil> name:yield returns:{"Controller#0.Start":"DISABLED"} roles:[map[fields:map[attempts:8 current:1 fault:false generation:2 inspected:true phase:terminal proof:-1 repair:1 repeats:2 reports:implementation,proof,repair,review review:2 saved:8 status:BLOCKED] name:Controller params:map[] ref:0 ref_string:Controller#0]] state:map[controller:role Controller#0] stats:map[counts:map[Controller#0.Inspect:1 Controller#0.Proof:2 Controller#0.Restart:2 Controller#0.Resume:2 Controller#0.Review:2 Controller#0.Start:2] totalActions:11] threads:[] witness:[[false false false false]]]
. Expected DISABLED
. Actual [str_value:"DISABLED"], len:1
    Action Link: Controller#0.Overlap
    Found matching Source Link: src:145 dest:152 name:"Controller#0.Overlap" weight:0.125 type:"action" 10:"\n\x14Controller#0.Overlap\x12\n\"DISABLED\""
  End of Request 206, current nodeId: 152, node: map[channel_messages:map[] channels:map[] current:0 failedInvariants:<nil> name:yield returns:{"Controller#0.Overlap":"DISABLED"} roles:[map[fields:map[attempts:8 current:1 fault:false generation:2 inspected:true phase:terminal proof:-1 repair:1 repeats:2 reports:implementation,proof,repair,review review:2 saved:8 status:BLOCKED] name:Controller params:map[] ref:0 ref_string:Controller#0]] state:map[controller:role Controller#0] stats:map[counts:map[Controller#0.Inspect:1 Controller#0.Overlap:1 Controller#0.Proof:2 Controller#0.Restart:2 Controller#0.Resume:2 Controller#0.Review:2 Controller#0.Start:1] totalActions:11] threads:[] witness:[[false false false false]]]
. Expected DISABLED
. Actual [str_value:"DISABLED"], len:1
    Action Link: Controller#0.Overlap
    Found matching Source Link: src:152 dest:152 name:"Controller#0.Overlap" weight:0.125 type:"action" 10:"\n\x14Controller#0.Overlap\x12\n\"DISABLED\""
  End of Request 207, current nodeId: 152, node: map[channel_messages:map[] channels:map[] current:0 failedInvariants:<nil> name:yield returns:{"Controller#0.Overlap":"DISABLED"} roles:[map[fields:map[attempts:8 current:1 fault:false generation:2 inspected:true phase:terminal proof:-1 repair:1 repeats:2 reports:implementation,proof,repair,review review:2 saved:8 status:BLOCKED] name:Controller params:map[] ref:0 ref_string:Controller#0]] state:map[controller:role Controller#0] stats:map[counts:map[Controller#0.Inspect:1 Controller#0.Overlap:1 Controller#0.Proof:2 Controller#0.Restart:2 Controller#0.Resume:2 Controller#0.Review:2 Controller#0.Start:1] totalActions:11] threads:[] witness:[[false false false false]]]
. Expected DISABLED
. Actual [str_value:"DISABLED"], len:1
    Action Link: Controller#0.Inspect
    Found matching Source Link: src:152 dest:150 name:"Controller#0.Inspect" weight:0.125 type:"action" 10:"\n\x14Controller#0.Inspect\x12\n\"DISABLED\""
  End of Request 208, current nodeId: 150, node: map[channel_messages:map[] channels:map[] current:0 failedInvariants:<nil> name:yield returns:{"Controller#0.Inspect":"DISABLED"} roles:[map[fields:map[attempts:8 current:1 fault:false generation:2 inspected:true phase:terminal proof:-1 repair:1 repeats:2 reports:implementation,proof,repair,review review:2 saved:8 status:BLOCKED] name:Controller params:map[] ref:0 ref_string:Controller#0]] state:map[controller:role Controller#0] stats:map[counts:map[Controller#0.Inspect:2 Controller#0.Proof:2 Controller#0.Restart:2 Controller#0.Resume:2 Controller#0.Review:2 Controller#0.Start:1] totalActions:11] threads:[] witness:[[false false false false]]]
. Expected DISABLED
. Actual [str_value:"DISABLED"], len:1
    Action Link: Controller#0.Review
    Found matching Source Link: src:150 dest:146 name:"Controller#0.Review" weight:0.125 type:"action" 10:"\n\x13Controller#0.Review\x12\n\"DISABLED\""
  End of Request 209, current nodeId: 146, node: map[channel_messages:map[] channels:map[] current:0 failedInvariants:<nil> name:yield returns:{"Controller#0.Review":"DISABLED"} roles:[map[fields:map[attempts:8 current:1 fault:false generation:2 inspected:true phase:terminal proof:-1 repair:1 repeats:2 reports:implementation,proof,repair,review review:2 saved:8 status:BLOCKED] name:Controller params:map[] ref:0 ref_string:Controller#0]] state:map[controller:role Controller#0] stats:map[counts:map[Controller#0.Inspect:1 Controller#0.Proof:2 Controller#0.Restart:2 Controller#0.Resume:2 Controller#0.Review:3 Controller#0.Start:1] totalActions:11] threads:[] witness:[[false false false false]]]
. Expected DISABLED
. Actual [str_value:"DISABLED"], len:1
    Action Link: Controller#0.Overlap
    Found matching Source Link: src:146 dest:152 name:"Controller#0.Overlap" weight:0.125 type:"action" 10:"\n\x14Controller#0.Overlap\x12\n\"DISABLED\""
  End of Request 210, current nodeId: 152, node: map[channel_messages:map[] channels:map[] current:0 failedInvariants:<nil> name:yield returns:{"Controller#0.Overlap":"DISABLED"} roles:[map[fields:map[attempts:8 current:1 fault:false generation:2 inspected:true phase:terminal proof:-1 repair:1 repeats:2 reports:implementation,proof,repair,review review:2 saved:8 status:BLOCKED] name:Controller params:map[] ref:0 ref_string:Controller#0]] state:map[controller:role Controller#0] stats:map[counts:map[Controller#0.Inspect:1 Controller#0.Overlap:1 Controller#0.Proof:2 Controller#0.Restart:2 Controller#0.Resume:2 Controller#0.Review:2 Controller#0.Start:1] totalActions:11] threads:[] witness:[[false false false false]]]
. Expected DISABLED
. Actual [str_value:"DISABLED"], len:1
    Action Link: Controller#0.Inspect
    Found matching Source Link: src:152 dest:150 name:"Controller#0.Inspect" weight:0.125 type:"action" 10:"\n\x14Controller#0.Inspect\x12\n\"DISABLED\""
  End of Request 211, current nodeId: 150, node: map[channel_messages:map[] channels:map[] current:0 failedInvariants:<nil> name:yield returns:{"Controller#0.Inspect":"DISABLED"} roles:[map[fields:map[attempts:8 current:1 fault:false generation:2 inspected:true phase:terminal proof:-1 repair:1 repeats:2 reports:implementation,proof,repair,review review:2 saved:8 status:BLOCKED] name:Controller params:map[] ref:0 ref_string:Controller#0]] state:map[controller:role Controller#0] stats:map[counts:map[Controller#0.Inspect:2 Controller#0.Proof:2 Controller#0.Restart:2 Controller#0.Resume:2 Controller#0.Review:2 Controller#0.Start:1] totalActions:11] threads:[] witness:[[false false false false]]]
. Expected DISABLED
. Actual [str_value:"DISABLED"], len:1
    Action Link: Controller#0.Proof
    Found matching Source Link: src:150 dest:147 name:"Controller#0.Proof" weight:0.125 type:"action" 10:"\n\x12Controller#0.Proof\x12\n\"DISABLED\""
  End of Request 212, current nodeId: 147, node: map[channel_messages:map[] channels:map[] current:0 failedInvariants:<nil> name:yield returns:{"Controller#0.Proof":"DISABLED"} roles:[map[fields:map[attempts:8 current:1 fault:false generation:2 inspected:true phase:terminal proof:-1 repair:1 repeats:2 reports:implementation,proof,repair,review review:2 saved:8 status:BLOCKED] name:Controller params:map[] ref:0 ref_string:Controller#0]] state:map[controller:role Controller#0] stats:map[counts:map[Controller#0.Inspect:1 Controller#0.Proof:3 Controller#0.Restart:2 Controller#0.Resume:2 Controller#0.Review:2 Controller#0.Start:1] totalActions:11] threads:[] witness:[[false false false false]]]
. Expected DISABLED
. Actual [str_value:"DISABLED"], len:1
    Action Link: Controller#0.Restart
    Found matching Source Link: src:147 dest:149 name:"Controller#0.Restart" weight:0.125 type:"action" 10:"\n\x14Controller#0.Restart\x12\n\"DISABLED\""
  End of Request 213, current nodeId: 149, node: map[channel_messages:map[] channels:map[] current:0 failedInvariants:<nil> name:yield returns:{"Controller#0.Restart":"DISABLED"} roles:[map[fields:map[attempts:8 current:1 fault:false generation:2 inspected:true phase:terminal proof:-1 repair:1 repeats:2 reports:implementation,proof,repair,review review:2 saved:8 status:BLOCKED] name:Controller params:map[] ref:0 ref_string:Controller#0]] state:map[controller:role Controller#0] stats:map[counts:map[Controller#0.Inspect:1 Controller#0.Proof:2 Controller#0.Restart:3 Controller#0.Resume:2 Controller#0.Review:2 Controller#0.Start:1] totalActions:11] threads:[] witness:[[false false false false]]]
. Expected DISABLED
. Actual [str_value:"DISABLED"], len:1
    Action Link: Controller#0.Start
    Found matching Source Link: src:149 dest:145 name:"Controller#0.Start" weight:0.125 type:"action" 10:"\n\x12Controller#0.Start\x12\n\"DISABLED\""
  End of Request 214, current nodeId: 145, node: map[channel_messages:map[] channels:map[] current:0 failedInvariants:<nil> name:yield returns:{"Controller#0.Start":"DISABLED"} roles:[map[fields:map[attempts:8 current:1 fault:false generation:2 inspected:true phase:terminal proof:-1 repair:1 repeats:2 reports:implementation,proof,repair,review review:2 saved:8 status:BLOCKED] name:Controller params:map[] ref:0 ref_string:Controller#0]] state:map[controller:role Controller#0] stats:map[counts:map[Controller#0.Inspect:1 Controller#0.Proof:2 Controller#0.Restart:2 Controller#0.Resume:2 Controller#0.Review:2 Controller#0.Start:2] totalActions:11] threads:[] witness:[[false false false false]]]
. Expected DISABLED
. Actual [str_value:"DISABLED"], len:1
    Action Link: Controller#0.Inspect
    Found matching Source Link: src:145 dest:150 name:"Controller#0.Inspect" weight:0.125 type:"action" 10:"\n\x14Controller#0.Inspect\x12\n\"DISABLED\""
  End of Request 215, current nodeId: 150, node: map[channel_messages:map[] channels:map[] current:0 failedInvariants:<nil> name:yield returns:{"Controller#0.Inspect":"DISABLED"} roles:[map[fields:map[attempts:8 current:1 fault:false generation:2 inspected:true phase:terminal proof:-1 repair:1 repeats:2 reports:implementation,proof,repair,review review:2 saved:8 status:BLOCKED] name:Controller params:map[] ref:0 ref_string:Controller#0]] state:map[controller:role Controller#0] stats:map[counts:map[Controller#0.Inspect:2 Controller#0.Proof:2 Controller#0.Restart:2 Controller#0.Resume:2 Controller#0.Review:2 Controller#0.Start:1] totalActions:11] threads:[] witness:[[false false false false]]]
. Expected DISABLED
. Actual [str_value:"DISABLED"], len:1
    Action Link: Controller#0.Corrupt
    Found matching Source Link: src:150 dest:148 name:"Controller#0.Corrupt" weight:0.125 type:"action" 10:"\n\x14Controller#0.Corrupt\x12\n\"DISABLED\""
  End of Request 216, current nodeId: 148, node: map[channel_messages:map[] channels:map[] current:0 failedInvariants:<nil> name:yield returns:{"Controller#0.Corrupt":"DISABLED"} roles:[map[fields:map[attempts:8 current:1 fault:false generation:2 inspected:true phase:terminal proof:-1 repair:1 repeats:2 reports:implementation,proof,repair,review review:2 saved:8 status:BLOCKED] name:Controller params:map[] ref:0 ref_string:Controller#0]] state:map[controller:role Controller#0] stats:map[counts:map[Controller#0.Corrupt:1 Controller#0.Inspect:1 Controller#0.Proof:2 Controller#0.Restart:2 Controller#0.Resume:2 Controller#0.Review:2 Controller#0.Start:1] totalActions:11] threads:[] witness:[[false false false false]]]
. Expected DISABLED
. Actual [str_value:"DISABLED"], len:1
    Action Link: Controller#0.Overlap
    Found matching Source Link: src:148 dest:152 name:"Controller#0.Overlap" weight:0.125 type:"action" 10:"\n\x14Controller#0.Overlap\x12\n\"DISABLED\""
  End of Request 217, current nodeId: 152, node: map[channel_messages:map[] channels:map[] current:0 failedInvariants:<nil> name:yield returns:{"Controller#0.Overlap":"DISABLED"} roles:[map[fields:map[attempts:8 current:1 fault:false generation:2 inspected:true phase:terminal proof:-1 repair:1 repeats:2 reports:implementation,proof,repair,review review:2 saved:8 status:BLOCKED] name:Controller params:map[] ref:0 ref_string:Controller#0]] state:map[controller:role Controller#0] stats:map[counts:map[Controller#0.Inspect:1 Controller#0.Overlap:1 Controller#0.Proof:2 Controller#0.Restart:2 Controller#0.Resume:2 Controller#0.Review:2 Controller#0.Start:1] totalActions:11] threads:[] witness:[[false false false false]]]
. Expected DISABLED
. Actual [str_value:"DISABLED"], len:1
    Action Link: Controller#0.Review
    Found matching Source Link: src:152 dest:146 name:"Controller#0.Review" weight:0.125 type:"action" 10:"\n\x13Controller#0.Review\x12\n\"DISABLED\""
  End of Request 218, current nodeId: 146, node: map[channel_messages:map[] channels:map[] current:0 failedInvariants:<nil> name:yield returns:{"Controller#0.Review":"DISABLED"} roles:[map[fields:map[attempts:8 current:1 fault:false generation:2 inspected:true phase:terminal proof:-1 repair:1 repeats:2 reports:implementation,proof,repair,review review:2 saved:8 status:BLOCKED] name:Controller params:map[] ref:0 ref_string:Controller#0]] state:map[controller:role Controller#0] stats:map[counts:map[Controller#0.Inspect:1 Controller#0.Proof:2 Controller#0.Restart:2 Controller#0.Resume:2 Controller#0.Review:3 Controller#0.Start:1] totalActions:11] threads:[] witness:[[false false false false]]]
. Expected DISABLED
. Actual [str_value:"DISABLED"], len:1
    Action Link: Controller#0.Resume
    Found matching Source Link: src:146 dest:151 name:"Controller#0.Resume" weight:0.125 type:"action" 10:"\n\x13Controller#0.Resume\x12\n\"DISABLED\""
  End of Request 219, current nodeId: 151, node: map[channel_messages:map[] channels:map[] current:0 failedInvariants:<nil> name:yield returns:{"Controller#0.Resume":"DISABLED"} roles:[map[fields:map[attempts:8 current:1 fault:false generation:2 inspected:true phase:terminal proof:-1 repair:1 repeats:2 reports:implementation,proof,repair,review review:2 saved:8 status:BLOCKED] name:Controller params:map[] ref:0 ref_string:Controller#0]] state:map[controller:role Controller#0] stats:map[counts:map[Controller#0.Inspect:1 Controller#0.Proof:2 Controller#0.Restart:2 Controller#0.Resume:3 Controller#0.Review:2 Controller#0.Start:1] totalActions:11] threads:[] witness:[[false false false false]]]
. Expected DISABLED
. Actual [str_value:"DISABLED"], len:1
    Action Link: Controller#0.Restart
    Found matching Source Link: src:151 dest:149 name:"Controller#0.Restart" weight:0.125 type:"action" 10:"\n\x14Controller#0.Restart\x12\n\"DISABLED\""
  End of Request 220, current nodeId: 149, node: map[channel_messages:map[] channels:map[] current:0 failedInvariants:<nil> name:yield returns:{"Controller#0.Restart":"DISABLED"} roles:[map[fields:map[attempts:8 current:1 fault:false generation:2 inspected:true phase:terminal proof:-1 repair:1 repeats:2 reports:implementation,proof,repair,review review:2 saved:8 status:BLOCKED] name:Controller params:map[] ref:0 ref_string:Controller#0]] state:map[controller:role Controller#0] stats:map[counts:map[Controller#0.Inspect:1 Controller#0.Proof:2 Controller#0.Restart:3 Controller#0.Resume:2 Controller#0.Review:2 Controller#0.Start:1] totalActions:11] threads:[] witness:[[false false false false]]]
. Expected DISABLED
. Actual [str_value:"DISABLED"], len:1
    Action Link: Controller#0.Start
    Found matching Source Link: src:149 dest:145 name:"Controller#0.Start" weight:0.125 type:"action" 10:"\n\x12Controller#0.Start\x12\n\"DISABLED\""
  End of Request 221, current nodeId: 145, node: map[channel_messages:map[] channels:map[] current:0 failedInvariants:<nil> name:yield returns:{"Controller#0.Start":"DISABLED"} roles:[map[fields:map[attempts:8 current:1 fault:false generation:2 inspected:true phase:terminal proof:-1 repair:1 repeats:2 reports:implementation,proof,repair,review review:2 saved:8 status:BLOCKED] name:Controller params:map[] ref:0 ref_string:Controller#0]] state:map[controller:role Controller#0] stats:map[counts:map[Controller#0.Inspect:1 Controller#0.Proof:2 Controller#0.Restart:2 Controller#0.Resume:2 Controller#0.Review:2 Controller#0.Start:2] totalActions:11] threads:[] witness:[[false false false false]]]
. Expected DISABLED
. Actual [str_value:"DISABLED"], len:1
    Action Link: Controller#0.Restart
    Found matching Source Link: src:145 dest:149 name:"Controller#0.Restart" weight:0.125 type:"action" 10:"\n\x14Controller#0.Restart\x12\n\"DISABLED\""
  End of Request 222, current nodeId: 149, node: map[channel_messages:map[] channels:map[] current:0 failedInvariants:<nil> name:yield returns:{"Controller#0.Restart":"DISABLED"} roles:[map[fields:map[attempts:8 current:1 fault:false generation:2 inspected:true phase:terminal proof:-1 repair:1 repeats:2 reports:implementation,proof,repair,review review:2 saved:8 status:BLOCKED] name:Controller params:map[] ref:0 ref_string:Controller#0]] state:map[controller:role Controller#0] stats:map[counts:map[Controller#0.Inspect:1 Controller#0.Proof:2 Controller#0.Restart:3 Controller#0.Resume:2 Controller#0.Review:2 Controller#0.Start:1] totalActions:11] threads:[] witness:[[false false false false]]]
. Expected DISABLED
. Actual [str_value:"DISABLED"], len:1
    Action Link: Controller#0.Inspect
    Found matching Source Link: src:149 dest:150 name:"Controller#0.Inspect" weight:0.125 type:"action" 10:"\n\x14Controller#0.Inspect\x12\n\"DISABLED\""
  End of Request 223, current nodeId: 150, node: map[channel_messages:map[] channels:map[] current:0 failedInvariants:<nil> name:yield returns:{"Controller#0.Inspect":"DISABLED"} roles:[map[fields:map[attempts:8 current:1 fault:false generation:2 inspected:true phase:terminal proof:-1 repair:1 repeats:2 reports:implementation,proof,repair,review review:2 saved:8 status:BLOCKED] name:Controller params:map[] ref:0 ref_string:Controller#0]] state:map[controller:role Controller#0] stats:map[counts:map[Controller#0.Inspect:2 Controller#0.Proof:2 Controller#0.Restart:2 Controller#0.Resume:2 Controller#0.Review:2 Controller#0.Start:1] totalActions:11] threads:[] witness:[[false false false false]]]
. Expected DISABLED
. Actual [str_value:"DISABLED"], len:1
    Action Link: Controller#0.Resume
    Found matching Source Link: src:150 dest:151 name:"Controller#0.Resume" weight:0.125 type:"action" 10:"\n\x13Controller#0.Resume\x12\n\"DISABLED\""
  End of Request 224, current nodeId: 151, node: map[channel_messages:map[] channels:map[] current:0 failedInvariants:<nil> name:yield returns:{"Controller#0.Resume":"DISABLED"} roles:[map[fields:map[attempts:8 current:1 fault:false generation:2 inspected:true phase:terminal proof:-1 repair:1 repeats:2 reports:implementation,proof,repair,review review:2 saved:8 status:BLOCKED] name:Controller params:map[] ref:0 ref_string:Controller#0]] state:map[controller:role Controller#0] stats:map[counts:map[Controller#0.Inspect:1 Controller#0.Proof:2 Controller#0.Restart:2 Controller#0.Resume:3 Controller#0.Review:2 Controller#0.Start:1] totalActions:11] threads:[] witness:[[false false false false]]]
. Expected DISABLED
. Actual [str_value:"DISABLED"], len:1
    Action Link: Controller#0.Start
    Found matching Source Link: src:151 dest:145 name:"Controller#0.Start" weight:0.125 type:"action" 10:"\n\x12Controller#0.Start\x12\n\"DISABLED\""
  End of Request 225, current nodeId: 145, node: map[channel_messages:map[] channels:map[] current:0 failedInvariants:<nil> name:yield returns:{"Controller#0.Start":"DISABLED"} roles:[map[fields:map[attempts:8 current:1 fault:false generation:2 inspected:true phase:terminal proof:-1 repair:1 repeats:2 reports:implementation,proof,repair,review review:2 saved:8 status:BLOCKED] name:Controller params:map[] ref:0 ref_string:Controller#0]] state:map[controller:role Controller#0] stats:map[counts:map[Controller#0.Inspect:1 Controller#0.Proof:2 Controller#0.Restart:2 Controller#0.Resume:2 Controller#0.Review:2 Controller#0.Start:2] totalActions:11] threads:[] witness:[[false false false false]]]
. Expected DISABLED
. Actual [str_value:"DISABLED"], len:1
    Action Link: Controller#0.Inspect
    Found matching Source Link: src:145 dest:150 name:"Controller#0.Inspect" weight:0.125 type:"action" 10:"\n\x14Controller#0.Inspect\x12\n\"DISABLED\""
  End of Request 226, current nodeId: 150, node: map[channel_messages:map[] channels:map[] current:0 failedInvariants:<nil> name:yield returns:{"Controller#0.Inspect":"DISABLED"} roles:[map[fields:map[attempts:8 current:1 fault:false generation:2 inspected:true phase:terminal proof:-1 repair:1 repeats:2 reports:implementation,proof,repair,review review:2 saved:8 status:BLOCKED] name:Controller params:map[] ref:0 ref_string:Controller#0]] state:map[controller:role Controller#0] stats:map[counts:map[Controller#0.Inspect:2 Controller#0.Proof:2 Controller#0.Restart:2 Controller#0.Resume:2 Controller#0.Review:2 Controller#0.Start:1] totalActions:11] threads:[] witness:[[false false false false]]]
. Expected DISABLED
. Actual [str_value:"DISABLED"], len:1
    Action Link: Controller#0.Overlap
    Found matching Source Link: src:150 dest:152 name:"Controller#0.Overlap" weight:0.125 type:"action" 10:"\n\x14Controller#0.Overlap\x12\n\"DISABLED\""
  End of Request 227, current nodeId: 152, node: map[channel_messages:map[] channels:map[] current:0 failedInvariants:<nil> name:yield returns:{"Controller#0.Overlap":"DISABLED"} roles:[map[fields:map[attempts:8 current:1 fault:false generation:2 inspected:true phase:terminal proof:-1 repair:1 repeats:2 reports:implementation,proof,repair,review review:2 saved:8 status:BLOCKED] name:Controller params:map[] ref:0 ref_string:Controller#0]] state:map[controller:role Controller#0] stats:map[counts:map[Controller#0.Inspect:1 Controller#0.Overlap:1 Controller#0.Proof:2 Controller#0.Restart:2 Controller#0.Resume:2 Controller#0.Review:2 Controller#0.Start:1] totalActions:11] threads:[] witness:[[false false false false]]]
. Expected DISABLED
. Actual [str_value:"DISABLED"], len:1
    Action Link: Controller#0.Corrupt
    Found matching Source Link: src:152 dest:148 name:"Controller#0.Corrupt" weight:0.125 type:"action" 10:"\n\x14Controller#0.Corrupt\x12\n\"DISABLED\""
  End of Request 228, current nodeId: 148, node: map[channel_messages:map[] channels:map[] current:0 failedInvariants:<nil> name:yield returns:{"Controller#0.Corrupt":"DISABLED"} roles:[map[fields:map[attempts:8 current:1 fault:false generation:2 inspected:true phase:terminal proof:-1 repair:1 repeats:2 reports:implementation,proof,repair,review review:2 saved:8 status:BLOCKED] name:Controller params:map[] ref:0 ref_string:Controller#0]] state:map[controller:role Controller#0] stats:map[counts:map[Controller#0.Corrupt:1 Controller#0.Inspect:1 Controller#0.Proof:2 Controller#0.Restart:2 Controller#0.Resume:2 Controller#0.Review:2 Controller#0.Start:1] totalActions:11] threads:[] witness:[[false false false false]]]
. Expected DISABLED
. Actual [str_value:"DISABLED"], len:1
    Action Link: Controller#0.Corrupt
    Found matching Source Link: src:148 dest:148 name:"Controller#0.Corrupt" weight:0.125 type:"action" 10:"\n\x14Controller#0.Corrupt\x12\n\"DISABLED\""
  End of Request 229, current nodeId: 148, node: map[channel_messages:map[] channels:map[] current:0 failedInvariants:<nil> name:yield returns:{"Controller#0.Corrupt":"DISABLED"} roles:[map[fields:map[attempts:8 current:1 fault:false generation:2 inspected:true phase:terminal proof:-1 repair:1 repeats:2 reports:implementation,proof,repair,review review:2 saved:8 status:BLOCKED] name:Controller params:map[] ref:0 ref_string:Controller#0]] state:map[controller:role Controller#0] stats:map[counts:map[Controller#0.Corrupt:1 Controller#0.Inspect:1 Controller#0.Proof:2 Controller#0.Restart:2 Controller#0.Resume:2 Controller#0.Review:2 Controller#0.Start:1] totalActions:11] threads:[] witness:[[false false false false]]]
. Expected DISABLED
. Actual [str_value:"DISABLED"], len:1
    Action Link: Controller#0.Corrupt
    Found matching Source Link: src:148 dest:148 name:"Controller#0.Corrupt" weight:0.125 type:"action" 10:"\n\x14Controller#0.Corrupt\x12\n\"DISABLED\""
  End of Request 230, current nodeId: 148, node: map[channel_messages:map[] channels:map[] current:0 failedInvariants:<nil> name:yield returns:{"Controller#0.Corrupt":"DISABLED"} roles:[map[fields:map[attempts:8 current:1 fault:false generation:2 inspected:true phase:terminal proof:-1 repair:1 repeats:2 reports:implementation,proof,repair,review review:2 saved:8 status:BLOCKED] name:Controller params:map[] ref:0 ref_string:Controller#0]] state:map[controller:role Controller#0] stats:map[counts:map[Controller#0.Corrupt:1 Controller#0.Inspect:1 Controller#0.Proof:2 Controller#0.Restart:2 Controller#0.Resume:2 Controller#0.Review:2 Controller#0.Start:1] totalActions:11] threads:[] witness:[[false false false false]]]
. Expected DISABLED
. Actual [str_value:"DISABLED"], len:1
    Action Link: Controller#0.Restart
    Found matching Source Link: src:148 dest:149 name:"Controller#0.Restart" weight:0.125 type:"action" 10:"\n\x14Controller#0.Restart\x12\n\"DISABLED\""
  End of Request 231, current nodeId: 149, node: map[channel_messages:map[] channels:map[] current:0 failedInvariants:<nil> name:yield returns:{"Controller#0.Restart":"DISABLED"} roles:[map[fields:map[attempts:8 current:1 fault:false generation:2 inspected:true phase:terminal proof:-1 repair:1 repeats:2 reports:implementation,proof,repair,review review:2 saved:8 status:BLOCKED] name:Controller params:map[] ref:0 ref_string:Controller#0]] state:map[controller:role Controller#0] stats:map[counts:map[Controller#0.Inspect:1 Controller#0.Proof:2 Controller#0.Restart:3 Controller#0.Resume:2 Controller#0.Review:2 Controller#0.Start:1] totalActions:11] threads:[] witness:[[false false false false]]]
. Expected DISABLED
. Actual [str_value:"DISABLED"], len:1
    Action Link: Controller#0.Resume
    Found matching Source Link: src:149 dest:151 name:"Controller#0.Resume" weight:0.125 type:"action" 10:"\n\x13Controller#0.Resume\x12\n\"DISABLED\""
  End of Request 232, current nodeId: 151, node: map[channel_messages:map[] channels:map[] current:0 failedInvariants:<nil> name:yield returns:{"Controller#0.Resume":"DISABLED"} roles:[map[fields:map[attempts:8 current:1 fault:false generation:2 inspected:true phase:terminal proof:-1 repair:1 repeats:2 reports:implementation,proof,repair,review review:2 saved:8 status:BLOCKED] name:Controller params:map[] ref:0 ref_string:Controller#0]] state:map[controller:role Controller#0] stats:map[counts:map[Controller#0.Inspect:1 Controller#0.Proof:2 Controller#0.Restart:2 Controller#0.Resume:3 Controller#0.Review:2 Controller#0.Start:1] totalActions:11] threads:[] witness:[[false false false false]]]
. Expected DISABLED
. Actual [str_value:"DISABLED"], len:1
    Action Link: Controller#0.Corrupt
    Found matching Source Link: src:151 dest:148 name:"Controller#0.Corrupt" weight:0.125 type:"action" 10:"\n\x14Controller#0.Corrupt\x12\n\"DISABLED\""
  End of Request 233, current nodeId: 148, node: map[channel_messages:map[] channels:map[] current:0 failedInvariants:<nil> name:yield returns:{"Controller#0.Corrupt":"DISABLED"} roles:[map[fields:map[attempts:8 current:1 fault:false generation:2 inspected:true phase:terminal proof:-1 repair:1 repeats:2 reports:implementation,proof,repair,review review:2 saved:8 status:BLOCKED] name:Controller params:map[] ref:0 ref_string:Controller#0]] state:map[controller:role Controller#0] stats:map[counts:map[Controller#0.Corrupt:1 Controller#0.Inspect:1 Controller#0.Proof:2 Controller#0.Restart:2 Controller#0.Resume:2 Controller#0.Review:2 Controller#0.Start:1] totalActions:11] threads:[] witness:[[false false false false]]]
. Expected DISABLED
. Actual [str_value:"DISABLED"], len:1
    Action Link: Controller#0.Start
    Found matching Source Link: src:148 dest:145 name:"Controller#0.Start" weight:0.125 type:"action" 10:"\n\x12Controller#0.Start\x12\n\"DISABLED\""
  End of Request 234, current nodeId: 145, node: map[channel_messages:map[] channels:map[] current:0 failedInvariants:<nil> name:yield returns:{"Controller#0.Start":"DISABLED"} roles:[map[fields:map[attempts:8 current:1 fault:false generation:2 inspected:true phase:terminal proof:-1 repair:1 repeats:2 reports:implementation,proof,repair,review review:2 saved:8 status:BLOCKED] name:Controller params:map[] ref:0 ref_string:Controller#0]] state:map[controller:role Controller#0] stats:map[counts:map[Controller#0.Inspect:1 Controller#0.Proof:2 Controller#0.Restart:2 Controller#0.Resume:2 Controller#0.Review:2 Controller#0.Start:2] totalActions:11] threads:[] witness:[[false false false false]]]
. Expected DISABLED
. Actual [str_value:"DISABLED"], len:1
    Action Link: Controller#0.Proof
    Found matching Source Link: src:145 dest:147 name:"Controller#0.Proof" weight:0.125 type:"action" 10:"\n\x12Controller#0.Proof\x12\n\"DISABLED\""
  End of Request 235, current nodeId: 147, node: map[channel_messages:map[] channels:map[] current:0 failedInvariants:<nil> name:yield returns:{"Controller#0.Proof":"DISABLED"} roles:[map[fields:map[attempts:8 current:1 fault:false generation:2 inspected:true phase:terminal proof:-1 repair:1 repeats:2 reports:implementation,proof,repair,review review:2 saved:8 status:BLOCKED] name:Controller params:map[] ref:0 ref_string:Controller#0]] state:map[controller:role Controller#0] stats:map[counts:map[Controller#0.Inspect:1 Controller#0.Proof:3 Controller#0.Restart:2 Controller#0.Resume:2 Controller#0.Review:2 Controller#0.Start:1] totalActions:11] threads:[] witness:[[false false false false]]]
. Expected DISABLED
. Actual [str_value:"DISABLED"], len:1
    Action Link: Controller#0.Start
    Found matching Source Link: src:147 dest:145 name:"Controller#0.Start" weight:0.125 type:"action" 10:"\n\x12Controller#0.Start\x12\n\"DISABLED\""
  End of Request 236, current nodeId: 145, node: map[channel_messages:map[] channels:map[] current:0 failedInvariants:<nil> name:yield returns:{"Controller#0.Start":"DISABLED"} roles:[map[fields:map[attempts:8 current:1 fault:false generation:2 inspected:true phase:terminal proof:-1 repair:1 repeats:2 reports:implementation,proof,repair,review review:2 saved:8 status:BLOCKED] name:Controller params:map[] ref:0 ref_string:Controller#0]] state:map[controller:role Controller#0] stats:map[counts:map[Controller#0.Inspect:1 Controller#0.Proof:2 Controller#0.Restart:2 Controller#0.Resume:2 Controller#0.Review:2 Controller#0.Start:2] totalActions:11] threads:[] witness:[[false false false false]]]
. Expected DISABLED
. Actual [str_value:"DISABLED"], len:1
    Action Link: Controller#0.Resume
    Found matching Source Link: src:145 dest:151 name:"Controller#0.Resume" weight:0.125 type:"action" 10:"\n\x13Controller#0.Resume\x12\n\"DISABLED\""
  End of Request 237, current nodeId: 151, node: map[channel_messages:map[] channels:map[] current:0 failedInvariants:<nil> name:yield returns:{"Controller#0.Resume":"DISABLED"} roles:[map[fields:map[attempts:8 current:1 fault:false generation:2 inspected:true phase:terminal proof:-1 repair:1 repeats:2 reports:implementation,proof,repair,review review:2 saved:8 status:BLOCKED] name:Controller params:map[] ref:0 ref_string:Controller#0]] state:map[controller:role Controller#0] stats:map[counts:map[Controller#0.Inspect:1 Controller#0.Proof:2 Controller#0.Restart:2 Controller#0.Resume:3 Controller#0.Review:2 Controller#0.Start:1] totalActions:11] threads:[] witness:[[false false false false]]]
. Expected DISABLED
. Actual [str_value:"DISABLED"], len:1
    Action Link: Controller#0.Proof
    Found matching Source Link: src:151 dest:147 name:"Controller#0.Proof" weight:0.125 type:"action" 10:"\n\x12Controller#0.Proof\x12\n\"DISABLED\""
  End of Request 238, current nodeId: 147, node: map[channel_messages:map[] channels:map[] current:0 failedInvariants:<nil> name:yield returns:{"Controller#0.Proof":"DISABLED"} roles:[map[fields:map[attempts:8 current:1 fault:false generation:2 inspected:true phase:terminal proof:-1 repair:1 repeats:2 reports:implementation,proof,repair,review review:2 saved:8 status:BLOCKED] name:Controller params:map[] ref:0 ref_string:Controller#0]] state:map[controller:role Controller#0] stats:map[counts:map[Controller#0.Inspect:1 Controller#0.Proof:3 Controller#0.Restart:2 Controller#0.Resume:2 Controller#0.Review:2 Controller#0.Start:1] totalActions:11] threads:[] witness:[[false false false false]]]
. Expected DISABLED
. Actual [str_value:"DISABLED"], len:1
    Action Link: Controller#0.Proof
    Found matching Source Link: src:147 dest:147 name:"Controller#0.Proof" weight:0.125 type:"action" 10:"\n\x12Controller#0.Proof\x12\n\"DISABLED\""
  End of Request 239, current nodeId: 147, node: map[channel_messages:map[] channels:map[] current:0 failedInvariants:<nil> name:yield returns:{"Controller#0.Proof":"DISABLED"} roles:[map[fields:map[attempts:8 current:1 fault:false generation:2 inspected:true phase:terminal proof:-1 repair:1 repeats:2 reports:implementation,proof,repair,review review:2 saved:8 status:BLOCKED] name:Controller params:map[] ref:0 ref_string:Controller#0]] state:map[controller:role Controller#0] stats:map[counts:map[Controller#0.Inspect:1 Controller#0.Proof:3 Controller#0.Restart:2 Controller#0.Resume:2 Controller#0.Review:2 Controller#0.Start:1] totalActions:11] threads:[] witness:[[false false false false]]]
. Expected DISABLED
. Actual [str_value:"DISABLED"], len:1
    Action Link: Controller#0.Restart
    Found matching Source Link: src:147 dest:149 name:"Controller#0.Restart" weight:0.125 type:"action" 10:"\n\x14Controller#0.Restart\x12\n\"DISABLED\""
  End of Request 240, current nodeId: 149, node: map[channel_messages:map[] channels:map[] current:0 failedInvariants:<nil> name:yield returns:{"Controller#0.Restart":"DISABLED"} roles:[map[fields:map[attempts:8 current:1 fault:false generation:2 inspected:true phase:terminal proof:-1 repair:1 repeats:2 reports:implementation,proof,repair,review review:2 saved:8 status:BLOCKED] name:Controller params:map[] ref:0 ref_string:Controller#0]] state:map[controller:role Controller#0] stats:map[counts:map[Controller#0.Inspect:1 Controller#0.Proof:2 Controller#0.Restart:3 Controller#0.Resume:2 Controller#0.Review:2 Controller#0.Start:1] totalActions:11] threads:[] witness:[[false false false false]]]
. Expected DISABLED
. Actual [str_value:"DISABLED"], len:1
    Action Link: Controller#0.Inspect
    Found matching Source Link: src:149 dest:150 name:"Controller#0.Inspect" weight:0.125 type:"action" 10:"\n\x14Controller#0.Inspect\x12\n\"DISABLED\""
  End of Request 241, current nodeId: 150, node: map[channel_messages:map[] channels:map[] current:0 failedInvariants:<nil> name:yield returns:{"Controller#0.Inspect":"DISABLED"} roles:[map[fields:map[attempts:8 current:1 fault:false generation:2 inspected:true phase:terminal proof:-1 repair:1 repeats:2 reports:implementation,proof,repair,review review:2 saved:8 status:BLOCKED] name:Controller params:map[] ref:0 ref_string:Controller#0]] state:map[controller:role Controller#0] stats:map[counts:map[Controller#0.Inspect:2 Controller#0.Proof:2 Controller#0.Restart:2 Controller#0.Resume:2 Controller#0.Review:2 Controller#0.Start:1] totalActions:11] threads:[] witness:[[false false false false]]]
. Expected DISABLED
. Actual [str_value:"DISABLED"], len:1
    Action Link: Controller#0.Review
    Found matching Source Link: src:150 dest:146 name:"Controller#0.Review" weight:0.125 type:"action" 10:"\n\x13Controller#0.Review\x12\n\"DISABLED\""
  End of Request 242, current nodeId: 146, node: map[channel_messages:map[] channels:map[] current:0 failedInvariants:<nil> name:yield returns:{"Controller#0.Review":"DISABLED"} roles:[map[fields:map[attempts:8 current:1 fault:false generation:2 inspected:true phase:terminal proof:-1 repair:1 repeats:2 reports:implementation,proof,repair,review review:2 saved:8 status:BLOCKED] name:Controller params:map[] ref:0 ref_string:Controller#0]] state:map[controller:role Controller#0] stats:map[counts:map[Controller#0.Inspect:1 Controller#0.Proof:2 Controller#0.Restart:2 Controller#0.Resume:2 Controller#0.Review:3 Controller#0.Start:1] totalActions:11] threads:[] witness:[[false false false false]]]
. Expected DISABLED
. Actual [str_value:"DISABLED"], len:1
    Action Link: Controller#0.Overlap
    Found matching Source Link: src:146 dest:152 name:"Controller#0.Overlap" weight:0.125 type:"action" 10:"\n\x14Controller#0.Overlap\x12\n\"DISABLED\""
  End of Request 243, current nodeId: 152, node: map[channel_messages:map[] channels:map[] current:0 failedInvariants:<nil> name:yield returns:{"Controller#0.Overlap":"DISABLED"} roles:[map[fields:map[attempts:8 current:1 fault:false generation:2 inspected:true phase:terminal proof:-1 repair:1 repeats:2 reports:implementation,proof,repair,review review:2 saved:8 status:BLOCKED] name:Controller params:map[] ref:0 ref_string:Controller#0]] state:map[controller:role Controller#0] stats:map[counts:map[Controller#0.Inspect:1 Controller#0.Overlap:1 Controller#0.Proof:2 Controller#0.Restart:2 Controller#0.Resume:2 Controller#0.Review:2 Controller#0.Start:1] totalActions:11] threads:[] witness:[[false false false false]]]
. Expected DISABLED
. Actual [str_value:"DISABLED"], len:1
    Action Link: Controller#0.Proof
    Found matching Source Link: src:152 dest:147 name:"Controller#0.Proof" weight:0.125 type:"action" 10:"\n\x12Controller#0.Proof\x12\n\"DISABLED\""
  End of Request 244, current nodeId: 147, node: map[channel_messages:map[] channels:map[] current:0 failedInvariants:<nil> name:yield returns:{"Controller#0.Proof":"DISABLED"} roles:[map[fields:map[attempts:8 current:1 fault:false generation:2 inspected:true phase:terminal proof:-1 repair:1 repeats:2 reports:implementation,proof,repair,review review:2 saved:8 status:BLOCKED] name:Controller params:map[] ref:0 ref_string:Controller#0]] state:map[controller:role Controller#0] stats:map[counts:map[Controller#0.Inspect:1 Controller#0.Proof:3 Controller#0.Restart:2 Controller#0.Resume:2 Controller#0.Review:2 Controller#0.Start:1] totalActions:11] threads:[] witness:[[false false false false]]]
. Expected DISABLED
. Actual [str_value:"DISABLED"], len:1
    Action Link: Controller#0.Overlap
    Found matching Source Link: src:147 dest:152 name:"Controller#0.Overlap" weight:0.125 type:"action" 10:"\n\x14Controller#0.Overlap\x12\n\"DISABLED\""
  End of Request 245, current nodeId: 152, node: map[channel_messages:map[] channels:map[] current:0 failedInvariants:<nil> name:yield returns:{"Controller#0.Overlap":"DISABLED"} roles:[map[fields:map[attempts:8 current:1 fault:false generation:2 inspected:true phase:terminal proof:-1 repair:1 repeats:2 reports:implementation,proof,repair,review review:2 saved:8 status:BLOCKED] name:Controller params:map[] ref:0 ref_string:Controller#0]] state:map[controller:role Controller#0] stats:map[counts:map[Controller#0.Inspect:1 Controller#0.Overlap:1 Controller#0.Proof:2 Controller#0.Restart:2 Controller#0.Resume:2 Controller#0.Review:2 Controller#0.Start:1] totalActions:11] threads:[] witness:[[false false false false]]]
. Expected DISABLED
. Actual [str_value:"DISABLED"], len:1
    Action Link: Controller#0.Review
    Found matching Source Link: src:152 dest:146 name:"Controller#0.Review" weight:0.125 type:"action" 10:"\n\x13Controller#0.Review\x12\n\"DISABLED\""
  End of Request 246, current nodeId: 146, node: map[channel_messages:map[] channels:map[] current:0 failedInvariants:<nil> name:yield returns:{"Controller#0.Review":"DISABLED"} roles:[map[fields:map[attempts:8 current:1 fault:false generation:2 inspected:true phase:terminal proof:-1 repair:1 repeats:2 reports:implementation,proof,repair,review review:2 saved:8 status:BLOCKED] name:Controller params:map[] ref:0 ref_string:Controller#0]] state:map[controller:role Controller#0] stats:map[counts:map[Controller#0.Inspect:1 Controller#0.Proof:2 Controller#0.Restart:2 Controller#0.Resume:2 Controller#0.Review:3 Controller#0.Start:1] totalActions:11] threads:[] witness:[[false false false false]]]
. Expected DISABLED
. Actual [str_value:"DISABLED"], len:1
    Action Link: Controller#0.Restart
    Found matching Source Link: src:146 dest:149 name:"Controller#0.Restart" weight:0.125 type:"action" 10:"\n\x14Controller#0.Restart\x12\n\"DISABLED\""
  End of Request 247, current nodeId: 149, node: map[channel_messages:map[] channels:map[] current:0 failedInvariants:<nil> name:yield returns:{"Controller#0.Restart":"DISABLED"} roles:[map[fields:map[attempts:8 current:1 fault:false generation:2 inspected:true phase:terminal proof:-1 repair:1 repeats:2 reports:implementation,proof,repair,review review:2 saved:8 status:BLOCKED] name:Controller params:map[] ref:0 ref_string:Controller#0]] state:map[controller:role Controller#0] stats:map[counts:map[Controller#0.Inspect:1 Controller#0.Proof:2 Controller#0.Restart:3 Controller#0.Resume:2 Controller#0.Review:2 Controller#0.Start:1] totalActions:11] threads:[] witness:[[false false false false]]]
. Expected DISABLED
. Actual [str_value:"DISABLED"], len:1
    Action Link: Controller#0.Proof
    Found matching Source Link: src:149 dest:147 name:"Controller#0.Proof" weight:0.125 type:"action" 10:"\n\x12Controller#0.Proof\x12\n\"DISABLED\""
  End of Request 248, current nodeId: 147, node: map[channel_messages:map[] channels:map[] current:0 failedInvariants:<nil> name:yield returns:{"Controller#0.Proof":"DISABLED"} roles:[map[fields:map[attempts:8 current:1 fault:false generation:2 inspected:true phase:terminal proof:-1 repair:1 repeats:2 reports:implementation,proof,repair,review review:2 saved:8 status:BLOCKED] name:Controller params:map[] ref:0 ref_string:Controller#0]] state:map[controller:role Controller#0] stats:map[counts:map[Controller#0.Inspect:1 Controller#0.Proof:3 Controller#0.Restart:2 Controller#0.Resume:2 Controller#0.Review:2 Controller#0.Start:1] totalActions:11] threads:[] witness:[[false false false false]]]
. Expected DISABLED
. Actual [str_value:"DISABLED"], len:1
    Action Link: Controller#0.Corrupt
    Found matching Source Link: src:147 dest:148 name:"Controller#0.Corrupt" weight:0.125 type:"action" 10:"\n\x14Controller#0.Corrupt\x12\n\"DISABLED\""
  End of Request 249, current nodeId: 148, node: map[channel_messages:map[] channels:map[] current:0 failedInvariants:<nil> name:yield returns:{"Controller#0.Corrupt":"DISABLED"} roles:[map[fields:map[attempts:8 current:1 fault:false generation:2 inspected:true phase:terminal proof:-1 repair:1 repeats:2 reports:implementation,proof,repair,review review:2 saved:8 status:BLOCKED] name:Controller params:map[] ref:0 ref_string:Controller#0]] state:map[controller:role Controller#0] stats:map[counts:map[Controller#0.Corrupt:1 Controller#0.Inspect:1 Controller#0.Proof:2 Controller#0.Restart:2 Controller#0.Resume:2 Controller#0.Review:2 Controller#0.Start:1] totalActions:11] threads:[] witness:[[false false false false]]]
. Expected DISABLED
. Actual [str_value:"DISABLED"], len:1
    Action Link: Controller#0.Start
    Found matching Source Link: src:148 dest:145 name:"Controller#0.Start" weight:0.125 type:"action" 10:"\n\x12Controller#0.Start\x12\n\"DISABLED\""
  End of Request 250, current nodeId: 145, node: map[channel_messages:map[] channels:map[] current:0 failedInvariants:<nil> name:yield returns:{"Controller#0.Start":"DISABLED"} roles:[map[fields:map[attempts:8 current:1 fault:false generation:2 inspected:true phase:terminal proof:-1 repair:1 repeats:2 reports:implementation,proof,repair,review review:2 saved:8 status:BLOCKED] name:Controller params:map[] ref:0 ref_string:Controller#0]] state:map[controller:role Controller#0] stats:map[counts:map[Controller#0.Inspect:1 Controller#0.Proof:2 Controller#0.Restart:2 Controller#0.Resume:2 Controller#0.Review:2 Controller#0.Start:2] totalActions:11] threads:[] witness:[[false false false false]]]
. Expected DISABLED
. Actual [str_value:"DISABLED"], len:1
    Action Link: Controller#0.Corrupt
    Found matching Source Link: src:145 dest:148 name:"Controller#0.Corrupt" weight:0.125 type:"action" 10:"\n\x14Controller#0.Corrupt\x12\n\"DISABLED\""
  End of Request 251, current nodeId: 148, node: map[channel_messages:map[] channels:map[] current:0 failedInvariants:<nil> name:yield returns:{"Controller#0.Corrupt":"DISABLED"} roles:[map[fields:map[attempts:8 current:1 fault:false generation:2 inspected:true phase:terminal proof:-1 repair:1 repeats:2 reports:implementation,proof,repair,review review:2 saved:8 status:BLOCKED] name:Controller params:map[] ref:0 ref_string:Controller#0]] state:map[controller:role Controller#0] stats:map[counts:map[Controller#0.Corrupt:1 Controller#0.Inspect:1 Controller#0.Proof:2 Controller#0.Restart:2 Controller#0.Resume:2 Controller#0.Review:2 Controller#0.Start:1] totalActions:11] threads:[] witness:[[false false false false]]]
. Expected DISABLED
. Actual [str_value:"DISABLED"], len:1
    Action Link: Controller#0.Overlap
    Found matching Source Link: src:148 dest:152 name:"Controller#0.Overlap" weight:0.125 type:"action" 10:"\n\x14Controller#0.Overlap\x12\n\"DISABLED\""
  End of Request 252, current nodeId: 152, node: map[channel_messages:map[] channels:map[] current:0 failedInvariants:<nil> name:yield returns:{"Controller#0.Overlap":"DISABLED"} roles:[map[fields:map[attempts:8 current:1 fault:false generation:2 inspected:true phase:terminal proof:-1 repair:1 repeats:2 reports:implementation,proof,repair,review review:2 saved:8 status:BLOCKED] name:Controller params:map[] ref:0 ref_string:Controller#0]] state:map[controller:role Controller#0] stats:map[counts:map[Controller#0.Inspect:1 Controller#0.Overlap:1 Controller#0.Proof:2 Controller#0.Restart:2 Controller#0.Resume:2 Controller#0.Review:2 Controller#0.Start:1] totalActions:11] threads:[] witness:[[false false false false]]]
. Expected DISABLED
. Actual [str_value:"DISABLED"], len:1
    Action Link: Controller#0.Start
    Found matching Source Link: src:152 dest:145 name:"Controller#0.Start" weight:0.125 type:"action" 10:"\n\x12Controller#0.Start\x12\n\"DISABLED\""
  End of Request 253, current nodeId: 145, node: map[channel_messages:map[] channels:map[] current:0 failedInvariants:<nil> name:yield returns:{"Controller#0.Start":"DISABLED"} roles:[map[fields:map[attempts:8 current:1 fault:false generation:2 inspected:true phase:terminal proof:-1 repair:1 repeats:2 reports:implementation,proof,repair,review review:2 saved:8 status:BLOCKED] name:Controller params:map[] ref:0 ref_string:Controller#0]] state:map[controller:role Controller#0] stats:map[counts:map[Controller#0.Inspect:1 Controller#0.Proof:2 Controller#0.Restart:2 Controller#0.Resume:2 Controller#0.Review:2 Controller#0.Start:2] totalActions:11] threads:[] witness:[[false false false false]]]
. Expected DISABLED
. Actual [str_value:"DISABLED"], len:1
    Action Link: Controller#0.Inspect
    Found matching Source Link: src:145 dest:150 name:"Controller#0.Inspect" weight:0.125 type:"action" 10:"\n\x14Controller#0.Inspect\x12\n\"DISABLED\""
  End of Request 254, current nodeId: 150, node: map[channel_messages:map[] channels:map[] current:0 failedInvariants:<nil> name:yield returns:{"Controller#0.Inspect":"DISABLED"} roles:[map[fields:map[attempts:8 current:1 fault:false generation:2 inspected:true phase:terminal proof:-1 repair:1 repeats:2 reports:implementation,proof,repair,review review:2 saved:8 status:BLOCKED] name:Controller params:map[] ref:0 ref_string:Controller#0]] state:map[controller:role Controller#0] stats:map[counts:map[Controller#0.Inspect:2 Controller#0.Proof:2 Controller#0.Restart:2 Controller#0.Resume:2 Controller#0.Review:2 Controller#0.Start:1] totalActions:11] threads:[] witness:[[false false false false]]]
. Expected DISABLED
. Actual [str_value:"DISABLED"], len:1
    Action Link: Controller#0.Corrupt
    Found matching Source Link: src:150 dest:148 name:"Controller#0.Corrupt" weight:0.125 type:"action" 10:"\n\x14Controller#0.Corrupt\x12\n\"DISABLED\""
  End of Request 255, current nodeId: 148, node: map[channel_messages:map[] channels:map[] current:0 failedInvariants:<nil> name:yield returns:{"Controller#0.Corrupt":"DISABLED"} roles:[map[fields:map[attempts:8 current:1 fault:false generation:2 inspected:true phase:terminal proof:-1 repair:1 repeats:2 reports:implementation,proof,repair,review review:2 saved:8 status:BLOCKED] name:Controller params:map[] ref:0 ref_string:Controller#0]] state:map[controller:role Controller#0] stats:map[counts:map[Controller#0.Corrupt:1 Controller#0.Inspect:1 Controller#0.Proof:2 Controller#0.Restart:2 Controller#0.Resume:2 Controller#0.Review:2 Controller#0.Start:1] totalActions:11] threads:[] witness:[[false false false false]]]
. Expected DISABLED
. Actual [str_value:"DISABLED"], len:1
