2026/09/26 17:14:24 Loaded 41 nodes and 328 links
2026/09/26 17:14:24 State Space Options: options:{max_actions:256 max_concurrent_actions:1 crash_on_yield:true} deadlock_detection:false
Generated 8 unique operations
Generated 8 operation groups
Group: Controller#0.Inspect
  Op: role:{role_name:"Controller"} action_name:"Inspect", MaxYields: 0
Group: Controller#0.Resume
  Op: role:{role_name:"Controller"} action_name:"Resume", MaxYields: 0
Group: Controller#0.Overlap
  Op: role:{role_name:"Controller"} action_name:"Overlap", MaxYields: 0
Group: Controller#0.Start
  Op: role:{role_name:"Controller"} action_name:"Start", MaxYields: 0
Group: Controller#0.Review
  Op: role:{role_name:"Controller"} action_name:"Review", MaxYields: 0
Group: Controller#0.Proof
  Op: role:{role_name:"Controller"} action_name:"Proof", MaxYields: 0
Group: Controller#0.Corrupt
  Op: role:{role_name:"Controller"} action_name:"Corrupt", MaxYields: 0
Group: Controller#0.Restart
  Op: role:{role_name:"Controller"} action_name:"Restart", MaxYields: 0
2026/09/26 17:14:24 FizzMo server listening on :50051
2026/09/26 17:14:24 Received StartTestRun request: 
Received ValidateTrace request: demo-run-id
  Request 0: role:{role_name:"Controller"} action_name:"Inspect"
  Response 0: return_values:{str_value:"DISABLED"} exec_time:{start_unix_nano:202199458 end_unix_nano:202265000} status:{code:STATUS_OK message:"OK"} roles:{role_name:"Controller"}
  Request 1: role:{role_name:"Controller"} action_name:"Restart"
  Response 1: return_values:{str_value:"DISABLED"} exec_time:{start_unix_nano:203053833 end_unix_nano:203099000} status:{code:STATUS_OK message:"OK"} roles:{role_name:"Controller"}
  Request 2: role:{role_name:"Controller"} action_name:"Start"
  Response 2: return_values:{str_value:"1|BLOCKED|3|2||0|0|0|0|1"} exec_time:{start_unix_nano:203542833 end_unix_nano:2552191041} status:{code:STATUS_OK message:"OK"} roles:{role_name:"Controller"}
  Request 3: role:{role_name:"Controller"} action_name:"Resume"
  Response 3: return_values:{str_value:"DISABLED"} exec_time:{start_unix_nano:2553114333 end_unix_nano:2553185875} status:{code:STATUS_OK message:"OK"} roles:{role_name:"Controller"}
  Request 4: role:{role_name:"Controller"} action_name:"Corrupt"
  Response 4: return_values:{str_value:"DISABLED"} exec_time:{start_unix_nano:2553820583 end_unix_nano:2553893625} status:{code:STATUS_OK message:"OK"} roles:{role_name:"Controller"}
  Request 5: role:{role_name:"Controller"} action_name:"Inspect"
  Response 5: return_values:{str_value:"DISABLED"} exec_time:{start_unix_nano:2554358625 end_unix_nano:2554373083} status:{code:STATUS_OK message:"OK"} roles:{role_name:"Controller"}
  Request 6: role:{role_name:"Controller"} action_name:"Start"
  Response 6: return_values:{str_value:"DISABLED"} exec_time:{start_unix_nano:2554779958 end_unix_nano:2554789166} status:{code:STATUS_OK message:"OK"} roles:{role_name:"Controller"}
  Request 7: role:{role_name:"Controller"} action_name:"Restart"
  Response 7: return_values:{str_value:"1|BLOCKED|3|2||0|0|0|0|1"} exec_time:{start_unix_nano:2555226000 end_unix_nano:3327634250} status:{code:STATUS_OK message:"OK"} roles:{role_name:"Controller"}
  Request 8: role:{role_name:"Controller"} action_name:"Restart"
  Response 8: return_values:{str_value:"DISABLED"} exec_time:{start_unix_nano:3328396333 end_unix_nano:3328411583} status:{code:STATUS_OK message:"OK"} roles:{role_name:"Controller"}
  Request 9: role:{role_name:"Controller"} action_name:"Start"
  Response 9: return_values:{str_value:"DISABLED"} exec_time:{start_unix_nano:3328810875 end_unix_nano:3328823458} status:{code:STATUS_OK message:"OK"} roles:{role_name:"Controller"}
  Request 10: role:{role_name:"Controller"} action_name:"Overlap"
  Response 10: return_values:{str_value:"DISABLED"} exec_time:{start_unix_nano:3329111083 end_unix_nano:3329174250} status:{code:STATUS_OK message:"OK"} roles:{role_name:"Controller"}
  Request 11: role:{role_name:"Controller"} action_name:"Restart"
  Response 11: return_values:{str_value:"DISABLED"} exec_time:{start_unix_nano:3329411583 end_unix_nano:3329416791} status:{code:STATUS_OK message:"OK"} roles:{role_name:"Controller"}
  Request 12: role:{role_name:"Controller"} action_name:"Corrupt"
  Response 12: return_values:{str_value:"DISABLED"} exec_time:{start_unix_nano:3329719625 end_unix_nano:3329727166} status:{code:STATUS_OK message:"OK"} roles:{role_name:"Controller"}
  Request 13: role:{role_name:"Controller"} action_name:"Overlap"
  Response 13: return_values:{str_value:"DISABLED"} exec_time:{start_unix_nano:3329964041 end_unix_nano:3329969416} status:{code:STATUS_OK message:"OK"} roles:{role_name:"Controller"}
  Request 14: role:{role_name:"Controller"} action_name:"Proof"
  Response 14: return_values:{str_value:"DISABLED"} exec_time:{start_unix_nano:3330199666 end_unix_nano:3330229833} status:{code:STATUS_OK message:"OK"} roles:{role_name:"Controller"}
  Request 15: role:{role_name:"Controller"} action_name:"Review"
  Response 15: return_values:{str_value:"DISABLED"} exec_time:{start_unix_nano:3330514416 end_unix_nano:3330547750} status:{code:STATUS_OK message:"OK"} roles:{role_name:"Controller"}
  Request 16: role:{role_name:"Controller"} action_name:"Proof"
  Response 16: return_values:{str_value:"DISABLED"} exec_time:{start_unix_nano:3330792541 end_unix_nano:3330797916} status:{code:STATUS_OK message:"OK"} roles:{role_name:"Controller"}
  Request 17: role:{role_name:"Controller"} action_name:"Resume"
  Response 17: return_values:{str_value:"1|BLOCKED|3|2||0|0|0|0|1"} exec_time:{start_unix_nano:3331031541 end_unix_nano:4051178708} status:{code:STATUS_OK message:"OK"} roles:{role_name:"Controller"}
  Request 18: role:{role_name:"Controller"} action_name:"Review"
  Response 18: return_values:{str_value:"DISABLED"} exec_time:{start_unix_nano:4051842166 end_unix_nano:4051851750} status:{code:STATUS_OK message:"OK"} roles:{role_name:"Controller"}
  Request 19: role:{role_name:"Controller"} action_name:"Restart"
  Response 19: return_values:{str_value:"DISABLED"} exec_time:{start_unix_nano:4052119291 end_unix_nano:4052126041} status:{code:STATUS_OK message:"OK"} roles:{role_name:"Controller"}
  Request 20: role:{role_name:"Controller"} action_name:"Proof"
  Response 20: return_values:{str_value:"DISABLED"} exec_time:{start_unix_nano:4052336458 end_unix_nano:4052341500} status:{code:STATUS_OK message:"OK"} roles:{role_name:"Controller"}
  Request 21: role:{role_name:"Controller"} action_name:"Corrupt"
  Response 21: return_values:{str_value:"DISABLED"} exec_time:{start_unix_nano:4052601541 end_unix_nano:4052609375} status:{code:STATUS_OK message:"OK"} roles:{role_name:"Controller"}
  Request 22: role:{role_name:"Controller"} action_name:"Corrupt"
  Response 22: return_values:{str_value:"DISABLED"} exec_time:{start_unix_nano:4052867625 end_unix_nano:4052872416} status:{code:STATUS_OK message:"OK"} roles:{role_name:"Controller"}
  Request 23: role:{role_name:"Controller"} action_name:"Overlap"
  Response 23: return_values:{str_value:"DISABLED"} exec_time:{start_unix_nano:4053180333 end_unix_nano:4053187916} status:{code:STATUS_OK message:"OK"} roles:{role_name:"Controller"}
  Request 24: role:{role_name:"Controller"} action_name:"Resume"
  Response 24: return_values:{str_value:"1|BLOCKED|3|2||0|0|0|0|1"} exec_time:{start_unix_nano:4053473000 end_unix_nano:4752388375} status:{code:STATUS_OK message:"OK"} roles:{role_name:"Controller"}
  Request 25: role:{role_name:"Controller"} action_name:"Overlap"
  Response 25: return_values:{str_value:"DISABLED"} exec_time:{start_unix_nano:4753034541 end_unix_nano:4753044708} status:{code:STATUS_OK message:"OK"} roles:{role_name:"Controller"}
  Request 26: role:{role_name:"Controller"} action_name:"Resume"
  Response 26: return_values:{str_value:"DISABLED"} exec_time:{start_unix_nano:4753309125 end_unix_nano:4753315583} status:{code:STATUS_OK message:"OK"} roles:{role_name:"Controller"}
  Request 27: role:{role_name:"Controller"} action_name:"Corrupt"
  Response 27: return_values:{str_value:"DISABLED"} exec_time:{start_unix_nano:4753546208 end_unix_nano:4753552916} status:{code:STATUS_OK message:"OK"} roles:{role_name:"Controller"}
  Request 28: role:{role_name:"Controller"} action_name:"Overlap"
  Response 28: return_values:{str_value:"DISABLED"} exec_time:{start_unix_nano:4753791625 end_unix_nano:4753798416} status:{code:STATUS_OK message:"OK"} roles:{role_name:"Controller"}
  Request 29: role:{role_name:"Controller"} action_name:"Overlap"
  Response 29: return_values:{str_value:"DISABLED"} exec_time:{start_unix_nano:4754004083 end_unix_nano:4754008375} status:{code:STATUS_OK message:"OK"} roles:{role_name:"Controller"}
  Request 30: role:{role_name:"Controller"} action_name:"Corrupt"
  Response 30: return_values:{str_value:"DISABLED"} exec_time:{start_unix_nano:4754223208 end_unix_nano:4754227083} status:{code:STATUS_OK message:"OK"} roles:{role_name:"Controller"}
  Request 31: role:{role_name:"Controller"} action_name:"Proof"
  Response 31: return_values:{str_value:"DISABLED"} exec_time:{start_unix_nano:4754420041 end_unix_nano:4754424333} status:{code:STATUS_OK message:"OK"} roles:{role_name:"Controller"}
  Request 32: role:{role_name:"Controller"} action_name:"Start"
  Response 32: return_values:{str_value:"DISABLED"} exec_time:{start_unix_nano:4754844375 end_unix_nano:4754853208} status:{code:STATUS_OK message:"OK"} roles:{role_name:"Controller"}
  Request 33: role:{role_name:"Controller"} action_name:"Corrupt"
  Response 33: return_values:{str_value:"DISABLED"} exec_time:{start_unix_nano:4755119458 end_unix_nano:4755124916} status:{code:STATUS_OK message:"OK"} roles:{role_name:"Controller"}
  Request 34: role:{role_name:"Controller"} action_name:"Restart"
  Response 34: return_values:{str_value:"DISABLED"} exec_time:{start_unix_nano:4755380041 end_unix_nano:4755386083} status:{code:STATUS_OK message:"OK"} roles:{role_name:"Controller"}
  Request 35: role:{role_name:"Controller"} action_name:"Review"
  Response 35: return_values:{str_value:"DISABLED"} exec_time:{start_unix_nano:4755656083 end_unix_nano:4755661833} status:{code:STATUS_OK message:"OK"} roles:{role_name:"Controller"}
  Request 36: role:{role_name:"Controller"} action_name:"Review"
  Response 36: return_values:{str_value:"DISABLED"} exec_time:{start_unix_nano:4755904583 end_unix_nano:4755910000} status:{code:STATUS_OK message:"OK"} roles:{role_name:"Controller"}
  Request 37: role:{role_name:"Controller"} action_name:"Corrupt"
  Response 37: return_values:{str_value:"DISABLED"} exec_time:{start_unix_nano:4756457166 end_unix_nano:4756462791} status:{code:STATUS_OK message:"OK"} roles:{role_name:"Controller"}
  Request 38: role:{role_name:"Controller"} action_name:"Resume"
  Response 38: return_values:{str_value:"DISABLED"} exec_time:{start_unix_nano:4756661208 end_unix_nano:4756666541} status:{code:STATUS_OK message:"OK"} roles:{role_name:"Controller"}
  Request 39: role:{role_name:"Controller"} action_name:"Start"
  Response 39: return_values:{str_value:"DISABLED"} exec_time:{start_unix_nano:4756843291 end_unix_nano:4756846916} status:{code:STATUS_OK message:"OK"} roles:{role_name:"Controller"}
  Request 40: role:{role_name:"Controller"} action_name:"Start"
  Response 40: return_values:{str_value:"DISABLED"} exec_time:{start_unix_nano:4757046625 end_unix_nano:4757050000} status:{code:STATUS_OK message:"OK"} roles:{role_name:"Controller"}
  Request 41: role:{role_name:"Controller"} action_name:"Resume"
  Response 41: return_values:{str_value:"DISABLED"} exec_time:{start_unix_nano:4757246458 end_unix_nano:4757251708} status:{code:STATUS_OK message:"OK"} roles:{role_name:"Controller"}
  Request 42: role:{role_name:"Controller"} action_name:"Overlap"
  Response 42: return_values:{str_value:"DISABLED"} exec_time:{start_unix_nano:4757456583 end_unix_nano:4757461333} status:{code:STATUS_OK message:"OK"} roles:{role_name:"Controller"}
  Request 43: role:{role_name:"Controller"} action_name:"Start"
  Response 43: return_values:{str_value:"DISABLED"} exec_time:{start_unix_nano:4757661708 end_unix_nano:4757665208} status:{code:STATUS_OK message:"OK"} roles:{role_name:"Controller"}
  Request 44: role:{role_name:"Controller"} action_name:"Proof"
  Response 44: return_values:{str_value:"DISABLED"} exec_time:{start_unix_nano:4757853708 end_unix_nano:4757859250} status:{code:STATUS_OK message:"OK"} roles:{role_name:"Controller"}
  Request 45: role:{role_name:"Controller"} action_name:"Review"
  Response 45: return_values:{str_value:"DISABLED"} exec_time:{start_unix_nano:4758056250 end_unix_nano:4758059916} status:{code:STATUS_OK message:"OK"} roles:{role_name:"Controller"}
  Request 46: role:{role_name:"Controller"} action_name:"Start"
  Response 46: return_values:{str_value:"DISABLED"} exec_time:{start_unix_nano:4758285458 end_unix_nano:4758289875} status:{code:STATUS_OK message:"OK"} roles:{role_name:"Controller"}
  Request 47: role:{role_name:"Controller"} action_name:"Start"
  Response 47: return_values:{str_value:"DISABLED"} exec_time:{start_unix_nano:4758492250 end_unix_nano:4758498000} status:{code:STATUS_OK message:"OK"} roles:{role_name:"Controller"}
  Request 48: role:{role_name:"Controller"} action_name:"Restart"
  Response 48: return_values:{str_value:"DISABLED"} exec_time:{start_unix_nano:4758713666 end_unix_nano:4758718458} status:{code:STATUS_OK message:"OK"} roles:{role_name:"Controller"}
  Request 49: role:{role_name:"Controller"} action_name:"Corrupt"
  Response 49: return_values:{str_value:"DISABLED"} exec_time:{start_unix_nano:4758947791 end_unix_nano:4758953416} status:{code:STATUS_OK message:"OK"} roles:{role_name:"Controller"}
  Request 50: role:{role_name:"Controller"} action_name:"Review"
  Response 50: return_values:{str_value:"DISABLED"} exec_time:{start_unix_nano:4759178291 end_unix_nano:4759183125} status:{code:STATUS_OK message:"OK"} roles:{role_name:"Controller"}
  Request 51: role:{role_name:"Controller"} action_name:"Corrupt"
  Response 51: return_values:{str_value:"DISABLED"} exec_time:{start_unix_nano:4759392541 end_unix_nano:4759399291} status:{code:STATUS_OK message:"OK"} roles:{role_name:"Controller"}
  Request 52: role:{role_name:"Controller"} action_name:"Review"
  Response 52: return_values:{str_value:"DISABLED"} exec_time:{start_unix_nano:4759587500 end_unix_nano:4759591375} status:{code:STATUS_OK message:"OK"} roles:{role_name:"Controller"}
  Request 53: role:{role_name:"Controller"} action_name:"Review"
  Response 53: return_values:{str_value:"DISABLED"} exec_time:{start_unix_nano:4759766291 end_unix_nano:4759771333} status:{code:STATUS_OK message:"OK"} roles:{role_name:"Controller"}
  Request 54: role:{role_name:"Controller"} action_name:"Corrupt"
  Response 54: return_values:{str_value:"DISABLED"} exec_time:{start_unix_nano:4759990000 end_unix_nano:4759994750} status:{code:STATUS_OK message:"OK"} roles:{role_name:"Controller"}
  Request 55: role:{role_name:"Controller"} action_name:"Corrupt"
  Response 55: return_values:{str_value:"DISABLED"} exec_time:{start_unix_nano:4760173916 end_unix_nano:4760178625} status:{code:STATUS_OK message:"OK"} roles:{role_name:"Controller"}
  Request 56: role:{role_name:"Controller"} action_name:"Start"
  Response 56: return_values:{str_value:"DISABLED"} exec_time:{start_unix_nano:4760409958 end_unix_nano:4760416750} status:{code:STATUS_OK message:"OK"} roles:{role_name:"Controller"}
  Request 57: role:{role_name:"Controller"} action_name:"Proof"
  Response 57: return_values:{str_value:"DISABLED"} exec_time:{start_unix_nano:4760637083 end_unix_nano:4760641666} status:{code:STATUS_OK message:"OK"} roles:{role_name:"Controller"}
  Request 58: role:{role_name:"Controller"} action_name:"Inspect"
  Response 58: return_values:{str_value:"DISABLED"} exec_time:{start_unix_nano:4760825083 end_unix_nano:4760829916} status:{code:STATUS_OK message:"OK"} roles:{role_name:"Controller"}
  Request 59: role:{role_name:"Controller"} action_name:"Inspect"
  Response 59: return_values:{str_value:"DISABLED"} exec_time:{start_unix_nano:4761030750 end_unix_nano:4761036083} status:{code:STATUS_OK message:"OK"} roles:{role_name:"Controller"}
  Request 60: role:{role_name:"Controller"} action_name:"Inspect"
  Response 60: return_values:{str_value:"DISABLED"} exec_time:{start_unix_nano:4761236708 end_unix_nano:4761241500} status:{code:STATUS_OK message:"OK"} roles:{role_name:"Controller"}
  Request 61: role:{role_name:"Controller"} action_name:"Review"
  Response 61: return_values:{str_value:"DISABLED"} exec_time:{start_unix_nano:4761443875 end_unix_nano:4761447791} status:{code:STATUS_OK message:"OK"} roles:{role_name:"Controller"}
  Request 62: role:{role_name:"Controller"} action_name:"Start"
  Response 62: return_values:{str_value:"DISABLED"} exec_time:{start_unix_nano:4761631541 end_unix_nano:4761636416} status:{code:STATUS_OK message:"OK"} roles:{role_name:"Controller"}
  Request 63: role:{role_name:"Controller"} action_name:"Resume"
  Response 63: return_values:{str_value:"DISABLED"} exec_time:{start_unix_nano:4761821083 end_unix_nano:4761825000} status:{code:STATUS_OK message:"OK"} roles:{role_name:"Controller"}
  Request 64: role:{role_name:"Controller"} action_name:"Proof"
  Response 64: return_values:{str_value:"DISABLED"} exec_time:{start_unix_nano:4762019541 end_unix_nano:4762023833} status:{code:STATUS_OK message:"OK"} roles:{role_name:"Controller"}
  Request 65: role:{role_name:"Controller"} action_name:"Overlap"
  Response 65: return_values:{str_value:"DISABLED"} exec_time:{start_unix_nano:4762240875 end_unix_nano:4762245041} status:{code:STATUS_OK message:"OK"} roles:{role_name:"Controller"}
  Request 66: role:{role_name:"Controller"} action_name:"Review"
  Response 66: return_values:{str_value:"DISABLED"} exec_time:{start_unix_nano:4762419083 end_unix_nano:4762423125} status:{code:STATUS_OK message:"OK"} roles:{role_name:"Controller"}
  Request 67: role:{role_name:"Controller"} action_name:"Review"
  Response 67: return_values:{str_value:"DISABLED"} exec_time:{start_unix_nano:4762578083 end_unix_nano:4762581791} status:{code:STATUS_OK message:"OK"} roles:{role_name:"Controller"}
  Request 68: role:{role_name:"Controller"} action_name:"Proof"
  Response 68: return_values:{str_value:"DISABLED"} exec_time:{start_unix_nano:4762741916 end_unix_nano:4762745666} status:{code:STATUS_OK message:"OK"} roles:{role_name:"Controller"}
  Request 69: role:{role_name:"Controller"} action_name:"Proof"
  Response 69: return_values:{str_value:"DISABLED"} exec_time:{start_unix_nano:4762951041 end_unix_nano:4762954458} status:{code:STATUS_OK message:"OK"} roles:{role_name:"Controller"}
  Request 70: role:{role_name:"Controller"} action_name:"Inspect"
  Response 70: return_values:{str_value:"DISABLED"} exec_time:{start_unix_nano:4763137125 end_unix_nano:4763141583} status:{code:STATUS_OK message:"OK"} roles:{role_name:"Controller"}
  Request 71: role:{role_name:"Controller"} action_name:"Start"
  Response 71: return_values:{str_value:"DISABLED"} exec_time:{start_unix_nano:4763312250 end_unix_nano:4763316666} status:{code:STATUS_OK message:"OK"} roles:{role_name:"Controller"}
  Request 72: role:{role_name:"Controller"} action_name:"Proof"
  Response 72: return_values:{str_value:"DISABLED"} exec_time:{start_unix_nano:4763639833 end_unix_nano:4763649791} status:{code:STATUS_OK message:"OK"} roles:{role_name:"Controller"}
  Request 73: role:{role_name:"Controller"} action_name:"Overlap"
  Response 73: return_values:{str_value:"DISABLED"} exec_time:{start_unix_nano:4763932333 end_unix_nano:4763937750} status:{code:STATUS_OK message:"OK"} roles:{role_name:"Controller"}
  Request 74: role:{role_name:"Controller"} action_name:"Overlap"
  Response 74: return_values:{str_value:"DISABLED"} exec_time:{start_unix_nano:4764131333 end_unix_nano:4764135166} status:{code:STATUS_OK message:"OK"} roles:{role_name:"Controller"}
  Request 75: role:{role_name:"Controller"} action_name:"Resume"
  Response 75: return_values:{str_value:"DISABLED"} exec_time:{start_unix_nano:4764317750 end_unix_nano:4764321750} status:{code:STATUS_OK message:"OK"} roles:{role_name:"Controller"}
  Request 76: role:{role_name:"Controller"} action_name:"Proof"
  Response 76: return_values:{str_value:"DISABLED"} exec_time:{start_unix_nano:4764507916 end_unix_nano:4764512750} status:{code:STATUS_OK message:"OK"} roles:{role_name:"Controller"}
  Request 77: role:{role_name:"Controller"} action_name:"Start"
  Response 77: return_values:{str_value:"DISABLED"} exec_time:{start_unix_nano:4764709875 end_unix_nano:4764713625} status:{code:STATUS_OK message:"OK"} roles:{role_name:"Controller"}
  Request 78: role:{role_name:"Controller"} action_name:"Overlap"
  Response 78: return_values:{str_value:"DISABLED"} exec_time:{start_unix_nano:4764949666 end_unix_nano:4764956500} status:{code:STATUS_OK message:"OK"} roles:{role_name:"Controller"}
  Request 79: role:{role_name:"Controller"} action_name:"Start"
  Response 79: return_values:{str_value:"DISABLED"} exec_time:{start_unix_nano:4765146041 end_unix_nano:4765150375} status:{code:STATUS_OK message:"OK"} roles:{role_name:"Controller"}
  Request 80: role:{role_name:"Controller"} action_name:"Corrupt"
  Response 80: return_values:{str_value:"DISABLED"} exec_time:{start_unix_nano:4765344458 end_unix_nano:4765349250} status:{code:STATUS_OK message:"OK"} roles:{role_name:"Controller"}
  Request 81: role:{role_name:"Controller"} action_name:"Corrupt"
  Response 81: return_values:{str_value:"DISABLED"} exec_time:{start_unix_nano:4765537625 end_unix_nano:4765542041} status:{code:STATUS_OK message:"OK"} roles:{role_name:"Controller"}
  Request 82: role:{role_name:"Controller"} action_name:"Inspect"
  Response 82: return_values:{str_value:"DISABLED"} exec_time:{start_unix_nano:4765731166 end_unix_nano:4765735125} status:{code:STATUS_OK message:"OK"} roles:{role_name:"Controller"}
  Request 83: role:{role_name:"Controller"} action_name:"Inspect"
  Response 83: return_values:{str_value:"DISABLED"} exec_time:{start_unix_nano:4765909125 end_unix_nano:4765913333} status:{code:STATUS_OK message:"OK"} roles:{role_name:"Controller"}
  Request 84: role:{role_name:"Controller"} action_name:"Start"
  Response 84: return_values:{str_value:"DISABLED"} exec_time:{start_unix_nano:4766114958 end_unix_nano:4766118375} status:{code:STATUS_OK message:"OK"} roles:{role_name:"Controller"}
  Request 85: role:{role_name:"Controller"} action_name:"Review"
  Response 85: return_values:{str_value:"DISABLED"} exec_time:{start_unix_nano:4766301083 end_unix_nano:4766307041} status:{code:STATUS_OK message:"OK"} roles:{role_name:"Controller"}
  Request 86: role:{role_name:"Controller"} action_name:"Resume"
  Response 86: return_values:{str_value:"DISABLED"} exec_time:{start_unix_nano:4766807666 end_unix_nano:4766812875} status:{code:STATUS_OK message:"OK"} roles:{role_name:"Controller"}
  Request 87: role:{role_name:"Controller"} action_name:"Inspect"
  Response 87: return_values:{str_value:"DISABLED"} exec_time:{start_unix_nano:4767007666 end_unix_nano:4767012375} status:{code:STATUS_OK message:"OK"} roles:{role_name:"Controller"}
  Request 88: role:{role_name:"Controller"} action_name:"Proof"
  Response 88: return_values:{str_value:"DISABLED"} exec_time:{start_unix_nano:4767185375 end_unix_nano:4767190625} status:{code:STATUS_OK message:"OK"} roles:{role_name:"Controller"}
  Request 89: role:{role_name:"Controller"} action_name:"Restart"
  Response 89: return_values:{str_value:"DISABLED"} exec_time:{start_unix_nano:4767360333 end_unix_nano:4767364291} status:{code:STATUS_OK message:"OK"} roles:{role_name:"Controller"}
  Request 90: role:{role_name:"Controller"} action_name:"Resume"
  Response 90: return_values:{str_value:"DISABLED"} exec_time:{start_unix_nano:4767540750 end_unix_nano:4767547291} status:{code:STATUS_OK message:"OK"} roles:{role_name:"Controller"}
  Request 91: role:{role_name:"Controller"} action_name:"Overlap"
  Response 91: return_values:{str_value:"DISABLED"} exec_time:{start_unix_nano:4767719041 end_unix_nano:4767723208} status:{code:STATUS_OK message:"OK"} roles:{role_name:"Controller"}
  Request 92: role:{role_name:"Controller"} action_name:"Overlap"
  Response 92: return_values:{str_value:"DISABLED"} exec_time:{start_unix_nano:4767878208 end_unix_nano:4767882041} status:{code:STATUS_OK message:"OK"} roles:{role_name:"Controller"}
  Request 93: role:{role_name:"Controller"} action_name:"Resume"
  Response 93: return_values:{str_value:"DISABLED"} exec_time:{start_unix_nano:4768051708 end_unix_nano:4768055625} status:{code:STATUS_OK message:"OK"} roles:{role_name:"Controller"}
  Request 94: role:{role_name:"Controller"} action_name:"Overlap"
  Response 94: return_values:{str_value:"DISABLED"} exec_time:{start_unix_nano:4768210333 end_unix_nano:4768213708} status:{code:STATUS_OK message:"OK"} roles:{role_name:"Controller"}
  Request 95: role:{role_name:"Controller"} action_name:"Resume"
  Response 95: return_values:{str_value:"DISABLED"} exec_time:{start_unix_nano:4768367041 end_unix_nano:4768373541} status:{code:STATUS_OK message:"OK"} roles:{role_name:"Controller"}
  Request 96: role:{role_name:"Controller"} action_name:"Corrupt"
  Response 96: return_values:{str_value:"DISABLED"} exec_time:{start_unix_nano:4768559500 end_unix_nano:4768563083} status:{code:STATUS_OK message:"OK"} roles:{role_name:"Controller"}
  Request 97: role:{role_name:"Controller"} action_name:"Inspect"
  Response 97: return_values:{str_value:"DISABLED"} exec_time:{start_unix_nano:4768755708 end_unix_nano:4768760625} status:{code:STATUS_OK message:"OK"} roles:{role_name:"Controller"}
  Request 98: role:{role_name:"Controller"} action_name:"Start"
  Response 98: return_values:{str_value:"DISABLED"} exec_time:{start_unix_nano:4768938375 end_unix_nano:4768942291} status:{code:STATUS_OK message:"OK"} roles:{role_name:"Controller"}
  Request 99: role:{role_name:"Controller"} action_name:"Corrupt"
  Response 99: return_values:{str_value:"DISABLED"} exec_time:{start_unix_nano:4769124583 end_unix_nano:4769128250} status:{code:STATUS_OK message:"OK"} roles:{role_name:"Controller"}
  Request 100: role:{role_name:"Controller"} action_name:"Start"
  Response 100: return_values:{str_value:"DISABLED"} exec_time:{start_unix_nano:4769284333 end_unix_nano:4769290666} status:{code:STATUS_OK message:"OK"} roles:{role_name:"Controller"}
  Request 101: role:{role_name:"Controller"} action_name:"Review"
  Response 101: return_values:{str_value:"DISABLED"} exec_time:{start_unix_nano:4769480958 end_unix_nano:4769484708} status:{code:STATUS_OK message:"OK"} roles:{role_name:"Controller"}
  Request 102: role:{role_name:"Controller"} action_name:"Review"
  Response 102: return_values:{str_value:"DISABLED"} exec_time:{start_unix_nano:4769664833 end_unix_nano:4769672041} status:{code:STATUS_OK message:"OK"} roles:{role_name:"Controller"}
  Request 103: role:{role_name:"Controller"} action_name:"Inspect"
  Response 103: return_values:{str_value:"DISABLED"} exec_time:{start_unix_nano:4769865625 end_unix_nano:4769870583} status:{code:STATUS_OK message:"OK"} roles:{role_name:"Controller"}
  Request 104: role:{role_name:"Controller"} action_name:"Resume"
  Response 104: return_values:{str_value:"DISABLED"} exec_time:{start_unix_nano:4770027333 end_unix_nano:4770030500} status:{code:STATUS_OK message:"OK"} roles:{role_name:"Controller"}
  Request 105: role:{role_name:"Controller"} action_name:"Inspect"
  Response 105: return_values:{str_value:"DISABLED"} exec_time:{start_unix_nano:4770209416 end_unix_nano:4770214375} status:{code:STATUS_OK message:"OK"} roles:{role_name:"Controller"}
  Request 106: role:{role_name:"Controller"} action_name:"Inspect"
  Response 106: return_values:{str_value:"DISABLED"} exec_time:{start_unix_nano:4770395416 end_unix_nano:4770400875} status:{code:STATUS_OK message:"OK"} roles:{role_name:"Controller"}
  Request 107: role:{role_name:"Controller"} action_name:"Inspect"
  Response 107: return_values:{str_value:"DISABLED"} exec_time:{start_unix_nano:4770600625 end_unix_nano:4770610041} status:{code:STATUS_OK message:"OK"} roles:{role_name:"Controller"}
  Request 108: role:{role_name:"Controller"} action_name:"Review"
  Response 108: return_values:{str_value:"DISABLED"} exec_time:{start_unix_nano:4770819958 end_unix_nano:4770824375} status:{code:STATUS_OK message:"OK"} roles:{role_name:"Controller"}
  Request 109: role:{role_name:"Controller"} action_name:"Corrupt"
  Response 109: return_values:{str_value:"DISABLED"} exec_time:{start_unix_nano:4771007166 end_unix_nano:4771010875} status:{code:STATUS_OK message:"OK"} roles:{role_name:"Controller"}
  Request 110: role:{role_name:"Controller"} action_name:"Start"
  Response 110: return_values:{str_value:"DISABLED"} exec_time:{start_unix_nano:4771171125 end_unix_nano:4771174750} status:{code:STATUS_OK message:"OK"} roles:{role_name:"Controller"}
  Request 111: role:{role_name:"Controller"} action_name:"Review"
  Response 111: return_values:{str_value:"DISABLED"} exec_time:{start_unix_nano:4771338958 end_unix_nano:4771343250} status:{code:STATUS_OK message:"OK"} roles:{role_name:"Controller"}
  Request 112: role:{role_name:"Controller"} action_name:"Inspect"
  Response 112: return_values:{str_value:"DISABLED"} exec_time:{start_unix_nano:4771499833 end_unix_nano:4771505541} status:{code:STATUS_OK message:"OK"} roles:{role_name:"Controller"}
  Request 113: role:{role_name:"Controller"} action_name:"Review"
  Response 113: return_values:{str_value:"DISABLED"} exec_time:{start_unix_nano:4771674125 end_unix_nano:4771677458} status:{code:STATUS_OK message:"OK"} roles:{role_name:"Controller"}
  Request 114: role:{role_name:"Controller"} action_name:"Start"
  Response 114: return_values:{str_value:"DISABLED"} exec_time:{start_unix_nano:4771819833 end_unix_nano:4771823291} status:{code:STATUS_OK message:"OK"} roles:{role_name:"Controller"}
  Request 115: role:{role_name:"Controller"} action_name:"Inspect"
  Response 115: return_values:{str_value:"DISABLED"} exec_time:{start_unix_nano:4771970041 end_unix_nano:4771973291} status:{code:STATUS_OK message:"OK"} roles:{role_name:"Controller"}
  Request 116: role:{role_name:"Controller"} action_name:"Review"
  Response 116: return_values:{str_value:"DISABLED"} exec_time:{start_unix_nano:4772125666 end_unix_nano:4772129000} status:{code:STATUS_OK message:"OK"} roles:{role_name:"Controller"}
  Request 117: role:{role_name:"Controller"} action_name:"Start"
  Response 117: return_values:{str_value:"DISABLED"} exec_time:{start_unix_nano:4772266916 end_unix_nano:4772272625} status:{code:STATUS_OK message:"OK"} roles:{role_name:"Controller"}
  Request 118: role:{role_name:"Controller"} action_name:"Proof"
  Response 118: return_values:{str_value:"DISABLED"} exec_time:{start_unix_nano:4772399583 end_unix_nano:4772403208} status:{code:STATUS_OK message:"OK"} roles:{role_name:"Controller"}
  Request 119: role:{role_name:"Controller"} action_name:"Corrupt"
  Response 119: return_values:{str_value:"DISABLED"} exec_time:{start_unix_nano:4772564250 end_unix_nano:4772567500} status:{code:STATUS_OK message:"OK"} roles:{role_name:"Controller"}
  Request 120: role:{role_name:"Controller"} action_name:"Inspect"
  Response 120: return_values:{str_value:"DISABLED"} exec_time:{start_unix_nano:4772715541 end_unix_nano:4772719000} status:{code:STATUS_OK message:"OK"} roles:{role_name:"Controller"}
  Request 121: role:{role_name:"Controller"} action_name:"Review"
  Response 121: return_values:{str_value:"DISABLED"} exec_time:{start_unix_nano:4772858125 end_unix_nano:4772861250} status:{code:STATUS_OK message:"OK"} roles:{role_name:"Controller"}
  Request 122: role:{role_name:"Controller"} action_name:"Resume"
  Response 122: return_values:{str_value:"DISABLED"} exec_time:{start_unix_nano:4772995666 end_unix_nano:4773000583} status:{code:STATUS_OK message:"OK"} roles:{role_name:"Controller"}
  Request 123: role:{role_name:"Controller"} action_name:"Corrupt"
  Response 123: return_values:{str_value:"DISABLED"} exec_time:{start_unix_nano:4773143916 end_unix_nano:4773147000} status:{code:STATUS_OK message:"OK"} roles:{role_name:"Controller"}
  Request 124: role:{role_name:"Controller"} action_name:"Start"
  Response 124: return_values:{str_value:"DISABLED"} exec_time:{start_unix_nano:4773275500 end_unix_nano:4773279166} status:{code:STATUS_OK message:"OK"} roles:{role_name:"Controller"}
  Request 125: role:{role_name:"Controller"} action_name:"Proof"
  Response 125: return_values:{str_value:"DISABLED"} exec_time:{start_unix_nano:4773432625 end_unix_nano:4773436166} status:{code:STATUS_OK message:"OK"} roles:{role_name:"Controller"}
  Request 126: role:{role_name:"Controller"} action_name:"Review"
  Response 126: return_values:{str_value:"DISABLED"} exec_time:{start_unix_nano:4773587416 end_unix_nano:4773590750} status:{code:STATUS_OK message:"OK"} roles:{role_name:"Controller"}
  Request 127: role:{role_name:"Controller"} action_name:"Restart"
  Response 127: return_values:{str_value:"DISABLED"} exec_time:{start_unix_nano:4773780583 end_unix_nano:4773785291} status:{code:STATUS_OK message:"OK"} roles:{role_name:"Controller"}
  Request 128: role:{role_name:"Controller"} action_name:"Resume"
  Response 128: return_values:{str_value:"DISABLED"} exec_time:{start_unix_nano:4773982916 end_unix_nano:4773989041} status:{code:STATUS_OK message:"OK"} roles:{role_name:"Controller"}
  Request 129: role:{role_name:"Controller"} action_name:"Review"
  Response 129: return_values:{str_value:"DISABLED"} exec_time:{start_unix_nano:4774183833 end_unix_nano:4774187250} status:{code:STATUS_OK message:"OK"} roles:{role_name:"Controller"}
  Request 130: role:{role_name:"Controller"} action_name:"Restart"
  Response 130: return_values:{str_value:"DISABLED"} exec_time:{start_unix_nano:4774349625 end_unix_nano:4774353250} status:{code:STATUS_OK message:"OK"} roles:{role_name:"Controller"}
  Request 131: role:{role_name:"Controller"} action_name:"Inspect"
  Response 131: return_values:{str_value:"DISABLED"} exec_time:{start_unix_nano:4774529875 end_unix_nano:4774533541} status:{code:STATUS_OK message:"OK"} roles:{role_name:"Controller"}
  Request 132: role:{role_name:"Controller"} action_name:"Resume"
  Response 132: return_values:{str_value:"DISABLED"} exec_time:{start_unix_nano:4774719458 end_unix_nano:4774722666} status:{code:STATUS_OK message:"OK"} roles:{role_name:"Controller"}
  Request 133: role:{role_name:"Controller"} action_name:"Restart"
  Response 133: return_values:{str_value:"DISABLED"} exec_time:{start_unix_nano:4774993375 end_unix_nano:4775001750} status:{code:STATUS_OK message:"OK"} roles:{role_name:"Controller"}
  Request 134: role:{role_name:"Controller"} action_name:"Review"
  Response 134: return_values:{str_value:"DISABLED"} exec_time:{start_unix_nano:4775240250 end_unix_nano:4775245708} status:{code:STATUS_OK message:"OK"} roles:{role_name:"Controller"}
  Request 135: role:{role_name:"Controller"} action_name:"Overlap"
  Response 135: return_values:{str_value:"DISABLED"} exec_time:{start_unix_nano:4775697541 end_unix_nano:4775702750} status:{code:STATUS_OK message:"OK"} roles:{role_name:"Controller"}
  Request 136: role:{role_name:"Controller"} action_name:"Restart"
  Response 136: return_values:{str_value:"DISABLED"} exec_time:{start_unix_nano:4775906416 end_unix_nano:4775912208} status:{code:STATUS_OK message:"OK"} roles:{role_name:"Controller"}
  Request 137: role:{role_name:"Controller"} action_name:"Restart"
  Response 137: return_values:{str_value:"DISABLED"} exec_time:{start_unix_nano:4776080583 end_unix_nano:4776084250} status:{code:STATUS_OK message:"OK"} roles:{role_name:"Controller"}
  Request 138: role:{role_name:"Controller"} action_name:"Restart"
  Response 138: return_values:{str_value:"DISABLED"} exec_time:{start_unix_nano:4776237083 end_unix_nano:4776240583} status:{code:STATUS_OK message:"OK"} roles:{role_name:"Controller"}
  Request 139: role:{role_name:"Controller"} action_name:"Start"
  Response 139: return_values:{str_value:"DISABLED"} exec_time:{start_unix_nano:4776399666 end_unix_nano:4776403291} status:{code:STATUS_OK message:"OK"} roles:{role_name:"Controller"}
  Request 140: role:{role_name:"Controller"} action_name:"Proof"
  Response 140: return_values:{str_value:"DISABLED"} exec_time:{start_unix_nano:4776558000 end_unix_nano:4776561875} status:{code:STATUS_OK message:"OK"} roles:{role_name:"Controller"}
  Request 141: role:{role_name:"Controller"} action_name:"Resume"
  Response 141: return_values:{str_value:"DISABLED"} exec_time:{start_unix_nano:4776740375 end_unix_nano:4776746791} status:{code:STATUS_OK message:"OK"} roles:{role_name:"Controller"}
  Request 142: role:{role_name:"Controller"} action_name:"Review"
  Response 142: return_values:{str_value:"DISABLED"} exec_time:{start_unix_nano:4776926375 end_unix_nano:4776929666} status:{code:STATUS_OK message:"OK"} roles:{role_name:"Controller"}
  Request 143: role:{role_name:"Controller"} action_name:"Review"
  Response 143: return_values:{str_value:"DISABLED"} exec_time:{start_unix_nano:4777088500 end_unix_nano:4777091875} status:{code:STATUS_OK message:"OK"} roles:{role_name:"Controller"}
  Request 144: role:{role_name:"Controller"} action_name:"Corrupt"
  Response 144: return_values:{str_value:"DISABLED"} exec_time:{start_unix_nano:4777266958 end_unix_nano:4777270875} status:{code:STATUS_OK message:"OK"} roles:{role_name:"Controller"}
  Request 145: role:{role_name:"Controller"} action_name:"Proof"
  Response 145: return_values:{str_value:"DISABLED"} exec_time:{start_unix_nano:4777439000 end_unix_nano:4777442125} status:{code:STATUS_OK message:"OK"} roles:{role_name:"Controller"}
  Request 146: role:{role_name:"Controller"} action_name:"Restart"
  Response 146: return_values:{str_value:"DISABLED"} exec_time:{start_unix_nano:4777632708 end_unix_nano:4777637458} status:{code:STATUS_OK message:"OK"} roles:{role_name:"Controller"}
  Request 147: role:{role_name:"Controller"} action_name:"Inspect"
  Response 147: return_values:{str_value:"DISABLED"} exec_time:{start_unix_nano:4777843208 end_unix_nano:4777847500} status:{code:STATUS_OK message:"OK"} roles:{role_name:"Controller"}
  Request 148: role:{role_name:"Controller"} action_name:"Proof"
  Response 148: return_values:{str_value:"DISABLED"} exec_time:{start_unix_nano:4778010083 end_unix_nano:4778013875} status:{code:STATUS_OK message:"OK"} roles:{role_name:"Controller"}
  Request 149: role:{role_name:"Controller"} action_name:"Restart"
  Response 149: return_values:{str_value:"DISABLED"} exec_time:{start_unix_nano:4778157625 end_unix_nano:4778162000} status:{code:STATUS_OK message:"OK"} roles:{role_name:"Controller"}
  Request 150: role:{role_name:"Controller"} action_name:"Review"
  Response 150: return_values:{str_value:"DISABLED"} exec_time:{start_unix_nano:4778315000 end_unix_nano:4778317791} status:{code:STATUS_OK message:"OK"} roles:{role_name:"Controller"}
  Request 151: role:{role_name:"Controller"} action_name:"Review"
  Response 151: return_values:{str_value:"DISABLED"} exec_time:{start_unix_nano:4778449625 end_unix_nano:4778452833} status:{code:STATUS_OK message:"OK"} roles:{role_name:"Controller"}
  Request 152: role:{role_name:"Controller"} action_name:"Review"
  Response 152: return_values:{str_value:"DISABLED"} exec_time:{start_unix_nano:4778585750 end_unix_nano:4778588625} status:{code:STATUS_OK message:"OK"} roles:{role_name:"Controller"}
  Request 153: role:{role_name:"Controller"} action_name:"Restart"
  Response 153: return_values:{str_value:"DISABLED"} exec_time:{start_unix_nano:4778721958 end_unix_nano:4778725458} status:{code:STATUS_OK message:"OK"} roles:{role_name:"Controller"}
  Request 154: role:{role_name:"Controller"} action_name:"Resume"
  Response 154: return_values:{str_value:"DISABLED"} exec_time:{start_unix_nano:4778864875 end_unix_nano:4778867875} status:{code:STATUS_OK message:"OK"} roles:{role_name:"Controller"}
  Request 155: role:{role_name:"Controller"} action_name:"Inspect"
  Response 155: return_values:{str_value:"DISABLED"} exec_time:{start_unix_nano:4779043375 end_unix_nano:4779047416} status:{code:STATUS_OK message:"OK"} roles:{role_name:"Controller"}
  Request 156: role:{role_name:"Controller"} action_name:"Restart"
  Response 156: return_values:{str_value:"DISABLED"} exec_time:{start_unix_nano:4779238708 end_unix_nano:4779243125} status:{code:STATUS_OK message:"OK"} roles:{role_name:"Controller"}
  Request 157: role:{role_name:"Controller"} action_name:"Proof"
  Response 157: return_values:{str_value:"DISABLED"} exec_time:{start_unix_nano:4779401666 end_unix_nano:4779406041} status:{code:STATUS_OK message:"OK"} roles:{role_name:"Controller"}
  Request 158: role:{role_name:"Controller"} action_name:"Resume"
  Response 158: return_values:{str_value:"DISABLED"} exec_time:{start_unix_nano:4779571750 end_unix_nano:4779575541} status:{code:STATUS_OK message:"OK"} roles:{role_name:"Controller"}
  Request 159: role:{role_name:"Controller"} action_name:"Inspect"
  Response 159: return_values:{str_value:"DISABLED"} exec_time:{start_unix_nano:4779730708 end_unix_nano:4779733625} status:{code:STATUS_OK message:"OK"} roles:{role_name:"Controller"}
  Request 160: role:{role_name:"Controller"} action_name:"Proof"
  Response 160: return_values:{str_value:"DISABLED"} exec_time:{start_unix_nano:4779869291 end_unix_nano:4779872291} status:{code:STATUS_OK message:"OK"} roles:{role_name:"Controller"}
  Request 161: role:{role_name:"Controller"} action_name:"Proof"
  Response 161: return_values:{str_value:"DISABLED"} exec_time:{start_unix_nano:4780015958 end_unix_nano:4780019125} status:{code:STATUS_OK message:"OK"} roles:{role_name:"Controller"}
  Request 162: role:{role_name:"Controller"} action_name:"Restart"
  Response 162: return_values:{str_value:"DISABLED"} exec_time:{start_unix_nano:4780166000 end_unix_nano:4780175166} status:{code:STATUS_OK message:"OK"} roles:{role_name:"Controller"}
  Request 163: role:{role_name:"Controller"} action_name:"Start"
  Response 163: return_values:{str_value:"DISABLED"} exec_time:{start_unix_nano:4780318208 end_unix_nano:4780321333} status:{code:STATUS_OK message:"OK"} roles:{role_name:"Controller"}
  Request 164: role:{role_name:"Controller"} action_name:"Restart"
  Response 164: return_values:{str_value:"DISABLED"} exec_time:{start_unix_nano:4780467916 end_unix_nano:4780473458} status:{code:STATUS_OK message:"OK"} roles:{role_name:"Controller"}
  Request 165: role:{role_name:"Controller"} action_name:"Overlap"
  Response 165: return_values:{str_value:"DISABLED"} exec_time:{start_unix_nano:4780629708 end_unix_nano:4780636375} status:{code:STATUS_OK message:"OK"} roles:{role_name:"Controller"}
  Request 166: role:{role_name:"Controller"} action_name:"Resume"
  Response 166: return_values:{str_value:"DISABLED"} exec_time:{start_unix_nano:4780764875 end_unix_nano:4780767625} status:{code:STATUS_OK message:"OK"} roles:{role_name:"Controller"}
  Request 167: role:{role_name:"Controller"} action_name:"Restart"
  Response 167: return_values:{str_value:"DISABLED"} exec_time:{start_unix_nano:4780902416 end_unix_nano:4780905458} status:{code:STATUS_OK message:"OK"} roles:{role_name:"Controller"}
  Request 168: role:{role_name:"Controller"} action_name:"Start"
  Response 168: return_values:{str_value:"DISABLED"} exec_time:{start_unix_nano:4781069750 end_unix_nano:4781073291} status:{code:STATUS_OK message:"OK"} roles:{role_name:"Controller"}
  Request 169: role:{role_name:"Controller"} action_name:"Proof"
  Response 169: return_values:{str_value:"DISABLED"} exec_time:{start_unix_nano:4781265791 end_unix_nano:4781269416} status:{code:STATUS_OK message:"OK"} roles:{role_name:"Controller"}
  Request 170: role:{role_name:"Controller"} action_name:"Start"
  Response 170: return_values:{str_value:"DISABLED"} exec_time:{start_unix_nano:4781487166 end_unix_nano:4781494041} status:{code:STATUS_OK message:"OK"} roles:{role_name:"Controller"}
  Request 171: role:{role_name:"Controller"} action_name:"Corrupt"
  Response 171: return_values:{str_value:"DISABLED"} exec_time:{start_unix_nano:4781690958 end_unix_nano:4781694916} status:{code:STATUS_OK message:"OK"} roles:{role_name:"Controller"}
  Request 172: role:{role_name:"Controller"} action_name:"Review"
  Response 172: return_values:{str_value:"DISABLED"} exec_time:{start_unix_nano:4781847541 end_unix_nano:4781850875} status:{code:STATUS_OK message:"OK"} roles:{role_name:"Controller"}
  Request 173: role:{role_name:"Controller"} action_name:"Proof"
  Response 173: return_values:{str_value:"DISABLED"} exec_time:{start_unix_nano:4781992333 end_unix_nano:4781995500} status:{code:STATUS_OK message:"OK"} roles:{role_name:"Controller"}
  Request 174: role:{role_name:"Controller"} action_name:"Review"
  Response 174: return_values:{str_value:"DISABLED"} exec_time:{start_unix_nano:4782142250 end_unix_nano:4782145083} status:{code:STATUS_OK message:"OK"} roles:{role_name:"Controller"}
  Request 175: role:{role_name:"Controller"} action_name:"Inspect"
  Response 175: return_values:{str_value:"DISABLED"} exec_time:{start_unix_nano:4782289916 end_unix_nano:4782293833} status:{code:STATUS_OK message:"OK"} roles:{role_name:"Controller"}
  Request 176: role:{role_name:"Controller"} action_name:"Inspect"
  Response 176: return_values:{str_value:"DISABLED"} exec_time:{start_unix_nano:4782464250 end_unix_nano:4782467583} status:{code:STATUS_OK message:"OK"} roles:{role_name:"Controller"}
  Request 177: role:{role_name:"Controller"} action_name:"Restart"
  Response 177: return_values:{str_value:"DISABLED"} exec_time:{start_unix_nano:4782612416 end_unix_nano:4782615333} status:{code:STATUS_OK message:"OK"} roles:{role_name:"Controller"}
  Request 178: role:{role_name:"Controller"} action_name:"Restart"
  Response 178: return_values:{str_value:"DISABLED"} exec_time:{start_unix_nano:4782751125 end_unix_nano:4782754083} status:{code:STATUS_OK message:"OK"} roles:{role_name:"Controller"}
  Request 179: role:{role_name:"Controller"} action_name:"Corrupt"
  Response 179: return_values:{str_value:"DISABLED"} exec_time:{start_unix_nano:4782951333 end_unix_nano:4782953875} status:{code:STATUS_OK message:"OK"} roles:{role_name:"Controller"}
  Request 180: role:{role_name:"Controller"} action_name:"Proof"
  Response 180: return_values:{str_value:"DISABLED"} exec_time:{start_unix_nano:4783094833 end_unix_nano:4783097875} status:{code:STATUS_OK message:"OK"} roles:{role_name:"Controller"}
  Request 181: role:{role_name:"Controller"} action_name:"Resume"
  Response 181: return_values:{str_value:"DISABLED"} exec_time:{start_unix_nano:4783247166 end_unix_nano:4783249875} status:{code:STATUS_OK message:"OK"} roles:{role_name:"Controller"}
  Request 182: role:{role_name:"Controller"} action_name:"Proof"
  Response 182: return_values:{str_value:"DISABLED"} exec_time:{start_unix_nano:4783376291 end_unix_nano:4783379291} status:{code:STATUS_OK message:"OK"} roles:{role_name:"Controller"}
  Request 183: role:{role_name:"Controller"} action_name:"Start"
  Response 183: return_values:{str_value:"DISABLED"} exec_time:{start_unix_nano:4783512625 end_unix_nano:4783516416} status:{code:STATUS_OK message:"OK"} roles:{role_name:"Controller"}
  Request 184: role:{role_name:"Controller"} action_name:"Resume"
  Response 184: return_values:{str_value:"DISABLED"} exec_time:{start_unix_nano:4783818458 end_unix_nano:4783821875} status:{code:STATUS_OK message:"OK"} roles:{role_name:"Controller"}
  Request 185: role:{role_name:"Controller"} action_name:"Start"
  Response 185: return_values:{str_value:"DISABLED"} exec_time:{start_unix_nano:4783985333 end_unix_nano:4783988125} status:{code:STATUS_OK message:"OK"} roles:{role_name:"Controller"}
  Request 186: role:{role_name:"Controller"} action_name:"Inspect"
  Response 186: return_values:{str_value:"DISABLED"} exec_time:{start_unix_nano:4784108583 end_unix_nano:4784111291} status:{code:STATUS_OK message:"OK"} roles:{role_name:"Controller"}
  Request 187: role:{role_name:"Controller"} action_name:"Inspect"
  Response 187: return_values:{str_value:"DISABLED"} exec_time:{start_unix_nano:4784240458 end_unix_nano:4784242750} status:{code:STATUS_OK message:"OK"} roles:{role_name:"Controller"}
  Request 188: role:{role_name:"Controller"} action_name:"Inspect"
  Response 188: return_values:{str_value:"DISABLED"} exec_time:{start_unix_nano:4784421541 end_unix_nano:4784424833} status:{code:STATUS_OK message:"OK"} roles:{role_name:"Controller"}
  Request 189: role:{role_name:"Controller"} action_name:"Overlap"
  Response 189: return_values:{str_value:"DISABLED"} exec_time:{start_unix_nano:4784563458 end_unix_nano:4784566125} status:{code:STATUS_OK message:"OK"} roles:{role_name:"Controller"}
  Request 190: role:{role_name:"Controller"} action_name:"Proof"
  Response 190: return_values:{str_value:"DISABLED"} exec_time:{start_unix_nano:4784692833 end_unix_nano:4784695333} status:{code:STATUS_OK message:"OK"} roles:{role_name:"Controller"}
  Request 191: role:{role_name:"Controller"} action_name:"Inspect"
  Response 191: return_values:{str_value:"DISABLED"} exec_time:{start_unix_nano:4784820416 end_unix_nano:4784822916} status:{code:STATUS_OK message:"OK"} roles:{role_name:"Controller"}
  Request 192: role:{role_name:"Controller"} action_name:"Resume"
  Response 192: return_values:{str_value:"DISABLED"} exec_time:{start_unix_nano:4784961625 end_unix_nano:4784964375} status:{code:STATUS_OK message:"OK"} roles:{role_name:"Controller"}
  Request 193: role:{role_name:"Controller"} action_name:"Corrupt"
  Response 193: return_values:{str_value:"DISABLED"} exec_time:{start_unix_nano:4785093250 end_unix_nano:4785099958} status:{code:STATUS_OK message:"OK"} roles:{role_name:"Controller"}
  Request 194: role:{role_name:"Controller"} action_name:"Restart"
  Response 194: return_values:{str_value:"DISABLED"} exec_time:{start_unix_nano:4785251625 end_unix_nano:4785254375} status:{code:STATUS_OK message:"OK"} roles:{role_name:"Controller"}
  Request 195: role:{role_name:"Controller"} action_name:"Review"
  Response 195: return_values:{str_value:"DISABLED"} exec_time:{start_unix_nano:4785385708 end_unix_nano:4785388208} status:{code:STATUS_OK message:"OK"} roles:{role_name:"Controller"}
  Request 196: role:{role_name:"Controller"} action_name:"Start"
  Response 196: return_values:{str_value:"DISABLED"} exec_time:{start_unix_nano:4785548375 end_unix_nano:4785551000} status:{code:STATUS_OK message:"OK"} roles:{role_name:"Controller"}
  Request 197: role:{role_name:"Controller"} action_name:"Proof"
  Response 197: return_values:{str_value:"DISABLED"} exec_time:{start_unix_nano:4785714875 end_unix_nano:4785717875} status:{code:STATUS_OK message:"OK"} roles:{role_name:"Controller"}
  Request 198: role:{role_name:"Controller"} action_name:"Resume"
  Response 198: return_values:{str_value:"DISABLED"} exec_time:{start_unix_nano:4785866250 end_unix_nano:4785871833} status:{code:STATUS_OK message:"OK"} roles:{role_name:"Controller"}
  Request 199: role:{role_name:"Controller"} action_name:"Review"
  Response 199: return_values:{str_value:"DISABLED"} exec_time:{start_unix_nano:4786007666 end_unix_nano:4786010166} status:{code:STATUS_OK message:"OK"} roles:{role_name:"Controller"}
  Request 200: role:{role_name:"Controller"} action_name:"Corrupt"
  Response 200: return_values:{str_value:"DISABLED"} exec_time:{start_unix_nano:4786153708 end_unix_nano:4786156458} status:{code:STATUS_OK message:"OK"} roles:{role_name:"Controller"}
  Request 201: role:{role_name:"Controller"} action_name:"Inspect"
  Response 201: return_values:{str_value:"DISABLED"} exec_time:{start_unix_nano:4786279750 end_unix_nano:4786282375} status:{code:STATUS_OK message:"OK"} roles:{role_name:"Controller"}
  Request 202: role:{role_name:"Controller"} action_name:"Overlap"
  Response 202: return_values:{str_value:"DISABLED"} exec_time:{start_unix_nano:4786401041 end_unix_nano:4786403541} status:{code:STATUS_OK message:"OK"} roles:{role_name:"Controller"}
  Request 203: role:{role_name:"Controller"} action_name:"Review"
  Response 203: return_values:{str_value:"DISABLED"} exec_time:{start_unix_nano:4786535875 end_unix_nano:4786538833} status:{code:STATUS_OK message:"OK"} roles:{role_name:"Controller"}
  Request 204: role:{role_name:"Controller"} action_name:"Restart"
  Response 204: return_values:{str_value:"DISABLED"} exec_time:{start_unix_nano:4786675291 end_unix_nano:4786677916} status:{code:STATUS_OK message:"OK"} roles:{role_name:"Controller"}
  Request 205: role:{role_name:"Controller"} action_name:"Start"
  Response 205: return_values:{str_value:"DISABLED"} exec_time:{start_unix_nano:4786822250 end_unix_nano:4786824875} status:{code:STATUS_OK message:"OK"} roles:{role_name:"Controller"}
  Request 206: role:{role_name:"Controller"} action_name:"Overlap"
  Response 206: return_values:{str_value:"DISABLED"} exec_time:{start_unix_nano:4786960041 end_unix_nano:4786962833} status:{code:STATUS_OK message:"OK"} roles:{role_name:"Controller"}
  Request 207: role:{role_name:"Controller"} action_name:"Overlap"
  Response 207: return_values:{str_value:"DISABLED"} exec_time:{start_unix_nano:4787119500 end_unix_nano:4787123291} status:{code:STATUS_OK message:"OK"} roles:{role_name:"Controller"}
  Request 208: role:{role_name:"Controller"} action_name:"Inspect"
  Response 208: return_values:{str_value:"DISABLED"} exec_time:{start_unix_nano:4787282791 end_unix_nano:4787285625} status:{code:STATUS_OK message:"OK"} roles:{role_name:"Controller"}
  Request 209: role:{role_name:"Controller"} action_name:"Review"
  Response 209: return_values:{str_value:"DISABLED"} exec_time:{start_unix_nano:4787446541 end_unix_nano:4787449291} status:{code:STATUS_OK message:"OK"} roles:{role_name:"Controller"}
  Request 210: role:{role_name:"Controller"} action_name:"Overlap"
  Response 210: return_values:{str_value:"DISABLED"} exec_time:{start_unix_nano:4787609333 end_unix_nano:4787612458} status:{code:STATUS_OK message:"OK"} roles:{role_name:"Controller"}
  Request 211: role:{role_name:"Controller"} action_name:"Inspect"
  Response 211: return_values:{str_value:"DISABLED"} exec_time:{start_unix_nano:4787779541 end_unix_nano:4787787625} status:{code:STATUS_OK message:"OK"} roles:{role_name:"Controller"}
  Request 212: role:{role_name:"Controller"} action_name:"Proof"
  Response 212: return_values:{str_value:"DISABLED"} exec_time:{start_unix_nano:4787943166 end_unix_nano:4787946250} status:{code:STATUS_OK message:"OK"} roles:{role_name:"Controller"}
  Request 213: role:{role_name:"Controller"} action_name:"Restart"
  Response 213: return_values:{str_value:"DISABLED"} exec_time:{start_unix_nano:4788098708 end_unix_nano:4788102208} status:{code:STATUS_OK message:"OK"} roles:{role_name:"Controller"}
  Request 214: role:{role_name:"Controller"} action_name:"Start"
  Response 214: return_values:{str_value:"DISABLED"} exec_time:{start_unix_nano:4788266916 end_unix_nano:4788270291} status:{code:STATUS_OK message:"OK"} roles:{role_name:"Controller"}
  Request 215: role:{role_name:"Controller"} action_name:"Inspect"
  Response 215: return_values:{str_value:"DISABLED"} exec_time:{start_unix_nano:4788416458 end_unix_nano:4788419583} status:{code:STATUS_OK message:"OK"} roles:{role_name:"Controller"}
  Request 216: role:{role_name:"Controller"} action_name:"Corrupt"
  Response 216: return_values:{str_value:"DISABLED"} exec_time:{start_unix_nano:4788548125 end_unix_nano:4788550625} status:{code:STATUS_OK message:"OK"} roles:{role_name:"Controller"}
  Request 217: role:{role_name:"Controller"} action_name:"Overlap"
  Response 217: return_values:{str_value:"DISABLED"} exec_time:{start_unix_nano:4788692208 end_unix_nano:4788695541} status:{code:STATUS_OK message:"OK"} roles:{role_name:"Controller"}
  Request 218: role:{role_name:"Controller"} action_name:"Review"
  Response 218: return_values:{str_value:"DISABLED"} exec_time:{start_unix_nano:4788830333 end_unix_nano:4788835458} status:{code:STATUS_OK message:"OK"} roles:{role_name:"Controller"}
  Request 219: role:{role_name:"Controller"} action_name:"Resume"
  Response 219: return_values:{str_value:"DISABLED"} exec_time:{start_unix_nano:4788959833 end_unix_nano:4788962291} status:{code:STATUS_OK message:"OK"} roles:{role_name:"Controller"}
  Request 220: role:{role_name:"Controller"} action_name:"Restart"
  Response 220: return_values:{str_value:"DISABLED"} exec_time:{start_unix_nano:4789117416 end_unix_nano:4789120500} status:{code:STATUS_OK message:"OK"} roles:{role_name:"Controller"}
  Request 221: role:{role_name:"Controller"} action_name:"Start"
  Response 221: return_values:{str_value:"DISABLED"} exec_time:{start_unix_nano:4789255833 end_unix_nano:4789258666} status:{code:STATUS_OK message:"OK"} roles:{role_name:"Controller"}
  Request 222: role:{role_name:"Controller"} action_name:"Restart"
  Response 222: return_values:{str_value:"DISABLED"} exec_time:{start_unix_nano:4789405541 end_unix_nano:4789408916} status:{code:STATUS_OK message:"OK"} roles:{role_name:"Controller"}
  Request 223: role:{role_name:"Controller"} action_name:"Inspect"
  Response 223: return_values:{str_value:"DISABLED"} exec_time:{start_unix_nano:4789539416 end_unix_nano:4789541916} status:{code:STATUS_OK message:"OK"} roles:{role_name:"Controller"}
  Request 224: role:{role_name:"Controller"} action_name:"Resume"
  Response 224: return_values:{str_value:"DISABLED"} exec_time:{start_unix_nano:4789676166 end_unix_nano:4789678541} status:{code:STATUS_OK message:"OK"} roles:{role_name:"Controller"}
  Request 225: role:{role_name:"Controller"} action_name:"Start"
  Response 225: return_values:{str_value:"DISABLED"} exec_time:{start_unix_nano:4789807375 end_unix_nano:4789810291} status:{code:STATUS_OK message:"OK"} roles:{role_name:"Controller"}
  Request 226: role:{role_name:"Controller"} action_name:"Inspect"
  Response 226: return_values:{str_value:"DISABLED"} exec_time:{start_unix_nano:4789940750 end_unix_nano:4789947541} status:{code:STATUS_OK message:"OK"} roles:{role_name:"Controller"}
  Request 227: role:{role_name:"Controller"} action_name:"Overlap"
  Response 227: return_values:{str_value:"DISABLED"} exec_time:{start_unix_nano:4790080500 end_unix_nano:4790083250} status:{code:STATUS_OK message:"OK"} roles:{role_name:"Controller"}
  Request 228: role:{role_name:"Controller"} action_name:"Corrupt"
  Response 228: return_values:{str_value:"DISABLED"} exec_time:{start_unix_nano:4790211333 end_unix_nano:4790217416} status:{code:STATUS_OK message:"OK"} roles:{role_name:"Controller"}
  Request 229: role:{role_name:"Controller"} action_name:"Corrupt"
  Response 229: return_values:{str_value:"DISABLED"} exec_time:{start_unix_nano:4790356666 end_unix_nano:4790359041} status:{code:STATUS_OK message:"OK"} roles:{role_name:"Controller"}
  Request 230: role:{role_name:"Controller"} action_name:"Corrupt"
  Response 230: return_values:{str_value:"DISABLED"} exec_time:{start_unix_nano:4790483666 end_unix_nano:4790486208} status:{code:STATUS_OK message:"OK"} roles:{role_name:"Controller"}
  Request 231: role:{role_name:"Controller"} action_name:"Restart"
  Response 231: return_values:{str_value:"DISABLED"} exec_time:{start_unix_nano:4790644833 end_unix_nano:4790647583} status:{code:STATUS_OK message:"OK"} roles:{role_name:"Controller"}
  Request 232: role:{role_name:"Controller"} action_name:"Resume"
  Response 232: return_values:{str_value:"DISABLED"} exec_time:{start_unix_nano:4790772000 end_unix_nano:4790774416} status:{code:STATUS_OK message:"OK"} roles:{role_name:"Controller"}
  Request 233: role:{role_name:"Controller"} action_name:"Corrupt"
  Response 233: return_values:{str_value:"DISABLED"} exec_time:{start_unix_nano:4790917958 end_unix_nano:4790920833} status:{code:STATUS_OK message:"OK"} roles:{role_name:"Controller"}
  Request 234: role:{role_name:"Controller"} action_name:"Start"
  Response 234: return_values:{str_value:"DISABLED"} exec_time:{start_unix_nano:4791330208 end_unix_nano:4791333375} status:{code:STATUS_OK message:"OK"} roles:{role_name:"Controller"}
  Request 235: role:{role_name:"Controller"} action_name:"Proof"
  Response 235: return_values:{str_value:"DISABLED"} exec_time:{start_unix_nano:4791460875 end_unix_nano:4791463500} status:{code:STATUS_OK message:"OK"} roles:{role_name:"Controller"}
  Request 236: role:{role_name:"Controller"} action_name:"Start"
  Response 236: return_values:{str_value:"DISABLED"} exec_time:{start_unix_nano:4791592166 end_unix_nano:4791595250} status:{code:STATUS_OK message:"OK"} roles:{role_name:"Controller"}
  Request 237: role:{role_name:"Controller"} action_name:"Resume"
  Response 237: return_values:{str_value:"DISABLED"} exec_time:{start_unix_nano:4791735625 end_unix_nano:4791738458} status:{code:STATUS_OK message:"OK"} roles:{role_name:"Controller"}
  Request 238: role:{role_name:"Controller"} action_name:"Proof"
  Response 238: return_values:{str_value:"DISABLED"} exec_time:{start_unix_nano:4791889375 end_unix_nano:4791892791} status:{code:STATUS_OK message:"OK"} roles:{role_name:"Controller"}
  Request 239: role:{role_name:"Controller"} action_name:"Proof"
  Response 239: return_values:{str_value:"DISABLED"} exec_time:{start_unix_nano:4792047875 end_unix_nano:4792050416} status:{code:STATUS_OK message:"OK"} roles:{role_name:"Controller"}
  Request 240: role:{role_name:"Controller"} action_name:"Restart"
  Response 240: return_values:{str_value:"DISABLED"} exec_time:{start_unix_nano:4792174750 end_unix_nano:4792177291} status:{code:STATUS_OK message:"OK"} roles:{role_name:"Controller"}
  Request 241: role:{role_name:"Controller"} action_name:"Inspect"
  Response 241: return_values:{str_value:"DISABLED"} exec_time:{start_unix_nano:4792313625 end_unix_nano:4792316750} status:{code:STATUS_OK message:"OK"} roles:{role_name:"Controller"}
  Request 242: role:{role_name:"Controller"} action_name:"Review"
  Response 242: return_values:{str_value:"DISABLED"} exec_time:{start_unix_nano:4792617333 end_unix_nano:4792620625} status:{code:STATUS_OK message:"OK"} roles:{role_name:"Controller"}
  Request 243: role:{role_name:"Controller"} action_name:"Overlap"
  Response 243: return_values:{str_value:"DISABLED"} exec_time:{start_unix_nano:4793022125 end_unix_nano:4793025750} status:{code:STATUS_OK message:"OK"} roles:{role_name:"Controller"}
  Request 244: role:{role_name:"Controller"} action_name:"Proof"
  Response 244: return_values:{str_value:"DISABLED"} exec_time:{start_unix_nano:4793157958 end_unix_nano:4793160791} status:{code:STATUS_OK message:"OK"} roles:{role_name:"Controller"}
  Request 245: role:{role_name:"Controller"} action_name:"Overlap"
  Response 245: return_values:{str_value:"DISABLED"} exec_time:{start_unix_nano:4793289708 end_unix_nano:4793293250} status:{code:STATUS_OK message:"OK"} roles:{role_name:"Controller"}
  Request 246: role:{role_name:"Controller"} action_name:"Review"
  Response 246: return_values:{str_value:"DISABLED"} exec_time:{start_unix_nano:4793457666 end_unix_nano:4793460583} status:{code:STATUS_OK message:"OK"} roles:{role_name:"Controller"}
  Request 247: role:{role_name:"Controller"} action_name:"Restart"
  Response 247: return_values:{str_value:"DISABLED"} exec_time:{start_unix_nano:4793600625 end_unix_nano:4793604000} status:{code:STATUS_OK message:"OK"} roles:{role_name:"Controller"}
  Request 248: role:{role_name:"Controller"} action_name:"Proof"
  Response 248: return_values:{str_value:"DISABLED"} exec_time:{start_unix_nano:4793754875 end_unix_nano:4793757291} status:{code:STATUS_OK message:"OK"} roles:{role_name:"Controller"}
  Request 249: role:{role_name:"Controller"} action_name:"Corrupt"
  Response 249: return_values:{str_value:"DISABLED"} exec_time:{start_unix_nano:4793903208 end_unix_nano:4793906708} status:{code:STATUS_OK message:"OK"} roles:{role_name:"Controller"}
  Request 250: role:{role_name:"Controller"} action_name:"Start"
  Response 250: return_values:{str_value:"DISABLED"} exec_time:{start_unix_nano:4794048208 end_unix_nano:4794051791} status:{code:STATUS_OK message:"OK"} roles:{role_name:"Controller"}
  Request 251: role:{role_name:"Controller"} action_name:"Corrupt"
  Response 251: return_values:{str_value:"DISABLED"} exec_time:{start_unix_nano:4794214208 end_unix_nano:4794217083} status:{code:STATUS_OK message:"OK"} roles:{role_name:"Controller"}
  Request 252: role:{role_name:"Controller"} action_name:"Overlap"
  Response 252: return_values:{str_value:"DISABLED"} exec_time:{start_unix_nano:4794356958 end_unix_nano:4794360458} status:{code:STATUS_OK message:"OK"} roles:{role_name:"Controller"}
  Request 253: role:{role_name:"Controller"} action_name:"Start"
  Response 253: return_values:{str_value:"DISABLED"} exec_time:{start_unix_nano:4794531500 end_unix_nano:4794534458} status:{code:STATUS_OK message:"OK"} roles:{role_name:"Controller"}
  Request 254: role:{role_name:"Controller"} action_name:"Inspect"
  Response 254: return_values:{str_value:"DISABLED"} exec_time:{start_unix_nano:4794741250 end_unix_nano:4794747666} status:{code:STATUS_OK message:"OK"} roles:{role_name:"Controller"}
  Request 255: role:{role_name:"Controller"} action_name:"Corrupt"
  Response 255: return_values:{str_value:"DISABLED"} exec_time:{start_unix_nano:4794967125 end_unix_nano:4794970375} status:{code:STATUS_OK message:"OK"} roles:{role_name:"Controller"}
Validating trace for RunId: demo-run-id
    Action Link: Controller#0.Inspect
    Found matching Source Link: dest:6 name:"Controller#0.Inspect" weight:0.125 type:"action" 10:"\n\x14Controller#0.Inspect\x12\n\"DISABLED\""
  End of Request 0, current nodeId: 6, node: map[channel_messages:map[] channels:map[] current:0 failedInvariants:<nil> name:yield returns:{"Controller#0.Inspect":"DISABLED"} roles:[map[fields:map[attempts:0 current:1 fault:false generation:0 inspected:false phase:new proof:0 repair:0 repeats:0 reports: review:0 saved:0 status:ABSENT] name:Controller params:map[] ref:0 ref_string:Controller#0]] state:map[controller:role Controller#0] stats:map[counts:map[Controller#0.Inspect:1] totalActions:1] threads:[] witness:[[false false false false]]]
. Expected DISABLED
. Actual [str_value:"DISABLED"], len:1
    Action Link: Controller#0.Restart
    Found matching Source Link: src:6 dest:5 name:"Controller#0.Restart" weight:0.125 type:"action" 10:"\n\x14Controller#0.Restart\x12\n\"DISABLED\""
  End of Request 1, current nodeId: 5, node: map[channel_messages:map[] channels:map[] current:0 failedInvariants:<nil> name:yield returns:{"Controller#0.Restart":"DISABLED"} roles:[map[fields:map[attempts:0 current:1 fault:false generation:0 inspected:false phase:new proof:0 repair:0 repeats:0 reports: review:0 saved:0 status:ABSENT] name:Controller params:map[] ref:0 ref_string:Controller#0]] state:map[controller:role Controller#0] stats:map[counts:map[Controller#0.Restart:1] totalActions:1] threads:[] witness:[[false false false false]]]
. Expected DISABLED
. Actual [str_value:"DISABLED"], len:1
    Action Link: Controller#0.Start
    Found matching Source Link: src:5 dest:1 name:"Controller#0.Start" labels:"Projection.call" weight:0.125 type:"action" 10:"\n\x12Controller#0.Start\x12\x1a\"1|BLOCKED|3|2||0|0|0|0|1\""
  End of Request 2, current nodeId: 1, node: map[channel_messages:map[] channels:map[] current:0 failedInvariants:<nil> name:yield returns:{"Controller#0.Start":"1|BLOCKED|3|2||0|0|0|0|1"} roles:[map[fields:map[attempts:3 current:1 fault:false generation:0 inspected:false phase:uncertain proof:0 repair:0 repeats:0 reports: review:0 saved:2 status:BLOCKED] name:Controller params:map[] ref:0 ref_string:Controller#0]] state:map[controller:role Controller#0] stats:map[counts:map[Controller#0.Start:1] totalActions:1] threads:[] witness:[[false false false false]]]
. Expected 1|BLOCKED|3|2||0|0|0|0|1
. Actual [str_value:"1|BLOCKED|3|2||0|0|0|0|1"], len:1
    Action Link: Controller#0.Resume
    Found matching Source Link: src:1 dest:15 name:"Controller#0.Resume" weight:0.125 type:"action" 10:"\n\x13Controller#0.Resume\x12\n\"DISABLED\""
  End of Request 3, current nodeId: 15, node: map[channel_messages:map[] channels:map[] current:0 failedInvariants:<nil> name:yield returns:{"Controller#0.Resume":"DISABLED"} roles:[map[fields:map[attempts:3 current:1 fault:false generation:0 inspected:false phase:uncertain proof:0 repair:0 repeats:0 reports: review:0 saved:2 status:BLOCKED] name:Controller params:map[] ref:0 ref_string:Controller#0]] state:map[controller:role Controller#0] stats:map[counts:map[Controller#0.Resume:1 Controller#0.Start:1] totalActions:2] threads:[] witness:[[false false false false]]]
. Expected DISABLED
. Actual [str_value:"DISABLED"], len:1
    Action Link: Controller#0.Corrupt
    Found matching Source Link: src:15 dest:12 name:"Controller#0.Corrupt" weight:0.125 type:"action" 10:"\n\x14Controller#0.Corrupt\x12\n\"DISABLED\""
  End of Request 4, current nodeId: 12, node: map[channel_messages:map[] channels:map[] current:0 failedInvariants:<nil> name:yield returns:{"Controller#0.Corrupt":"DISABLED"} roles:[map[fields:map[attempts:3 current:1 fault:false generation:0 inspected:false phase:uncertain proof:0 repair:0 repeats:0 reports: review:0 saved:2 status:BLOCKED] name:Controller params:map[] ref:0 ref_string:Controller#0]] state:map[controller:role Controller#0] stats:map[counts:map[Controller#0.Corrupt:1 Controller#0.Start:1] totalActions:2] threads:[] witness:[[false false false false]]]
. Expected DISABLED
. Actual [str_value:"DISABLED"], len:1
    Action Link: Controller#0.Inspect
    Found matching Source Link: src:12 dest:14 name:"Controller#0.Inspect" weight:0.125 type:"action" 10:"\n\x14Controller#0.Inspect\x12\n\"DISABLED\""
  End of Request 5, current nodeId: 14, node: map[channel_messages:map[] channels:map[] current:0 failedInvariants:<nil> name:yield returns:{"Controller#0.Inspect":"DISABLED"} roles:[map[fields:map[attempts:3 current:1 fault:false generation:0 inspected:false phase:uncertain proof:0 repair:0 repeats:0 reports: review:0 saved:2 status:BLOCKED] name:Controller params:map[] ref:0 ref_string:Controller#0]] state:map[controller:role Controller#0] stats:map[counts:map[Controller#0.Inspect:1 Controller#0.Start:1] totalActions:2] threads:[] witness:[[false false false false]]]
. Expected DISABLED
. Actual [str_value:"DISABLED"], len:1
    Action Link: Controller#0.Start
    Found matching Source Link: src:14 dest:9 name:"Controller#0.Start" weight:0.125 type:"action" 10:"\n\x12Controller#0.Start\x12\n\"DISABLED\""
  End of Request 6, current nodeId: 9, node: map[channel_messages:map[] channels:map[] current:0 failedInvariants:<nil> name:yield returns:{"Controller#0.Start":"DISABLED"} roles:[map[fields:map[attempts:3 current:1 fault:false generation:0 inspected:false phase:uncertain proof:0 repair:0 repeats:0 reports: review:0 saved:2 status:BLOCKED] name:Controller params:map[] ref:0 ref_string:Controller#0]] state:map[controller:role Controller#0] stats:map[counts:map[Controller#0.Start:2] totalActions:2] threads:[] witness:[[false false false false]]]
. Expected DISABLED
. Actual [str_value:"DISABLED"], len:1
    Action Link: Controller#0.Restart
    Found matching Source Link: src:9 dest:13 name:"Controller#0.Restart" labels:"Projection.call" weight:0.125 type:"action" 10:"\n\x14Controller#0.Restart\x12\x1a\"1|BLOCKED|3|2||0|0|0|0|1\""
  End of Request 7, current nodeId: 13, node: map[channel_messages:map[] channels:map[] current:0 failedInvariants:<nil> name:yield returns:{"Controller#0.Restart":"1|BLOCKED|3|2||0|0|0|0|1"} roles:[map[fields:map[attempts:3 current:1 fault:false generation:0 inspected:false phase:terminal proof:0 repair:0 repeats:0 reports: review:0 saved:2 status:BLOCKED] name:Controller params:map[] ref:0 ref_string:Controller#0]] state:map[controller:role Controller#0] stats:map[counts:map[Controller#0.Restart:1 Controller#0.Start:1] totalActions:2] threads:[] witness:[[false false false false]]]
. Expected 1|BLOCKED|3|2||0|0|0|0|1
. Actual [str_value:"1|BLOCKED|3|2||0|0|0|0|1"], len:1
    Action Link: Controller#0.Restart
    Found matching Source Link: src:13 dest:21 name:"Controller#0.Restart" weight:0.125 type:"action" 10:"\n\x14Controller#0.Restart\x12\n\"DISABLED\""
  End of Request 8, current nodeId: 21, node: map[channel_messages:map[] channels:map[] current:0 failedInvariants:<nil> name:yield returns:{"Controller#0.Restart":"DISABLED"} roles:[map[fields:map[attempts:3 current:1 fault:false generation:0 inspected:false phase:terminal proof:0 repair:0 repeats:0 reports: review:0 saved:2 status:BLOCKED] name:Controller params:map[] ref:0 ref_string:Controller#0]] state:map[controller:role Controller#0] stats:map[counts:map[Controller#0.Restart:2 Controller#0.Start:1] totalActions:3] threads:[] witness:[[false false false false]]]
. Expected DISABLED
. Actual [str_value:"DISABLED"], len:1
    Action Link: Controller#0.Start
    Found matching Source Link: src:21 dest:17 name:"Controller#0.Start" weight:0.125 type:"action" 10:"\n\x12Controller#0.Start\x12\n\"DISABLED\""
  End of Request 9, current nodeId: 17, node: map[channel_messages:map[] channels:map[] current:0 failedInvariants:<nil> name:yield returns:{"Controller#0.Start":"DISABLED"} roles:[map[fields:map[attempts:3 current:1 fault:false generation:0 inspected:false phase:terminal proof:0 repair:0 repeats:0 reports: review:0 saved:2 status:BLOCKED] name:Controller params:map[] ref:0 ref_string:Controller#0]] state:map[controller:role Controller#0] stats:map[counts:map[Controller#0.Restart:1 Controller#0.Start:2] totalActions:3] threads:[] witness:[[false false false false]]]
. Expected DISABLED
. Actual [str_value:"DISABLED"], len:1
    Action Link: Controller#0.Overlap
    Found matching Source Link: src:17 dest:24 name:"Controller#0.Overlap" weight:0.125 type:"action" 10:"\n\x14Controller#0.Overlap\x12\n\"DISABLED\""
  End of Request 10, current nodeId: 24, node: map[channel_messages:map[] channels:map[] current:0 failedInvariants:<nil> name:yield returns:{"Controller#0.Overlap":"DISABLED"} roles:[map[fields:map[attempts:3 current:1 fault:false generation:0 inspected:false phase:terminal proof:0 repair:0 repeats:0 reports: review:0 saved:2 status:BLOCKED] name:Controller params:map[] ref:0 ref_string:Controller#0]] state:map[controller:role Controller#0] stats:map[counts:map[Controller#0.Overlap:1 Controller#0.Restart:1 Controller#0.Start:1] totalActions:3] threads:[] witness:[[false false false false]]]
. Expected DISABLED
. Actual [str_value:"DISABLED"], len:1
    Action Link: Controller#0.Restart
    Found matching Source Link: src:24 dest:21 name:"Controller#0.Restart" weight:0.125 type:"action" 10:"\n\x14Controller#0.Restart\x12\n\"DISABLED\""
  End of Request 11, current nodeId: 21, node: map[channel_messages:map[] channels:map[] current:0 failedInvariants:<nil> name:yield returns:{"Controller#0.Restart":"DISABLED"} roles:[map[fields:map[attempts:3 current:1 fault:false generation:0 inspected:false phase:terminal proof:0 repair:0 repeats:0 reports: review:0 saved:2 status:BLOCKED] name:Controller params:map[] ref:0 ref_string:Controller#0]] state:map[controller:role Controller#0] stats:map[counts:map[Controller#0.Restart:2 Controller#0.Start:1] totalActions:3] threads:[] witness:[[false false false false]]]
. Expected DISABLED
. Actual [str_value:"DISABLED"], len:1
    Action Link: Controller#0.Corrupt
    Found matching Source Link: src:21 dest:20 name:"Controller#0.Corrupt" weight:0.125 type:"action" 10:"\n\x14Controller#0.Corrupt\x12\n\"DISABLED\""
  End of Request 12, current nodeId: 20, node: map[channel_messages:map[] channels:map[] current:0 failedInvariants:<nil> name:yield returns:{"Controller#0.Corrupt":"DISABLED"} roles:[map[fields:map[attempts:3 current:1 fault:false generation:0 inspected:false phase:terminal proof:0 repair:0 repeats:0 reports: review:0 saved:2 status:BLOCKED] name:Controller params:map[] ref:0 ref_string:Controller#0]] state:map[controller:role Controller#0] stats:map[counts:map[Controller#0.Corrupt:1 Controller#0.Restart:1 Controller#0.Start:1] totalActions:3] threads:[] witness:[[false false false false]]]
. Expected DISABLED
. Actual [str_value:"DISABLED"], len:1
    Action Link: Controller#0.Overlap
    Found matching Source Link: src:20 dest:24 name:"Controller#0.Overlap" weight:0.125 type:"action" 10:"\n\x14Controller#0.Overlap\x12\n\"DISABLED\""
  End of Request 13, current nodeId: 24, node: map[channel_messages:map[] channels:map[] current:0 failedInvariants:<nil> name:yield returns:{"Controller#0.Overlap":"DISABLED"} roles:[map[fields:map[attempts:3 current:1 fault:false generation:0 inspected:false phase:terminal proof:0 repair:0 repeats:0 reports: review:0 saved:2 status:BLOCKED] name:Controller params:map[] ref:0 ref_string:Controller#0]] state:map[controller:role Controller#0] stats:map[counts:map[Controller#0.Overlap:1 Controller#0.Restart:1 Controller#0.Start:1] totalActions:3] threads:[] witness:[[false false false false]]]
. Expected DISABLED
. Actual [str_value:"DISABLED"], len:1
    Action Link: Controller#0.Proof
    Found matching Source Link: src:24 dest:19 name:"Controller#0.Proof" weight:0.125 type:"action" 10:"\n\x12Controller#0.Proof\x12\n\"DISABLED\""
  End of Request 14, current nodeId: 19, node: map[channel_messages:map[] channels:map[] current:0 failedInvariants:<nil> name:yield returns:{"Controller#0.Proof":"DISABLED"} roles:[map[fields:map[attempts:3 current:1 fault:false generation:0 inspected:false phase:terminal proof:0 repair:0 repeats:0 reports: review:0 saved:2 status:BLOCKED] name:Controller params:map[] ref:0 ref_string:Controller#0]] state:map[controller:role Controller#0] stats:map[counts:map[Controller#0.Proof:1 Controller#0.Restart:1 Controller#0.Start:1] totalActions:3] threads:[] witness:[[false false false false]]]
. Expected DISABLED
. Actual [str_value:"DISABLED"], len:1
    Action Link: Controller#0.Review
    Found matching Source Link: src:19 dest:18 name:"Controller#0.Review" weight:0.125 type:"action" 10:"\n\x13Controller#0.Review\x12\n\"DISABLED\""
  End of Request 15, current nodeId: 18, node: map[channel_messages:map[] channels:map[] current:0 failedInvariants:<nil> name:yield returns:{"Controller#0.Review":"DISABLED"} roles:[map[fields:map[attempts:3 current:1 fault:false generation:0 inspected:false phase:terminal proof:0 repair:0 repeats:0 reports: review:0 saved:2 status:BLOCKED] name:Controller params:map[] ref:0 ref_string:Controller#0]] state:map[controller:role Controller#0] stats:map[counts:map[Controller#0.Restart:1 Controller#0.Review:1 Controller#0.Start:1] totalActions:3] threads:[] witness:[[false false false false]]]
. Expected DISABLED
. Actual [str_value:"DISABLED"], len:1
    Action Link: Controller#0.Proof
    Found matching Source Link: src:18 dest:19 name:"Controller#0.Proof" weight:0.125 type:"action" 10:"\n\x12Controller#0.Proof\x12\n\"DISABLED\""
  End of Request 16, current nodeId: 19, node: map[channel_messages:map[] channels:map[] current:0 failedInvariants:<nil> name:yield returns:{"Controller#0.Proof":"DISABLED"} roles:[map[fields:map[attempts:3 current:1 fault:false generation:0 inspected:false phase:terminal proof:0 repair:0 repeats:0 reports: review:0 saved:2 status:BLOCKED] name:Controller params:map[] ref:0 ref_string:Controller#0]] state:map[controller:role Controller#0] stats:map[counts:map[Controller#0.Proof:1 Controller#0.Restart:1 Controller#0.Start:1] totalActions:3] threads:[] witness:[[false false false false]]]
. Expected DISABLED
. Actual [str_value:"DISABLED"], len:1
    Action Link: Controller#0.Resume
    Found matching Source Link: src:19 dest:23 name:"Controller#0.Resume" labels:"Projection.call" weight:0.125 type:"action" 10:"\n\x13Controller#0.Resume\x12\x1a\"1|BLOCKED|3|2||0|0|0|0|1\""
  End of Request 17, current nodeId: 23, node: map[channel_messages:map[] channels:map[] current:0 failedInvariants:<nil> name:yield returns:{"Controller#0.Resume":"1|BLOCKED|3|2||0|0|0|0|1"} roles:[map[fields:map[attempts:3 current:1 fault:false generation:0 inspected:false phase:terminal proof:0 repair:0 repeats:1 reports: review:0 saved:2 status:BLOCKED] name:Controller params:map[] ref:0 ref_string:Controller#0]] state:map[controller:role Controller#0] stats:map[counts:map[Controller#0.Restart:1 Controller#0.Resume:1 Controller#0.Start:1] totalActions:3] threads:[] witness:[[false false false false]]]
. Expected 1|BLOCKED|3|2||0|0|0|0|1
. Actual [str_value:"1|BLOCKED|3|2||0|0|0|0|1"], len:1
    Action Link: Controller#0.Review
    Found matching Source Link: src:23 dest:26 name:"Controller#0.Review" weight:0.125 type:"action" 10:"\n\x13Controller#0.Review\x12\n\"DISABLED\""
  End of Request 18, current nodeId: 26, node: map[channel_messages:map[] channels:map[] current:0 failedInvariants:<nil> name:yield returns:{"Controller#0.Review":"DISABLED"} roles:[map[fields:map[attempts:3 current:1 fault:false generation:0 inspected:false phase:terminal proof:0 repair:0 repeats:1 reports: review:0 saved:2 status:BLOCKED] name:Controller params:map[] ref:0 ref_string:Controller#0]] state:map[controller:role Controller#0] stats:map[counts:map[Controller#0.Restart:1 Controller#0.Resume:1 Controller#0.Review:1 Controller#0.Start:1] totalActions:4] threads:[] witness:[[false false false false]]]
. Expected DISABLED
. Actual [str_value:"DISABLED"], len:1
    Action Link: Controller#0.Restart
    Found matching Source Link: src:26 dest:29 name:"Controller#0.Restart" weight:0.125 type:"action" 10:"\n\x14Controller#0.Restart\x12\n\"DISABLED\""
  End of Request 19, current nodeId: 29, node: map[channel_messages:map[] channels:map[] current:0 failedInvariants:<nil> name:yield returns:{"Controller#0.Restart":"DISABLED"} roles:[map[fields:map[attempts:3 current:1 fault:false generation:0 inspected:false phase:terminal proof:0 repair:0 repeats:1 reports: review:0 saved:2 status:BLOCKED] name:Controller params:map[] ref:0 ref_string:Controller#0]] state:map[controller:role Controller#0] stats:map[counts:map[Controller#0.Restart:2 Controller#0.Resume:1 Controller#0.Start:1] totalActions:4] threads:[] witness:[[false false false false]]]
. Expected DISABLED
. Actual [str_value:"DISABLED"], len:1
    Action Link: Controller#0.Proof
    Found matching Source Link: src:29 dest:27 name:"Controller#0.Proof" weight:0.125 type:"action" 10:"\n\x12Controller#0.Proof\x12\n\"DISABLED\""
  End of Request 20, current nodeId: 27, node: map[channel_messages:map[] channels:map[] current:0 failedInvariants:<nil> name:yield returns:{"Controller#0.Proof":"DISABLED"} roles:[map[fields:map[attempts:3 current:1 fault:false generation:0 inspected:false phase:terminal proof:0 repair:0 repeats:1 reports: review:0 saved:2 status:BLOCKED] name:Controller params:map[] ref:0 ref_string:Controller#0]] state:map[controller:role Controller#0] stats:map[counts:map[Controller#0.Proof:1 Controller#0.Restart:1 Controller#0.Resume:1 Controller#0.Start:1] totalActions:4] threads:[] witness:[[false false false false]]]
. Expected DISABLED
. Actual [str_value:"DISABLED"], len:1
    Action Link: Controller#0.Corrupt
    Found matching Source Link: src:27 dest:28 name:"Controller#0.Corrupt" weight:0.125 type:"action" 10:"\n\x14Controller#0.Corrupt\x12\n\"DISABLED\""
  End of Request 21, current nodeId: 28, node: map[channel_messages:map[] channels:map[] current:0 failedInvariants:<nil> name:yield returns:{"Controller#0.Corrupt":"DISABLED"} roles:[map[fields:map[attempts:3 current:1 fault:false generation:0 inspected:false phase:terminal proof:0 repair:0 repeats:1 reports: review:0 saved:2 status:BLOCKED] name:Controller params:map[] ref:0 ref_string:Controller#0]] state:map[controller:role Controller#0] stats:map[counts:map[Controller#0.Corrupt:1 Controller#0.Restart:1 Controller#0.Resume:1 Controller#0.Start:1] totalActions:4] threads:[] witness:[[false false false false]]]
. Expected DISABLED
. Actual [str_value:"DISABLED"], len:1
    Action Link: Controller#0.Corrupt
    Found matching Source Link: src:28 dest:28 name:"Controller#0.Corrupt" weight:0.125 type:"action" 10:"\n\x14Controller#0.Corrupt\x12\n\"DISABLED\""
  End of Request 22, current nodeId: 28, node: map[channel_messages:map[] channels:map[] current:0 failedInvariants:<nil> name:yield returns:{"Controller#0.Corrupt":"DISABLED"} roles:[map[fields:map[attempts:3 current:1 fault:false generation:0 inspected:false phase:terminal proof:0 repair:0 repeats:1 reports: review:0 saved:2 status:BLOCKED] name:Controller params:map[] ref:0 ref_string:Controller#0]] state:map[controller:role Controller#0] stats:map[counts:map[Controller#0.Corrupt:1 Controller#0.Restart:1 Controller#0.Resume:1 Controller#0.Start:1] totalActions:4] threads:[] witness:[[false false false false]]]
. Expected DISABLED
. Actual [str_value:"DISABLED"], len:1
    Action Link: Controller#0.Overlap
    Found matching Source Link: src:28 dest:32 name:"Controller#0.Overlap" weight:0.125 type:"action" 10:"\n\x14Controller#0.Overlap\x12\n\"DISABLED\""
  End of Request 23, current nodeId: 32, node: map[channel_messages:map[] channels:map[] current:0 failedInvariants:<nil> name:yield returns:{"Controller#0.Overlap":"DISABLED"} roles:[map[fields:map[attempts:3 current:1 fault:false generation:0 inspected:false phase:terminal proof:0 repair:0 repeats:1 reports: review:0 saved:2 status:BLOCKED] name:Controller params:map[] ref:0 ref_string:Controller#0]] state:map[controller:role Controller#0] stats:map[counts:map[Controller#0.Overlap:1 Controller#0.Restart:1 Controller#0.Resume:1 Controller#0.Start:1] totalActions:4] threads:[] witness:[[false false false false]]]
. Expected DISABLED
. Actual [str_value:"DISABLED"], len:1
    Action Link: Controller#0.Resume
    Found matching Source Link: src:32 dest:31 name:"Controller#0.Resume" labels:"Projection.call" weight:0.125 type:"action" 10:"\n\x13Controller#0.Resume\x12\x1a\"1|BLOCKED|3|2||0|0|0|0|1\""
  End of Request 24, current nodeId: 31, node: map[channel_messages:map[] channels:map[] current:0 failedInvariants:<nil> name:yield returns:{"Controller#0.Resume":"1|BLOCKED|3|2||0|0|0|0|1"} roles:[map[fields:map[attempts:3 current:1 fault:false generation:0 inspected:false phase:terminal proof:0 repair:0 repeats:2 reports: review:0 saved:2 status:BLOCKED] name:Controller params:map[] ref:0 ref_string:Controller#0]] state:map[controller:role Controller#0] stats:map[counts:map[Controller#0.Restart:1 Controller#0.Resume:2 Controller#0.Start:1] totalActions:4] threads:[] witness:[[false false false false]]]
. Expected 1|BLOCKED|3|2||0|0|0|0|1
. Actual [str_value:"1|BLOCKED|3|2||0|0|0|0|1"], len:1
    Action Link: Controller#0.Overlap
    Found matching Source Link: src:31 dest:40 name:"Controller#0.Overlap" weight:0.125 type:"action" 10:"\n\x14Controller#0.Overlap\x12\n\"DISABLED\""
  End of Request 25, current nodeId: 40, node: map[channel_messages:map[] channels:map[] current:0 failedInvariants:<nil> name:yield returns:{"Controller#0.Overlap":"DISABLED"} roles:[map[fields:map[attempts:3 current:1 fault:false generation:0 inspected:false phase:terminal proof:0 repair:0 repeats:2 reports: review:0 saved:2 status:BLOCKED] name:Controller params:map[] ref:0 ref_string:Controller#0]] state:map[controller:role Controller#0] stats:map[counts:map[Controller#0.Overlap:1 Controller#0.Restart:1 Controller#0.Resume:2 Controller#0.Start:1] totalActions:5] threads:[] witness:[[false false false false]]]
. Expected DISABLED
. Actual [str_value:"DISABLED"], len:1
    Action Link: Controller#0.Resume
    Found matching Source Link: src:40 dest:39 name:"Controller#0.Resume" weight:0.125 type:"action" 10:"\n\x13Controller#0.Resume\x12\n\"DISABLED\""
  End of Request 26, current nodeId: 39, node: map[channel_messages:map[] channels:map[] current:0 failedInvariants:<nil> name:yield returns:{"Controller#0.Resume":"DISABLED"} roles:[map[fields:map[attempts:3 current:1 fault:false generation:0 inspected:false phase:terminal proof:0 repair:0 repeats:2 reports: review:0 saved:2 status:BLOCKED] name:Controller params:map[] ref:0 ref_string:Controller#0]] state:map[controller:role Controller#0] stats:map[counts:map[Controller#0.Restart:1 Controller#0.Resume:3 Controller#0.Start:1] totalActions:5] threads:[] witness:[[false false false false]]]
. Expected DISABLED
. Actual [str_value:"DISABLED"], len:1
    Action Link: Controller#0.Corrupt
    Found matching Source Link: src:39 dest:36 name:"Controller#0.Corrupt" weight:0.125 type:"action" 10:"\n\x14Controller#0.Corrupt\x12\n\"DISABLED\""
  End of Request 27, current nodeId: 36, node: map[channel_messages:map[] channels:map[] current:0 failedInvariants:<nil> name:yield returns:{"Controller#0.Corrupt":"DISABLED"} roles:[map[fields:map[attempts:3 current:1 fault:false generation:0 inspected:false phase:terminal proof:0 repair:0 repeats:2 reports: review:0 saved:2 status:BLOCKED] name:Controller params:map[] ref:0 ref_string:Controller#0]] state:map[controller:role Controller#0] stats:map[counts:map[Controller#0.Corrupt:1 Controller#0.Restart:1 Controller#0.Resume:2 Controller#0.Start:1] totalActions:5] threads:[] witness:[[false false false false]]]
. Expected DISABLED
. Actual [str_value:"DISABLED"], len:1
    Action Link: Controller#0.Overlap
    Found matching Source Link: src:36 dest:40 name:"Controller#0.Overlap" weight:0.125 type:"action" 10:"\n\x14Controller#0.Overlap\x12\n\"DISABLED\""
  End of Request 28, current nodeId: 40, node: map[channel_messages:map[] channels:map[] current:0 failedInvariants:<nil> name:yield returns:{"Controller#0.Overlap":"DISABLED"} roles:[map[fields:map[attempts:3 current:1 fault:false generation:0 inspected:false phase:terminal proof:0 repair:0 repeats:2 reports: review:0 saved:2 status:BLOCKED] name:Controller params:map[] ref:0 ref_string:Controller#0]] state:map[controller:role Controller#0] stats:map[counts:map[Controller#0.Overlap:1 Controller#0.Restart:1 Controller#0.Resume:2 Controller#0.Start:1] totalActions:5] threads:[] witness:[[false false false false]]]
. Expected DISABLED
. Actual [str_value:"DISABLED"], len:1
    Action Link: Controller#0.Overlap
    Found matching Source Link: src:40 dest:40 name:"Controller#0.Overlap" weight:0.125 type:"action" 10:"\n\x14Controller#0.Overlap\x12\n\"DISABLED\""
  End of Request 29, current nodeId: 40, node: map[channel_messages:map[] channels:map[] current:0 failedInvariants:<nil> name:yield returns:{"Controller#0.Overlap":"DISABLED"} roles:[map[fields:map[attempts:3 current:1 fault:false generation:0 inspected:false phase:terminal proof:0 repair:0 repeats:2 reports: review:0 saved:2 status:BLOCKED] name:Controller params:map[] ref:0 ref_string:Controller#0]] state:map[controller:role Controller#0] stats:map[counts:map[Controller#0.Overlap:1 Controller#0.Restart:1 Controller#0.Resume:2 Controller#0.Start:1] totalActions:5] threads:[] witness:[[false false false false]]]
. Expected DISABLED
. Actual [str_value:"DISABLED"], len:1
    Action Link: Controller#0.Corrupt
    Found matching Source Link: src:40 dest:36 name:"Controller#0.Corrupt" weight:0.125 type:"action" 10:"\n\x14Controller#0.Corrupt\x12\n\"DISABLED\""
  End of Request 30, current nodeId: 36, node: map[channel_messages:map[] channels:map[] current:0 failedInvariants:<nil> name:yield returns:{"Controller#0.Corrupt":"DISABLED"} roles:[map[fields:map[attempts:3 current:1 fault:false generation:0 inspected:false phase:terminal proof:0 repair:0 repeats:2 reports: review:0 saved:2 status:BLOCKED] name:Controller params:map[] ref:0 ref_string:Controller#0]] state:map[controller:role Controller#0] stats:map[counts:map[Controller#0.Corrupt:1 Controller#0.Restart:1 Controller#0.Resume:2 Controller#0.Start:1] totalActions:5] threads:[] witness:[[false false false false]]]
. Expected DISABLED
. Actual [str_value:"DISABLED"], len:1
    Action Link: Controller#0.Proof
    Found matching Source Link: src:36 dest:35 name:"Controller#0.Proof" weight:0.125 type:"action" 10:"\n\x12Controller#0.Proof\x12\n\"DISABLED\""
  End of Request 31, current nodeId: 35, node: map[channel_messages:map[] channels:map[] current:0 failedInvariants:<nil> name:yield returns:{"Controller#0.Proof":"DISABLED"} roles:[map[fields:map[attempts:3 current:1 fault:false generation:0 inspected:false phase:terminal proof:0 repair:0 repeats:2 reports: review:0 saved:2 status:BLOCKED] name:Controller params:map[] ref:0 ref_string:Controller#0]] state:map[controller:role Controller#0] stats:map[counts:map[Controller#0.Proof:1 Controller#0.Restart:1 Controller#0.Resume:2 Controller#0.Start:1] totalActions:5] threads:[] witness:[[false false false false]]]
. Expected DISABLED
. Actual [str_value:"DISABLED"], len:1
    Action Link: Controller#0.Start
    Found matching Source Link: src:35 dest:33 name:"Controller#0.Start" weight:0.125 type:"action" 10:"\n\x12Controller#0.Start\x12\n\"DISABLED\""
  End of Request 32, current nodeId: 33, node: map[channel_messages:map[] channels:map[] current:0 failedInvariants:<nil> name:yield returns:{"Controller#0.Start":"DISABLED"} roles:[map[fields:map[attempts:3 current:1 fault:false generation:0 inspected:false phase:terminal proof:0 repair:0 repeats:2 reports: review:0 saved:2 status:BLOCKED] name:Controller params:map[] ref:0 ref_string:Controller#0]] state:map[controller:role Controller#0] stats:map[counts:map[Controller#0.Restart:1 Controller#0.Resume:2 Controller#0.Start:2] totalActions:5] threads:[] witness:[[false false false false]]]
. Expected DISABLED
. Actual [str_value:"DISABLED"], len:1
    Action Link: Controller#0.Corrupt
    Found matching Source Link: src:33 dest:36 name:"Controller#0.Corrupt" weight:0.125 type:"action" 10:"\n\x14Controller#0.Corrupt\x12\n\"DISABLED\""
  End of Request 33, current nodeId: 36, node: map[channel_messages:map[] channels:map[] current:0 failedInvariants:<nil> name:yield returns:{"Controller#0.Corrupt":"DISABLED"} roles:[map[fields:map[attempts:3 current:1 fault:false generation:0 inspected:false phase:terminal proof:0 repair:0 repeats:2 reports: review:0 saved:2 status:BLOCKED] name:Controller params:map[] ref:0 ref_string:Controller#0]] state:map[controller:role Controller#0] stats:map[counts:map[Controller#0.Corrupt:1 Controller#0.Restart:1 Controller#0.Resume:2 Controller#0.Start:1] totalActions:5] threads:[] witness:[[false false false false]]]
. Expected DISABLED
. Actual [str_value:"DISABLED"], len:1
    Action Link: Controller#0.Restart
    Found matching Source Link: src:36 dest:37 name:"Controller#0.Restart" weight:0.125 type:"action" 10:"\n\x14Controller#0.Restart\x12\n\"DISABLED\""
  End of Request 34, current nodeId: 37, node: map[channel_messages:map[] channels:map[] current:0 failedInvariants:<nil> name:yield returns:{"Controller#0.Restart":"DISABLED"} roles:[map[fields:map[attempts:3 current:1 fault:false generation:0 inspected:false phase:terminal proof:0 repair:0 repeats:2 reports: review:0 saved:2 status:BLOCKED] name:Controller params:map[] ref:0 ref_string:Controller#0]] state:map[controller:role Controller#0] stats:map[counts:map[Controller#0.Restart:2 Controller#0.Resume:2 Controller#0.Start:1] totalActions:5] threads:[] witness:[[false false false false]]]
. Expected DISABLED
. Actual [str_value:"DISABLED"], len:1
    Action Link: Controller#0.Review
    Found matching Source Link: src:37 dest:34 name:"Controller#0.Review" weight:0.125 type:"action" 10:"\n\x13Controller#0.Review\x12\n\"DISABLED\""
  End of Request 35, current nodeId: 34, node: map[channel_messages:map[] channels:map[] current:0 failedInvariants:<nil> name:yield returns:{"Controller#0.Review":"DISABLED"} roles:[map[fields:map[attempts:3 current:1 fault:false generation:0 inspected:false phase:terminal proof:0 repair:0 repeats:2 reports: review:0 saved:2 status:BLOCKED] name:Controller params:map[] ref:0 ref_string:Controller#0]] state:map[controller:role Controller#0] stats:map[counts:map[Controller#0.Restart:1 Controller#0.Resume:2 Controller#0.Review:1 Controller#0.Start:1] totalActions:5] threads:[] witness:[[false false false false]]]
. Expected DISABLED
. Actual [str_value:"DISABLED"], len:1
    Action Link: Controller#0.Review
    Found matching Source Link: src:34 dest:34 name:"Controller#0.Review" weight:0.125 type:"action" 10:"\n\x13Controller#0.Review\x12\n\"DISABLED\""
  End of Request 36, current nodeId: 34, node: map[channel_messages:map[] channels:map[] current:0 failedInvariants:<nil> name:yield returns:{"Controller#0.Review":"DISABLED"} roles:[map[fields:map[attempts:3 current:1 fault:false generation:0 inspected:false phase:terminal proof:0 repair:0 repeats:2 reports: review:0 saved:2 status:BLOCKED] name:Controller params:map[] ref:0 ref_string:Controller#0]] state:map[controller:role Controller#0] stats:map[counts:map[Controller#0.Restart:1 Controller#0.Resume:2 Controller#0.Review:1 Controller#0.Start:1] totalActions:5] threads:[] witness:[[false false false false]]]
. Expected DISABLED
. Actual [str_value:"DISABLED"], len:1
    Action Link: Controller#0.Corrupt
    Found matching Source Link: src:34 dest:36 name:"Controller#0.Corrupt" weight:0.125 type:"action" 10:"\n\x14Controller#0.Corrupt\x12\n\"DISABLED\""
  End of Request 37, current nodeId: 36, node: map[channel_messages:map[] channels:map[] current:0 failedInvariants:<nil> name:yield returns:{"Controller#0.Corrupt":"DISABLED"} roles:[map[fields:map[attempts:3 current:1 fault:false generation:0 inspected:false phase:terminal proof:0 repair:0 repeats:2 reports: review:0 saved:2 status:BLOCKED] name:Controller params:map[] ref:0 ref_string:Controller#0]] state:map[controller:role Controller#0] stats:map[counts:map[Controller#0.Corrupt:1 Controller#0.Restart:1 Controller#0.Resume:2 Controller#0.Start:1] totalActions:5] threads:[] witness:[[false false false false]]]
. Expected DISABLED
. Actual [str_value:"DISABLED"], len:1
    Action Link: Controller#0.Resume
    Found matching Source Link: src:36 dest:39 name:"Controller#0.Resume" weight:0.125 type:"action" 10:"\n\x13Controller#0.Resume\x12\n\"DISABLED\""
  End of Request 38, current nodeId: 39, node: map[channel_messages:map[] channels:map[] current:0 failedInvariants:<nil> name:yield returns:{"Controller#0.Resume":"DISABLED"} roles:[map[fields:map[attempts:3 current:1 fault:false generation:0 inspected:false phase:terminal proof:0 repair:0 repeats:2 reports: review:0 saved:2 status:BLOCKED] name:Controller params:map[] ref:0 ref_string:Controller#0]] state:map[controller:role Controller#0] stats:map[counts:map[Controller#0.Restart:1 Controller#0.Resume:3 Controller#0.Start:1] totalActions:5] threads:[] witness:[[false false false false]]]
. Expected DISABLED
. Actual [str_value:"DISABLED"], len:1
    Action Link: Controller#0.Start
    Found matching Source Link: src:39 dest:33 name:"Controller#0.Start" weight:0.125 type:"action" 10:"\n\x12Controller#0.Start\x12\n\"DISABLED\""
  End of Request 39, current nodeId: 33, node: map[channel_messages:map[] channels:map[] current:0 failedInvariants:<nil> name:yield returns:{"Controller#0.Start":"DISABLED"} roles:[map[fields:map[attempts:3 current:1 fault:false generation:0 inspected:false phase:terminal proof:0 repair:0 repeats:2 reports: review:0 saved:2 status:BLOCKED] name:Controller params:map[] ref:0 ref_string:Controller#0]] state:map[controller:role Controller#0] stats:map[counts:map[Controller#0.Restart:1 Controller#0.Resume:2 Controller#0.Start:2] totalActions:5] threads:[] witness:[[false false false false]]]
. Expected DISABLED
. Actual [str_value:"DISABLED"], len:1
    Action Link: Controller#0.Start
    Found matching Source Link: src:33 dest:33 name:"Controller#0.Start" weight:0.125 type:"action" 10:"\n\x12Controller#0.Start\x12\n\"DISABLED\""
  End of Request 40, current nodeId: 33, node: map[channel_messages:map[] channels:map[] current:0 failedInvariants:<nil> name:yield returns:{"Controller#0.Start":"DISABLED"} roles:[map[fields:map[attempts:3 current:1 fault:false generation:0 inspected:false phase:terminal proof:0 repair:0 repeats:2 reports: review:0 saved:2 status:BLOCKED] name:Controller params:map[] ref:0 ref_string:Controller#0]] state:map[controller:role Controller#0] stats:map[counts:map[Controller#0.Restart:1 Controller#0.Resume:2 Controller#0.Start:2] totalActions:5] threads:[] witness:[[false false false false]]]
. Expected DISABLED
. Actual [str_value:"DISABLED"], len:1
    Action Link: Controller#0.Resume
    Found matching Source Link: src:33 dest:39 name:"Controller#0.Resume" weight:0.125 type:"action" 10:"\n\x13Controller#0.Resume\x12\n\"DISABLED\""
  End of Request 41, current nodeId: 39, node: map[channel_messages:map[] channels:map[] current:0 failedInvariants:<nil> name:yield returns:{"Controller#0.Resume":"DISABLED"} roles:[map[fields:map[attempts:3 current:1 fault:false generation:0 inspected:false phase:terminal proof:0 repair:0 repeats:2 reports: review:0 saved:2 status:BLOCKED] name:Controller params:map[] ref:0 ref_string:Controller#0]] state:map[controller:role Controller#0] stats:map[counts:map[Controller#0.Restart:1 Controller#0.Resume:3 Controller#0.Start:1] totalActions:5] threads:[] witness:[[false false false false]]]
. Expected DISABLED
. Actual [str_value:"DISABLED"], len:1
    Action Link: Controller#0.Overlap
    Found matching Source Link: src:39 dest:40 name:"Controller#0.Overlap" weight:0.125 type:"action" 10:"\n\x14Controller#0.Overlap\x12\n\"DISABLED\""
  End of Request 42, current nodeId: 40, node: map[channel_messages:map[] channels:map[] current:0 failedInvariants:<nil> name:yield returns:{"Controller#0.Overlap":"DISABLED"} roles:[map[fields:map[attempts:3 current:1 fault:false generation:0 inspected:false phase:terminal proof:0 repair:0 repeats:2 reports: review:0 saved:2 status:BLOCKED] name:Controller params:map[] ref:0 ref_string:Controller#0]] state:map[controller:role Controller#0] stats:map[counts:map[Controller#0.Overlap:1 Controller#0.Restart:1 Controller#0.Resume:2 Controller#0.Start:1] totalActions:5] threads:[] witness:[[false false false false]]]
. Expected DISABLED
. Actual [str_value:"DISABLED"], len:1
    Action Link: Controller#0.Start
    Found matching Source Link: src:40 dest:33 name:"Controller#0.Start" weight:0.125 type:"action" 10:"\n\x12Controller#0.Start\x12\n\"DISABLED\""
  End of Request 43, current nodeId: 33, node: map[channel_messages:map[] channels:map[] current:0 failedInvariants:<nil> name:yield returns:{"Controller#0.Start":"DISABLED"} roles:[map[fields:map[attempts:3 current:1 fault:false generation:0 inspected:false phase:terminal proof:0 repair:0 repeats:2 reports: review:0 saved:2 status:BLOCKED] name:Controller params:map[] ref:0 ref_string:Controller#0]] state:map[controller:role Controller#0] stats:map[counts:map[Controller#0.Restart:1 Controller#0.Resume:2 Controller#0.Start:2] totalActions:5] threads:[] witness:[[false false false false]]]
. Expected DISABLED
. Actual [str_value:"DISABLED"], len:1
    Action Link: Controller#0.Proof
    Found matching Source Link: src:33 dest:35 name:"Controller#0.Proof" weight:0.125 type:"action" 10:"\n\x12Controller#0.Proof\x12\n\"DISABLED\""
  End of Request 44, current nodeId: 35, node: map[channel_messages:map[] channels:map[] current:0 failedInvariants:<nil> name:yield returns:{"Controller#0.Proof":"DISABLED"} roles:[map[fields:map[attempts:3 current:1 fault:false generation:0 inspected:false phase:terminal proof:0 repair:0 repeats:2 reports: review:0 saved:2 status:BLOCKED] name:Controller params:map[] ref:0 ref_string:Controller#0]] state:map[controller:role Controller#0] stats:map[counts:map[Controller#0.Proof:1 Controller#0.Restart:1 Controller#0.Resume:2 Controller#0.Start:1] totalActions:5] threads:[] witness:[[false false false false]]]
. Expected DISABLED
. Actual [str_value:"DISABLED"], len:1
    Action Link: Controller#0.Review
    Found matching Source Link: src:35 dest:34 name:"Controller#0.Review" weight:0.125 type:"action" 10:"\n\x13Controller#0.Review\x12\n\"DISABLED\""
  End of Request 45, current nodeId: 34, node: map[channel_messages:map[] channels:map[] current:0 failedInvariants:<nil> name:yield returns:{"Controller#0.Review":"DISABLED"} roles:[map[fields:map[attempts:3 current:1 fault:false generation:0 inspected:false phase:terminal proof:0 repair:0 repeats:2 reports: review:0 saved:2 status:BLOCKED] name:Controller params:map[] ref:0 ref_string:Controller#0]] state:map[controller:role Controller#0] stats:map[counts:map[Controller#0.Restart:1 Controller#0.Resume:2 Controller#0.Review:1 Controller#0.Start:1] totalActions:5] threads:[] witness:[[false false false false]]]
. Expected DISABLED
. Actual [str_value:"DISABLED"], len:1
    Action Link: Controller#0.Start
    Found matching Source Link: src:34 dest:33 name:"Controller#0.Start" weight:0.125 type:"action" 10:"\n\x12Controller#0.Start\x12\n\"DISABLED\""
  End of Request 46, current nodeId: 33, node: map[channel_messages:map[] channels:map[] current:0 failedInvariants:<nil> name:yield returns:{"Controller#0.Start":"DISABLED"} roles:[map[fields:map[attempts:3 current:1 fault:false generation:0 inspected:false phase:terminal proof:0 repair:0 repeats:2 reports: review:0 saved:2 status:BLOCKED] name:Controller params:map[] ref:0 ref_string:Controller#0]] state:map[controller:role Controller#0] stats:map[counts:map[Controller#0.Restart:1 Controller#0.Resume:2 Controller#0.Start:2] totalActions:5] threads:[] witness:[[false false false false]]]
. Expected DISABLED
. Actual [str_value:"DISABLED"], len:1
    Action Link: Controller#0.Start
    Found matching Source Link: src:33 dest:33 name:"Controller#0.Start" weight:0.125 type:"action" 10:"\n\x12Controller#0.Start\x12\n\"DISABLED\""
  End of Request 47, current nodeId: 33, node: map[channel_messages:map[] channels:map[] current:0 failedInvariants:<nil> name:yield returns:{"Controller#0.Start":"DISABLED"} roles:[map[fields:map[attempts:3 current:1 fault:false generation:0 inspected:false phase:terminal proof:0 repair:0 repeats:2 reports: review:0 saved:2 status:BLOCKED] name:Controller params:map[] ref:0 ref_string:Controller#0]] state:map[controller:role Controller#0] stats:map[counts:map[Controller#0.Restart:1 Controller#0.Resume:2 Controller#0.Start:2] totalActions:5] threads:[] witness:[[false false false false]]]
. Expected DISABLED
. Actual [str_value:"DISABLED"], len:1
    Action Link: Controller#0.Restart
    Found matching Source Link: src:33 dest:37 name:"Controller#0.Restart" weight:0.125 type:"action" 10:"\n\x14Controller#0.Restart\x12\n\"DISABLED\""
  End of Request 48, current nodeId: 37, node: map[channel_messages:map[] channels:map[] current:0 failedInvariants:<nil> name:yield returns:{"Controller#0.Restart":"DISABLED"} roles:[map[fields:map[attempts:3 current:1 fault:false generation:0 inspected:false phase:terminal proof:0 repair:0 repeats:2 reports: review:0 saved:2 status:BLOCKED] name:Controller params:map[] ref:0 ref_string:Controller#0]] state:map[controller:role Controller#0] stats:map[counts:map[Controller#0.Restart:2 Controller#0.Resume:2 Controller#0.Start:1] totalActions:5] threads:[] witness:[[false false false false]]]
. Expected DISABLED
. Actual [str_value:"DISABLED"], len:1
    Action Link: Controller#0.Corrupt
    Found matching Source Link: src:37 dest:36 name:"Controller#0.Corrupt" weight:0.125 type:"action" 10:"\n\x14Controller#0.Corrupt\x12\n\"DISABLED\""
  End of Request 49, current nodeId: 36, node: map[channel_messages:map[] channels:map[] current:0 failedInvariants:<nil> name:yield returns:{"Controller#0.Corrupt":"DISABLED"} roles:[map[fields:map[attempts:3 current:1 fault:false generation:0 inspected:false phase:terminal proof:0 repair:0 repeats:2 reports: review:0 saved:2 status:BLOCKED] name:Controller params:map[] ref:0 ref_string:Controller#0]] state:map[controller:role Controller#0] stats:map[counts:map[Controller#0.Corrupt:1 Controller#0.Restart:1 Controller#0.Resume:2 Controller#0.Start:1] totalActions:5] threads:[] witness:[[false false false false]]]
. Expected DISABLED
. Actual [str_value:"DISABLED"], len:1
    Action Link: Controller#0.Review
    Found matching Source Link: src:36 dest:34 name:"Controller#0.Review" weight:0.125 type:"action" 10:"\n\x13Controller#0.Review\x12\n\"DISABLED\""
  End of Request 50, current nodeId: 34, node: map[channel_messages:map[] channels:map[] current:0 failedInvariants:<nil> name:yield returns:{"Controller#0.Review":"DISABLED"} roles:[map[fields:map[attempts:3 current:1 fault:false generation:0 inspected:false phase:terminal proof:0 repair:0 repeats:2 reports: review:0 saved:2 status:BLOCKED] name:Controller params:map[] ref:0 ref_string:Controller#0]] state:map[controller:role Controller#0] stats:map[counts:map[Controller#0.Restart:1 Controller#0.Resume:2 Controller#0.Review:1 Controller#0.Start:1] totalActions:5] threads:[] witness:[[false false false false]]]
. Expected DISABLED
. Actual [str_value:"DISABLED"], len:1
    Action Link: Controller#0.Corrupt
    Found matching Source Link: src:34 dest:36 name:"Controller#0.Corrupt" weight:0.125 type:"action" 10:"\n\x14Controller#0.Corrupt\x12\n\"DISABLED\""
  End of Request 51, current nodeId: 36, node: map[channel_messages:map[] channels:map[] current:0 failedInvariants:<nil> name:yield returns:{"Controller#0.Corrupt":"DISABLED"} roles:[map[fields:map[attempts:3 current:1 fault:false generation:0 inspected:false phase:terminal proof:0 repair:0 repeats:2 reports: review:0 saved:2 status:BLOCKED] name:Controller params:map[] ref:0 ref_string:Controller#0]] state:map[controller:role Controller#0] stats:map[counts:map[Controller#0.Corrupt:1 Controller#0.Restart:1 Controller#0.Resume:2 Controller#0.Start:1] totalActions:5] threads:[] witness:[[false false false false]]]
. Expected DISABLED
. Actual [str_value:"DISABLED"], len:1
    Action Link: Controller#0.Review
    Found matching Source Link: src:36 dest:34 name:"Controller#0.Review" weight:0.125 type:"action" 10:"\n\x13Controller#0.Review\x12\n\"DISABLED\""
  End of Request 52, current nodeId: 34, node: map[channel_messages:map[] channels:map[] current:0 failedInvariants:<nil> name:yield returns:{"Controller#0.Review":"DISABLED"} roles:[map[fields:map[attempts:3 current:1 fault:false generation:0 inspected:false phase:terminal proof:0 repair:0 repeats:2 reports: review:0 saved:2 status:BLOCKED] name:Controller params:map[] ref:0 ref_string:Controller#0]] state:map[controller:role Controller#0] stats:map[counts:map[Controller#0.Restart:1 Controller#0.Resume:2 Controller#0.Review:1 Controller#0.Start:1] totalActions:5] threads:[] witness:[[false false false false]]]
. Expected DISABLED
. Actual [str_value:"DISABLED"], len:1
    Action Link: Controller#0.Review
    Found matching Source Link: src:34 dest:34 name:"Controller#0.Review" weight:0.125 type:"action" 10:"\n\x13Controller#0.Review\x12\n\"DISABLED\""
  End of Request 53, current nodeId: 34, node: map[channel_messages:map[] channels:map[] current:0 failedInvariants:<nil> name:yield returns:{"Controller#0.Review":"DISABLED"} roles:[map[fields:map[attempts:3 current:1 fault:false generation:0 inspected:false phase:terminal proof:0 repair:0 repeats:2 reports: review:0 saved:2 status:BLOCKED] name:Controller params:map[] ref:0 ref_string:Controller#0]] state:map[controller:role Controller#0] stats:map[counts:map[Controller#0.Restart:1 Controller#0.Resume:2 Controller#0.Review:1 Controller#0.Start:1] totalActions:5] threads:[] witness:[[false false false false]]]
. Expected DISABLED
. Actual [str_value:"DISABLED"], len:1
    Action Link: Controller#0.Corrupt
    Found matching Source Link: src:34 dest:36 name:"Controller#0.Corrupt" weight:0.125 type:"action" 10:"\n\x14Controller#0.Corrupt\x12\n\"DISABLED\""
  End of Request 54, current nodeId: 36, node: map[channel_messages:map[] channels:map[] current:0 failedInvariants:<nil> name:yield returns:{"Controller#0.Corrupt":"DISABLED"} roles:[map[fields:map[attempts:3 current:1 fault:false generation:0 inspected:false phase:terminal proof:0 repair:0 repeats:2 reports: review:0 saved:2 status:BLOCKED] name:Controller params:map[] ref:0 ref_string:Controller#0]] state:map[controller:role Controller#0] stats:map[counts:map[Controller#0.Corrupt:1 Controller#0.Restart:1 Controller#0.Resume:2 Controller#0.Start:1] totalActions:5] threads:[] witness:[[false false false false]]]
. Expected DISABLED
. Actual [str_value:"DISABLED"], len:1
    Action Link: Controller#0.Corrupt
    Found matching Source Link: src:36 dest:36 name:"Controller#0.Corrupt" weight:0.125 type:"action" 10:"\n\x14Controller#0.Corrupt\x12\n\"DISABLED\""
  End of Request 55, current nodeId: 36, node: map[channel_messages:map[] channels:map[] current:0 failedInvariants:<nil> name:yield returns:{"Controller#0.Corrupt":"DISABLED"} roles:[map[fields:map[attempts:3 current:1 fault:false generation:0 inspected:false phase:terminal proof:0 repair:0 repeats:2 reports: review:0 saved:2 status:BLOCKED] name:Controller params:map[] ref:0 ref_string:Controller#0]] state:map[controller:role Controller#0] stats:map[counts:map[Controller#0.Corrupt:1 Controller#0.Restart:1 Controller#0.Resume:2 Controller#0.Start:1] totalActions:5] threads:[] witness:[[false false false false]]]
. Expected DISABLED
. Actual [str_value:"DISABLED"], len:1
    Action Link: Controller#0.Start
    Found matching Source Link: src:36 dest:33 name:"Controller#0.Start" weight:0.125 type:"action" 10:"\n\x12Controller#0.Start\x12\n\"DISABLED\""
  End of Request 56, current nodeId: 33, node: map[channel_messages:map[] channels:map[] current:0 failedInvariants:<nil> name:yield returns:{"Controller#0.Start":"DISABLED"} roles:[map[fields:map[attempts:3 current:1 fault:false generation:0 inspected:false phase:terminal proof:0 repair:0 repeats:2 reports: review:0 saved:2 status:BLOCKED] name:Controller params:map[] ref:0 ref_string:Controller#0]] state:map[controller:role Controller#0] stats:map[counts:map[Controller#0.Restart:1 Controller#0.Resume:2 Controller#0.Start:2] totalActions:5] threads:[] witness:[[false false false false]]]
. Expected DISABLED
. Actual [str_value:"DISABLED"], len:1
    Action Link: Controller#0.Proof
    Found matching Source Link: src:33 dest:35 name:"Controller#0.Proof" weight:0.125 type:"action" 10:"\n\x12Controller#0.Proof\x12\n\"DISABLED\""
  End of Request 57, current nodeId: 35, node: map[channel_messages:map[] channels:map[] current:0 failedInvariants:<nil> name:yield returns:{"Controller#0.Proof":"DISABLED"} roles:[map[fields:map[attempts:3 current:1 fault:false generation:0 inspected:false phase:terminal proof:0 repair:0 repeats:2 reports: review:0 saved:2 status:BLOCKED] name:Controller params:map[] ref:0 ref_string:Controller#0]] state:map[controller:role Controller#0] stats:map[counts:map[Controller#0.Proof:1 Controller#0.Restart:1 Controller#0.Resume:2 Controller#0.Start:1] totalActions:5] threads:[] witness:[[false false false false]]]
. Expected DISABLED
. Actual [str_value:"DISABLED"], len:1
    Action Link: Controller#0.Inspect
    Found matching Source Link: src:35 dest:38 name:"Controller#0.Inspect" weight:0.125 type:"action" 10:"\n\x14Controller#0.Inspect\x12\n\"DISABLED\""
  End of Request 58, current nodeId: 38, node: map[channel_messages:map[] channels:map[] current:0 failedInvariants:<nil> name:yield returns:{"Controller#0.Inspect":"DISABLED"} roles:[map[fields:map[attempts:3 current:1 fault:false generation:0 inspected:false phase:terminal proof:0 repair:0 repeats:2 reports: review:0 saved:2 status:BLOCKED] name:Controller params:map[] ref:0 ref_string:Controller#0]] state:map[controller:role Controller#0] stats:map[counts:map[Controller#0.Inspect:1 Controller#0.Restart:1 Controller#0.Resume:2 Controller#0.Start:1] totalActions:5] threads:[] witness:[[false false false false]]]
. Expected DISABLED
. Actual [str_value:"DISABLED"], len:1
    Action Link: Controller#0.Inspect
    Found matching Source Link: src:38 dest:38 name:"Controller#0.Inspect" weight:0.125 type:"action" 10:"\n\x14Controller#0.Inspect\x12\n\"DISABLED\""
  End of Request 59, current nodeId: 38, node: map[channel_messages:map[] channels:map[] current:0 failedInvariants:<nil> name:yield returns:{"Controller#0.Inspect":"DISABLED"} roles:[map[fields:map[attempts:3 current:1 fault:false generation:0 inspected:false phase:terminal proof:0 repair:0 repeats:2 reports: review:0 saved:2 status:BLOCKED] name:Controller params:map[] ref:0 ref_string:Controller#0]] state:map[controller:role Controller#0] stats:map[counts:map[Controller#0.Inspect:1 Controller#0.Restart:1 Controller#0.Resume:2 Controller#0.Start:1] totalActions:5] threads:[] witness:[[false false false false]]]
. Expected DISABLED
. Actual [str_value:"DISABLED"], len:1
    Action Link: Controller#0.Inspect
    Found matching Source Link: src:38 dest:38 name:"Controller#0.Inspect" weight:0.125 type:"action" 10:"\n\x14Controller#0.Inspect\x12\n\"DISABLED\""
  End of Request 60, current nodeId: 38, node: map[channel_messages:map[] channels:map[] current:0 failedInvariants:<nil> name:yield returns:{"Controller#0.Inspect":"DISABLED"} roles:[map[fields:map[attempts:3 current:1 fault:false generation:0 inspected:false phase:terminal proof:0 repair:0 repeats:2 reports: review:0 saved:2 status:BLOCKED] name:Controller params:map[] ref:0 ref_string:Controller#0]] state:map[controller:role Controller#0] stats:map[counts:map[Controller#0.Inspect:1 Controller#0.Restart:1 Controller#0.Resume:2 Controller#0.Start:1] totalActions:5] threads:[] witness:[[false false false false]]]
. Expected DISABLED
. Actual [str_value:"DISABLED"], len:1
    Action Link: Controller#0.Review
    Found matching Source Link: src:38 dest:34 name:"Controller#0.Review" weight:0.125 type:"action" 10:"\n\x13Controller#0.Review\x12\n\"DISABLED\""
  End of Request 61, current nodeId: 34, node: map[channel_messages:map[] channels:map[] current:0 failedInvariants:<nil> name:yield returns:{"Controller#0.Review":"DISABLED"} roles:[map[fields:map[attempts:3 current:1 fault:false generation:0 inspected:false phase:terminal proof:0 repair:0 repeats:2 reports: review:0 saved:2 status:BLOCKED] name:Controller params:map[] ref:0 ref_string:Controller#0]] state:map[controller:role Controller#0] stats:map[counts:map[Controller#0.Restart:1 Controller#0.Resume:2 Controller#0.Review:1 Controller#0.Start:1] totalActions:5] threads:[] witness:[[false false false false]]]
. Expected DISABLED
. Actual [str_value:"DISABLED"], len:1
    Action Link: Controller#0.Start
    Found matching Source Link: src:34 dest:33 name:"Controller#0.Start" weight:0.125 type:"action" 10:"\n\x12Controller#0.Start\x12\n\"DISABLED\""
  End of Request 62, current nodeId: 33, node: map[channel_messages:map[] channels:map[] current:0 failedInvariants:<nil> name:yield returns:{"Controller#0.Start":"DISABLED"} roles:[map[fields:map[attempts:3 current:1 fault:false generation:0 inspected:false phase:terminal proof:0 repair:0 repeats:2 reports: review:0 saved:2 status:BLOCKED] name:Controller params:map[] ref:0 ref_string:Controller#0]] state:map[controller:role Controller#0] stats:map[counts:map[Controller#0.Restart:1 Controller#0.Resume:2 Controller#0.Start:2] totalActions:5] threads:[] witness:[[false false false false]]]
. Expected DISABLED
. Actual [str_value:"DISABLED"], len:1
    Action Link: Controller#0.Resume
    Found matching Source Link: src:33 dest:39 name:"Controller#0.Resume" weight:0.125 type:"action" 10:"\n\x13Controller#0.Resume\x12\n\"DISABLED\""
  End of Request 63, current nodeId: 39, node: map[channel_messages:map[] channels:map[] current:0 failedInvariants:<nil> name:yield returns:{"Controller#0.Resume":"DISABLED"} roles:[map[fields:map[attempts:3 current:1 fault:false generation:0 inspected:false phase:terminal proof:0 repair:0 repeats:2 reports: review:0 saved:2 status:BLOCKED] name:Controller params:map[] ref:0 ref_string:Controller#0]] state:map[controller:role Controller#0] stats:map[counts:map[Controller#0.Restart:1 Controller#0.Resume:3 Controller#0.Start:1] totalActions:5] threads:[] witness:[[false false false false]]]
. Expected DISABLED
. Actual [str_value:"DISABLED"], len:1
    Action Link: Controller#0.Proof
    Found matching Source Link: src:39 dest:35 name:"Controller#0.Proof" weight:0.125 type:"action" 10:"\n\x12Controller#0.Proof\x12\n\"DISABLED\""
  End of Request 64, current nodeId: 35, node: map[channel_messages:map[] channels:map[] current:0 failedInvariants:<nil> name:yield returns:{"Controller#0.Proof":"DISABLED"} roles:[map[fields:map[attempts:3 current:1 fault:false generation:0 inspected:false phase:terminal proof:0 repair:0 repeats:2 reports: review:0 saved:2 status:BLOCKED] name:Controller params:map[] ref:0 ref_string:Controller#0]] state:map[controller:role Controller#0] stats:map[counts:map[Controller#0.Proof:1 Controller#0.Restart:1 Controller#0.Resume:2 Controller#0.Start:1] totalActions:5] threads:[] witness:[[false false false false]]]
. Expected DISABLED
. Actual [str_value:"DISABLED"], len:1
    Action Link: Controller#0.Overlap
    Found matching Source Link: src:35 dest:40 name:"Controller#0.Overlap" weight:0.125 type:"action" 10:"\n\x14Controller#0.Overlap\x12\n\"DISABLED\""
  End of Request 65, current nodeId: 40, node: map[channel_messages:map[] channels:map[] current:0 failedInvariants:<nil> name:yield returns:{"Controller#0.Overlap":"DISABLED"} roles:[map[fields:map[attempts:3 current:1 fault:false generation:0 inspected:false phase:terminal proof:0 repair:0 repeats:2 reports: review:0 saved:2 status:BLOCKED] name:Controller params:map[] ref:0 ref_string:Controller#0]] state:map[controller:role Controller#0] stats:map[counts:map[Controller#0.Overlap:1 Controller#0.Restart:1 Controller#0.Resume:2 Controller#0.Start:1] totalActions:5] threads:[] witness:[[false false false false]]]
. Expected DISABLED
. Actual [str_value:"DISABLED"], len:1
    Action Link: Controller#0.Review
    Found matching Source Link: src:40 dest:34 name:"Controller#0.Review" weight:0.125 type:"action" 10:"\n\x13Controller#0.Review\x12\n\"DISABLED\""
  End of Request 66, current nodeId: 34, node: map[channel_messages:map[] channels:map[] current:0 failedInvariants:<nil> name:yield returns:{"Controller#0.Review":"DISABLED"} roles:[map[fields:map[attempts:3 current:1 fault:false generation:0 inspected:false phase:terminal proof:0 repair:0 repeats:2 reports: review:0 saved:2 status:BLOCKED] name:Controller params:map[] ref:0 ref_string:Controller#0]] state:map[controller:role Controller#0] stats:map[counts:map[Controller#0.Restart:1 Controller#0.Resume:2 Controller#0.Review:1 Controller#0.Start:1] totalActions:5] threads:[] witness:[[false false false false]]]
. Expected DISABLED
. Actual [str_value:"DISABLED"], len:1
    Action Link: Controller#0.Review
    Found matching Source Link: src:34 dest:34 name:"Controller#0.Review" weight:0.125 type:"action" 10:"\n\x13Controller#0.Review\x12\n\"DISABLED\""
  End of Request 67, current nodeId: 34, node: map[channel_messages:map[] channels:map[] current:0 failedInvariants:<nil> name:yield returns:{"Controller#0.Review":"DISABLED"} roles:[map[fields:map[attempts:3 current:1 fault:false generation:0 inspected:false phase:terminal proof:0 repair:0 repeats:2 reports: review:0 saved:2 status:BLOCKED] name:Controller params:map[] ref:0 ref_string:Controller#0]] state:map[controller:role Controller#0] stats:map[counts:map[Controller#0.Restart:1 Controller#0.Resume:2 Controller#0.Review:1 Controller#0.Start:1] totalActions:5] threads:[] witness:[[false false false false]]]
. Expected DISABLED
. Actual [str_value:"DISABLED"], len:1
    Action Link: Controller#0.Proof
    Found matching Source Link: src:34 dest:35 name:"Controller#0.Proof" weight:0.125 type:"action" 10:"\n\x12Controller#0.Proof\x12\n\"DISABLED\""
  End of Request 68, current nodeId: 35, node: map[channel_messages:map[] channels:map[] current:0 failedInvariants:<nil> name:yield returns:{"Controller#0.Proof":"DISABLED"} roles:[map[fields:map[attempts:3 current:1 fault:false generation:0 inspected:false phase:terminal proof:0 repair:0 repeats:2 reports: review:0 saved:2 status:BLOCKED] name:Controller params:map[] ref:0 ref_string:Controller#0]] state:map[controller:role Controller#0] stats:map[counts:map[Controller#0.Proof:1 Controller#0.Restart:1 Controller#0.Resume:2 Controller#0.Start:1] totalActions:5] threads:[] witness:[[false false false false]]]
. Expected DISABLED
. Actual [str_value:"DISABLED"], len:1
    Action Link: Controller#0.Proof
    Found matching Source Link: src:35 dest:35 name:"Controller#0.Proof" weight:0.125 type:"action" 10:"\n\x12Controller#0.Proof\x12\n\"DISABLED\""
  End of Request 69, current nodeId: 35, node: map[channel_messages:map[] channels:map[] current:0 failedInvariants:<nil> name:yield returns:{"Controller#0.Proof":"DISABLED"} roles:[map[fields:map[attempts:3 current:1 fault:false generation:0 inspected:false phase:terminal proof:0 repair:0 repeats:2 reports: review:0 saved:2 status:BLOCKED] name:Controller params:map[] ref:0 ref_string:Controller#0]] state:map[controller:role Controller#0] stats:map[counts:map[Controller#0.Proof:1 Controller#0.Restart:1 Controller#0.Resume:2 Controller#0.Start:1] totalActions:5] threads:[] witness:[[false false false false]]]
. Expected DISABLED
. Actual [str_value:"DISABLED"], len:1
    Action Link: Controller#0.Inspect
    Found matching Source Link: src:35 dest:38 name:"Controller#0.Inspect" weight:0.125 type:"action" 10:"\n\x14Controller#0.Inspect\x12\n\"DISABLED\""
  End of Request 70, current nodeId: 38, node: map[channel_messages:map[] channels:map[] current:0 failedInvariants:<nil> name:yield returns:{"Controller#0.Inspect":"DISABLED"} roles:[map[fields:map[attempts:3 current:1 fault:false generation:0 inspected:false phase:terminal proof:0 repair:0 repeats:2 reports: review:0 saved:2 status:BLOCKED] name:Controller params:map[] ref:0 ref_string:Controller#0]] state:map[controller:role Controller#0] stats:map[counts:map[Controller#0.Inspect:1 Controller#0.Restart:1 Controller#0.Resume:2 Controller#0.Start:1] totalActions:5] threads:[] witness:[[false false false false]]]
. Expected DISABLED
. Actual [str_value:"DISABLED"], len:1
    Action Link: Controller#0.Start
    Found matching Source Link: src:38 dest:33 name:"Controller#0.Start" weight:0.125 type:"action" 10:"\n\x12Controller#0.Start\x12\n\"DISABLED\""
  End of Request 71, current nodeId: 33, node: map[channel_messages:map[] channels:map[] current:0 failedInvariants:<nil> name:yield returns:{"Controller#0.Start":"DISABLED"} roles:[map[fields:map[attempts:3 current:1 fault:false generation:0 inspected:false phase:terminal proof:0 repair:0 repeats:2 reports: review:0 saved:2 status:BLOCKED] name:Controller params:map[] ref:0 ref_string:Controller#0]] state:map[controller:role Controller#0] stats:map[counts:map[Controller#0.Restart:1 Controller#0.Resume:2 Controller#0.Start:2] totalActions:5] threads:[] witness:[[false false false false]]]
. Expected DISABLED
. Actual [str_value:"DISABLED"], len:1
    Action Link: Controller#0.Proof
    Found matching Source Link: src:33 dest:35 name:"Controller#0.Proof" weight:0.125 type:"action" 10:"\n\x12Controller#0.Proof\x12\n\"DISABLED\""
  End of Request 72, current nodeId: 35, node: map[channel_messages:map[] channels:map[] current:0 failedInvariants:<nil> name:yield returns:{"Controller#0.Proof":"DISABLED"} roles:[map[fields:map[attempts:3 current:1 fault:false generation:0 inspected:false phase:terminal proof:0 repair:0 repeats:2 reports: review:0 saved:2 status:BLOCKED] name:Controller params:map[] ref:0 ref_string:Controller#0]] state:map[controller:role Controller#0] stats:map[counts:map[Controller#0.Proof:1 Controller#0.Restart:1 Controller#0.Resume:2 Controller#0.Start:1] totalActions:5] threads:[] witness:[[false false false false]]]
. Expected DISABLED
. Actual [str_value:"DISABLED"], len:1
    Action Link: Controller#0.Overlap
    Found matching Source Link: src:35 dest:40 name:"Controller#0.Overlap" weight:0.125 type:"action" 10:"\n\x14Controller#0.Overlap\x12\n\"DISABLED\""
  End of Request 73, current nodeId: 40, node: map[channel_messages:map[] channels:map[] current:0 failedInvariants:<nil> name:yield returns:{"Controller#0.Overlap":"DISABLED"} roles:[map[fields:map[attempts:3 current:1 fault:false generation:0 inspected:false phase:terminal proof:0 repair:0 repeats:2 reports: review:0 saved:2 status:BLOCKED] name:Controller params:map[] ref:0 ref_string:Controller#0]] state:map[controller:role Controller#0] stats:map[counts:map[Controller#0.Overlap:1 Controller#0.Restart:1 Controller#0.Resume:2 Controller#0.Start:1] totalActions:5] threads:[] witness:[[false false false false]]]
. Expected DISABLED
. Actual [str_value:"DISABLED"], len:1
    Action Link: Controller#0.Overlap
    Found matching Source Link: src:40 dest:40 name:"Controller#0.Overlap" weight:0.125 type:"action" 10:"\n\x14Controller#0.Overlap\x12\n\"DISABLED\""
  End of Request 74, current nodeId: 40, node: map[channel_messages:map[] channels:map[] current:0 failedInvariants:<nil> name:yield returns:{"Controller#0.Overlap":"DISABLED"} roles:[map[fields:map[attempts:3 current:1 fault:false generation:0 inspected:false phase:terminal proof:0 repair:0 repeats:2 reports: review:0 saved:2 status:BLOCKED] name:Controller params:map[] ref:0 ref_string:Controller#0]] state:map[controller:role Controller#0] stats:map[counts:map[Controller#0.Overlap:1 Controller#0.Restart:1 Controller#0.Resume:2 Controller#0.Start:1] totalActions:5] threads:[] witness:[[false false false false]]]
. Expected DISABLED
. Actual [str_value:"DISABLED"], len:1
    Action Link: Controller#0.Resume
    Found matching Source Link: src:40 dest:39 name:"Controller#0.Resume" weight:0.125 type:"action" 10:"\n\x13Controller#0.Resume\x12\n\"DISABLED\""
  End of Request 75, current nodeId: 39, node: map[channel_messages:map[] channels:map[] current:0 failedInvariants:<nil> name:yield returns:{"Controller#0.Resume":"DISABLED"} roles:[map[fields:map[attempts:3 current:1 fault:false generation:0 inspected:false phase:terminal proof:0 repair:0 repeats:2 reports: review:0 saved:2 status:BLOCKED] name:Controller params:map[] ref:0 ref_string:Controller#0]] state:map[controller:role Controller#0] stats:map[counts:map[Controller#0.Restart:1 Controller#0.Resume:3 Controller#0.Start:1] totalActions:5] threads:[] witness:[[false false false false]]]
. Expected DISABLED
. Actual [str_value:"DISABLED"], len:1
    Action Link: Controller#0.Proof
    Found matching Source Link: src:39 dest:35 name:"Controller#0.Proof" weight:0.125 type:"action" 10:"\n\x12Controller#0.Proof\x12\n\"DISABLED\""
  End of Request 76, current nodeId: 35, node: map[channel_messages:map[] channels:map[] current:0 failedInvariants:<nil> name:yield returns:{"Controller#0.Proof":"DISABLED"} roles:[map[fields:map[attempts:3 current:1 fault:false generation:0 inspected:false phase:terminal proof:0 repair:0 repeats:2 reports: review:0 saved:2 status:BLOCKED] name:Controller params:map[] ref:0 ref_string:Controller#0]] state:map[controller:role Controller#0] stats:map[counts:map[Controller#0.Proof:1 Controller#0.Restart:1 Controller#0.Resume:2 Controller#0.Start:1] totalActions:5] threads:[] witness:[[false false false false]]]
. Expected DISABLED
. Actual [str_value:"DISABLED"], len:1
    Action Link: Controller#0.Start
    Found matching Source Link: src:35 dest:33 name:"Controller#0.Start" weight:0.125 type:"action" 10:"\n\x12Controller#0.Start\x12\n\"DISABLED\""
  End of Request 77, current nodeId: 33, node: map[channel_messages:map[] channels:map[] current:0 failedInvariants:<nil> name:yield returns:{"Controller#0.Start":"DISABLED"} roles:[map[fields:map[attempts:3 current:1 fault:false generation:0 inspected:false phase:terminal proof:0 repair:0 repeats:2 reports: review:0 saved:2 status:BLOCKED] name:Controller params:map[] ref:0 ref_string:Controller#0]] state:map[controller:role Controller#0] stats:map[counts:map[Controller#0.Restart:1 Controller#0.Resume:2 Controller#0.Start:2] totalActions:5] threads:[] witness:[[false false false false]]]
. Expected DISABLED
. Actual [str_value:"DISABLED"], len:1
    Action Link: Controller#0.Overlap
    Found matching Source Link: src:33 dest:40 name:"Controller#0.Overlap" weight:0.125 type:"action" 10:"\n\x14Controller#0.Overlap\x12\n\"DISABLED\""
  End of Request 78, current nodeId: 40, node: map[channel_messages:map[] channels:map[] current:0 failedInvariants:<nil> name:yield returns:{"Controller#0.Overlap":"DISABLED"} roles:[map[fields:map[attempts:3 current:1 fault:false generation:0 inspected:false phase:terminal proof:0 repair:0 repeats:2 reports: review:0 saved:2 status:BLOCKED] name:Controller params:map[] ref:0 ref_string:Controller#0]] state:map[controller:role Controller#0] stats:map[counts:map[Controller#0.Overlap:1 Controller#0.Restart:1 Controller#0.Resume:2 Controller#0.Start:1] totalActions:5] threads:[] witness:[[false false false false]]]
. Expected DISABLED
. Actual [str_value:"DISABLED"], len:1
    Action Link: Controller#0.Start
    Found matching Source Link: src:40 dest:33 name:"Controller#0.Start" weight:0.125 type:"action" 10:"\n\x12Controller#0.Start\x12\n\"DISABLED\""
  End of Request 79, current nodeId: 33, node: map[channel_messages:map[] channels:map[] current:0 failedInvariants:<nil> name:yield returns:{"Controller#0.Start":"DISABLED"} roles:[map[fields:map[attempts:3 current:1 fault:false generation:0 inspected:false phase:terminal proof:0 repair:0 repeats:2 reports: review:0 saved:2 status:BLOCKED] name:Controller params:map[] ref:0 ref_string:Controller#0]] state:map[controller:role Controller#0] stats:map[counts:map[Controller#0.Restart:1 Controller#0.Resume:2 Controller#0.Start:2] totalActions:5] threads:[] witness:[[false false false false]]]
. Expected DISABLED
. Actual [str_value:"DISABLED"], len:1
    Action Link: Controller#0.Corrupt
    Found matching Source Link: src:33 dest:36 name:"Controller#0.Corrupt" weight:0.125 type:"action" 10:"\n\x14Controller#0.Corrupt\x12\n\"DISABLED\""
  End of Request 80, current nodeId: 36, node: map[channel_messages:map[] channels:map[] current:0 failedInvariants:<nil> name:yield returns:{"Controller#0.Corrupt":"DISABLED"} roles:[map[fields:map[attempts:3 current:1 fault:false generation:0 inspected:false phase:terminal proof:0 repair:0 repeats:2 reports: review:0 saved:2 status:BLOCKED] name:Controller params:map[] ref:0 ref_string:Controller#0]] state:map[controller:role Controller#0] stats:map[counts:map[Controller#0.Corrupt:1 Controller#0.Restart:1 Controller#0.Resume:2 Controller#0.Start:1] totalActions:5] threads:[] witness:[[false false false false]]]
. Expected DISABLED
. Actual [str_value:"DISABLED"], len:1
    Action Link: Controller#0.Corrupt
    Found matching Source Link: src:36 dest:36 name:"Controller#0.Corrupt" weight:0.125 type:"action" 10:"\n\x14Controller#0.Corrupt\x12\n\"DISABLED\""
  End of Request 81, current nodeId: 36, node: map[channel_messages:map[] channels:map[] current:0 failedInvariants:<nil> name:yield returns:{"Controller#0.Corrupt":"DISABLED"} roles:[map[fields:map[attempts:3 current:1 fault:false generation:0 inspected:false phase:terminal proof:0 repair:0 repeats:2 reports: review:0 saved:2 status:BLOCKED] name:Controller params:map[] ref:0 ref_string:Controller#0]] state:map[controller:role Controller#0] stats:map[counts:map[Controller#0.Corrupt:1 Controller#0.Restart:1 Controller#0.Resume:2 Controller#0.Start:1] totalActions:5] threads:[] witness:[[false false false false]]]
. Expected DISABLED
. Actual [str_value:"DISABLED"], len:1
    Action Link: Controller#0.Inspect
    Found matching Source Link: src:36 dest:38 name:"Controller#0.Inspect" weight:0.125 type:"action" 10:"\n\x14Controller#0.Inspect\x12\n\"DISABLED\""
  End of Request 82, current nodeId: 38, node: map[channel_messages:map[] channels:map[] current:0 failedInvariants:<nil> name:yield returns:{"Controller#0.Inspect":"DISABLED"} roles:[map[fields:map[attempts:3 current:1 fault:false generation:0 inspected:false phase:terminal proof:0 repair:0 repeats:2 reports: review:0 saved:2 status:BLOCKED] name:Controller params:map[] ref:0 ref_string:Controller#0]] state:map[controller:role Controller#0] stats:map[counts:map[Controller#0.Inspect:1 Controller#0.Restart:1 Controller#0.Resume:2 Controller#0.Start:1] totalActions:5] threads:[] witness:[[false false false false]]]
. Expected DISABLED
. Actual [str_value:"DISABLED"], len:1
    Action Link: Controller#0.Inspect
    Found matching Source Link: src:38 dest:38 name:"Controller#0.Inspect" weight:0.125 type:"action" 10:"\n\x14Controller#0.Inspect\x12\n\"DISABLED\""
  End of Request 83, current nodeId: 38, node: map[channel_messages:map[] channels:map[] current:0 failedInvariants:<nil> name:yield returns:{"Controller#0.Inspect":"DISABLED"} roles:[map[fields:map[attempts:3 current:1 fault:false generation:0 inspected:false phase:terminal proof:0 repair:0 repeats:2 reports: review:0 saved:2 status:BLOCKED] name:Controller params:map[] ref:0 ref_string:Controller#0]] state:map[controller:role Controller#0] stats:map[counts:map[Controller#0.Inspect:1 Controller#0.Restart:1 Controller#0.Resume:2 Controller#0.Start:1] totalActions:5] threads:[] witness:[[false false false false]]]
. Expected DISABLED
. Actual [str_value:"DISABLED"], len:1
    Action Link: Controller#0.Start
    Found matching Source Link: src:38 dest:33 name:"Controller#0.Start" weight:0.125 type:"action" 10:"\n\x12Controller#0.Start\x12\n\"DISABLED\""
  End of Request 84, current nodeId: 33, node: map[channel_messages:map[] channels:map[] current:0 failedInvariants:<nil> name:yield returns:{"Controller#0.Start":"DISABLED"} roles:[map[fields:map[attempts:3 current:1 fault:false generation:0 inspected:false phase:terminal proof:0 repair:0 repeats:2 reports: review:0 saved:2 status:BLOCKED] name:Controller params:map[] ref:0 ref_string:Controller#0]] state:map[controller:role Controller#0] stats:map[counts:map[Controller#0.Restart:1 Controller#0.Resume:2 Controller#0.Start:2] totalActions:5] threads:[] witness:[[false false false false]]]
. Expected DISABLED
. Actual [str_value:"DISABLED"], len:1
    Action Link: Controller#0.Review
    Found matching Source Link: src:33 dest:34 name:"Controller#0.Review" weight:0.125 type:"action" 10:"\n\x13Controller#0.Review\x12\n\"DISABLED\""
  End of Request 85, current nodeId: 34, node: map[channel_messages:map[] channels:map[] current:0 failedInvariants:<nil> name:yield returns:{"Controller#0.Review":"DISABLED"} roles:[map[fields:map[attempts:3 current:1 fault:false generation:0 inspected:false phase:terminal proof:0 repair:0 repeats:2 reports: review:0 saved:2 status:BLOCKED] name:Controller params:map[] ref:0 ref_string:Controller#0]] state:map[controller:role Controller#0] stats:map[counts:map[Controller#0.Restart:1 Controller#0.Resume:2 Controller#0.Review:1 Controller#0.Start:1] totalActions:5] threads:[] witness:[[false false false false]]]
. Expected DISABLED
. Actual [str_value:"DISABLED"], len:1
    Action Link: Controller#0.Resume
    Found matching Source Link: src:34 dest:39 name:"Controller#0.Resume" weight:0.125 type:"action" 10:"\n\x13Controller#0.Resume\x12\n\"DISABLED\""
  End of Request 86, current nodeId: 39, node: map[channel_messages:map[] channels:map[] current:0 failedInvariants:<nil> name:yield returns:{"Controller#0.Resume":"DISABLED"} roles:[map[fields:map[attempts:3 current:1 fault:false generation:0 inspected:false phase:terminal proof:0 repair:0 repeats:2 reports: review:0 saved:2 status:BLOCKED] name:Controller params:map[] ref:0 ref_string:Controller#0]] state:map[controller:role Controller#0] stats:map[counts:map[Controller#0.Restart:1 Controller#0.Resume:3 Controller#0.Start:1] totalActions:5] threads:[] witness:[[false false false false]]]
. Expected DISABLED
. Actual [str_value:"DISABLED"], len:1
    Action Link: Controller#0.Inspect
    Found matching Source Link: src:39 dest:38 name:"Controller#0.Inspect" weight:0.125 type:"action" 10:"\n\x14Controller#0.Inspect\x12\n\"DISABLED\""
  End of Request 87, current nodeId: 38, node: map[channel_messages:map[] channels:map[] current:0 failedInvariants:<nil> name:yield returns:{"Controller#0.Inspect":"DISABLED"} roles:[map[fields:map[attempts:3 current:1 fault:false generation:0 inspected:false phase:terminal proof:0 repair:0 repeats:2 reports: review:0 saved:2 status:BLOCKED] name:Controller params:map[] ref:0 ref_string:Controller#0]] state:map[controller:role Controller#0] stats:map[counts:map[Controller#0.Inspect:1 Controller#0.Restart:1 Controller#0.Resume:2 Controller#0.Start:1] totalActions:5] threads:[] witness:[[false false false false]]]
. Expected DISABLED
. Actual [str_value:"DISABLED"], len:1
    Action Link: Controller#0.Proof
    Found matching Source Link: src:38 dest:35 name:"Controller#0.Proof" weight:0.125 type:"action" 10:"\n\x12Controller#0.Proof\x12\n\"DISABLED\""
  End of Request 88, current nodeId: 35, node: map[channel_messages:map[] channels:map[] current:0 failedInvariants:<nil> name:yield returns:{"Controller#0.Proof":"DISABLED"} roles:[map[fields:map[attempts:3 current:1 fault:false generation:0 inspected:false phase:terminal proof:0 repair:0 repeats:2 reports: review:0 saved:2 status:BLOCKED] name:Controller params:map[] ref:0 ref_string:Controller#0]] state:map[controller:role Controller#0] stats:map[counts:map[Controller#0.Proof:1 Controller#0.Restart:1 Controller#0.Resume:2 Controller#0.Start:1] totalActions:5] threads:[] witness:[[false false false false]]]
. Expected DISABLED
. Actual [str_value:"DISABLED"], len:1
    Action Link: Controller#0.Restart
    Found matching Source Link: src:35 dest:37 name:"Controller#0.Restart" weight:0.125 type:"action" 10:"\n\x14Controller#0.Restart\x12\n\"DISABLED\""
  End of Request 89, current nodeId: 37, node: map[channel_messages:map[] channels:map[] current:0 failedInvariants:<nil> name:yield returns:{"Controller#0.Restart":"DISABLED"} roles:[map[fields:map[attempts:3 current:1 fault:false generation:0 inspected:false phase:terminal proof:0 repair:0 repeats:2 reports: review:0 saved:2 status:BLOCKED] name:Controller params:map[] ref:0 ref_string:Controller#0]] state:map[controller:role Controller#0] stats:map[counts:map[Controller#0.Restart:2 Controller#0.Resume:2 Controller#0.Start:1] totalActions:5] threads:[] witness:[[false false false false]]]
. Expected DISABLED
. Actual [str_value:"DISABLED"], len:1
    Action Link: Controller#0.Resume
    Found matching Source Link: src:37 dest:39 name:"Controller#0.Resume" weight:0.125 type:"action" 10:"\n\x13Controller#0.Resume\x12\n\"DISABLED\""
  End of Request 90, current nodeId: 39, node: map[channel_messages:map[] channels:map[] current:0 failedInvariants:<nil> name:yield returns:{"Controller#0.Resume":"DISABLED"} roles:[map[fields:map[attempts:3 current:1 fault:false generation:0 inspected:false phase:terminal proof:0 repair:0 repeats:2 reports: review:0 saved:2 status:BLOCKED] name:Controller params:map[] ref:0 ref_string:Controller#0]] state:map[controller:role Controller#0] stats:map[counts:map[Controller#0.Restart:1 Controller#0.Resume:3 Controller#0.Start:1] totalActions:5] threads:[] witness:[[false false false false]]]
. Expected DISABLED
. Actual [str_value:"DISABLED"], len:1
    Action Link: Controller#0.Overlap
    Found matching Source Link: src:39 dest:40 name:"Controller#0.Overlap" weight:0.125 type:"action" 10:"\n\x14Controller#0.Overlap\x12\n\"DISABLED\""
  End of Request 91, current nodeId: 40, node: map[channel_messages:map[] channels:map[] current:0 failedInvariants:<nil> name:yield returns:{"Controller#0.Overlap":"DISABLED"} roles:[map[fields:map[attempts:3 current:1 fault:false generation:0 inspected:false phase:terminal proof:0 repair:0 repeats:2 reports: review:0 saved:2 status:BLOCKED] name:Controller params:map[] ref:0 ref_string:Controller#0]] state:map[controller:role Controller#0] stats:map[counts:map[Controller#0.Overlap:1 Controller#0.Restart:1 Controller#0.Resume:2 Controller#0.Start:1] totalActions:5] threads:[] witness:[[false false false false]]]
. Expected DISABLED
. Actual [str_value:"DISABLED"], len:1
    Action Link: Controller#0.Overlap
    Found matching Source Link: src:40 dest:40 name:"Controller#0.Overlap" weight:0.125 type:"action" 10:"\n\x14Controller#0.Overlap\x12\n\"DISABLED\""
  End of Request 92, current nodeId: 40, node: map[channel_messages:map[] channels:map[] current:0 failedInvariants:<nil> name:yield returns:{"Controller#0.Overlap":"DISABLED"} roles:[map[fields:map[attempts:3 current:1 fault:false generation:0 inspected:false phase:terminal proof:0 repair:0 repeats:2 reports: review:0 saved:2 status:BLOCKED] name:Controller params:map[] ref:0 ref_string:Controller#0]] state:map[controller:role Controller#0] stats:map[counts:map[Controller#0.Overlap:1 Controller#0.Restart:1 Controller#0.Resume:2 Controller#0.Start:1] totalActions:5] threads:[] witness:[[false false false false]]]
. Expected DISABLED
. Actual [str_value:"DISABLED"], len:1
    Action Link: Controller#0.Resume
    Found matching Source Link: src:40 dest:39 name:"Controller#0.Resume" weight:0.125 type:"action" 10:"\n\x13Controller#0.Resume\x12\n\"DISABLED\""
  End of Request 93, current nodeId: 39, node: map[channel_messages:map[] channels:map[] current:0 failedInvariants:<nil> name:yield returns:{"Controller#0.Resume":"DISABLED"} roles:[map[fields:map[attempts:3 current:1 fault:false generation:0 inspected:false phase:terminal proof:0 repair:0 repeats:2 reports: review:0 saved:2 status:BLOCKED] name:Controller params:map[] ref:0 ref_string:Controller#0]] state:map[controller:role Controller#0] stats:map[counts:map[Controller#0.Restart:1 Controller#0.Resume:3 Controller#0.Start:1] totalActions:5] threads:[] witness:[[false false false false]]]
. Expected DISABLED
. Actual [str_value:"DISABLED"], len:1
    Action Link: Controller#0.Overlap
    Found matching Source Link: src:39 dest:40 name:"Controller#0.Overlap" weight:0.125 type:"action" 10:"\n\x14Controller#0.Overlap\x12\n\"DISABLED\""
  End of Request 94, current nodeId: 40, node: map[channel_messages:map[] channels:map[] current:0 failedInvariants:<nil> name:yield returns:{"Controller#0.Overlap":"DISABLED"} roles:[map[fields:map[attempts:3 current:1 fault:false generation:0 inspected:false phase:terminal proof:0 repair:0 repeats:2 reports: review:0 saved:2 status:BLOCKED] name:Controller params:map[] ref:0 ref_string:Controller#0]] state:map[controller:role Controller#0] stats:map[counts:map[Controller#0.Overlap:1 Controller#0.Restart:1 Controller#0.Resume:2 Controller#0.Start:1] totalActions:5] threads:[] witness:[[false false false false]]]
. Expected DISABLED
. Actual [str_value:"DISABLED"], len:1
    Action Link: Controller#0.Resume
    Found matching Source Link: src:40 dest:39 name:"Controller#0.Resume" weight:0.125 type:"action" 10:"\n\x13Controller#0.Resume\x12\n\"DISABLED\""
  End of Request 95, current nodeId: 39, node: map[channel_messages:map[] channels:map[] current:0 failedInvariants:<nil> name:yield returns:{"Controller#0.Resume":"DISABLED"} roles:[map[fields:map[attempts:3 current:1 fault:false generation:0 inspected:false phase:terminal proof:0 repair:0 repeats:2 reports: review:0 saved:2 status:BLOCKED] name:Controller params:map[] ref:0 ref_string:Controller#0]] state:map[controller:role Controller#0] stats:map[counts:map[Controller#0.Restart:1 Controller#0.Resume:3 Controller#0.Start:1] totalActions:5] threads:[] witness:[[false false false false]]]
. Expected DISABLED
. Actual [str_value:"DISABLED"], len:1
    Action Link: Controller#0.Corrupt
    Found matching Source Link: src:39 dest:36 name:"Controller#0.Corrupt" weight:0.125 type:"action" 10:"\n\x14Controller#0.Corrupt\x12\n\"DISABLED\""
  End of Request 96, current nodeId: 36, node: map[channel_messages:map[] channels:map[] current:0 failedInvariants:<nil> name:yield returns:{"Controller#0.Corrupt":"DISABLED"} roles:[map[fields:map[attempts:3 current:1 fault:false generation:0 inspected:false phase:terminal proof:0 repair:0 repeats:2 reports: review:0 saved:2 status:BLOCKED] name:Controller params:map[] ref:0 ref_string:Controller#0]] state:map[controller:role Controller#0] stats:map[counts:map[Controller#0.Corrupt:1 Controller#0.Restart:1 Controller#0.Resume:2 Controller#0.Start:1] totalActions:5] threads:[] witness:[[false false false false]]]
. Expected DISABLED
. Actual [str_value:"DISABLED"], len:1
    Action Link: Controller#0.Inspect
    Found matching Source Link: src:36 dest:38 name:"Controller#0.Inspect" weight:0.125 type:"action" 10:"\n\x14Controller#0.Inspect\x12\n\"DISABLED\""
  End of Request 97, current nodeId: 38, node: map[channel_messages:map[] channels:map[] current:0 failedInvariants:<nil> name:yield returns:{"Controller#0.Inspect":"DISABLED"} roles:[map[fields:map[attempts:3 current:1 fault:false generation:0 inspected:false phase:terminal proof:0 repair:0 repeats:2 reports: review:0 saved:2 status:BLOCKED] name:Controller params:map[] ref:0 ref_string:Controller#0]] state:map[controller:role Controller#0] stats:map[counts:map[Controller#0.Inspect:1 Controller#0.Restart:1 Controller#0.Resume:2 Controller#0.Start:1] totalActions:5] threads:[] witness:[[false false false false]]]
. Expected DISABLED
. Actual [str_value:"DISABLED"], len:1
    Action Link: Controller#0.Start
    Found matching Source Link: src:38 dest:33 name:"Controller#0.Start" weight:0.125 type:"action" 10:"\n\x12Controller#0.Start\x12\n\"DISABLED\""
  End of Request 98, current nodeId: 33, node: map[channel_messages:map[] channels:map[] current:0 failedInvariants:<nil> name:yield returns:{"Controller#0.Start":"DISABLED"} roles:[map[fields:map[attempts:3 current:1 fault:false generation:0 inspected:false phase:terminal proof:0 repair:0 repeats:2 reports: review:0 saved:2 status:BLOCKED] name:Controller params:map[] ref:0 ref_string:Controller#0]] state:map[controller:role Controller#0] stats:map[counts:map[Controller#0.Restart:1 Controller#0.Resume:2 Controller#0.Start:2] totalActions:5] threads:[] witness:[[false false false false]]]
. Expected DISABLED
. Actual [str_value:"DISABLED"], len:1
    Action Link: Controller#0.Corrupt
    Found matching Source Link: src:33 dest:36 name:"Controller#0.Corrupt" weight:0.125 type:"action" 10:"\n\x14Controller#0.Corrupt\x12\n\"DISABLED\""
  End of Request 99, current nodeId: 36, node: map[channel_messages:map[] channels:map[] current:0 failedInvariants:<nil> name:yield returns:{"Controller#0.Corrupt":"DISABLED"} roles:[map[fields:map[attempts:3 current:1 fault:false generation:0 inspected:false phase:terminal proof:0 repair:0 repeats:2 reports: review:0 saved:2 status:BLOCKED] name:Controller params:map[] ref:0 ref_string:Controller#0]] state:map[controller:role Controller#0] stats:map[counts:map[Controller#0.Corrupt:1 Controller#0.Restart:1 Controller#0.Resume:2 Controller#0.Start:1] totalActions:5] threads:[] witness:[[false false false false]]]
. Expected DISABLED
. Actual [str_value:"DISABLED"], len:1
    Action Link: Controller#0.Start
    Found matching Source Link: src:36 dest:33 name:"Controller#0.Start" weight:0.125 type:"action" 10:"\n\x12Controller#0.Start\x12\n\"DISABLED\""
  End of Request 100, current nodeId: 33, node: map[channel_messages:map[] channels:map[] current:0 failedInvariants:<nil> name:yield returns:{"Controller#0.Start":"DISABLED"} roles:[map[fields:map[attempts:3 current:1 fault:false generation:0 inspected:false phase:terminal proof:0 repair:0 repeats:2 reports: review:0 saved:2 status:BLOCKED] name:Controller params:map[] ref:0 ref_string:Controller#0]] state:map[controller:role Controller#0] stats:map[counts:map[Controller#0.Restart:1 Controller#0.Resume:2 Controller#0.Start:2] totalActions:5] threads:[] witness:[[false false false false]]]
. Expected DISABLED
. Actual [str_value:"DISABLED"], len:1
    Action Link: Controller#0.Review
    Found matching Source Link: src:33 dest:34 name:"Controller#0.Review" weight:0.125 type:"action" 10:"\n\x13Controller#0.Review\x12\n\"DISABLED\""
  End of Request 101, current nodeId: 34, node: map[channel_messages:map[] channels:map[] current:0 failedInvariants:<nil> name:yield returns:{"Controller#0.Review":"DISABLED"} roles:[map[fields:map[attempts:3 current:1 fault:false generation:0 inspected:false phase:terminal proof:0 repair:0 repeats:2 reports: review:0 saved:2 status:BLOCKED] name:Controller params:map[] ref:0 ref_string:Controller#0]] state:map[controller:role Controller#0] stats:map[counts:map[Controller#0.Restart:1 Controller#0.Resume:2 Controller#0.Review:1 Controller#0.Start:1] totalActions:5] threads:[] witness:[[false false false false]]]
. Expected DISABLED
. Actual [str_value:"DISABLED"], len:1
    Action Link: Controller#0.Review
    Found matching Source Link: src:34 dest:34 name:"Controller#0.Review" weight:0.125 type:"action" 10:"\n\x13Controller#0.Review\x12\n\"DISABLED\""
  End of Request 102, current nodeId: 34, node: map[channel_messages:map[] channels:map[] current:0 failedInvariants:<nil> name:yield returns:{"Controller#0.Review":"DISABLED"} roles:[map[fields:map[attempts:3 current:1 fault:false generation:0 inspected:false phase:terminal proof:0 repair:0 repeats:2 reports: review:0 saved:2 status:BLOCKED] name:Controller params:map[] ref:0 ref_string:Controller#0]] state:map[controller:role Controller#0] stats:map[counts:map[Controller#0.Restart:1 Controller#0.Resume:2 Controller#0.Review:1 Controller#0.Start:1] totalActions:5] threads:[] witness:[[false false false false]]]
. Expected DISABLED
. Actual [str_value:"DISABLED"], len:1
    Action Link: Controller#0.Inspect
    Found matching Source Link: src:34 dest:38 name:"Controller#0.Inspect" weight:0.125 type:"action" 10:"\n\x14Controller#0.Inspect\x12\n\"DISABLED\""
  End of Request 103, current nodeId: 38, node: map[channel_messages:map[] channels:map[] current:0 failedInvariants:<nil> name:yield returns:{"Controller#0.Inspect":"DISABLED"} roles:[map[fields:map[attempts:3 current:1 fault:false generation:0 inspected:false phase:terminal proof:0 repair:0 repeats:2 reports: review:0 saved:2 status:BLOCKED] name:Controller params:map[] ref:0 ref_string:Controller#0]] state:map[controller:role Controller#0] stats:map[counts:map[Controller#0.Inspect:1 Controller#0.Restart:1 Controller#0.Resume:2 Controller#0.Start:1] totalActions:5] threads:[] witness:[[false false false false]]]
. Expected DISABLED
. Actual [str_value:"DISABLED"], len:1
    Action Link: Controller#0.Resume
    Found matching Source Link: src:38 dest:39 name:"Controller#0.Resume" weight:0.125 type:"action" 10:"\n\x13Controller#0.Resume\x12\n\"DISABLED\""
  End of Request 104, current nodeId: 39, node: map[channel_messages:map[] channels:map[] current:0 failedInvariants:<nil> name:yield returns:{"Controller#0.Resume":"DISABLED"} roles:[map[fields:map[attempts:3 current:1 fault:false generation:0 inspected:false phase:terminal proof:0 repair:0 repeats:2 reports: review:0 saved:2 status:BLOCKED] name:Controller params:map[] ref:0 ref_string:Controller#0]] state:map[controller:role Controller#0] stats:map[counts:map[Controller#0.Restart:1 Controller#0.Resume:3 Controller#0.Start:1] totalActions:5] threads:[] witness:[[false false false false]]]
. Expected DISABLED
. Actual [str_value:"DISABLED"], len:1
    Action Link: Controller#0.Inspect
    Found matching Source Link: src:39 dest:38 name:"Controller#0.Inspect" weight:0.125 type:"action" 10:"\n\x14Controller#0.Inspect\x12\n\"DISABLED\""
  End of Request 105, current nodeId: 38, node: map[channel_messages:map[] channels:map[] current:0 failedInvariants:<nil> name:yield returns:{"Controller#0.Inspect":"DISABLED"} roles:[map[fields:map[attempts:3 current:1 fault:false generation:0 inspected:false phase:terminal proof:0 repair:0 repeats:2 reports: review:0 saved:2 status:BLOCKED] name:Controller params:map[] ref:0 ref_string:Controller#0]] state:map[controller:role Controller#0] stats:map[counts:map[Controller#0.Inspect:1 Controller#0.Restart:1 Controller#0.Resume:2 Controller#0.Start:1] totalActions:5] threads:[] witness:[[false false false false]]]
. Expected DISABLED
. Actual [str_value:"DISABLED"], len:1
    Action Link: Controller#0.Inspect
    Found matching Source Link: src:38 dest:38 name:"Controller#0.Inspect" weight:0.125 type:"action" 10:"\n\x14Controller#0.Inspect\x12\n\"DISABLED\""
  End of Request 106, current nodeId: 38, node: map[channel_messages:map[] channels:map[] current:0 failedInvariants:<nil> name:yield returns:{"Controller#0.Inspect":"DISABLED"} roles:[map[fields:map[attempts:3 current:1 fault:false generation:0 inspected:false phase:terminal proof:0 repair:0 repeats:2 reports: review:0 saved:2 status:BLOCKED] name:Controller params:map[] ref:0 ref_string:Controller#0]] state:map[controller:role Controller#0] stats:map[counts:map[Controller#0.Inspect:1 Controller#0.Restart:1 Controller#0.Resume:2 Controller#0.Start:1] totalActions:5] threads:[] witness:[[false false false false]]]
. Expected DISABLED
. Actual [str_value:"DISABLED"], len:1
    Action Link: Controller#0.Inspect
    Found matching Source Link: src:38 dest:38 name:"Controller#0.Inspect" weight:0.125 type:"action" 10:"\n\x14Controller#0.Inspect\x12\n\"DISABLED\""
  End of Request 107, current nodeId: 38, node: map[channel_messages:map[] channels:map[] current:0 failedInvariants:<nil> name:yield returns:{"Controller#0.Inspect":"DISABLED"} roles:[map[fields:map[attempts:3 current:1 fault:false generation:0 inspected:false phase:terminal proof:0 repair:0 repeats:2 reports: review:0 saved:2 status:BLOCKED] name:Controller params:map[] ref:0 ref_string:Controller#0]] state:map[controller:role Controller#0] stats:map[counts:map[Controller#0.Inspect:1 Controller#0.Restart:1 Controller#0.Resume:2 Controller#0.Start:1] totalActions:5] threads:[] witness:[[false false false false]]]
. Expected DISABLED
. Actual [str_value:"DISABLED"], len:1
    Action Link: Controller#0.Review
    Found matching Source Link: src:38 dest:34 name:"Controller#0.Review" weight:0.125 type:"action" 10:"\n\x13Controller#0.Review\x12\n\"DISABLED\""
  End of Request 108, current nodeId: 34, node: map[channel_messages:map[] channels:map[] current:0 failedInvariants:<nil> name:yield returns:{"Controller#0.Review":"DISABLED"} roles:[map[fields:map[attempts:3 current:1 fault:false generation:0 inspected:false phase:terminal proof:0 repair:0 repeats:2 reports: review:0 saved:2 status:BLOCKED] name:Controller params:map[] ref:0 ref_string:Controller#0]] state:map[controller:role Controller#0] stats:map[counts:map[Controller#0.Restart:1 Controller#0.Resume:2 Controller#0.Review:1 Controller#0.Start:1] totalActions:5] threads:[] witness:[[false false false false]]]
. Expected DISABLED
. Actual [str_value:"DISABLED"], len:1
    Action Link: Controller#0.Corrupt
    Found matching Source Link: src:34 dest:36 name:"Controller#0.Corrupt" weight:0.125 type:"action" 10:"\n\x14Controller#0.Corrupt\x12\n\"DISABLED\""
  End of Request 109, current nodeId: 36, node: map[channel_messages:map[] channels:map[] current:0 failedInvariants:<nil> name:yield returns:{"Controller#0.Corrupt":"DISABLED"} roles:[map[fields:map[attempts:3 current:1 fault:false generation:0 inspected:false phase:terminal proof:0 repair:0 repeats:2 reports: review:0 saved:2 status:BLOCKED] name:Controller params:map[] ref:0 ref_string:Controller#0]] state:map[controller:role Controller#0] stats:map[counts:map[Controller#0.Corrupt:1 Controller#0.Restart:1 Controller#0.Resume:2 Controller#0.Start:1] totalActions:5] threads:[] witness:[[false false false false]]]
. Expected DISABLED
. Actual [str_value:"DISABLED"], len:1
    Action Link: Controller#0.Start
    Found matching Source Link: src:36 dest:33 name:"Controller#0.Start" weight:0.125 type:"action" 10:"\n\x12Controller#0.Start\x12\n\"DISABLED\""
  End of Request 110, current nodeId: 33, node: map[channel_messages:map[] channels:map[] current:0 failedInvariants:<nil> name:yield returns:{"Controller#0.Start":"DISABLED"} roles:[map[fields:map[attempts:3 current:1 fault:false generation:0 inspected:false phase:terminal proof:0 repair:0 repeats:2 reports: review:0 saved:2 status:BLOCKED] name:Controller params:map[] ref:0 ref_string:Controller#0]] state:map[controller:role Controller#0] stats:map[counts:map[Controller#0.Restart:1 Controller#0.Resume:2 Controller#0.Start:2] totalActions:5] threads:[] witness:[[false false false false]]]
. Expected DISABLED
. Actual [str_value:"DISABLED"], len:1
    Action Link: Controller#0.Review
    Found matching Source Link: src:33 dest:34 name:"Controller#0.Review" weight:0.125 type:"action" 10:"\n\x13Controller#0.Review\x12\n\"DISABLED\""
  End of Request 111, current nodeId: 34, node: map[channel_messages:map[] channels:map[] current:0 failedInvariants:<nil> name:yield returns:{"Controller#0.Review":"DISABLED"} roles:[map[fields:map[attempts:3 current:1 fault:false generation:0 inspected:false phase:terminal proof:0 repair:0 repeats:2 reports: review:0 saved:2 status:BLOCKED] name:Controller params:map[] ref:0 ref_string:Controller#0]] state:map[controller:role Controller#0] stats:map[counts:map[Controller#0.Restart:1 Controller#0.Resume:2 Controller#0.Review:1 Controller#0.Start:1] totalActions:5] threads:[] witness:[[false false false false]]]
. Expected DISABLED
. Actual [str_value:"DISABLED"], len:1
    Action Link: Controller#0.Inspect
    Found matching Source Link: src:34 dest:38 name:"Controller#0.Inspect" weight:0.125 type:"action" 10:"\n\x14Controller#0.Inspect\x12\n\"DISABLED\""
  End of Request 112, current nodeId: 38, node: map[channel_messages:map[] channels:map[] current:0 failedInvariants:<nil> name:yield returns:{"Controller#0.Inspect":"DISABLED"} roles:[map[fields:map[attempts:3 current:1 fault:false generation:0 inspected:false phase:terminal proof:0 repair:0 repeats:2 reports: review:0 saved:2 status:BLOCKED] name:Controller params:map[] ref:0 ref_string:Controller#0]] state:map[controller:role Controller#0] stats:map[counts:map[Controller#0.Inspect:1 Controller#0.Restart:1 Controller#0.Resume:2 Controller#0.Start:1] totalActions:5] threads:[] witness:[[false false false false]]]
. Expected DISABLED
. Actual [str_value:"DISABLED"], len:1
    Action Link: Controller#0.Review
    Found matching Source Link: src:38 dest:34 name:"Controller#0.Review" weight:0.125 type:"action" 10:"\n\x13Controller#0.Review\x12\n\"DISABLED\""
  End of Request 113, current nodeId: 34, node: map[channel_messages:map[] channels:map[] current:0 failedInvariants:<nil> name:yield returns:{"Controller#0.Review":"DISABLED"} roles:[map[fields:map[attempts:3 current:1 fault:false generation:0 inspected:false phase:terminal proof:0 repair:0 repeats:2 reports: review:0 saved:2 status:BLOCKED] name:Controller params:map[] ref:0 ref_string:Controller#0]] state:map[controller:role Controller#0] stats:map[counts:map[Controller#0.Restart:1 Controller#0.Resume:2 Controller#0.Review:1 Controller#0.Start:1] totalActions:5] threads:[] witness:[[false false false false]]]
. Expected DISABLED
. Actual [str_value:"DISABLED"], len:1
    Action Link: Controller#0.Start
    Found matching Source Link: src:34 dest:33 name:"Controller#0.Start" weight:0.125 type:"action" 10:"\n\x12Controller#0.Start\x12\n\"DISABLED\""
  End of Request 114, current nodeId: 33, node: map[channel_messages:map[] channels:map[] current:0 failedInvariants:<nil> name:yield returns:{"Controller#0.Start":"DISABLED"} roles:[map[fields:map[attempts:3 current:1 fault:false generation:0 inspected:false phase:terminal proof:0 repair:0 repeats:2 reports: review:0 saved:2 status:BLOCKED] name:Controller params:map[] ref:0 ref_string:Controller#0]] state:map[controller:role Controller#0] stats:map[counts:map[Controller#0.Restart:1 Controller#0.Resume:2 Controller#0.Start:2] totalActions:5] threads:[] witness:[[false false false false]]]
. Expected DISABLED
. Actual [str_value:"DISABLED"], len:1
    Action Link: Controller#0.Inspect
    Found matching Source Link: src:33 dest:38 name:"Controller#0.Inspect" weight:0.125 type:"action" 10:"\n\x14Controller#0.Inspect\x12\n\"DISABLED\""
  End of Request 115, current nodeId: 38, node: map[channel_messages:map[] channels:map[] current:0 failedInvariants:<nil> name:yield returns:{"Controller#0.Inspect":"DISABLED"} roles:[map[fields:map[attempts:3 current:1 fault:false generation:0 inspected:false phase:terminal proof:0 repair:0 repeats:2 reports: review:0 saved:2 status:BLOCKED] name:Controller params:map[] ref:0 ref_string:Controller#0]] state:map[controller:role Controller#0] stats:map[counts:map[Controller#0.Inspect:1 Controller#0.Restart:1 Controller#0.Resume:2 Controller#0.Start:1] totalActions:5] threads:[] witness:[[false false false false]]]
. Expected DISABLED
. Actual [str_value:"DISABLED"], len:1
    Action Link: Controller#0.Review
    Found matching Source Link: src:38 dest:34 name:"Controller#0.Review" weight:0.125 type:"action" 10:"\n\x13Controller#0.Review\x12\n\"DISABLED\""
  End of Request 116, current nodeId: 34, node: map[channel_messages:map[] channels:map[] current:0 failedInvariants:<nil> name:yield returns:{"Controller#0.Review":"DISABLED"} roles:[map[fields:map[attempts:3 current:1 fault:false generation:0 inspected:false phase:terminal proof:0 repair:0 repeats:2 reports: review:0 saved:2 status:BLOCKED] name:Controller params:map[] ref:0 ref_string:Controller#0]] state:map[controller:role Controller#0] stats:map[counts:map[Controller#0.Restart:1 Controller#0.Resume:2 Controller#0.Review:1 Controller#0.Start:1] totalActions:5] threads:[] witness:[[false false false false]]]
. Expected DISABLED
. Actual [str_value:"DISABLED"], len:1
    Action Link: Controller#0.Start
    Found matching Source Link: src:34 dest:33 name:"Controller#0.Start" weight:0.125 type:"action" 10:"\n\x12Controller#0.Start\x12\n\"DISABLED\""
  End of Request 117, current nodeId: 33, node: map[channel_messages:map[] channels:map[] current:0 failedInvariants:<nil> name:yield returns:{"Controller#0.Start":"DISABLED"} roles:[map[fields:map[attempts:3 current:1 fault:false generation:0 inspected:false phase:terminal proof:0 repair:0 repeats:2 reports: review:0 saved:2 status:BLOCKED] name:Controller params:map[] ref:0 ref_string:Controller#0]] state:map[controller:role Controller#0] stats:map[counts:map[Controller#0.Restart:1 Controller#0.Resume:2 Controller#0.Start:2] totalActions:5] threads:[] witness:[[false false false false]]]
. Expected DISABLED
. Actual [str_value:"DISABLED"], len:1
    Action Link: Controller#0.Proof
    Found matching Source Link: src:33 dest:35 name:"Controller#0.Proof" weight:0.125 type:"action" 10:"\n\x12Controller#0.Proof\x12\n\"DISABLED\""
  End of Request 118, current nodeId: 35, node: map[channel_messages:map[] channels:map[] current:0 failedInvariants:<nil> name:yield returns:{"Controller#0.Proof":"DISABLED"} roles:[map[fields:map[attempts:3 current:1 fault:false generation:0 inspected:false phase:terminal proof:0 repair:0 repeats:2 reports: review:0 saved:2 status:BLOCKED] name:Controller params:map[] ref:0 ref_string:Controller#0]] state:map[controller:role Controller#0] stats:map[counts:map[Controller#0.Proof:1 Controller#0.Restart:1 Controller#0.Resume:2 Controller#0.Start:1] totalActions:5] threads:[] witness:[[false false false false]]]
. Expected DISABLED
. Actual [str_value:"DISABLED"], len:1
    Action Link: Controller#0.Corrupt
    Found matching Source Link: src:35 dest:36 name:"Controller#0.Corrupt" weight:0.125 type:"action" 10:"\n\x14Controller#0.Corrupt\x12\n\"DISABLED\""
  End of Request 119, current nodeId: 36, node: map[channel_messages:map[] channels:map[] current:0 failedInvariants:<nil> name:yield returns:{"Controller#0.Corrupt":"DISABLED"} roles:[map[fields:map[attempts:3 current:1 fault:false generation:0 inspected:false phase:terminal proof:0 repair:0 repeats:2 reports: review:0 saved:2 status:BLOCKED] name:Controller params:map[] ref:0 ref_string:Controller#0]] state:map[controller:role Controller#0] stats:map[counts:map[Controller#0.Corrupt:1 Controller#0.Restart:1 Controller#0.Resume:2 Controller#0.Start:1] totalActions:5] threads:[] witness:[[false false false false]]]
. Expected DISABLED
. Actual [str_value:"DISABLED"], len:1
    Action Link: Controller#0.Inspect
    Found matching Source Link: src:36 dest:38 name:"Controller#0.Inspect" weight:0.125 type:"action" 10:"\n\x14Controller#0.Inspect\x12\n\"DISABLED\""
  End of Request 120, current nodeId: 38, node: map[channel_messages:map[] channels:map[] current:0 failedInvariants:<nil> name:yield returns:{"Controller#0.Inspect":"DISABLED"} roles:[map[fields:map[attempts:3 current:1 fault:false generation:0 inspected:false phase:terminal proof:0 repair:0 repeats:2 reports: review:0 saved:2 status:BLOCKED] name:Controller params:map[] ref:0 ref_string:Controller#0]] state:map[controller:role Controller#0] stats:map[counts:map[Controller#0.Inspect:1 Controller#0.Restart:1 Controller#0.Resume:2 Controller#0.Start:1] totalActions:5] threads:[] witness:[[false false false false]]]
. Expected DISABLED
. Actual [str_value:"DISABLED"], len:1
    Action Link: Controller#0.Review
    Found matching Source Link: src:38 dest:34 name:"Controller#0.Review" weight:0.125 type:"action" 10:"\n\x13Controller#0.Review\x12\n\"DISABLED\""
  End of Request 121, current nodeId: 34, node: map[channel_messages:map[] channels:map[] current:0 failedInvariants:<nil> name:yield returns:{"Controller#0.Review":"DISABLED"} roles:[map[fields:map[attempts:3 current:1 fault:false generation:0 inspected:false phase:terminal proof:0 repair:0 repeats:2 reports: review:0 saved:2 status:BLOCKED] name:Controller params:map[] ref:0 ref_string:Controller#0]] state:map[controller:role Controller#0] stats:map[counts:map[Controller#0.Restart:1 Controller#0.Resume:2 Controller#0.Review:1 Controller#0.Start:1] totalActions:5] threads:[] witness:[[false false false false]]]
. Expected DISABLED
. Actual [str_value:"DISABLED"], len:1
    Action Link: Controller#0.Resume
    Found matching Source Link: src:34 dest:39 name:"Controller#0.Resume" weight:0.125 type:"action" 10:"\n\x13Controller#0.Resume\x12\n\"DISABLED\""
  End of Request 122, current nodeId: 39, node: map[channel_messages:map[] channels:map[] current:0 failedInvariants:<nil> name:yield returns:{"Controller#0.Resume":"DISABLED"} roles:[map[fields:map[attempts:3 current:1 fault:false generation:0 inspected:false phase:terminal proof:0 repair:0 repeats:2 reports: review:0 saved:2 status:BLOCKED] name:Controller params:map[] ref:0 ref_string:Controller#0]] state:map[controller:role Controller#0] stats:map[counts:map[Controller#0.Restart:1 Controller#0.Resume:3 Controller#0.Start:1] totalActions:5] threads:[] witness:[[false false false false]]]
. Expected DISABLED
. Actual [str_value:"DISABLED"], len:1
    Action Link: Controller#0.Corrupt
    Found matching Source Link: src:39 dest:36 name:"Controller#0.Corrupt" weight:0.125 type:"action" 10:"\n\x14Controller#0.Corrupt\x12\n\"DISABLED\""
  End of Request 123, current nodeId: 36, node: map[channel_messages:map[] channels:map[] current:0 failedInvariants:<nil> name:yield returns:{"Controller#0.Corrupt":"DISABLED"} roles:[map[fields:map[attempts:3 current:1 fault:false generation:0 inspected:false phase:terminal proof:0 repair:0 repeats:2 reports: review:0 saved:2 status:BLOCKED] name:Controller params:map[] ref:0 ref_string:Controller#0]] state:map[controller:role Controller#0] stats:map[counts:map[Controller#0.Corrupt:1 Controller#0.Restart:1 Controller#0.Resume:2 Controller#0.Start:1] totalActions:5] threads:[] witness:[[false false false false]]]
. Expected DISABLED
. Actual [str_value:"DISABLED"], len:1
    Action Link: Controller#0.Start
    Found matching Source Link: src:36 dest:33 name:"Controller#0.Start" weight:0.125 type:"action" 10:"\n\x12Controller#0.Start\x12\n\"DISABLED\""
  End of Request 124, current nodeId: 33, node: map[channel_messages:map[] channels:map[] current:0 failedInvariants:<nil> name:yield returns:{"Controller#0.Start":"DISABLED"} roles:[map[fields:map[attempts:3 current:1 fault:false generation:0 inspected:false phase:terminal proof:0 repair:0 repeats:2 reports: review:0 saved:2 status:BLOCKED] name:Controller params:map[] ref:0 ref_string:Controller#0]] state:map[controller:role Controller#0] stats:map[counts:map[Controller#0.Restart:1 Controller#0.Resume:2 Controller#0.Start:2] totalActions:5] threads:[] witness:[[false false false false]]]
. Expected DISABLED
. Actual [str_value:"DISABLED"], len:1
    Action Link: Controller#0.Proof
    Found matching Source Link: src:33 dest:35 name:"Controller#0.Proof" weight:0.125 type:"action" 10:"\n\x12Controller#0.Proof\x12\n\"DISABLED\""
  End of Request 125, current nodeId: 35, node: map[channel_messages:map[] channels:map[] current:0 failedInvariants:<nil> name:yield returns:{"Controller#0.Proof":"DISABLED"} roles:[map[fields:map[attempts:3 current:1 fault:false generation:0 inspected:false phase:terminal proof:0 repair:0 repeats:2 reports: review:0 saved:2 status:BLOCKED] name:Controller params:map[] ref:0 ref_string:Controller#0]] state:map[controller:role Controller#0] stats:map[counts:map[Controller#0.Proof:1 Controller#0.Restart:1 Controller#0.Resume:2 Controller#0.Start:1] totalActions:5] threads:[] witness:[[false false false false]]]
. Expected DISABLED
. Actual [str_value:"DISABLED"], len:1
    Action Link: Controller#0.Review
    Found matching Source Link: src:35 dest:34 name:"Controller#0.Review" weight:0.125 type:"action" 10:"\n\x13Controller#0.Review\x12\n\"DISABLED\""
  End of Request 126, current nodeId: 34, node: map[channel_messages:map[] channels:map[] current:0 failedInvariants:<nil> name:yield returns:{"Controller#0.Review":"DISABLED"} roles:[map[fields:map[attempts:3 current:1 fault:false generation:0 inspected:false phase:terminal proof:0 repair:0 repeats:2 reports: review:0 saved:2 status:BLOCKED] name:Controller params:map[] ref:0 ref_string:Controller#0]] state:map[controller:role Controller#0] stats:map[counts:map[Controller#0.Restart:1 Controller#0.Resume:2 Controller#0.Review:1 Controller#0.Start:1] totalActions:5] threads:[] witness:[[false false false false]]]
. Expected DISABLED
. Actual [str_value:"DISABLED"], len:1
    Action Link: Controller#0.Restart
    Found matching Source Link: src:34 dest:37 name:"Controller#0.Restart" weight:0.125 type:"action" 10:"\n\x14Controller#0.Restart\x12\n\"DISABLED\""
  End of Request 127, current nodeId: 37, node: map[channel_messages:map[] channels:map[] current:0 failedInvariants:<nil> name:yield returns:{"Controller#0.Restart":"DISABLED"} roles:[map[fields:map[attempts:3 current:1 fault:false generation:0 inspected:false phase:terminal proof:0 repair:0 repeats:2 reports: review:0 saved:2 status:BLOCKED] name:Controller params:map[] ref:0 ref_string:Controller#0]] state:map[controller:role Controller#0] stats:map[counts:map[Controller#0.Restart:2 Controller#0.Resume:2 Controller#0.Start:1] totalActions:5] threads:[] witness:[[false false false false]]]
. Expected DISABLED
. Actual [str_value:"DISABLED"], len:1
    Action Link: Controller#0.Resume
    Found matching Source Link: src:37 dest:39 name:"Controller#0.Resume" weight:0.125 type:"action" 10:"\n\x13Controller#0.Resume\x12\n\"DISABLED\""
  End of Request 128, current nodeId: 39, node: map[channel_messages:map[] channels:map[] current:0 failedInvariants:<nil> name:yield returns:{"Controller#0.Resume":"DISABLED"} roles:[map[fields:map[attempts:3 current:1 fault:false generation:0 inspected:false phase:terminal proof:0 repair:0 repeats:2 reports: review:0 saved:2 status:BLOCKED] name:Controller params:map[] ref:0 ref_string:Controller#0]] state:map[controller:role Controller#0] stats:map[counts:map[Controller#0.Restart:1 Controller#0.Resume:3 Controller#0.Start:1] totalActions:5] threads:[] witness:[[false false false false]]]
. Expected DISABLED
. Actual [str_value:"DISABLED"], len:1
    Action Link: Controller#0.Review
    Found matching Source Link: src:39 dest:34 name:"Controller#0.Review" weight:0.125 type:"action" 10:"\n\x13Controller#0.Review\x12\n\"DISABLED\""
  End of Request 129, current nodeId: 34, node: map[channel_messages:map[] channels:map[] current:0 failedInvariants:<nil> name:yield returns:{"Controller#0.Review":"DISABLED"} roles:[map[fields:map[attempts:3 current:1 fault:false generation:0 inspected:false phase:terminal proof:0 repair:0 repeats:2 reports: review:0 saved:2 status:BLOCKED] name:Controller params:map[] ref:0 ref_string:Controller#0]] state:map[controller:role Controller#0] stats:map[counts:map[Controller#0.Restart:1 Controller#0.Resume:2 Controller#0.Review:1 Controller#0.Start:1] totalActions:5] threads:[] witness:[[false false false false]]]
. Expected DISABLED
. Actual [str_value:"DISABLED"], len:1
    Action Link: Controller#0.Restart
    Found matching Source Link: src:34 dest:37 name:"Controller#0.Restart" weight:0.125 type:"action" 10:"\n\x14Controller#0.Restart\x12\n\"DISABLED\""
  End of Request 130, current nodeId: 37, node: map[channel_messages:map[] channels:map[] current:0 failedInvariants:<nil> name:yield returns:{"Controller#0.Restart":"DISABLED"} roles:[map[fields:map[attempts:3 current:1 fault:false generation:0 inspected:false phase:terminal proof:0 repair:0 repeats:2 reports: review:0 saved:2 status:BLOCKED] name:Controller params:map[] ref:0 ref_string:Controller#0]] state:map[controller:role Controller#0] stats:map[counts:map[Controller#0.Restart:2 Controller#0.Resume:2 Controller#0.Start:1] totalActions:5] threads:[] witness:[[false false false false]]]
. Expected DISABLED
. Actual [str_value:"DISABLED"], len:1
    Action Link: Controller#0.Inspect
    Found matching Source Link: src:37 dest:38 name:"Controller#0.Inspect" weight:0.125 type:"action" 10:"\n\x14Controller#0.Inspect\x12\n\"DISABLED\""
  End of Request 131, current nodeId: 38, node: map[channel_messages:map[] channels:map[] current:0 failedInvariants:<nil> name:yield returns:{"Controller#0.Inspect":"DISABLED"} roles:[map[fields:map[attempts:3 current:1 fault:false generation:0 inspected:false phase:terminal proof:0 repair:0 repeats:2 reports: review:0 saved:2 status:BLOCKED] name:Controller params:map[] ref:0 ref_string:Controller#0]] state:map[controller:role Controller#0] stats:map[counts:map[Controller#0.Inspect:1 Controller#0.Restart:1 Controller#0.Resume:2 Controller#0.Start:1] totalActions:5] threads:[] witness:[[false false false false]]]
. Expected DISABLED
. Actual [str_value:"DISABLED"], len:1
    Action Link: Controller#0.Resume
    Found matching Source Link: src:38 dest:39 name:"Controller#0.Resume" weight:0.125 type:"action" 10:"\n\x13Controller#0.Resume\x12\n\"DISABLED\""
  End of Request 132, current nodeId: 39, node: map[channel_messages:map[] channels:map[] current:0 failedInvariants:<nil> name:yield returns:{"Controller#0.Resume":"DISABLED"} roles:[map[fields:map[attempts:3 current:1 fault:false generation:0 inspected:false phase:terminal proof:0 repair:0 repeats:2 reports: review:0 saved:2 status:BLOCKED] name:Controller params:map[] ref:0 ref_string:Controller#0]] state:map[controller:role Controller#0] stats:map[counts:map[Controller#0.Restart:1 Controller#0.Resume:3 Controller#0.Start:1] totalActions:5] threads:[] witness:[[false false false false]]]
. Expected DISABLED
. Actual [str_value:"DISABLED"], len:1
    Action Link: Controller#0.Restart
    Found matching Source Link: src:39 dest:37 name:"Controller#0.Restart" weight:0.125 type:"action" 10:"\n\x14Controller#0.Restart\x12\n\"DISABLED\""
  End of Request 133, current nodeId: 37, node: map[channel_messages:map[] channels:map[] current:0 failedInvariants:<nil> name:yield returns:{"Controller#0.Restart":"DISABLED"} roles:[map[fields:map[attempts:3 current:1 fault:false generation:0 inspected:false phase:terminal proof:0 repair:0 repeats:2 reports: review:0 saved:2 status:BLOCKED] name:Controller params:map[] ref:0 ref_string:Controller#0]] state:map[controller:role Controller#0] stats:map[counts:map[Controller#0.Restart:2 Controller#0.Resume:2 Controller#0.Start:1] totalActions:5] threads:[] witness:[[false false false false]]]
. Expected DISABLED
. Actual [str_value:"DISABLED"], len:1
    Action Link: Controller#0.Review
    Found matching Source Link: src:37 dest:34 name:"Controller#0.Review" weight:0.125 type:"action" 10:"\n\x13Controller#0.Review\x12\n\"DISABLED\""
  End of Request 134, current nodeId: 34, node: map[channel_messages:map[] channels:map[] current:0 failedInvariants:<nil> name:yield returns:{"Controller#0.Review":"DISABLED"} roles:[map[fields:map[attempts:3 current:1 fault:false generation:0 inspected:false phase:terminal proof:0 repair:0 repeats:2 reports: review:0 saved:2 status:BLOCKED] name:Controller params:map[] ref:0 ref_string:Controller#0]] state:map[controller:role Controller#0] stats:map[counts:map[Controller#0.Restart:1 Controller#0.Resume:2 Controller#0.Review:1 Controller#0.Start:1] totalActions:5] threads:[] witness:[[false false false false]]]
. Expected DISABLED
. Actual [str_value:"DISABLED"], len:1
    Action Link: Controller#0.Overlap
    Found matching Source Link: src:34 dest:40 name:"Controller#0.Overlap" weight:0.125 type:"action" 10:"\n\x14Controller#0.Overlap\x12\n\"DISABLED\""
  End of Request 135, current nodeId: 40, node: map[channel_messages:map[] channels:map[] current:0 failedInvariants:<nil> name:yield returns:{"Controller#0.Overlap":"DISABLED"} roles:[map[fields:map[attempts:3 current:1 fault:false generation:0 inspected:false phase:terminal proof:0 repair:0 repeats:2 reports: review:0 saved:2 status:BLOCKED] name:Controller params:map[] ref:0 ref_string:Controller#0]] state:map[controller:role Controller#0] stats:map[counts:map[Controller#0.Overlap:1 Controller#0.Restart:1 Controller#0.Resume:2 Controller#0.Start:1] totalActions:5] threads:[] witness:[[false false false false]]]
. Expected DISABLED
. Actual [str_value:"DISABLED"], len:1
    Action Link: Controller#0.Restart
    Found matching Source Link: src:40 dest:37 name:"Controller#0.Restart" weight:0.125 type:"action" 10:"\n\x14Controller#0.Restart\x12\n\"DISABLED\""
  End of Request 136, current nodeId: 37, node: map[channel_messages:map[] channels:map[] current:0 failedInvariants:<nil> name:yield returns:{"Controller#0.Restart":"DISABLED"} roles:[map[fields:map[attempts:3 current:1 fault:false generation:0 inspected:false phase:terminal proof:0 repair:0 repeats:2 reports: review:0 saved:2 status:BLOCKED] name:Controller params:map[] ref:0 ref_string:Controller#0]] state:map[controller:role Controller#0] stats:map[counts:map[Controller#0.Restart:2 Controller#0.Resume:2 Controller#0.Start:1] totalActions:5] threads:[] witness:[[false false false false]]]
. Expected DISABLED
. Actual [str_value:"DISABLED"], len:1
    Action Link: Controller#0.Restart
    Found matching Source Link: src:37 dest:37 name:"Controller#0.Restart" weight:0.125 type:"action" 10:"\n\x14Controller#0.Restart\x12\n\"DISABLED\""
  End of Request 137, current nodeId: 37, node: map[channel_messages:map[] channels:map[] current:0 failedInvariants:<nil> name:yield returns:{"Controller#0.Restart":"DISABLED"} roles:[map[fields:map[attempts:3 current:1 fault:false generation:0 inspected:false phase:terminal proof:0 repair:0 repeats:2 reports: review:0 saved:2 status:BLOCKED] name:Controller params:map[] ref:0 ref_string:Controller#0]] state:map[controller:role Controller#0] stats:map[counts:map[Controller#0.Restart:2 Controller#0.Resume:2 Controller#0.Start:1] totalActions:5] threads:[] witness:[[false false false false]]]
. Expected DISABLED
. Actual [str_value:"DISABLED"], len:1
    Action Link: Controller#0.Restart
    Found matching Source Link: src:37 dest:37 name:"Controller#0.Restart" weight:0.125 type:"action" 10:"\n\x14Controller#0.Restart\x12\n\"DISABLED\""
  End of Request 138, current nodeId: 37, node: map[channel_messages:map[] channels:map[] current:0 failedInvariants:<nil> name:yield returns:{"Controller#0.Restart":"DISABLED"} roles:[map[fields:map[attempts:3 current:1 fault:false generation:0 inspected:false phase:terminal proof:0 repair:0 repeats:2 reports: review:0 saved:2 status:BLOCKED] name:Controller params:map[] ref:0 ref_string:Controller#0]] state:map[controller:role Controller#0] stats:map[counts:map[Controller#0.Restart:2 Controller#0.Resume:2 Controller#0.Start:1] totalActions:5] threads:[] witness:[[false false false false]]]
. Expected DISABLED
. Actual [str_value:"DISABLED"], len:1
    Action Link: Controller#0.Start
    Found matching Source Link: src:37 dest:33 name:"Controller#0.Start" weight:0.125 type:"action" 10:"\n\x12Controller#0.Start\x12\n\"DISABLED\""
  End of Request 139, current nodeId: 33, node: map[channel_messages:map[] channels:map[] current:0 failedInvariants:<nil> name:yield returns:{"Controller#0.Start":"DISABLED"} roles:[map[fields:map[attempts:3 current:1 fault:false generation:0 inspected:false phase:terminal proof:0 repair:0 repeats:2 reports: review:0 saved:2 status:BLOCKED] name:Controller params:map[] ref:0 ref_string:Controller#0]] state:map[controller:role Controller#0] stats:map[counts:map[Controller#0.Restart:1 Controller#0.Resume:2 Controller#0.Start:2] totalActions:5] threads:[] witness:[[false false false false]]]
. Expected DISABLED
. Actual [str_value:"DISABLED"], len:1
    Action Link: Controller#0.Proof
    Found matching Source Link: src:33 dest:35 name:"Controller#0.Proof" weight:0.125 type:"action" 10:"\n\x12Controller#0.Proof\x12\n\"DISABLED\""
  End of Request 140, current nodeId: 35, node: map[channel_messages:map[] channels:map[] current:0 failedInvariants:<nil> name:yield returns:{"Controller#0.Proof":"DISABLED"} roles:[map[fields:map[attempts:3 current:1 fault:false generation:0 inspected:false phase:terminal proof:0 repair:0 repeats:2 reports: review:0 saved:2 status:BLOCKED] name:Controller params:map[] ref:0 ref_string:Controller#0]] state:map[controller:role Controller#0] stats:map[counts:map[Controller#0.Proof:1 Controller#0.Restart:1 Controller#0.Resume:2 Controller#0.Start:1] totalActions:5] threads:[] witness:[[false false false false]]]
. Expected DISABLED
. Actual [str_value:"DISABLED"], len:1
    Action Link: Controller#0.Resume
    Found matching Source Link: src:35 dest:39 name:"Controller#0.Resume" weight:0.125 type:"action" 10:"\n\x13Controller#0.Resume\x12\n\"DISABLED\""
  End of Request 141, current nodeId: 39, node: map[channel_messages:map[] channels:map[] current:0 failedInvariants:<nil> name:yield returns:{"Controller#0.Resume":"DISABLED"} roles:[map[fields:map[attempts:3 current:1 fault:false generation:0 inspected:false phase:terminal proof:0 repair:0 repeats:2 reports: review:0 saved:2 status:BLOCKED] name:Controller params:map[] ref:0 ref_string:Controller#0]] state:map[controller:role Controller#0] stats:map[counts:map[Controller#0.Restart:1 Controller#0.Resume:3 Controller#0.Start:1] totalActions:5] threads:[] witness:[[false false false false]]]
. Expected DISABLED
. Actual [str_value:"DISABLED"], len:1
    Action Link: Controller#0.Review
    Found matching Source Link: src:39 dest:34 name:"Controller#0.Review" weight:0.125 type:"action" 10:"\n\x13Controller#0.Review\x12\n\"DISABLED\""
  End of Request 142, current nodeId: 34, node: map[channel_messages:map[] channels:map[] current:0 failedInvariants:<nil> name:yield returns:{"Controller#0.Review":"DISABLED"} roles:[map[fields:map[attempts:3 current:1 fault:false generation:0 inspected:false phase:terminal proof:0 repair:0 repeats:2 reports: review:0 saved:2 status:BLOCKED] name:Controller params:map[] ref:0 ref_string:Controller#0]] state:map[controller:role Controller#0] stats:map[counts:map[Controller#0.Restart:1 Controller#0.Resume:2 Controller#0.Review:1 Controller#0.Start:1] totalActions:5] threads:[] witness:[[false false false false]]]
. Expected DISABLED
. Actual [str_value:"DISABLED"], len:1
    Action Link: Controller#0.Review
    Found matching Source Link: src:34 dest:34 name:"Controller#0.Review" weight:0.125 type:"action" 10:"\n\x13Controller#0.Review\x12\n\"DISABLED\""
  End of Request 143, current nodeId: 34, node: map[channel_messages:map[] channels:map[] current:0 failedInvariants:<nil> name:yield returns:{"Controller#0.Review":"DISABLED"} roles:[map[fields:map[attempts:3 current:1 fault:false generation:0 inspected:false phase:terminal proof:0 repair:0 repeats:2 reports: review:0 saved:2 status:BLOCKED] name:Controller params:map[] ref:0 ref_string:Controller#0]] state:map[controller:role Controller#0] stats:map[counts:map[Controller#0.Restart:1 Controller#0.Resume:2 Controller#0.Review:1 Controller#0.Start:1] totalActions:5] threads:[] witness:[[false false false false]]]
. Expected DISABLED
. Actual [str_value:"DISABLED"], len:1
    Action Link: Controller#0.Corrupt
    Found matching Source Link: src:34 dest:36 name:"Controller#0.Corrupt" weight:0.125 type:"action" 10:"\n\x14Controller#0.Corrupt\x12\n\"DISABLED\""
  End of Request 144, current nodeId: 36, node: map[channel_messages:map[] channels:map[] current:0 failedInvariants:<nil> name:yield returns:{"Controller#0.Corrupt":"DISABLED"} roles:[map[fields:map[attempts:3 current:1 fault:false generation:0 inspected:false phase:terminal proof:0 repair:0 repeats:2 reports: review:0 saved:2 status:BLOCKED] name:Controller params:map[] ref:0 ref_string:Controller#0]] state:map[controller:role Controller#0] stats:map[counts:map[Controller#0.Corrupt:1 Controller#0.Restart:1 Controller#0.Resume:2 Controller#0.Start:1] totalActions:5] threads:[] witness:[[false false false false]]]
. Expected DISABLED
. Actual [str_value:"DISABLED"], len:1
    Action Link: Controller#0.Proof
    Found matching Source Link: src:36 dest:35 name:"Controller#0.Proof" weight:0.125 type:"action" 10:"\n\x12Controller#0.Proof\x12\n\"DISABLED\""
  End of Request 145, current nodeId: 35, node: map[channel_messages:map[] channels:map[] current:0 failedInvariants:<nil> name:yield returns:{"Controller#0.Proof":"DISABLED"} roles:[map[fields:map[attempts:3 current:1 fault:false generation:0 inspected:false phase:terminal proof:0 repair:0 repeats:2 reports: review:0 saved:2 status:BLOCKED] name:Controller params:map[] ref:0 ref_string:Controller#0]] state:map[controller:role Controller#0] stats:map[counts:map[Controller#0.Proof:1 Controller#0.Restart:1 Controller#0.Resume:2 Controller#0.Start:1] totalActions:5] threads:[] witness:[[false false false false]]]
. Expected DISABLED
. Actual [str_value:"DISABLED"], len:1
    Action Link: Controller#0.Restart
    Found matching Source Link: src:35 dest:37 name:"Controller#0.Restart" weight:0.125 type:"action" 10:"\n\x14Controller#0.Restart\x12\n\"DISABLED\""
  End of Request 146, current nodeId: 37, node: map[channel_messages:map[] channels:map[] current:0 failedInvariants:<nil> name:yield returns:{"Controller#0.Restart":"DISABLED"} roles:[map[fields:map[attempts:3 current:1 fault:false generation:0 inspected:false phase:terminal proof:0 repair:0 repeats:2 reports: review:0 saved:2 status:BLOCKED] name:Controller params:map[] ref:0 ref_string:Controller#0]] state:map[controller:role Controller#0] stats:map[counts:map[Controller#0.Restart:2 Controller#0.Resume:2 Controller#0.Start:1] totalActions:5] threads:[] witness:[[false false false false]]]
. Expected DISABLED
. Actual [str_value:"DISABLED"], len:1
    Action Link: Controller#0.Inspect
    Found matching Source Link: src:37 dest:38 name:"Controller#0.Inspect" weight:0.125 type:"action" 10:"\n\x14Controller#0.Inspect\x12\n\"DISABLED\""
  End of Request 147, current nodeId: 38, node: map[channel_messages:map[] channels:map[] current:0 failedInvariants:<nil> name:yield returns:{"Controller#0.Inspect":"DISABLED"} roles:[map[fields:map[attempts:3 current:1 fault:false generation:0 inspected:false phase:terminal proof:0 repair:0 repeats:2 reports: review:0 saved:2 status:BLOCKED] name:Controller params:map[] ref:0 ref_string:Controller#0]] state:map[controller:role Controller#0] stats:map[counts:map[Controller#0.Inspect:1 Controller#0.Restart:1 Controller#0.Resume:2 Controller#0.Start:1] totalActions:5] threads:[] witness:[[false false false false]]]
. Expected DISABLED
. Actual [str_value:"DISABLED"], len:1
    Action Link: Controller#0.Proof
    Found matching Source Link: src:38 dest:35 name:"Controller#0.Proof" weight:0.125 type:"action" 10:"\n\x12Controller#0.Proof\x12\n\"DISABLED\""
  End of Request 148, current nodeId: 35, node: map[channel_messages:map[] channels:map[] current:0 failedInvariants:<nil> name:yield returns:{"Controller#0.Proof":"DISABLED"} roles:[map[fields:map[attempts:3 current:1 fault:false generation:0 inspected:false phase:terminal proof:0 repair:0 repeats:2 reports: review:0 saved:2 status:BLOCKED] name:Controller params:map[] ref:0 ref_string:Controller#0]] state:map[controller:role Controller#0] stats:map[counts:map[Controller#0.Proof:1 Controller#0.Restart:1 Controller#0.Resume:2 Controller#0.Start:1] totalActions:5] threads:[] witness:[[false false false false]]]
. Expected DISABLED
. Actual [str_value:"DISABLED"], len:1
    Action Link: Controller#0.Restart
    Found matching Source Link: src:35 dest:37 name:"Controller#0.Restart" weight:0.125 type:"action" 10:"\n\x14Controller#0.Restart\x12\n\"DISABLED\""
  End of Request 149, current nodeId: 37, node: map[channel_messages:map[] channels:map[] current:0 failedInvariants:<nil> name:yield returns:{"Controller#0.Restart":"DISABLED"} roles:[map[fields:map[attempts:3 current:1 fault:false generation:0 inspected:false phase:terminal proof:0 repair:0 repeats:2 reports: review:0 saved:2 status:BLOCKED] name:Controller params:map[] ref:0 ref_string:Controller#0]] state:map[controller:role Controller#0] stats:map[counts:map[Controller#0.Restart:2 Controller#0.Resume:2 Controller#0.Start:1] totalActions:5] threads:[] witness:[[false false false false]]]
. Expected DISABLED
. Actual [str_value:"DISABLED"], len:1
    Action Link: Controller#0.Review
    Found matching Source Link: src:37 dest:34 name:"Controller#0.Review" weight:0.125 type:"action" 10:"\n\x13Controller#0.Review\x12\n\"DISABLED\""
  End of Request 150, current nodeId: 34, node: map[channel_messages:map[] channels:map[] current:0 failedInvariants:<nil> name:yield returns:{"Controller#0.Review":"DISABLED"} roles:[map[fields:map[attempts:3 current:1 fault:false generation:0 inspected:false phase:terminal proof:0 repair:0 repeats:2 reports: review:0 saved:2 status:BLOCKED] name:Controller params:map[] ref:0 ref_string:Controller#0]] state:map[controller:role Controller#0] stats:map[counts:map[Controller#0.Restart:1 Controller#0.Resume:2 Controller#0.Review:1 Controller#0.Start:1] totalActions:5] threads:[] witness:[[false false false false]]]
. Expected DISABLED
. Actual [str_value:"DISABLED"], len:1
    Action Link: Controller#0.Review
    Found matching Source Link: src:34 dest:34 name:"Controller#0.Review" weight:0.125 type:"action" 10:"\n\x13Controller#0.Review\x12\n\"DISABLED\""
  End of Request 151, current nodeId: 34, node: map[channel_messages:map[] channels:map[] current:0 failedInvariants:<nil> name:yield returns:{"Controller#0.Review":"DISABLED"} roles:[map[fields:map[attempts:3 current:1 fault:false generation:0 inspected:false phase:terminal proof:0 repair:0 repeats:2 reports: review:0 saved:2 status:BLOCKED] name:Controller params:map[] ref:0 ref_string:Controller#0]] state:map[controller:role Controller#0] stats:map[counts:map[Controller#0.Restart:1 Controller#0.Resume:2 Controller#0.Review:1 Controller#0.Start:1] totalActions:5] threads:[] witness:[[false false false false]]]
. Expected DISABLED
. Actual [str_value:"DISABLED"], len:1
    Action Link: Controller#0.Review
    Found matching Source Link: src:34 dest:34 name:"Controller#0.Review" weight:0.125 type:"action" 10:"\n\x13Controller#0.Review\x12\n\"DISABLED\""
  End of Request 152, current nodeId: 34, node: map[channel_messages:map[] channels:map[] current:0 failedInvariants:<nil> name:yield returns:{"Controller#0.Review":"DISABLED"} roles:[map[fields:map[attempts:3 current:1 fault:false generation:0 inspected:false phase:terminal proof:0 repair:0 repeats:2 reports: review:0 saved:2 status:BLOCKED] name:Controller params:map[] ref:0 ref_string:Controller#0]] state:map[controller:role Controller#0] stats:map[counts:map[Controller#0.Restart:1 Controller#0.Resume:2 Controller#0.Review:1 Controller#0.Start:1] totalActions:5] threads:[] witness:[[false false false false]]]
. Expected DISABLED
. Actual [str_value:"DISABLED"], len:1
    Action Link: Controller#0.Restart
    Found matching Source Link: src:34 dest:37 name:"Controller#0.Restart" weight:0.125 type:"action" 10:"\n\x14Controller#0.Restart\x12\n\"DISABLED\""
  End of Request 153, current nodeId: 37, node: map[channel_messages:map[] channels:map[] current:0 failedInvariants:<nil> name:yield returns:{"Controller#0.Restart":"DISABLED"} roles:[map[fields:map[attempts:3 current:1 fault:false generation:0 inspected:false phase:terminal proof:0 repair:0 repeats:2 reports: review:0 saved:2 status:BLOCKED] name:Controller params:map[] ref:0 ref_string:Controller#0]] state:map[controller:role Controller#0] stats:map[counts:map[Controller#0.Restart:2 Controller#0.Resume:2 Controller#0.Start:1] totalActions:5] threads:[] witness:[[false false false false]]]
. Expected DISABLED
. Actual [str_value:"DISABLED"], len:1
    Action Link: Controller#0.Resume
    Found matching Source Link: src:37 dest:39 name:"Controller#0.Resume" weight:0.125 type:"action" 10:"\n\x13Controller#0.Resume\x12\n\"DISABLED\""
  End of Request 154, current nodeId: 39, node: map[channel_messages:map[] channels:map[] current:0 failedInvariants:<nil> name:yield returns:{"Controller#0.Resume":"DISABLED"} roles:[map[fields:map[attempts:3 current:1 fault:false generation:0 inspected:false phase:terminal proof:0 repair:0 repeats:2 reports: review:0 saved:2 status:BLOCKED] name:Controller params:map[] ref:0 ref_string:Controller#0]] state:map[controller:role Controller#0] stats:map[counts:map[Controller#0.Restart:1 Controller#0.Resume:3 Controller#0.Start:1] totalActions:5] threads:[] witness:[[false false false false]]]
. Expected DISABLED
. Actual [str_value:"DISABLED"], len:1
    Action Link: Controller#0.Inspect
    Found matching Source Link: src:39 dest:38 name:"Controller#0.Inspect" weight:0.125 type:"action" 10:"\n\x14Controller#0.Inspect\x12\n\"DISABLED\""
  End of Request 155, current nodeId: 38, node: map[channel_messages:map[] channels:map[] current:0 failedInvariants:<nil> name:yield returns:{"Controller#0.Inspect":"DISABLED"} roles:[map[fields:map[attempts:3 current:1 fault:false generation:0 inspected:false phase:terminal proof:0 repair:0 repeats:2 reports: review:0 saved:2 status:BLOCKED] name:Controller params:map[] ref:0 ref_string:Controller#0]] state:map[controller:role Controller#0] stats:map[counts:map[Controller#0.Inspect:1 Controller#0.Restart:1 Controller#0.Resume:2 Controller#0.Start:1] totalActions:5] threads:[] witness:[[false false false false]]]
. Expected DISABLED
. Actual [str_value:"DISABLED"], len:1
    Action Link: Controller#0.Restart
    Found matching Source Link: src:38 dest:37 name:"Controller#0.Restart" weight:0.125 type:"action" 10:"\n\x14Controller#0.Restart\x12\n\"DISABLED\""
  End of Request 156, current nodeId: 37, node: map[channel_messages:map[] channels:map[] current:0 failedInvariants:<nil> name:yield returns:{"Controller#0.Restart":"DISABLED"} roles:[map[fields:map[attempts:3 current:1 fault:false generation:0 inspected:false phase:terminal proof:0 repair:0 repeats:2 reports: review:0 saved:2 status:BLOCKED] name:Controller params:map[] ref:0 ref_string:Controller#0]] state:map[controller:role Controller#0] stats:map[counts:map[Controller#0.Restart:2 Controller#0.Resume:2 Controller#0.Start:1] totalActions:5] threads:[] witness:[[false false false false]]]
. Expected DISABLED
. Actual [str_value:"DISABLED"], len:1
    Action Link: Controller#0.Proof
    Found matching Source Link: src:37 dest:35 name:"Controller#0.Proof" weight:0.125 type:"action" 10:"\n\x12Controller#0.Proof\x12\n\"DISABLED\""
  End of Request 157, current nodeId: 35, node: map[channel_messages:map[] channels:map[] current:0 failedInvariants:<nil> name:yield returns:{"Controller#0.Proof":"DISABLED"} roles:[map[fields:map[attempts:3 current:1 fault:false generation:0 inspected:false phase:terminal proof:0 repair:0 repeats:2 reports: review:0 saved:2 status:BLOCKED] name:Controller params:map[] ref:0 ref_string:Controller#0]] state:map[controller:role Controller#0] stats:map[counts:map[Controller#0.Proof:1 Controller#0.Restart:1 Controller#0.Resume:2 Controller#0.Start:1] totalActions:5] threads:[] witness:[[false false false false]]]
. Expected DISABLED
. Actual [str_value:"DISABLED"], len:1
    Action Link: Controller#0.Resume
    Found matching Source Link: src:35 dest:39 name:"Controller#0.Resume" weight:0.125 type:"action" 10:"\n\x13Controller#0.Resume\x12\n\"DISABLED\""
  End of Request 158, current nodeId: 39, node: map[channel_messages:map[] channels:map[] current:0 failedInvariants:<nil> name:yield returns:{"Controller#0.Resume":"DISABLED"} roles:[map[fields:map[attempts:3 current:1 fault:false generation:0 inspected:false phase:terminal proof:0 repair:0 repeats:2 reports: review:0 saved:2 status:BLOCKED] name:Controller params:map[] ref:0 ref_string:Controller#0]] state:map[controller:role Controller#0] stats:map[counts:map[Controller#0.Restart:1 Controller#0.Resume:3 Controller#0.Start:1] totalActions:5] threads:[] witness:[[false false false false]]]
. Expected DISABLED
. Actual [str_value:"DISABLED"], len:1
    Action Link: Controller#0.Inspect
    Found matching Source Link: src:39 dest:38 name:"Controller#0.Inspect" weight:0.125 type:"action" 10:"\n\x14Controller#0.Inspect\x12\n\"DISABLED\""
  End of Request 159, current nodeId: 38, node: map[channel_messages:map[] channels:map[] current:0 failedInvariants:<nil> name:yield returns:{"Controller#0.Inspect":"DISABLED"} roles:[map[fields:map[attempts:3 current:1 fault:false generation:0 inspected:false phase:terminal proof:0 repair:0 repeats:2 reports: review:0 saved:2 status:BLOCKED] name:Controller params:map[] ref:0 ref_string:Controller#0]] state:map[controller:role Controller#0] stats:map[counts:map[Controller#0.Inspect:1 Controller#0.Restart:1 Controller#0.Resume:2 Controller#0.Start:1] totalActions:5] threads:[] witness:[[false false false false]]]
. Expected DISABLED
. Actual [str_value:"DISABLED"], len:1
    Action Link: Controller#0.Proof
    Found matching Source Link: src:38 dest:35 name:"Controller#0.Proof" weight:0.125 type:"action" 10:"\n\x12Controller#0.Proof\x12\n\"DISABLED\""
  End of Request 160, current nodeId: 35, node: map[channel_messages:map[] channels:map[] current:0 failedInvariants:<nil> name:yield returns:{"Controller#0.Proof":"DISABLED"} roles:[map[fields:map[attempts:3 current:1 fault:false generation:0 inspected:false phase:terminal proof:0 repair:0 repeats:2 reports: review:0 saved:2 status:BLOCKED] name:Controller params:map[] ref:0 ref_string:Controller#0]] state:map[controller:role Controller#0] stats:map[counts:map[Controller#0.Proof:1 Controller#0.Restart:1 Controller#0.Resume:2 Controller#0.Start:1] totalActions:5] threads:[] witness:[[false false false false]]]
. Expected DISABLED
. Actual [str_value:"DISABLED"], len:1
    Action Link: Controller#0.Proof
    Found matching Source Link: src:35 dest:35 name:"Controller#0.Proof" weight:0.125 type:"action" 10:"\n\x12Controller#0.Proof\x12\n\"DISABLED\""
  End of Request 161, current nodeId: 35, node: map[channel_messages:map[] channels:map[] current:0 failedInvariants:<nil> name:yield returns:{"Controller#0.Proof":"DISABLED"} roles:[map[fields:map[attempts:3 current:1 fault:false generation:0 inspected:false phase:terminal proof:0 repair:0 repeats:2 reports: review:0 saved:2 status:BLOCKED] name:Controller params:map[] ref:0 ref_string:Controller#0]] state:map[controller:role Controller#0] stats:map[counts:map[Controller#0.Proof:1 Controller#0.Restart:1 Controller#0.Resume:2 Controller#0.Start:1] totalActions:5] threads:[] witness:[[false false false false]]]
. Expected DISABLED
. Actual [str_value:"DISABLED"], len:1
    Action Link: Controller#0.Restart
    Found matching Source Link: src:35 dest:37 name:"Controller#0.Restart" weight:0.125 type:"action" 10:"\n\x14Controller#0.Restart\x12\n\"DISABLED\""
  End of Request 162, current nodeId: 37, node: map[channel_messages:map[] channels:map[] current:0 failedInvariants:<nil> name:yield returns:{"Controller#0.Restart":"DISABLED"} roles:[map[fields:map[attempts:3 current:1 fault:false generation:0 inspected:false phase:terminal proof:0 repair:0 repeats:2 reports: review:0 saved:2 status:BLOCKED] name:Controller params:map[] ref:0 ref_string:Controller#0]] state:map[controller:role Controller#0] stats:map[counts:map[Controller#0.Restart:2 Controller#0.Resume:2 Controller#0.Start:1] totalActions:5] threads:[] witness:[[false false false false]]]
. Expected DISABLED
. Actual [str_value:"DISABLED"], len:1
    Action Link: Controller#0.Start
    Found matching Source Link: src:37 dest:33 name:"Controller#0.Start" weight:0.125 type:"action" 10:"\n\x12Controller#0.Start\x12\n\"DISABLED\""
  End of Request 163, current nodeId: 33, node: map[channel_messages:map[] channels:map[] current:0 failedInvariants:<nil> name:yield returns:{"Controller#0.Start":"DISABLED"} roles:[map[fields:map[attempts:3 current:1 fault:false generation:0 inspected:false phase:terminal proof:0 repair:0 repeats:2 reports: review:0 saved:2 status:BLOCKED] name:Controller params:map[] ref:0 ref_string:Controller#0]] state:map[controller:role Controller#0] stats:map[counts:map[Controller#0.Restart:1 Controller#0.Resume:2 Controller#0.Start:2] totalActions:5] threads:[] witness:[[false false false false]]]
. Expected DISABLED
. Actual [str_value:"DISABLED"], len:1
    Action Link: Controller#0.Restart
    Found matching Source Link: src:33 dest:37 name:"Controller#0.Restart" weight:0.125 type:"action" 10:"\n\x14Controller#0.Restart\x12\n\"DISABLED\""
  End of Request 164, current nodeId: 37, node: map[channel_messages:map[] channels:map[] current:0 failedInvariants:<nil> name:yield returns:{"Controller#0.Restart":"DISABLED"} roles:[map[fields:map[attempts:3 current:1 fault:false generation:0 inspected:false phase:terminal proof:0 repair:0 repeats:2 reports: review:0 saved:2 status:BLOCKED] name:Controller params:map[] ref:0 ref_string:Controller#0]] state:map[controller:role Controller#0] stats:map[counts:map[Controller#0.Restart:2 Controller#0.Resume:2 Controller#0.Start:1] totalActions:5] threads:[] witness:[[false false false false]]]
. Expected DISABLED
. Actual [str_value:"DISABLED"], len:1
    Action Link: Controller#0.Overlap
    Found matching Source Link: src:37 dest:40 name:"Controller#0.Overlap" weight:0.125 type:"action" 10:"\n\x14Controller#0.Overlap\x12\n\"DISABLED\""
  End of Request 165, current nodeId: 40, node: map[channel_messages:map[] channels:map[] current:0 failedInvariants:<nil> name:yield returns:{"Controller#0.Overlap":"DISABLED"} roles:[map[fields:map[attempts:3 current:1 fault:false generation:0 inspected:false phase:terminal proof:0 repair:0 repeats:2 reports: review:0 saved:2 status:BLOCKED] name:Controller params:map[] ref:0 ref_string:Controller#0]] state:map[controller:role Controller#0] stats:map[counts:map[Controller#0.Overlap:1 Controller#0.Restart:1 Controller#0.Resume:2 Controller#0.Start:1] totalActions:5] threads:[] witness:[[false false false false]]]
. Expected DISABLED
. Actual [str_value:"DISABLED"], len:1
    Action Link: Controller#0.Resume
    Found matching Source Link: src:40 dest:39 name:"Controller#0.Resume" weight:0.125 type:"action" 10:"\n\x13Controller#0.Resume\x12\n\"DISABLED\""
  End of Request 166, current nodeId: 39, node: map[channel_messages:map[] channels:map[] current:0 failedInvariants:<nil> name:yield returns:{"Controller#0.Resume":"DISABLED"} roles:[map[fields:map[attempts:3 current:1 fault:false generation:0 inspected:false phase:terminal proof:0 repair:0 repeats:2 reports: review:0 saved:2 status:BLOCKED] name:Controller params:map[] ref:0 ref_string:Controller#0]] state:map[controller:role Controller#0] stats:map[counts:map[Controller#0.Restart:1 Controller#0.Resume:3 Controller#0.Start:1] totalActions:5] threads:[] witness:[[false false false false]]]
. Expected DISABLED
. Actual [str_value:"DISABLED"], len:1
    Action Link: Controller#0.Restart
    Found matching Source Link: src:39 dest:37 name:"Controller#0.Restart" weight:0.125 type:"action" 10:"\n\x14Controller#0.Restart\x12\n\"DISABLED\""
  End of Request 167, current nodeId: 37, node: map[channel_messages:map[] channels:map[] current:0 failedInvariants:<nil> name:yield returns:{"Controller#0.Restart":"DISABLED"} roles:[map[fields:map[attempts:3 current:1 fault:false generation:0 inspected:false phase:terminal proof:0 repair:0 repeats:2 reports: review:0 saved:2 status:BLOCKED] name:Controller params:map[] ref:0 ref_string:Controller#0]] state:map[controller:role Controller#0] stats:map[counts:map[Controller#0.Restart:2 Controller#0.Resume:2 Controller#0.Start:1] totalActions:5] threads:[] witness:[[false false false false]]]
. Expected DISABLED
. Actual [str_value:"DISABLED"], len:1
    Action Link: Controller#0.Start
    Found matching Source Link: src:37 dest:33 name:"Controller#0.Start" weight:0.125 type:"action" 10:"\n\x12Controller#0.Start\x12\n\"DISABLED\""
  End of Request 168, current nodeId: 33, node: map[channel_messages:map[] channels:map[] current:0 failedInvariants:<nil> name:yield returns:{"Controller#0.Start":"DISABLED"} roles:[map[fields:map[attempts:3 current:1 fault:false generation:0 inspected:false phase:terminal proof:0 repair:0 repeats:2 reports: review:0 saved:2 status:BLOCKED] name:Controller params:map[] ref:0 ref_string:Controller#0]] state:map[controller:role Controller#0] stats:map[counts:map[Controller#0.Restart:1 Controller#0.Resume:2 Controller#0.Start:2] totalActions:5] threads:[] witness:[[false false false false]]]
. Expected DISABLED
. Actual [str_value:"DISABLED"], len:1
    Action Link: Controller#0.Proof
    Found matching Source Link: src:33 dest:35 name:"Controller#0.Proof" weight:0.125 type:"action" 10:"\n\x12Controller#0.Proof\x12\n\"DISABLED\""
  End of Request 169, current nodeId: 35, node: map[channel_messages:map[] channels:map[] current:0 failedInvariants:<nil> name:yield returns:{"Controller#0.Proof":"DISABLED"} roles:[map[fields:map[attempts:3 current:1 fault:false generation:0 inspected:false phase:terminal proof:0 repair:0 repeats:2 reports: review:0 saved:2 status:BLOCKED] name:Controller params:map[] ref:0 ref_string:Controller#0]] state:map[controller:role Controller#0] stats:map[counts:map[Controller#0.Proof:1 Controller#0.Restart:1 Controller#0.Resume:2 Controller#0.Start:1] totalActions:5] threads:[] witness:[[false false false false]]]
. Expected DISABLED
. Actual [str_value:"DISABLED"], len:1
    Action Link: Controller#0.Start
    Found matching Source Link: src:35 dest:33 name:"Controller#0.Start" weight:0.125 type:"action" 10:"\n\x12Controller#0.Start\x12\n\"DISABLED\""
  End of Request 170, current nodeId: 33, node: map[channel_messages:map[] channels:map[] current:0 failedInvariants:<nil> name:yield returns:{"Controller#0.Start":"DISABLED"} roles:[map[fields:map[attempts:3 current:1 fault:false generation:0 inspected:false phase:terminal proof:0 repair:0 repeats:2 reports: review:0 saved:2 status:BLOCKED] name:Controller params:map[] ref:0 ref_string:Controller#0]] state:map[controller:role Controller#0] stats:map[counts:map[Controller#0.Restart:1 Controller#0.Resume:2 Controller#0.Start:2] totalActions:5] threads:[] witness:[[false false false false]]]
. Expected DISABLED
. Actual [str_value:"DISABLED"], len:1
    Action Link: Controller#0.Corrupt
    Found matching Source Link: src:33 dest:36 name:"Controller#0.Corrupt" weight:0.125 type:"action" 10:"\n\x14Controller#0.Corrupt\x12\n\"DISABLED\""
  End of Request 171, current nodeId: 36, node: map[channel_messages:map[] channels:map[] current:0 failedInvariants:<nil> name:yield returns:{"Controller#0.Corrupt":"DISABLED"} roles:[map[fields:map[attempts:3 current:1 fault:false generation:0 inspected:false phase:terminal proof:0 repair:0 repeats:2 reports: review:0 saved:2 status:BLOCKED] name:Controller params:map[] ref:0 ref_string:Controller#0]] state:map[controller:role Controller#0] stats:map[counts:map[Controller#0.Corrupt:1 Controller#0.Restart:1 Controller#0.Resume:2 Controller#0.Start:1] totalActions:5] threads:[] witness:[[false false false false]]]
. Expected DISABLED
. Actual [str_value:"DISABLED"], len:1
    Action Link: Controller#0.Review
    Found matching Source Link: src:36 dest:34 name:"Controller#0.Review" weight:0.125 type:"action" 10:"\n\x13Controller#0.Review\x12\n\"DISABLED\""
  End of Request 172, current nodeId: 34, node: map[channel_messages:map[] channels:map[] current:0 failedInvariants:<nil> name:yield returns:{"Controller#0.Review":"DISABLED"} roles:[map[fields:map[attempts:3 current:1 fault:false generation:0 inspected:false phase:terminal proof:0 repair:0 repeats:2 reports: review:0 saved:2 status:BLOCKED] name:Controller params:map[] ref:0 ref_string:Controller#0]] state:map[controller:role Controller#0] stats:map[counts:map[Controller#0.Restart:1 Controller#0.Resume:2 Controller#0.Review:1 Controller#0.Start:1] totalActions:5] threads:[] witness:[[false false false false]]]
. Expected DISABLED
. Actual [str_value:"DISABLED"], len:1
    Action Link: Controller#0.Proof
    Found matching Source Link: src:34 dest:35 name:"Controller#0.Proof" weight:0.125 type:"action" 10:"\n\x12Controller#0.Proof\x12\n\"DISABLED\""
  End of Request 173, current nodeId: 35, node: map[channel_messages:map[] channels:map[] current:0 failedInvariants:<nil> name:yield returns:{"Controller#0.Proof":"DISABLED"} roles:[map[fields:map[attempts:3 current:1 fault:false generation:0 inspected:false phase:terminal proof:0 repair:0 repeats:2 reports: review:0 saved:2 status:BLOCKED] name:Controller params:map[] ref:0 ref_string:Controller#0]] state:map[controller:role Controller#0] stats:map[counts:map[Controller#0.Proof:1 Controller#0.Restart:1 Controller#0.Resume:2 Controller#0.Start:1] totalActions:5] threads:[] witness:[[false false false false]]]
. Expected DISABLED
. Actual [str_value:"DISABLED"], len:1
    Action Link: Controller#0.Review
    Found matching Source Link: src:35 dest:34 name:"Controller#0.Review" weight:0.125 type:"action" 10:"\n\x13Controller#0.Review\x12\n\"DISABLED\""
  End of Request 174, current nodeId: 34, node: map[channel_messages:map[] channels:map[] current:0 failedInvariants:<nil> name:yield returns:{"Controller#0.Review":"DISABLED"} roles:[map[fields:map[attempts:3 current:1 fault:false generation:0 inspected:false phase:terminal proof:0 repair:0 repeats:2 reports: review:0 saved:2 status:BLOCKED] name:Controller params:map[] ref:0 ref_string:Controller#0]] state:map[controller:role Controller#0] stats:map[counts:map[Controller#0.Restart:1 Controller#0.Resume:2 Controller#0.Review:1 Controller#0.Start:1] totalActions:5] threads:[] witness:[[false false false false]]]
. Expected DISABLED
. Actual [str_value:"DISABLED"], len:1
    Action Link: Controller#0.Inspect
    Found matching Source Link: src:34 dest:38 name:"Controller#0.Inspect" weight:0.125 type:"action" 10:"\n\x14Controller#0.Inspect\x12\n\"DISABLED\""
  End of Request 175, current nodeId: 38, node: map[channel_messages:map[] channels:map[] current:0 failedInvariants:<nil> name:yield returns:{"Controller#0.Inspect":"DISABLED"} roles:[map[fields:map[attempts:3 current:1 fault:false generation:0 inspected:false phase:terminal proof:0 repair:0 repeats:2 reports: review:0 saved:2 status:BLOCKED] name:Controller params:map[] ref:0 ref_string:Controller#0]] state:map[controller:role Controller#0] stats:map[counts:map[Controller#0.Inspect:1 Controller#0.Restart:1 Controller#0.Resume:2 Controller#0.Start:1] totalActions:5] threads:[] witness:[[false false false false]]]
. Expected DISABLED
. Actual [str_value:"DISABLED"], len:1
    Action Link: Controller#0.Inspect
    Found matching Source Link: src:38 dest:38 name:"Controller#0.Inspect" weight:0.125 type:"action" 10:"\n\x14Controller#0.Inspect\x12\n\"DISABLED\""
  End of Request 176, current nodeId: 38, node: map[channel_messages:map[] channels:map[] current:0 failedInvariants:<nil> name:yield returns:{"Controller#0.Inspect":"DISABLED"} roles:[map[fields:map[attempts:3 current:1 fault:false generation:0 inspected:false phase:terminal proof:0 repair:0 repeats:2 reports: review:0 saved:2 status:BLOCKED] name:Controller params:map[] ref:0 ref_string:Controller#0]] state:map[controller:role Controller#0] stats:map[counts:map[Controller#0.Inspect:1 Controller#0.Restart:1 Controller#0.Resume:2 Controller#0.Start:1] totalActions:5] threads:[] witness:[[false false false false]]]
. Expected DISABLED
. Actual [str_value:"DISABLED"], len:1
    Action Link: Controller#0.Restart
    Found matching Source Link: src:38 dest:37 name:"Controller#0.Restart" weight:0.125 type:"action" 10:"\n\x14Controller#0.Restart\x12\n\"DISABLED\""
  End of Request 177, current nodeId: 37, node: map[channel_messages:map[] channels:map[] current:0 failedInvariants:<nil> name:yield returns:{"Controller#0.Restart":"DISABLED"} roles:[map[fields:map[attempts:3 current:1 fault:false generation:0 inspected:false phase:terminal proof:0 repair:0 repeats:2 reports: review:0 saved:2 status:BLOCKED] name:Controller params:map[] ref:0 ref_string:Controller#0]] state:map[controller:role Controller#0] stats:map[counts:map[Controller#0.Restart:2 Controller#0.Resume:2 Controller#0.Start:1] totalActions:5] threads:[] witness:[[false false false false]]]
. Expected DISABLED
. Actual [str_value:"DISABLED"], len:1
    Action Link: Controller#0.Restart
    Found matching Source Link: src:37 dest:37 name:"Controller#0.Restart" weight:0.125 type:"action" 10:"\n\x14Controller#0.Restart\x12\n\"DISABLED\""
  End of Request 178, current nodeId: 37, node: map[channel_messages:map[] channels:map[] current:0 failedInvariants:<nil> name:yield returns:{"Controller#0.Restart":"DISABLED"} roles:[map[fields:map[attempts:3 current:1 fault:false generation:0 inspected:false phase:terminal proof:0 repair:0 repeats:2 reports: review:0 saved:2 status:BLOCKED] name:Controller params:map[] ref:0 ref_string:Controller#0]] state:map[controller:role Controller#0] stats:map[counts:map[Controller#0.Restart:2 Controller#0.Resume:2 Controller#0.Start:1] totalActions:5] threads:[] witness:[[false false false false]]]
. Expected DISABLED
. Actual [str_value:"DISABLED"], len:1
    Action Link: Controller#0.Corrupt
    Found matching Source Link: src:37 dest:36 name:"Controller#0.Corrupt" weight:0.125 type:"action" 10:"\n\x14Controller#0.Corrupt\x12\n\"DISABLED\""
  End of Request 179, current nodeId: 36, node: map[channel_messages:map[] channels:map[] current:0 failedInvariants:<nil> name:yield returns:{"Controller#0.Corrupt":"DISABLED"} roles:[map[fields:map[attempts:3 current:1 fault:false generation:0 inspected:false phase:terminal proof:0 repair:0 repeats:2 reports: review:0 saved:2 status:BLOCKED] name:Controller params:map[] ref:0 ref_string:Controller#0]] state:map[controller:role Controller#0] stats:map[counts:map[Controller#0.Corrupt:1 Controller#0.Restart:1 Controller#0.Resume:2 Controller#0.Start:1] totalActions:5] threads:[] witness:[[false false false false]]]
. Expected DISABLED
. Actual [str_value:"DISABLED"], len:1
    Action Link: Controller#0.Proof
    Found matching Source Link: src:36 dest:35 name:"Controller#0.Proof" weight:0.125 type:"action" 10:"\n\x12Controller#0.Proof\x12\n\"DISABLED\""
  End of Request 180, current nodeId: 35, node: map[channel_messages:map[] channels:map[] current:0 failedInvariants:<nil> name:yield returns:{"Controller#0.Proof":"DISABLED"} roles:[map[fields:map[attempts:3 current:1 fault:false generation:0 inspected:false phase:terminal proof:0 repair:0 repeats:2 reports: review:0 saved:2 status:BLOCKED] name:Controller params:map[] ref:0 ref_string:Controller#0]] state:map[controller:role Controller#0] stats:map[counts:map[Controller#0.Proof:1 Controller#0.Restart:1 Controller#0.Resume:2 Controller#0.Start:1] totalActions:5] threads:[] witness:[[false false false false]]]
. Expected DISABLED
. Actual [str_value:"DISABLED"], len:1
    Action Link: Controller#0.Resume
    Found matching Source Link: src:35 dest:39 name:"Controller#0.Resume" weight:0.125 type:"action" 10:"\n\x13Controller#0.Resume\x12\n\"DISABLED\""
  End of Request 181, current nodeId: 39, node: map[channel_messages:map[] channels:map[] current:0 failedInvariants:<nil> name:yield returns:{"Controller#0.Resume":"DISABLED"} roles:[map[fields:map[attempts:3 current:1 fault:false generation:0 inspected:false phase:terminal proof:0 repair:0 repeats:2 reports: review:0 saved:2 status:BLOCKED] name:Controller params:map[] ref:0 ref_string:Controller#0]] state:map[controller:role Controller#0] stats:map[counts:map[Controller#0.Restart:1 Controller#0.Resume:3 Controller#0.Start:1] totalActions:5] threads:[] witness:[[false false false false]]]
. Expected DISABLED
. Actual [str_value:"DISABLED"], len:1
    Action Link: Controller#0.Proof
    Found matching Source Link: src:39 dest:35 name:"Controller#0.Proof" weight:0.125 type:"action" 10:"\n\x12Controller#0.Proof\x12\n\"DISABLED\""
  End of Request 182, current nodeId: 35, node: map[channel_messages:map[] channels:map[] current:0 failedInvariants:<nil> name:yield returns:{"Controller#0.Proof":"DISABLED"} roles:[map[fields:map[attempts:3 current:1 fault:false generation:0 inspected:false phase:terminal proof:0 repair:0 repeats:2 reports: review:0 saved:2 status:BLOCKED] name:Controller params:map[] ref:0 ref_string:Controller#0]] state:map[controller:role Controller#0] stats:map[counts:map[Controller#0.Proof:1 Controller#0.Restart:1 Controller#0.Resume:2 Controller#0.Start:1] totalActions:5] threads:[] witness:[[false false false false]]]
. Expected DISABLED
. Actual [str_value:"DISABLED"], len:1
    Action Link: Controller#0.Start
    Found matching Source Link: src:35 dest:33 name:"Controller#0.Start" weight:0.125 type:"action" 10:"\n\x12Controller#0.Start\x12\n\"DISABLED\""
  End of Request 183, current nodeId: 33, node: map[channel_messages:map[] channels:map[] current:0 failedInvariants:<nil> name:yield returns:{"Controller#0.Start":"DISABLED"} roles:[map[fields:map[attempts:3 current:1 fault:false generation:0 inspected:false phase:terminal proof:0 repair:0 repeats:2 reports: review:0 saved:2 status:BLOCKED] name:Controller params:map[] ref:0 ref_string:Controller#0]] state:map[controller:role Controller#0] stats:map[counts:map[Controller#0.Restart:1 Controller#0.Resume:2 Controller#0.Start:2] totalActions:5] threads:[] witness:[[false false false false]]]
. Expected DISABLED
. Actual [str_value:"DISABLED"], len:1
    Action Link: Controller#0.Resume
    Found matching Source Link: src:33 dest:39 name:"Controller#0.Resume" weight:0.125 type:"action" 10:"\n\x13Controller#0.Resume\x12\n\"DISABLED\""
  End of Request 184, current nodeId: 39, node: map[channel_messages:map[] channels:map[] current:0 failedInvariants:<nil> name:yield returns:{"Controller#0.Resume":"DISABLED"} roles:[map[fields:map[attempts:3 current:1 fault:false generation:0 inspected:false phase:terminal proof:0 repair:0 repeats:2 reports: review:0 saved:2 status:BLOCKED] name:Controller params:map[] ref:0 ref_string:Controller#0]] state:map[controller:role Controller#0] stats:map[counts:map[Controller#0.Restart:1 Controller#0.Resume:3 Controller#0.Start:1] totalActions:5] threads:[] witness:[[false false false false]]]
. Expected DISABLED
. Actual [str_value:"DISABLED"], len:1
    Action Link: Controller#0.Start
    Found matching Source Link: src:39 dest:33 name:"Controller#0.Start" weight:0.125 type:"action" 10:"\n\x12Controller#0.Start\x12\n\"DISABLED\""
  End of Request 185, current nodeId: 33, node: map[channel_messages:map[] channels:map[] current:0 failedInvariants:<nil> name:yield returns:{"Controller#0.Start":"DISABLED"} roles:[map[fields:map[attempts:3 current:1 fault:false generation:0 inspected:false phase:terminal proof:0 repair:0 repeats:2 reports: review:0 saved:2 status:BLOCKED] name:Controller params:map[] ref:0 ref_string:Controller#0]] state:map[controller:role Controller#0] stats:map[counts:map[Controller#0.Restart:1 Controller#0.Resume:2 Controller#0.Start:2] totalActions:5] threads:[] witness:[[false false false false]]]
. Expected DISABLED
. Actual [str_value:"DISABLED"], len:1
    Action Link: Controller#0.Inspect
    Found matching Source Link: src:33 dest:38 name:"Controller#0.Inspect" weight:0.125 type:"action" 10:"\n\x14Controller#0.Inspect\x12\n\"DISABLED\""
  End of Request 186, current nodeId: 38, node: map[channel_messages:map[] channels:map[] current:0 failedInvariants:<nil> name:yield returns:{"Controller#0.Inspect":"DISABLED"} roles:[map[fields:map[attempts:3 current:1 fault:false generation:0 inspected:false phase:terminal proof:0 repair:0 repeats:2 reports: review:0 saved:2 status:BLOCKED] name:Controller params:map[] ref:0 ref_string:Controller#0]] state:map[controller:role Controller#0] stats:map[counts:map[Controller#0.Inspect:1 Controller#0.Restart:1 Controller#0.Resume:2 Controller#0.Start:1] totalActions:5] threads:[] witness:[[false false false false]]]
. Expected DISABLED
. Actual [str_value:"DISABLED"], len:1
    Action Link: Controller#0.Inspect
    Found matching Source Link: src:38 dest:38 name:"Controller#0.Inspect" weight:0.125 type:"action" 10:"\n\x14Controller#0.Inspect\x12\n\"DISABLED\""
  End of Request 187, current nodeId: 38, node: map[channel_messages:map[] channels:map[] current:0 failedInvariants:<nil> name:yield returns:{"Controller#0.Inspect":"DISABLED"} roles:[map[fields:map[attempts:3 current:1 fault:false generation:0 inspected:false phase:terminal proof:0 repair:0 repeats:2 reports: review:0 saved:2 status:BLOCKED] name:Controller params:map[] ref:0 ref_string:Controller#0]] state:map[controller:role Controller#0] stats:map[counts:map[Controller#0.Inspect:1 Controller#0.Restart:1 Controller#0.Resume:2 Controller#0.Start:1] totalActions:5] threads:[] witness:[[false false false false]]]
. Expected DISABLED
. Actual [str_value:"DISABLED"], len:1
    Action Link: Controller#0.Inspect
    Found matching Source Link: src:38 dest:38 name:"Controller#0.Inspect" weight:0.125 type:"action" 10:"\n\x14Controller#0.Inspect\x12\n\"DISABLED\""
  End of Request 188, current nodeId: 38, node: map[channel_messages:map[] channels:map[] current:0 failedInvariants:<nil> name:yield returns:{"Controller#0.Inspect":"DISABLED"} roles:[map[fields:map[attempts:3 current:1 fault:false generation:0 inspected:false phase:terminal proof:0 repair:0 repeats:2 reports: review:0 saved:2 status:BLOCKED] name:Controller params:map[] ref:0 ref_string:Controller#0]] state:map[controller:role Controller#0] stats:map[counts:map[Controller#0.Inspect:1 Controller#0.Restart:1 Controller#0.Resume:2 Controller#0.Start:1] totalActions:5] threads:[] witness:[[false false false false]]]
. Expected DISABLED
. Actual [str_value:"DISABLED"], len:1
    Action Link: Controller#0.Overlap
    Found matching Source Link: src:38 dest:40 name:"Controller#0.Overlap" weight:0.125 type:"action" 10:"\n\x14Controller#0.Overlap\x12\n\"DISABLED\""
  End of Request 189, current nodeId: 40, node: map[channel_messages:map[] channels:map[] current:0 failedInvariants:<nil> name:yield returns:{"Controller#0.Overlap":"DISABLED"} roles:[map[fields:map[attempts:3 current:1 fault:false generation:0 inspected:false phase:terminal proof:0 repair:0 repeats:2 reports: review:0 saved:2 status:BLOCKED] name:Controller params:map[] ref:0 ref_string:Controller#0]] state:map[controller:role Controller#0] stats:map[counts:map[Controller#0.Overlap:1 Controller#0.Restart:1 Controller#0.Resume:2 Controller#0.Start:1] totalActions:5] threads:[] witness:[[false false false false]]]
. Expected DISABLED
. Actual [str_value:"DISABLED"], len:1
    Action Link: Controller#0.Proof
    Found matching Source Link: src:40 dest:35 name:"Controller#0.Proof" weight:0.125 type:"action" 10:"\n\x12Controller#0.Proof\x12\n\"DISABLED\""
  End of Request 190, current nodeId: 35, node: map[channel_messages:map[] channels:map[] current:0 failedInvariants:<nil> name:yield returns:{"Controller#0.Proof":"DISABLED"} roles:[map[fields:map[attempts:3 current:1 fault:false generation:0 inspected:false phase:terminal proof:0 repair:0 repeats:2 reports: review:0 saved:2 status:BLOCKED] name:Controller params:map[] ref:0 ref_string:Controller#0]] state:map[controller:role Controller#0] stats:map[counts:map[Controller#0.Proof:1 Controller#0.Restart:1 Controller#0.Resume:2 Controller#0.Start:1] totalActions:5] threads:[] witness:[[false false false false]]]
. Expected DISABLED
. Actual [str_value:"DISABLED"], len:1
    Action Link: Controller#0.Inspect
    Found matching Source Link: src:35 dest:38 name:"Controller#0.Inspect" weight:0.125 type:"action" 10:"\n\x14Controller#0.Inspect\x12\n\"DISABLED\""
  End of Request 191, current nodeId: 38, node: map[channel_messages:map[] channels:map[] current:0 failedInvariants:<nil> name:yield returns:{"Controller#0.Inspect":"DISABLED"} roles:[map[fields:map[attempts:3 current:1 fault:false generation:0 inspected:false phase:terminal proof:0 repair:0 repeats:2 reports: review:0 saved:2 status:BLOCKED] name:Controller params:map[] ref:0 ref_string:Controller#0]] state:map[controller:role Controller#0] stats:map[counts:map[Controller#0.Inspect:1 Controller#0.Restart:1 Controller#0.Resume:2 Controller#0.Start:1] totalActions:5] threads:[] witness:[[false false false false]]]
. Expected DISABLED
. Actual [str_value:"DISABLED"], len:1
    Action Link: Controller#0.Resume
    Found matching Source Link: src:38 dest:39 name:"Controller#0.Resume" weight:0.125 type:"action" 10:"\n\x13Controller#0.Resume\x12\n\"DISABLED\""
  End of Request 192, current nodeId: 39, node: map[channel_messages:map[] channels:map[] current:0 failedInvariants:<nil> name:yield returns:{"Controller#0.Resume":"DISABLED"} roles:[map[fields:map[attempts:3 current:1 fault:false generation:0 inspected:false phase:terminal proof:0 repair:0 repeats:2 reports: review:0 saved:2 status:BLOCKED] name:Controller params:map[] ref:0 ref_string:Controller#0]] state:map[controller:role Controller#0] stats:map[counts:map[Controller#0.Restart:1 Controller#0.Resume:3 Controller#0.Start:1] totalActions:5] threads:[] witness:[[false false false false]]]
. Expected DISABLED
. Actual [str_value:"DISABLED"], len:1
    Action Link: Controller#0.Corrupt
    Found matching Source Link: src:39 dest:36 name:"Controller#0.Corrupt" weight:0.125 type:"action" 10:"\n\x14Controller#0.Corrupt\x12\n\"DISABLED\""
  End of Request 193, current nodeId: 36, node: map[channel_messages:map[] channels:map[] current:0 failedInvariants:<nil> name:yield returns:{"Controller#0.Corrupt":"DISABLED"} roles:[map[fields:map[attempts:3 current:1 fault:false generation:0 inspected:false phase:terminal proof:0 repair:0 repeats:2 reports: review:0 saved:2 status:BLOCKED] name:Controller params:map[] ref:0 ref_string:Controller#0]] state:map[controller:role Controller#0] stats:map[counts:map[Controller#0.Corrupt:1 Controller#0.Restart:1 Controller#0.Resume:2 Controller#0.Start:1] totalActions:5] threads:[] witness:[[false false false false]]]
. Expected DISABLED
. Actual [str_value:"DISABLED"], len:1
    Action Link: Controller#0.Restart
    Found matching Source Link: src:36 dest:37 name:"Controller#0.Restart" weight:0.125 type:"action" 10:"\n\x14Controller#0.Restart\x12\n\"DISABLED\""
  End of Request 194, current nodeId: 37, node: map[channel_messages:map[] channels:map[] current:0 failedInvariants:<nil> name:yield returns:{"Controller#0.Restart":"DISABLED"} roles:[map[fields:map[attempts:3 current:1 fault:false generation:0 inspected:false phase:terminal proof:0 repair:0 repeats:2 reports: review:0 saved:2 status:BLOCKED] name:Controller params:map[] ref:0 ref_string:Controller#0]] state:map[controller:role Controller#0] stats:map[counts:map[Controller#0.Restart:2 Controller#0.Resume:2 Controller#0.Start:1] totalActions:5] threads:[] witness:[[false false false false]]]
. Expected DISABLED
. Actual [str_value:"DISABLED"], len:1
    Action Link: Controller#0.Review
    Found matching Source Link: src:37 dest:34 name:"Controller#0.Review" weight:0.125 type:"action" 10:"\n\x13Controller#0.Review\x12\n\"DISABLED\""
  End of Request 195, current nodeId: 34, node: map[channel_messages:map[] channels:map[] current:0 failedInvariants:<nil> name:yield returns:{"Controller#0.Review":"DISABLED"} roles:[map[fields:map[attempts:3 current:1 fault:false generation:0 inspected:false phase:terminal proof:0 repair:0 repeats:2 reports: review:0 saved:2 status:BLOCKED] name:Controller params:map[] ref:0 ref_string:Controller#0]] state:map[controller:role Controller#0] stats:map[counts:map[Controller#0.Restart:1 Controller#0.Resume:2 Controller#0.Review:1 Controller#0.Start:1] totalActions:5] threads:[] witness:[[false false false false]]]
. Expected DISABLED
. Actual [str_value:"DISABLED"], len:1
    Action Link: Controller#0.Start
    Found matching Source Link: src:34 dest:33 name:"Controller#0.Start" weight:0.125 type:"action" 10:"\n\x12Controller#0.Start\x12\n\"DISABLED\""
  End of Request 196, current nodeId: 33, node: map[channel_messages:map[] channels:map[] current:0 failedInvariants:<nil> name:yield returns:{"Controller#0.Start":"DISABLED"} roles:[map[fields:map[attempts:3 current:1 fault:false generation:0 inspected:false phase:terminal proof:0 repair:0 repeats:2 reports: review:0 saved:2 status:BLOCKED] name:Controller params:map[] ref:0 ref_string:Controller#0]] state:map[controller:role Controller#0] stats:map[counts:map[Controller#0.Restart:1 Controller#0.Resume:2 Controller#0.Start:2] totalActions:5] threads:[] witness:[[false false false false]]]
. Expected DISABLED
. Actual [str_value:"DISABLED"], len:1
    Action Link: Controller#0.Proof
    Found matching Source Link: src:33 dest:35 name:"Controller#0.Proof" weight:0.125 type:"action" 10:"\n\x12Controller#0.Proof\x12\n\"DISABLED\""
  End of Request 197, current nodeId: 35, node: map[channel_messages:map[] channels:map[] current:0 failedInvariants:<nil> name:yield returns:{"Controller#0.Proof":"DISABLED"} roles:[map[fields:map[attempts:3 current:1 fault:false generation:0 inspected:false phase:terminal proof:0 repair:0 repeats:2 reports: review:0 saved:2 status:BLOCKED] name:Controller params:map[] ref:0 ref_string:Controller#0]] state:map[controller:role Controller#0] stats:map[counts:map[Controller#0.Proof:1 Controller#0.Restart:1 Controller#0.Resume:2 Controller#0.Start:1] totalActions:5] threads:[] witness:[[false false false false]]]
. Expected DISABLED
. Actual [str_value:"DISABLED"], len:1
    Action Link: Controller#0.Resume
    Found matching Source Link: src:35 dest:39 name:"Controller#0.Resume" weight:0.125 type:"action" 10:"\n\x13Controller#0.Resume\x12\n\"DISABLED\""
  End of Request 198, current nodeId: 39, node: map[channel_messages:map[] channels:map[] current:0 failedInvariants:<nil> name:yield returns:{"Controller#0.Resume":"DISABLED"} roles:[map[fields:map[attempts:3 current:1 fault:false generation:0 inspected:false phase:terminal proof:0 repair:0 repeats:2 reports: review:0 saved:2 status:BLOCKED] name:Controller params:map[] ref:0 ref_string:Controller#0]] state:map[controller:role Controller#0] stats:map[counts:map[Controller#0.Restart:1 Controller#0.Resume:3 Controller#0.Start:1] totalActions:5] threads:[] witness:[[false false false false]]]
. Expected DISABLED
. Actual [str_value:"DISABLED"], len:1
    Action Link: Controller#0.Review
    Found matching Source Link: src:39 dest:34 name:"Controller#0.Review" weight:0.125 type:"action" 10:"\n\x13Controller#0.Review\x12\n\"DISABLED\""
  End of Request 199, current nodeId: 34, node: map[channel_messages:map[] channels:map[] current:0 failedInvariants:<nil> name:yield returns:{"Controller#0.Review":"DISABLED"} roles:[map[fields:map[attempts:3 current:1 fault:false generation:0 inspected:false phase:terminal proof:0 repair:0 repeats:2 reports: review:0 saved:2 status:BLOCKED] name:Controller params:map[] ref:0 ref_string:Controller#0]] state:map[controller:role Controller#0] stats:map[counts:map[Controller#0.Restart:1 Controller#0.Resume:2 Controller#0.Review:1 Controller#0.Start:1] totalActions:5] threads:[] witness:[[false false false false]]]
. Expected DISABLED
. Actual [str_value:"DISABLED"], len:1
    Action Link: Controller#0.Corrupt
    Found matching Source Link: src:34 dest:36 name:"Controller#0.Corrupt" weight:0.125 type:"action" 10:"\n\x14Controller#0.Corrupt\x12\n\"DISABLED\""
  End of Request 200, current nodeId: 36, node: map[channel_messages:map[] channels:map[] current:0 failedInvariants:<nil> name:yield returns:{"Controller#0.Corrupt":"DISABLED"} roles:[map[fields:map[attempts:3 current:1 fault:false generation:0 inspected:false phase:terminal proof:0 repair:0 repeats:2 reports: review:0 saved:2 status:BLOCKED] name:Controller params:map[] ref:0 ref_string:Controller#0]] state:map[controller:role Controller#0] stats:map[counts:map[Controller#0.Corrupt:1 Controller#0.Restart:1 Controller#0.Resume:2 Controller#0.Start:1] totalActions:5] threads:[] witness:[[false false false false]]]
. Expected DISABLED
. Actual [str_value:"DISABLED"], len:1
    Action Link: Controller#0.Inspect
    Found matching Source Link: src:36 dest:38 name:"Controller#0.Inspect" weight:0.125 type:"action" 10:"\n\x14Controller#0.Inspect\x12\n\"DISABLED\""
  End of Request 201, current nodeId: 38, node: map[channel_messages:map[] channels:map[] current:0 failedInvariants:<nil> name:yield returns:{"Controller#0.Inspect":"DISABLED"} roles:[map[fields:map[attempts:3 current:1 fault:false generation:0 inspected:false phase:terminal proof:0 repair:0 repeats:2 reports: review:0 saved:2 status:BLOCKED] name:Controller params:map[] ref:0 ref_string:Controller#0]] state:map[controller:role Controller#0] stats:map[counts:map[Controller#0.Inspect:1 Controller#0.Restart:1 Controller#0.Resume:2 Controller#0.Start:1] totalActions:5] threads:[] witness:[[false false false false]]]
. Expected DISABLED
. Actual [str_value:"DISABLED"], len:1
    Action Link: Controller#0.Overlap
    Found matching Source Link: src:38 dest:40 name:"Controller#0.Overlap" weight:0.125 type:"action" 10:"\n\x14Controller#0.Overlap\x12\n\"DISABLED\""
  End of Request 202, current nodeId: 40, node: map[channel_messages:map[] channels:map[] current:0 failedInvariants:<nil> name:yield returns:{"Controller#0.Overlap":"DISABLED"} roles:[map[fields:map[attempts:3 current:1 fault:false generation:0 inspected:false phase:terminal proof:0 repair:0 repeats:2 reports: review:0 saved:2 status:BLOCKED] name:Controller params:map[] ref:0 ref_string:Controller#0]] state:map[controller:role Controller#0] stats:map[counts:map[Controller#0.Overlap:1 Controller#0.Restart:1 Controller#0.Resume:2 Controller#0.Start:1] totalActions:5] threads:[] witness:[[false false false false]]]
. Expected DISABLED
. Actual [str_value:"DISABLED"], len:1
    Action Link: Controller#0.Review
    Found matching Source Link: src:40 dest:34 name:"Controller#0.Review" weight:0.125 type:"action" 10:"\n\x13Controller#0.Review\x12\n\"DISABLED\""
  End of Request 203, current nodeId: 34, node: map[channel_messages:map[] channels:map[] current:0 failedInvariants:<nil> name:yield returns:{"Controller#0.Review":"DISABLED"} roles:[map[fields:map[attempts:3 current:1 fault:false generation:0 inspected:false phase:terminal proof:0 repair:0 repeats:2 reports: review:0 saved:2 status:BLOCKED] name:Controller params:map[] ref:0 ref_string:Controller#0]] state:map[controller:role Controller#0] stats:map[counts:map[Controller#0.Restart:1 Controller#0.Resume:2 Controller#0.Review:1 Controller#0.Start:1] totalActions:5] threads:[] witness:[[false false false false]]]
. Expected DISABLED
. Actual [str_value:"DISABLED"], len:1
    Action Link: Controller#0.Restart
    Found matching Source Link: src:34 dest:37 name:"Controller#0.Restart" weight:0.125 type:"action" 10:"\n\x14Controller#0.Restart\x12\n\"DISABLED\""
  End of Request 204, current nodeId: 37, node: map[channel_messages:map[] channels:map[] current:0 failedInvariants:<nil> name:yield returns:{"Controller#0.Restart":"DISABLED"} roles:[map[fields:map[attempts:3 current:1 fault:false generation:0 inspected:false phase:terminal proof:0 repair:0 repeats:2 reports: review:0 saved:2 status:BLOCKED] name:Controller params:map[] ref:0 ref_string:Controller#0]] state:map[controller:role Controller#0] stats:map[counts:map[Controller#0.Restart:2 Controller#0.Resume:2 Controller#0.Start:1] totalActions:5] threads:[] witness:[[false false false false]]]
. Expected DISABLED
. Actual [str_value:"DISABLED"], len:1
    Action Link: Controller#0.Start
    Found matching Source Link: src:37 dest:33 name:"Controller#0.Start" weight:0.125 type:"action" 10:"\n\x12Controller#0.Start\x12\n\"DISABLED\""
  End of Request 205, current nodeId: 33, node: map[channel_messages:map[] channels:map[] current:0 failedInvariants:<nil> name:yield returns:{"Controller#0.Start":"DISABLED"} roles:[map[fields:map[attempts:3 current:1 fault:false generation:0 inspected:false phase:terminal proof:0 repair:0 repeats:2 reports: review:0 saved:2 status:BLOCKED] name:Controller params:map[] ref:0 ref_string:Controller#0]] state:map[controller:role Controller#0] stats:map[counts:map[Controller#0.Restart:1 Controller#0.Resume:2 Controller#0.Start:2] totalActions:5] threads:[] witness:[[false false false false]]]
. Expected DISABLED
. Actual [str_value:"DISABLED"], len:1
    Action Link: Controller#0.Overlap
    Found matching Source Link: src:33 dest:40 name:"Controller#0.Overlap" weight:0.125 type:"action" 10:"\n\x14Controller#0.Overlap\x12\n\"DISABLED\""
  End of Request 206, current nodeId: 40, node: map[channel_messages:map[] channels:map[] current:0 failedInvariants:<nil> name:yield returns:{"Controller#0.Overlap":"DISABLED"} roles:[map[fields:map[attempts:3 current:1 fault:false generation:0 inspected:false phase:terminal proof:0 repair:0 repeats:2 reports: review:0 saved:2 status:BLOCKED] name:Controller params:map[] ref:0 ref_string:Controller#0]] state:map[controller:role Controller#0] stats:map[counts:map[Controller#0.Overlap:1 Controller#0.Restart:1 Controller#0.Resume:2 Controller#0.Start:1] totalActions:5] threads:[] witness:[[false false false false]]]
. Expected DISABLED
. Actual [str_value:"DISABLED"], len:1
    Action Link: Controller#0.Overlap
    Found matching Source Link: src:40 dest:40 name:"Controller#0.Overlap" weight:0.125 type:"action" 10:"\n\x14Controller#0.Overlap\x12\n\"DISABLED\""
  End of Request 207, current nodeId: 40, node: map[channel_messages:map[] channels:map[] current:0 failedInvariants:<nil> name:yield returns:{"Controller#0.Overlap":"DISABLED"} roles:[map[fields:map[attempts:3 current:1 fault:false generation:0 inspected:false phase:terminal proof:0 repair:0 repeats:2 reports: review:0 saved:2 status:BLOCKED] name:Controller params:map[] ref:0 ref_string:Controller#0]] state:map[controller:role Controller#0] stats:map[counts:map[Controller#0.Overlap:1 Controller#0.Restart:1 Controller#0.Resume:2 Controller#0.Start:1] totalActions:5] threads:[] witness:[[false false false false]]]
. Expected DISABLED
. Actual [str_value:"DISABLED"], len:1
    Action Link: Controller#0.Inspect
    Found matching Source Link: src:40 dest:38 name:"Controller#0.Inspect" weight:0.125 type:"action" 10:"\n\x14Controller#0.Inspect\x12\n\"DISABLED\""
  End of Request 208, current nodeId: 38, node: map[channel_messages:map[] channels:map[] current:0 failedInvariants:<nil> name:yield returns:{"Controller#0.Inspect":"DISABLED"} roles:[map[fields:map[attempts:3 current:1 fault:false generation:0 inspected:false phase:terminal proof:0 repair:0 repeats:2 reports: review:0 saved:2 status:BLOCKED] name:Controller params:map[] ref:0 ref_string:Controller#0]] state:map[controller:role Controller#0] stats:map[counts:map[Controller#0.Inspect:1 Controller#0.Restart:1 Controller#0.Resume:2 Controller#0.Start:1] totalActions:5] threads:[] witness:[[false false false false]]]
. Expected DISABLED
. Actual [str_value:"DISABLED"], len:1
    Action Link: Controller#0.Review
    Found matching Source Link: src:38 dest:34 name:"Controller#0.Review" weight:0.125 type:"action" 10:"\n\x13Controller#0.Review\x12\n\"DISABLED\""
  End of Request 209, current nodeId: 34, node: map[channel_messages:map[] channels:map[] current:0 failedInvariants:<nil> name:yield returns:{"Controller#0.Review":"DISABLED"} roles:[map[fields:map[attempts:3 current:1 fault:false generation:0 inspected:false phase:terminal proof:0 repair:0 repeats:2 reports: review:0 saved:2 status:BLOCKED] name:Controller params:map[] ref:0 ref_string:Controller#0]] state:map[controller:role Controller#0] stats:map[counts:map[Controller#0.Restart:1 Controller#0.Resume:2 Controller#0.Review:1 Controller#0.Start:1] totalActions:5] threads:[] witness:[[false false false false]]]
. Expected DISABLED
. Actual [str_value:"DISABLED"], len:1
    Action Link: Controller#0.Overlap
    Found matching Source Link: src:34 dest:40 name:"Controller#0.Overlap" weight:0.125 type:"action" 10:"\n\x14Controller#0.Overlap\x12\n\"DISABLED\""
  End of Request 210, current nodeId: 40, node: map[channel_messages:map[] channels:map[] current:0 failedInvariants:<nil> name:yield returns:{"Controller#0.Overlap":"DISABLED"} roles:[map[fields:map[attempts:3 current:1 fault:false generation:0 inspected:false phase:terminal proof:0 repair:0 repeats:2 reports: review:0 saved:2 status:BLOCKED] name:Controller params:map[] ref:0 ref_string:Controller#0]] state:map[controller:role Controller#0] stats:map[counts:map[Controller#0.Overlap:1 Controller#0.Restart:1 Controller#0.Resume:2 Controller#0.Start:1] totalActions:5] threads:[] witness:[[false false false false]]]
. Expected DISABLED
. Actual [str_value:"DISABLED"], len:1
    Action Link: Controller#0.Inspect
    Found matching Source Link: src:40 dest:38 name:"Controller#0.Inspect" weight:0.125 type:"action" 10:"\n\x14Controller#0.Inspect\x12\n\"DISABLED\""
  End of Request 211, current nodeId: 38, node: map[channel_messages:map[] channels:map[] current:0 failedInvariants:<nil> name:yield returns:{"Controller#0.Inspect":"DISABLED"} roles:[map[fields:map[attempts:3 current:1 fault:false generation:0 inspected:false phase:terminal proof:0 repair:0 repeats:2 reports: review:0 saved:2 status:BLOCKED] name:Controller params:map[] ref:0 ref_string:Controller#0]] state:map[controller:role Controller#0] stats:map[counts:map[Controller#0.Inspect:1 Controller#0.Restart:1 Controller#0.Resume:2 Controller#0.Start:1] totalActions:5] threads:[] witness:[[false false false false]]]
. Expected DISABLED
. Actual [str_value:"DISABLED"], len:1
    Action Link: Controller#0.Proof
    Found matching Source Link: src:38 dest:35 name:"Controller#0.Proof" weight:0.125 type:"action" 10:"\n\x12Controller#0.Proof\x12\n\"DISABLED\""
  End of Request 212, current nodeId: 35, node: map[channel_messages:map[] channels:map[] current:0 failedInvariants:<nil> name:yield returns:{"Controller#0.Proof":"DISABLED"} roles:[map[fields:map[attempts:3 current:1 fault:false generation:0 inspected:false phase:terminal proof:0 repair:0 repeats:2 reports: review:0 saved:2 status:BLOCKED] name:Controller params:map[] ref:0 ref_string:Controller#0]] state:map[controller:role Controller#0] stats:map[counts:map[Controller#0.Proof:1 Controller#0.Restart:1 Controller#0.Resume:2 Controller#0.Start:1] totalActions:5] threads:[] witness:[[false false false false]]]
. Expected DISABLED
. Actual [str_value:"DISABLED"], len:1
    Action Link: Controller#0.Restart
    Found matching Source Link: src:35 dest:37 name:"Controller#0.Restart" weight:0.125 type:"action" 10:"\n\x14Controller#0.Restart\x12\n\"DISABLED\""
  End of Request 213, current nodeId: 37, node: map[channel_messages:map[] channels:map[] current:0 failedInvariants:<nil> name:yield returns:{"Controller#0.Restart":"DISABLED"} roles:[map[fields:map[attempts:3 current:1 fault:false generation:0 inspected:false phase:terminal proof:0 repair:0 repeats:2 reports: review:0 saved:2 status:BLOCKED] name:Controller params:map[] ref:0 ref_string:Controller#0]] state:map[controller:role Controller#0] stats:map[counts:map[Controller#0.Restart:2 Controller#0.Resume:2 Controller#0.Start:1] totalActions:5] threads:[] witness:[[false false false false]]]
. Expected DISABLED
. Actual [str_value:"DISABLED"], len:1
    Action Link: Controller#0.Start
    Found matching Source Link: src:37 dest:33 name:"Controller#0.Start" weight:0.125 type:"action" 10:"\n\x12Controller#0.Start\x12\n\"DISABLED\""
  End of Request 214, current nodeId: 33, node: map[channel_messages:map[] channels:map[] current:0 failedInvariants:<nil> name:yield returns:{"Controller#0.Start":"DISABLED"} roles:[map[fields:map[attempts:3 current:1 fault:false generation:0 inspected:false phase:terminal proof:0 repair:0 repeats:2 reports: review:0 saved:2 status:BLOCKED] name:Controller params:map[] ref:0 ref_string:Controller#0]] state:map[controller:role Controller#0] stats:map[counts:map[Controller#0.Restart:1 Controller#0.Resume:2 Controller#0.Start:2] totalActions:5] threads:[] witness:[[false false false false]]]
. Expected DISABLED
. Actual [str_value:"DISABLED"], len:1
    Action Link: Controller#0.Inspect
    Found matching Source Link: src:33 dest:38 name:"Controller#0.Inspect" weight:0.125 type:"action" 10:"\n\x14Controller#0.Inspect\x12\n\"DISABLED\""
  End of Request 215, current nodeId: 38, node: map[channel_messages:map[] channels:map[] current:0 failedInvariants:<nil> name:yield returns:{"Controller#0.Inspect":"DISABLED"} roles:[map[fields:map[attempts:3 current:1 fault:false generation:0 inspected:false phase:terminal proof:0 repair:0 repeats:2 reports: review:0 saved:2 status:BLOCKED] name:Controller params:map[] ref:0 ref_string:Controller#0]] state:map[controller:role Controller#0] stats:map[counts:map[Controller#0.Inspect:1 Controller#0.Restart:1 Controller#0.Resume:2 Controller#0.Start:1] totalActions:5] threads:[] witness:[[false false false false]]]
. Expected DISABLED
. Actual [str_value:"DISABLED"], len:1
    Action Link: Controller#0.Corrupt
    Found matching Source Link: src:38 dest:36 name:"Controller#0.Corrupt" weight:0.125 type:"action" 10:"\n\x14Controller#0.Corrupt\x12\n\"DISABLED\""
  End of Request 216, current nodeId: 36, node: map[channel_messages:map[] channels:map[] current:0 failedInvariants:<nil> name:yield returns:{"Controller#0.Corrupt":"DISABLED"} roles:[map[fields:map[attempts:3 current:1 fault:false generation:0 inspected:false phase:terminal proof:0 repair:0 repeats:2 reports: review:0 saved:2 status:BLOCKED] name:Controller params:map[] ref:0 ref_string:Controller#0]] state:map[controller:role Controller#0] stats:map[counts:map[Controller#0.Corrupt:1 Controller#0.Restart:1 Controller#0.Resume:2 Controller#0.Start:1] totalActions:5] threads:[] witness:[[false false false false]]]
. Expected DISABLED
. Actual [str_value:"DISABLED"], len:1
    Action Link: Controller#0.Overlap
    Found matching Source Link: src:36 dest:40 name:"Controller#0.Overlap" weight:0.125 type:"action" 10:"\n\x14Controller#0.Overlap\x12\n\"DISABLED\""
  End of Request 217, current nodeId: 40, node: map[channel_messages:map[] channels:map[] current:0 failedInvariants:<nil> name:yield returns:{"Controller#0.Overlap":"DISABLED"} roles:[map[fields:map[attempts:3 current:1 fault:false generation:0 inspected:false phase:terminal proof:0 repair:0 repeats:2 reports: review:0 saved:2 status:BLOCKED] name:Controller params:map[] ref:0 ref_string:Controller#0]] state:map[controller:role Controller#0] stats:map[counts:map[Controller#0.Overlap:1 Controller#0.Restart:1 Controller#0.Resume:2 Controller#0.Start:1] totalActions:5] threads:[] witness:[[false false false false]]]
. Expected DISABLED
. Actual [str_value:"DISABLED"], len:1
    Action Link: Controller#0.Review
    Found matching Source Link: src:40 dest:34 name:"Controller#0.Review" weight:0.125 type:"action" 10:"\n\x13Controller#0.Review\x12\n\"DISABLED\""
  End of Request 218, current nodeId: 34, node: map[channel_messages:map[] channels:map[] current:0 failedInvariants:<nil> name:yield returns:{"Controller#0.Review":"DISABLED"} roles:[map[fields:map[attempts:3 current:1 fault:false generation:0 inspected:false phase:terminal proof:0 repair:0 repeats:2 reports: review:0 saved:2 status:BLOCKED] name:Controller params:map[] ref:0 ref_string:Controller#0]] state:map[controller:role Controller#0] stats:map[counts:map[Controller#0.Restart:1 Controller#0.Resume:2 Controller#0.Review:1 Controller#0.Start:1] totalActions:5] threads:[] witness:[[false false false false]]]
. Expected DISABLED
. Actual [str_value:"DISABLED"], len:1
    Action Link: Controller#0.Resume
    Found matching Source Link: src:34 dest:39 name:"Controller#0.Resume" weight:0.125 type:"action" 10:"\n\x13Controller#0.Resume\x12\n\"DISABLED\""
  End of Request 219, current nodeId: 39, node: map[channel_messages:map[] channels:map[] current:0 failedInvariants:<nil> name:yield returns:{"Controller#0.Resume":"DISABLED"} roles:[map[fields:map[attempts:3 current:1 fault:false generation:0 inspected:false phase:terminal proof:0 repair:0 repeats:2 reports: review:0 saved:2 status:BLOCKED] name:Controller params:map[] ref:0 ref_string:Controller#0]] state:map[controller:role Controller#0] stats:map[counts:map[Controller#0.Restart:1 Controller#0.Resume:3 Controller#0.Start:1] totalActions:5] threads:[] witness:[[false false false false]]]
. Expected DISABLED
. Actual [str_value:"DISABLED"], len:1
    Action Link: Controller#0.Restart
    Found matching Source Link: src:39 dest:37 name:"Controller#0.Restart" weight:0.125 type:"action" 10:"\n\x14Controller#0.Restart\x12\n\"DISABLED\""
  End of Request 220, current nodeId: 37, node: map[channel_messages:map[] channels:map[] current:0 failedInvariants:<nil> name:yield returns:{"Controller#0.Restart":"DISABLED"} roles:[map[fields:map[attempts:3 current:1 fault:false generation:0 inspected:false phase:terminal proof:0 repair:0 repeats:2 reports: review:0 saved:2 status:BLOCKED] name:Controller params:map[] ref:0 ref_string:Controller#0]] state:map[controller:role Controller#0] stats:map[counts:map[Controller#0.Restart:2 Controller#0.Resume:2 Controller#0.Start:1] totalActions:5] threads:[] witness:[[false false false false]]]
. Expected DISABLED
. Actual [str_value:"DISABLED"], len:1
    Action Link: Controller#0.Start
    Found matching Source Link: src:37 dest:33 name:"Controller#0.Start" weight:0.125 type:"action" 10:"\n\x12Controller#0.Start\x12\n\"DISABLED\""
  End of Request 221, current nodeId: 33, node: map[channel_messages:map[] channels:map[] current:0 failedInvariants:<nil> name:yield returns:{"Controller#0.Start":"DISABLED"} roles:[map[fields:map[attempts:3 current:1 fault:false generation:0 inspected:false phase:terminal proof:0 repair:0 repeats:2 reports: review:0 saved:2 status:BLOCKED] name:Controller params:map[] ref:0 ref_string:Controller#0]] state:map[controller:role Controller#0] stats:map[counts:map[Controller#0.Restart:1 Controller#0.Resume:2 Controller#0.Start:2] totalActions:5] threads:[] witness:[[false false false false]]]
. Expected DISABLED
. Actual [str_value:"DISABLED"], len:1
    Action Link: Controller#0.Restart
    Found matching Source Link: src:33 dest:37 name:"Controller#0.Restart" weight:0.125 type:"action" 10:"\n\x14Controller#0.Restart\x12\n\"DISABLED\""
  End of Request 222, current nodeId: 37, node: map[channel_messages:map[] channels:map[] current:0 failedInvariants:<nil> name:yield returns:{"Controller#0.Restart":"DISABLED"} roles:[map[fields:map[attempts:3 current:1 fault:false generation:0 inspected:false phase:terminal proof:0 repair:0 repeats:2 reports: review:0 saved:2 status:BLOCKED] name:Controller params:map[] ref:0 ref_string:Controller#0]] state:map[controller:role Controller#0] stats:map[counts:map[Controller#0.Restart:2 Controller#0.Resume:2 Controller#0.Start:1] totalActions:5] threads:[] witness:[[false false false false]]]
. Expected DISABLED
. Actual [str_value:"DISABLED"], len:1
    Action Link: Controller#0.Inspect
    Found matching Source Link: src:37 dest:38 name:"Controller#0.Inspect" weight:0.125 type:"action" 10:"\n\x14Controller#0.Inspect\x12\n\"DISABLED\""
  End of Request 223, current nodeId: 38, node: map[channel_messages:map[] channels:map[] current:0 failedInvariants:<nil> name:yield returns:{"Controller#0.Inspect":"DISABLED"} roles:[map[fields:map[attempts:3 current:1 fault:false generation:0 inspected:false phase:terminal proof:0 repair:0 repeats:2 reports: review:0 saved:2 status:BLOCKED] name:Controller params:map[] ref:0 ref_string:Controller#0]] state:map[controller:role Controller#0] stats:map[counts:map[Controller#0.Inspect:1 Controller#0.Restart:1 Controller#0.Resume:2 Controller#0.Start:1] totalActions:5] threads:[] witness:[[false false false false]]]
. Expected DISABLED
. Actual [str_value:"DISABLED"], len:1
    Action Link: Controller#0.Resume
    Found matching Source Link: src:38 dest:39 name:"Controller#0.Resume" weight:0.125 type:"action" 10:"\n\x13Controller#0.Resume\x12\n\"DISABLED\""
  End of Request 224, current nodeId: 39, node: map[channel_messages:map[] channels:map[] current:0 failedInvariants:<nil> name:yield returns:{"Controller#0.Resume":"DISABLED"} roles:[map[fields:map[attempts:3 current:1 fault:false generation:0 inspected:false phase:terminal proof:0 repair:0 repeats:2 reports: review:0 saved:2 status:BLOCKED] name:Controller params:map[] ref:0 ref_string:Controller#0]] state:map[controller:role Controller#0] stats:map[counts:map[Controller#0.Restart:1 Controller#0.Resume:3 Controller#0.Start:1] totalActions:5] threads:[] witness:[[false false false false]]]
. Expected DISABLED
. Actual [str_value:"DISABLED"], len:1
    Action Link: Controller#0.Start
    Found matching Source Link: src:39 dest:33 name:"Controller#0.Start" weight:0.125 type:"action" 10:"\n\x12Controller#0.Start\x12\n\"DISABLED\""
  End of Request 225, current nodeId: 33, node: map[channel_messages:map[] channels:map[] current:0 failedInvariants:<nil> name:yield returns:{"Controller#0.Start":"DISABLED"} roles:[map[fields:map[attempts:3 current:1 fault:false generation:0 inspected:false phase:terminal proof:0 repair:0 repeats:2 reports: review:0 saved:2 status:BLOCKED] name:Controller params:map[] ref:0 ref_string:Controller#0]] state:map[controller:role Controller#0] stats:map[counts:map[Controller#0.Restart:1 Controller#0.Resume:2 Controller#0.Start:2] totalActions:5] threads:[] witness:[[false false false false]]]
. Expected DISABLED
. Actual [str_value:"DISABLED"], len:1
    Action Link: Controller#0.Inspect
    Found matching Source Link: src:33 dest:38 name:"Controller#0.Inspect" weight:0.125 type:"action" 10:"\n\x14Controller#0.Inspect\x12\n\"DISABLED\""
  End of Request 226, current nodeId: 38, node: map[channel_messages:map[] channels:map[] current:0 failedInvariants:<nil> name:yield returns:{"Controller#0.Inspect":"DISABLED"} roles:[map[fields:map[attempts:3 current:1 fault:false generation:0 inspected:false phase:terminal proof:0 repair:0 repeats:2 reports: review:0 saved:2 status:BLOCKED] name:Controller params:map[] ref:0 ref_string:Controller#0]] state:map[controller:role Controller#0] stats:map[counts:map[Controller#0.Inspect:1 Controller#0.Restart:1 Controller#0.Resume:2 Controller#0.Start:1] totalActions:5] threads:[] witness:[[false false false false]]]
. Expected DISABLED
. Actual [str_value:"DISABLED"], len:1
    Action Link: Controller#0.Overlap
    Found matching Source Link: src:38 dest:40 name:"Controller#0.Overlap" weight:0.125 type:"action" 10:"\n\x14Controller#0.Overlap\x12\n\"DISABLED\""
  End of Request 227, current nodeId: 40, node: map[channel_messages:map[] channels:map[] current:0 failedInvariants:<nil> name:yield returns:{"Controller#0.Overlap":"DISABLED"} roles:[map[fields:map[attempts:3 current:1 fault:false generation:0 inspected:false phase:terminal proof:0 repair:0 repeats:2 reports: review:0 saved:2 status:BLOCKED] name:Controller params:map[] ref:0 ref_string:Controller#0]] state:map[controller:role Controller#0] stats:map[counts:map[Controller#0.Overlap:1 Controller#0.Restart:1 Controller#0.Resume:2 Controller#0.Start:1] totalActions:5] threads:[] witness:[[false false false false]]]
. Expected DISABLED
. Actual [str_value:"DISABLED"], len:1
    Action Link: Controller#0.Corrupt
    Found matching Source Link: src:40 dest:36 name:"Controller#0.Corrupt" weight:0.125 type:"action" 10:"\n\x14Controller#0.Corrupt\x12\n\"DISABLED\""
  End of Request 228, current nodeId: 36, node: map[channel_messages:map[] channels:map[] current:0 failedInvariants:<nil> name:yield returns:{"Controller#0.Corrupt":"DISABLED"} roles:[map[fields:map[attempts:3 current:1 fault:false generation:0 inspected:false phase:terminal proof:0 repair:0 repeats:2 reports: review:0 saved:2 status:BLOCKED] name:Controller params:map[] ref:0 ref_string:Controller#0]] state:map[controller:role Controller#0] stats:map[counts:map[Controller#0.Corrupt:1 Controller#0.Restart:1 Controller#0.Resume:2 Controller#0.Start:1] totalActions:5] threads:[] witness:[[false false false false]]]
. Expected DISABLED
. Actual [str_value:"DISABLED"], len:1
    Action Link: Controller#0.Corrupt
    Found matching Source Link: src:36 dest:36 name:"Controller#0.Corrupt" weight:0.125 type:"action" 10:"\n\x14Controller#0.Corrupt\x12\n\"DISABLED\""
  End of Request 229, current nodeId: 36, node: map[channel_messages:map[] channels:map[] current:0 failedInvariants:<nil> name:yield returns:{"Controller#0.Corrupt":"DISABLED"} roles:[map[fields:map[attempts:3 current:1 fault:false generation:0 inspected:false phase:terminal proof:0 repair:0 repeats:2 reports: review:0 saved:2 status:BLOCKED] name:Controller params:map[] ref:0 ref_string:Controller#0]] state:map[controller:role Controller#0] stats:map[counts:map[Controller#0.Corrupt:1 Controller#0.Restart:1 Controller#0.Resume:2 Controller#0.Start:1] totalActions:5] threads:[] witness:[[false false false false]]]
. Expected DISABLED
. Actual [str_value:"DISABLED"], len:1
    Action Link: Controller#0.Corrupt
    Found matching Source Link: src:36 dest:36 name:"Controller#0.Corrupt" weight:0.125 type:"action" 10:"\n\x14Controller#0.Corrupt\x12\n\"DISABLED\""
  End of Request 230, current nodeId: 36, node: map[channel_messages:map[] channels:map[] current:0 failedInvariants:<nil> name:yield returns:{"Controller#0.Corrupt":"DISABLED"} roles:[map[fields:map[attempts:3 current:1 fault:false generation:0 inspected:false phase:terminal proof:0 repair:0 repeats:2 reports: review:0 saved:2 status:BLOCKED] name:Controller params:map[] ref:0 ref_string:Controller#0]] state:map[controller:role Controller#0] stats:map[counts:map[Controller#0.Corrupt:1 Controller#0.Restart:1 Controller#0.Resume:2 Controller#0.Start:1] totalActions:5] threads:[] witness:[[false false false false]]]
. Expected DISABLED
. Actual [str_value:"DISABLED"], len:1
    Action Link: Controller#0.Restart
    Found matching Source Link: src:36 dest:37 name:"Controller#0.Restart" weight:0.125 type:"action" 10:"\n\x14Controller#0.Restart\x12\n\"DISABLED\""
  End of Request 231, current nodeId: 37, node: map[channel_messages:map[] channels:map[] current:0 failedInvariants:<nil> name:yield returns:{"Controller#0.Restart":"DISABLED"} roles:[map[fields:map[attempts:3 current:1 fault:false generation:0 inspected:false phase:terminal proof:0 repair:0 repeats:2 reports: review:0 saved:2 status:BLOCKED] name:Controller params:map[] ref:0 ref_string:Controller#0]] state:map[controller:role Controller#0] stats:map[counts:map[Controller#0.Restart:2 Controller#0.Resume:2 Controller#0.Start:1] totalActions:5] threads:[] witness:[[false false false false]]]
. Expected DISABLED
. Actual [str_value:"DISABLED"], len:1
    Action Link: Controller#0.Resume
    Found matching Source Link: src:37 dest:39 name:"Controller#0.Resume" weight:0.125 type:"action" 10:"\n\x13Controller#0.Resume\x12\n\"DISABLED\""
  End of Request 232, current nodeId: 39, node: map[channel_messages:map[] channels:map[] current:0 failedInvariants:<nil> name:yield returns:{"Controller#0.Resume":"DISABLED"} roles:[map[fields:map[attempts:3 current:1 fault:false generation:0 inspected:false phase:terminal proof:0 repair:0 repeats:2 reports: review:0 saved:2 status:BLOCKED] name:Controller params:map[] ref:0 ref_string:Controller#0]] state:map[controller:role Controller#0] stats:map[counts:map[Controller#0.Restart:1 Controller#0.Resume:3 Controller#0.Start:1] totalActions:5] threads:[] witness:[[false false false false]]]
. Expected DISABLED
. Actual [str_value:"DISABLED"], len:1
    Action Link: Controller#0.Corrupt
    Found matching Source Link: src:39 dest:36 name:"Controller#0.Corrupt" weight:0.125 type:"action" 10:"\n\x14Controller#0.Corrupt\x12\n\"DISABLED\""
  End of Request 233, current nodeId: 36, node: map[channel_messages:map[] channels:map[] current:0 failedInvariants:<nil> name:yield returns:{"Controller#0.Corrupt":"DISABLED"} roles:[map[fields:map[attempts:3 current:1 fault:false generation:0 inspected:false phase:terminal proof:0 repair:0 repeats:2 reports: review:0 saved:2 status:BLOCKED] name:Controller params:map[] ref:0 ref_string:Controller#0]] state:map[controller:role Controller#0] stats:map[counts:map[Controller#0.Corrupt:1 Controller#0.Restart:1 Controller#0.Resume:2 Controller#0.Start:1] totalActions:5] threads:[] witness:[[false false false false]]]
. Expected DISABLED
. Actual [str_value:"DISABLED"], len:1
    Action Link: Controller#0.Start
    Found matching Source Link: src:36 dest:33 name:"Controller#0.Start" weight:0.125 type:"action" 10:"\n\x12Controller#0.Start\x12\n\"DISABLED\""
  End of Request 234, current nodeId: 33, node: map[channel_messages:map[] channels:map[] current:0 failedInvariants:<nil> name:yield returns:{"Controller#0.Start":"DISABLED"} roles:[map[fields:map[attempts:3 current:1 fault:false generation:0 inspected:false phase:terminal proof:0 repair:0 repeats:2 reports: review:0 saved:2 status:BLOCKED] name:Controller params:map[] ref:0 ref_string:Controller#0]] state:map[controller:role Controller#0] stats:map[counts:map[Controller#0.Restart:1 Controller#0.Resume:2 Controller#0.Start:2] totalActions:5] threads:[] witness:[[false false false false]]]
. Expected DISABLED
. Actual [str_value:"DISABLED"], len:1
    Action Link: Controller#0.Proof
    Found matching Source Link: src:33 dest:35 name:"Controller#0.Proof" weight:0.125 type:"action" 10:"\n\x12Controller#0.Proof\x12\n\"DISABLED\""
  End of Request 235, current nodeId: 35, node: map[channel_messages:map[] channels:map[] current:0 failedInvariants:<nil> name:yield returns:{"Controller#0.Proof":"DISABLED"} roles:[map[fields:map[attempts:3 current:1 fault:false generation:0 inspected:false phase:terminal proof:0 repair:0 repeats:2 reports: review:0 saved:2 status:BLOCKED] name:Controller params:map[] ref:0 ref_string:Controller#0]] state:map[controller:role Controller#0] stats:map[counts:map[Controller#0.Proof:1 Controller#0.Restart:1 Controller#0.Resume:2 Controller#0.Start:1] totalActions:5] threads:[] witness:[[false false false false]]]
. Expected DISABLED
. Actual [str_value:"DISABLED"], len:1
    Action Link: Controller#0.Start
    Found matching Source Link: src:35 dest:33 name:"Controller#0.Start" weight:0.125 type:"action" 10:"\n\x12Controller#0.Start\x12\n\"DISABLED\""
  End of Request 236, current nodeId: 33, node: map[channel_messages:map[] channels:map[] current:0 failedInvariants:<nil> name:yield returns:{"Controller#0.Start":"DISABLED"} roles:[map[fields:map[attempts:3 current:1 fault:false generation:0 inspected:false phase:terminal proof:0 repair:0 repeats:2 reports: review:0 saved:2 status:BLOCKED] name:Controller params:map[] ref:0 ref_string:Controller#0]] state:map[controller:role Controller#0] stats:map[counts:map[Controller#0.Restart:1 Controller#0.Resume:2 Controller#0.Start:2] totalActions:5] threads:[] witness:[[false false false false]]]
. Expected DISABLED
. Actual [str_value:"DISABLED"], len:1
    Action Link: Controller#0.Resume
    Found matching Source Link: src:33 dest:39 name:"Controller#0.Resume" weight:0.125 type:"action" 10:"\n\x13Controller#0.Resume\x12\n\"DISABLED\""
  End of Request 237, current nodeId: 39, node: map[channel_messages:map[] channels:map[] current:0 failedInvariants:<nil> name:yield returns:{"Controller#0.Resume":"DISABLED"} roles:[map[fields:map[attempts:3 current:1 fault:false generation:0 inspected:false phase:terminal proof:0 repair:0 repeats:2 reports: review:0 saved:2 status:BLOCKED] name:Controller params:map[] ref:0 ref_string:Controller#0]] state:map[controller:role Controller#0] stats:map[counts:map[Controller#0.Restart:1 Controller#0.Resume:3 Controller#0.Start:1] totalActions:5] threads:[] witness:[[false false false false]]]
. Expected DISABLED
. Actual [str_value:"DISABLED"], len:1
    Action Link: Controller#0.Proof
    Found matching Source Link: src:39 dest:35 name:"Controller#0.Proof" weight:0.125 type:"action" 10:"\n\x12Controller#0.Proof\x12\n\"DISABLED\""
  End of Request 238, current nodeId: 35, node: map[channel_messages:map[] channels:map[] current:0 failedInvariants:<nil> name:yield returns:{"Controller#0.Proof":"DISABLED"} roles:[map[fields:map[attempts:3 current:1 fault:false generation:0 inspected:false phase:terminal proof:0 repair:0 repeats:2 reports: review:0 saved:2 status:BLOCKED] name:Controller params:map[] ref:0 ref_string:Controller#0]] state:map[controller:role Controller#0] stats:map[counts:map[Controller#0.Proof:1 Controller#0.Restart:1 Controller#0.Resume:2 Controller#0.Start:1] totalActions:5] threads:[] witness:[[false false false false]]]
. Expected DISABLED
. Actual [str_value:"DISABLED"], len:1
    Action Link: Controller#0.Proof
    Found matching Source Link: src:35 dest:35 name:"Controller#0.Proof" weight:0.125 type:"action" 10:"\n\x12Controller#0.Proof\x12\n\"DISABLED\""
  End of Request 239, current nodeId: 35, node: map[channel_messages:map[] channels:map[] current:0 failedInvariants:<nil> name:yield returns:{"Controller#0.Proof":"DISABLED"} roles:[map[fields:map[attempts:3 current:1 fault:false generation:0 inspected:false phase:terminal proof:0 repair:0 repeats:2 reports: review:0 saved:2 status:BLOCKED] name:Controller params:map[] ref:0 ref_string:Controller#0]] state:map[controller:role Controller#0] stats:map[counts:map[Controller#0.Proof:1 Controller#0.Restart:1 Controller#0.Resume:2 Controller#0.Start:1] totalActions:5] threads:[] witness:[[false false false false]]]
. Expected DISABLED
. Actual [str_value:"DISABLED"], len:1
    Action Link: Controller#0.Restart
    Found matching Source Link: src:35 dest:37 name:"Controller#0.Restart" weight:0.125 type:"action" 10:"\n\x14Controller#0.Restart\x12\n\"DISABLED\""
  End of Request 240, current nodeId: 37, node: map[channel_messages:map[] channels:map[] current:0 failedInvariants:<nil> name:yield returns:{"Controller#0.Restart":"DISABLED"} roles:[map[fields:map[attempts:3 current:1 fault:false generation:0 inspected:false phase:terminal proof:0 repair:0 repeats:2 reports: review:0 saved:2 status:BLOCKED] name:Controller params:map[] ref:0 ref_string:Controller#0]] state:map[controller:role Controller#0] stats:map[counts:map[Controller#0.Restart:2 Controller#0.Resume:2 Controller#0.Start:1] totalActions:5] threads:[] witness:[[false false false false]]]
. Expected DISABLED
. Actual [str_value:"DISABLED"], len:1
    Action Link: Controller#0.Inspect
    Found matching Source Link: src:37 dest:38 name:"Controller#0.Inspect" weight:0.125 type:"action" 10:"\n\x14Controller#0.Inspect\x12\n\"DISABLED\""
  End of Request 241, current nodeId: 38, node: map[channel_messages:map[] channels:map[] current:0 failedInvariants:<nil> name:yield returns:{"Controller#0.Inspect":"DISABLED"} roles:[map[fields:map[attempts:3 current:1 fault:false generation:0 inspected:false phase:terminal proof:0 repair:0 repeats:2 reports: review:0 saved:2 status:BLOCKED] name:Controller params:map[] ref:0 ref_string:Controller#0]] state:map[controller:role Controller#0] stats:map[counts:map[Controller#0.Inspect:1 Controller#0.Restart:1 Controller#0.Resume:2 Controller#0.Start:1] totalActions:5] threads:[] witness:[[false false false false]]]
. Expected DISABLED
. Actual [str_value:"DISABLED"], len:1
    Action Link: Controller#0.Review
    Found matching Source Link: src:38 dest:34 name:"Controller#0.Review" weight:0.125 type:"action" 10:"\n\x13Controller#0.Review\x12\n\"DISABLED\""
  End of Request 242, current nodeId: 34, node: map[channel_messages:map[] channels:map[] current:0 failedInvariants:<nil> name:yield returns:{"Controller#0.Review":"DISABLED"} roles:[map[fields:map[attempts:3 current:1 fault:false generation:0 inspected:false phase:terminal proof:0 repair:0 repeats:2 reports: review:0 saved:2 status:BLOCKED] name:Controller params:map[] ref:0 ref_string:Controller#0]] state:map[controller:role Controller#0] stats:map[counts:map[Controller#0.Restart:1 Controller#0.Resume:2 Controller#0.Review:1 Controller#0.Start:1] totalActions:5] threads:[] witness:[[false false false false]]]
. Expected DISABLED
. Actual [str_value:"DISABLED"], len:1
    Action Link: Controller#0.Overlap
    Found matching Source Link: src:34 dest:40 name:"Controller#0.Overlap" weight:0.125 type:"action" 10:"\n\x14Controller#0.Overlap\x12\n\"DISABLED\""
  End of Request 243, current nodeId: 40, node: map[channel_messages:map[] channels:map[] current:0 failedInvariants:<nil> name:yield returns:{"Controller#0.Overlap":"DISABLED"} roles:[map[fields:map[attempts:3 current:1 fault:false generation:0 inspected:false phase:terminal proof:0 repair:0 repeats:2 reports: review:0 saved:2 status:BLOCKED] name:Controller params:map[] ref:0 ref_string:Controller#0]] state:map[controller:role Controller#0] stats:map[counts:map[Controller#0.Overlap:1 Controller#0.Restart:1 Controller#0.Resume:2 Controller#0.Start:1] totalActions:5] threads:[] witness:[[false false false false]]]
. Expected DISABLED
. Actual [str_value:"DISABLED"], len:1
    Action Link: Controller#0.Proof
    Found matching Source Link: src:40 dest:35 name:"Controller#0.Proof" weight:0.125 type:"action" 10:"\n\x12Controller#0.Proof\x12\n\"DISABLED\""
  End of Request 244, current nodeId: 35, node: map[channel_messages:map[] channels:map[] current:0 failedInvariants:<nil> name:yield returns:{"Controller#0.Proof":"DISABLED"} roles:[map[fields:map[attempts:3 current:1 fault:false generation:0 inspected:false phase:terminal proof:0 repair:0 repeats:2 reports: review:0 saved:2 status:BLOCKED] name:Controller params:map[] ref:0 ref_string:Controller#0]] state:map[controller:role Controller#0] stats:map[counts:map[Controller#0.Proof:1 Controller#0.Restart:1 Controller#0.Resume:2 Controller#0.Start:1] totalActions:5] threads:[] witness:[[false false false false]]]
. Expected DISABLED
. Actual [str_value:"DISABLED"], len:1
    Action Link: Controller#0.Overlap
    Found matching Source Link: src:35 dest:40 name:"Controller#0.Overlap" weight:0.125 type:"action" 10:"\n\x14Controller#0.Overlap\x12\n\"DISABLED\""
  End of Request 245, current nodeId: 40, node: map[channel_messages:map[] channels:map[] current:0 failedInvariants:<nil> name:yield returns:{"Controller#0.Overlap":"DISABLED"} roles:[map[fields:map[attempts:3 current:1 fault:false generation:0 inspected:false phase:terminal proof:0 repair:0 repeats:2 reports: review:0 saved:2 status:BLOCKED] name:Controller params:map[] ref:0 ref_string:Controller#0]] state:map[controller:role Controller#0] stats:map[counts:map[Controller#0.Overlap:1 Controller#0.Restart:1 Controller#0.Resume:2 Controller#0.Start:1] totalActions:5] threads:[] witness:[[false false false false]]]
. Expected DISABLED
. Actual [str_value:"DISABLED"], len:1
    Action Link: Controller#0.Review
    Found matching Source Link: src:40 dest:34 name:"Controller#0.Review" weight:0.125 type:"action" 10:"\n\x13Controller#0.Review\x12\n\"DISABLED\""
  End of Request 246, current nodeId: 34, node: map[channel_messages:map[] channels:map[] current:0 failedInvariants:<nil> name:yield returns:{"Controller#0.Review":"DISABLED"} roles:[map[fields:map[attempts:3 current:1 fault:false generation:0 inspected:false phase:terminal proof:0 repair:0 repeats:2 reports: review:0 saved:2 status:BLOCKED] name:Controller params:map[] ref:0 ref_string:Controller#0]] state:map[controller:role Controller#0] stats:map[counts:map[Controller#0.Restart:1 Controller#0.Resume:2 Controller#0.Review:1 Controller#0.Start:1] totalActions:5] threads:[] witness:[[false false false false]]]
. Expected DISABLED
. Actual [str_value:"DISABLED"], len:1
    Action Link: Controller#0.Restart
    Found matching Source Link: src:34 dest:37 name:"Controller#0.Restart" weight:0.125 type:"action" 10:"\n\x14Controller#0.Restart\x12\n\"DISABLED\""
  End of Request 247, current nodeId: 37, node: map[channel_messages:map[] channels:map[] current:0 failedInvariants:<nil> name:yield returns:{"Controller#0.Restart":"DISABLED"} roles:[map[fields:map[attempts:3 current:1 fault:false generation:0 inspected:false phase:terminal proof:0 repair:0 repeats:2 reports: review:0 saved:2 status:BLOCKED] name:Controller params:map[] ref:0 ref_string:Controller#0]] state:map[controller:role Controller#0] stats:map[counts:map[Controller#0.Restart:2 Controller#0.Resume:2 Controller#0.Start:1] totalActions:5] threads:[] witness:[[false false false false]]]
. Expected DISABLED
. Actual [str_value:"DISABLED"], len:1
    Action Link: Controller#0.Proof
    Found matching Source Link: src:37 dest:35 name:"Controller#0.Proof" weight:0.125 type:"action" 10:"\n\x12Controller#0.Proof\x12\n\"DISABLED\""
  End of Request 248, current nodeId: 35, node: map[channel_messages:map[] channels:map[] current:0 failedInvariants:<nil> name:yield returns:{"Controller#0.Proof":"DISABLED"} roles:[map[fields:map[attempts:3 current:1 fault:false generation:0 inspected:false phase:terminal proof:0 repair:0 repeats:2 reports: review:0 saved:2 status:BLOCKED] name:Controller params:map[] ref:0 ref_string:Controller#0]] state:map[controller:role Controller#0] stats:map[counts:map[Controller#0.Proof:1 Controller#0.Restart:1 Controller#0.Resume:2 Controller#0.Start:1] totalActions:5] threads:[] witness:[[false false false false]]]
. Expected DISABLED
. Actual [str_value:"DISABLED"], len:1
    Action Link: Controller#0.Corrupt
    Found matching Source Link: src:35 dest:36 name:"Controller#0.Corrupt" weight:0.125 type:"action" 10:"\n\x14Controller#0.Corrupt\x12\n\"DISABLED\""
  End of Request 249, current nodeId: 36, node: map[channel_messages:map[] channels:map[] current:0 failedInvariants:<nil> name:yield returns:{"Controller#0.Corrupt":"DISABLED"} roles:[map[fields:map[attempts:3 current:1 fault:false generation:0 inspected:false phase:terminal proof:0 repair:0 repeats:2 reports: review:0 saved:2 status:BLOCKED] name:Controller params:map[] ref:0 ref_string:Controller#0]] state:map[controller:role Controller#0] stats:map[counts:map[Controller#0.Corrupt:1 Controller#0.Restart:1 Controller#0.Resume:2 Controller#0.Start:1] totalActions:5] threads:[] witness:[[false false false false]]]
. Expected DISABLED
. Actual [str_value:"DISABLED"], len:1
    Action Link: Controller#0.Start
    Found matching Source Link: src:36 dest:33 name:"Controller#0.Start" weight:0.125 type:"action" 10:"\n\x12Controller#0.Start\x12\n\"DISABLED\""
  End of Request 250, current nodeId: 33, node: map[channel_messages:map[] channels:map[] current:0 failedInvariants:<nil> name:yield returns:{"Controller#0.Start":"DISABLED"} roles:[map[fields:map[attempts:3 current:1 fault:false generation:0 inspected:false phase:terminal proof:0 repair:0 repeats:2 reports: review:0 saved:2 status:BLOCKED] name:Controller params:map[] ref:0 ref_string:Controller#0]] state:map[controller:role Controller#0] stats:map[counts:map[Controller#0.Restart:1 Controller#0.Resume:2 Controller#0.Start:2] totalActions:5] threads:[] witness:[[false false false false]]]
. Expected DISABLED
. Actual [str_value:"DISABLED"], len:1
    Action Link: Controller#0.Corrupt
    Found matching Source Link: src:33 dest:36 name:"Controller#0.Corrupt" weight:0.125 type:"action" 10:"\n\x14Controller#0.Corrupt\x12\n\"DISABLED\""
  End of Request 251, current nodeId: 36, node: map[channel_messages:map[] channels:map[] current:0 failedInvariants:<nil> name:yield returns:{"Controller#0.Corrupt":"DISABLED"} roles:[map[fields:map[attempts:3 current:1 fault:false generation:0 inspected:false phase:terminal proof:0 repair:0 repeats:2 reports: review:0 saved:2 status:BLOCKED] name:Controller params:map[] ref:0 ref_string:Controller#0]] state:map[controller:role Controller#0] stats:map[counts:map[Controller#0.Corrupt:1 Controller#0.Restart:1 Controller#0.Resume:2 Controller#0.Start:1] totalActions:5] threads:[] witness:[[false false false false]]]
. Expected DISABLED
. Actual [str_value:"DISABLED"], len:1
    Action Link: Controller#0.Overlap
    Found matching Source Link: src:36 dest:40 name:"Controller#0.Overlap" weight:0.125 type:"action" 10:"\n\x14Controller#0.Overlap\x12\n\"DISABLED\""
  End of Request 252, current nodeId: 40, node: map[channel_messages:map[] channels:map[] current:0 failedInvariants:<nil> name:yield returns:{"Controller#0.Overlap":"DISABLED"} roles:[map[fields:map[attempts:3 current:1 fault:false generation:0 inspected:false phase:terminal proof:0 repair:0 repeats:2 reports: review:0 saved:2 status:BLOCKED] name:Controller params:map[] ref:0 ref_string:Controller#0]] state:map[controller:role Controller#0] stats:map[counts:map[Controller#0.Overlap:1 Controller#0.Restart:1 Controller#0.Resume:2 Controller#0.Start:1] totalActions:5] threads:[] witness:[[false false false false]]]
. Expected DISABLED
. Actual [str_value:"DISABLED"], len:1
    Action Link: Controller#0.Start
    Found matching Source Link: src:40 dest:33 name:"Controller#0.Start" weight:0.125 type:"action" 10:"\n\x12Controller#0.Start\x12\n\"DISABLED\""
  End of Request 253, current nodeId: 33, node: map[channel_messages:map[] channels:map[] current:0 failedInvariants:<nil> name:yield returns:{"Controller#0.Start":"DISABLED"} roles:[map[fields:map[attempts:3 current:1 fault:false generation:0 inspected:false phase:terminal proof:0 repair:0 repeats:2 reports: review:0 saved:2 status:BLOCKED] name:Controller params:map[] ref:0 ref_string:Controller#0]] state:map[controller:role Controller#0] stats:map[counts:map[Controller#0.Restart:1 Controller#0.Resume:2 Controller#0.Start:2] totalActions:5] threads:[] witness:[[false false false false]]]
. Expected DISABLED
. Actual [str_value:"DISABLED"], len:1
    Action Link: Controller#0.Inspect
    Found matching Source Link: src:33 dest:38 name:"Controller#0.Inspect" weight:0.125 type:"action" 10:"\n\x14Controller#0.Inspect\x12\n\"DISABLED\""
  End of Request 254, current nodeId: 38, node: map[channel_messages:map[] channels:map[] current:0 failedInvariants:<nil> name:yield returns:{"Controller#0.Inspect":"DISABLED"} roles:[map[fields:map[attempts:3 current:1 fault:false generation:0 inspected:false phase:terminal proof:0 repair:0 repeats:2 reports: review:0 saved:2 status:BLOCKED] name:Controller params:map[] ref:0 ref_string:Controller#0]] state:map[controller:role Controller#0] stats:map[counts:map[Controller#0.Inspect:1 Controller#0.Restart:1 Controller#0.Resume:2 Controller#0.Start:1] totalActions:5] threads:[] witness:[[false false false false]]]
. Expected DISABLED
. Actual [str_value:"DISABLED"], len:1
    Action Link: Controller#0.Corrupt
    Found matching Source Link: src:38 dest:36 name:"Controller#0.Corrupt" weight:0.125 type:"action" 10:"\n\x14Controller#0.Corrupt\x12\n\"DISABLED\""
  End of Request 255, current nodeId: 36, node: map[channel_messages:map[] channels:map[] current:0 failedInvariants:<nil> name:yield returns:{"Controller#0.Corrupt":"DISABLED"} roles:[map[fields:map[attempts:3 current:1 fault:false generation:0 inspected:false phase:terminal proof:0 repair:0 repeats:2 reports: review:0 saved:2 status:BLOCKED] name:Controller params:map[] ref:0 ref_string:Controller#0]] state:map[controller:role Controller#0] stats:map[counts:map[Controller#0.Corrupt:1 Controller#0.Restart:1 Controller#0.Resume:2 Controller#0.Start:1] totalActions:5] threads:[] witness:[[false false false false]]]
. Expected DISABLED
. Actual [str_value:"DISABLED"], len:1
