2026/09/26 17:16:08 Loaded 105 nodes and 840 links
2026/09/26 17:16:08 State Space Options: options:{max_actions:256 max_concurrent_actions:1 crash_on_yield:true} deadlock_detection:false
Generated 8 unique operations
Generated 8 operation groups
Group: Controller#0.Resume
  Op: role:{role_name:"Controller"} action_name:"Resume", MaxYields: 0
Group: Controller#0.Overlap
  Op: role:{role_name:"Controller"} action_name:"Overlap", MaxYields: 0
Group: Controller#0.Start
  Op: role:{role_name:"Controller"} action_name:"Start", MaxYields: 0
Group: Controller#0.Review
  Op: role:{role_name:"Controller"} action_name:"Review", MaxYields: 0
Group: Controller#0.Proof
  Op: role:{role_name:"Controller"} action_name:"Proof", MaxYields: 0
Group: Controller#0.Corrupt
  Op: role:{role_name:"Controller"} action_name:"Corrupt", MaxYields: 0
Group: Controller#0.Restart
  Op: role:{role_name:"Controller"} action_name:"Restart", MaxYields: 0
Group: Controller#0.Inspect
  Op: role:{role_name:"Controller"} action_name:"Inspect", MaxYields: 0
2026/09/26 17:16:08 FizzMo server listening on :50051
2026/09/26 17:16:08 Received StartTestRun request: 
Received ValidateTrace request: demo-run-id
  Request 0: role:{role_name:"Controller"} action_name:"Inspect"
  Response 0: return_values:{str_value:"DISABLED"} exec_time:{start_unix_nano:197674417 end_unix_nano:197737667} status:{code:STATUS_OK message:"OK"} roles:{role_name:"Controller"}
  Request 1: role:{role_name:"Controller"} action_name:"Restart"
  Response 1: return_values:{str_value:"DISABLED"} exec_time:{start_unix_nano:198563625 end_unix_nano:198617834} status:{code:STATUS_OK message:"OK"} roles:{role_name:"Controller"}
  Request 2: role:{role_name:"Controller"} action_name:"Start"
  Response 2: return_values:{str_value:"77|RUNNING|3|3|implementation|0|1|0|0|1"} exec_time:{start_unix_nano:199285125 end_unix_nano:3599400209} status:{code:STATUS_OK message:"OK"} roles:{role_name:"Controller"}
  Request 3: role:{role_name:"Controller"} action_name:"Resume"
  Response 3: return_values:{str_value:"DISABLED"} exec_time:{start_unix_nano:3600358125 end_unix_nano:3600427167} status:{code:STATUS_OK message:"OK"} roles:{role_name:"Controller"}
  Request 4: role:{role_name:"Controller"} action_name:"Corrupt"
  Response 4: return_values:{str_value:"DISABLED"} exec_time:{start_unix_nano:3600877750 end_unix_nano:3600918167} status:{code:STATUS_OK message:"OK"} roles:{role_name:"Controller"}
  Request 5: role:{role_name:"Controller"} action_name:"Inspect"
  Response 5: return_values:{str_value:"1|RUNNING|3|3|implementation|0|1|0|0|1"} exec_time:{start_unix_nano:3601270042 end_unix_nano:4074122709} status:{code:STATUS_OK message:"OK"} roles:{role_name:"Controller"}
  Request 6: role:{role_name:"Controller"} action_name:"Start"
  Response 6: return_values:{str_value:"DISABLED"} exec_time:{start_unix_nano:4075073292 end_unix_nano:4075090000} status:{code:STATUS_OK message:"OK"} roles:{role_name:"Controller"}
  Request 7: role:{role_name:"Controller"} action_name:"Restart"
  Response 7: return_values:{str_value:"DISABLED"} exec_time:{start_unix_nano:4075760834 end_unix_nano:4075780542} status:{code:STATUS_OK message:"OK"} roles:{role_name:"Controller"}
  Request 8: role:{role_name:"Controller"} action_name:"Restart"
  Response 8: return_values:{str_value:"DISABLED"} exec_time:{start_unix_nano:4076336375 end_unix_nano:4076361084} status:{code:STATUS_OK message:"OK"} roles:{role_name:"Controller"}
  Request 9: role:{role_name:"Controller"} action_name:"Start"
  Response 9: return_values:{str_value:"DISABLED"} exec_time:{start_unix_nano:4076856500 end_unix_nano:4076870750} status:{code:STATUS_OK message:"OK"} roles:{role_name:"Controller"}
  Request 10: role:{role_name:"Controller"} action_name:"Overlap"
  Response 10: return_values:{str_value:"DISABLED"} exec_time:{start_unix_nano:4077217167 end_unix_nano:4077304417} status:{code:STATUS_OK message:"OK"} roles:{role_name:"Controller"}
  Request 11: role:{role_name:"Controller"} action_name:"Restart"
  Response 11: return_values:{str_value:"DISABLED"} exec_time:{start_unix_nano:4077590417 end_unix_nano:4077598000} status:{code:STATUS_OK message:"OK"} roles:{role_name:"Controller"}
  Request 12: role:{role_name:"Controller"} action_name:"Corrupt"
  Response 12: return_values:{str_value:"DISABLED"} exec_time:{start_unix_nano:4077858792 end_unix_nano:4077865000} status:{code:STATUS_OK message:"OK"} roles:{role_name:"Controller"}
  Request 13: role:{role_name:"Controller"} action_name:"Overlap"
  Response 13: return_values:{str_value:"DISABLED"} exec_time:{start_unix_nano:4078073792 end_unix_nano:4078078709} status:{code:STATUS_OK message:"OK"} roles:{role_name:"Controller"}
  Request 14: role:{role_name:"Controller"} action_name:"Proof"
  Response 14: return_values:{str_value:"DISABLED"} exec_time:{start_unix_nano:4078426167 end_unix_nano:4078482084} status:{code:STATUS_OK message:"OK"} roles:{role_name:"Controller"}
  Request 15: role:{role_name:"Controller"} action_name:"Review"
  Response 15: return_values:{str_value:"77|RUNNING|4|4|implementation,review|0|1|1|0|1"} exec_time:{start_unix_nano:4078847584 end_unix_nano:5830783667} status:{code:STATUS_OK message:"OK"} roles:{role_name:"Controller"}
  Request 16: role:{role_name:"Controller"} action_name:"Proof"
  Response 16: return_values:{str_value:"77|RUNNING|5|4|implementation,review|0|1|1|0|1"} exec_time:{start_unix_nano:5831737334 end_unix_nano:6791996125} status:{code:STATUS_OK message:"OK"} roles:{role_name:"Controller"}
  Request 17: role:{role_name:"Controller"} action_name:"Resume"
  Response 17: return_values:{str_value:"DISABLED"} exec_time:{start_unix_nano:6792624167 end_unix_nano:6792634542} status:{code:STATUS_OK message:"OK"} roles:{role_name:"Controller"}
  Request 18: role:{role_name:"Controller"} action_name:"Review"
  Response 18: return_values:{str_value:"DISABLED"} exec_time:{start_unix_nano:6792982334 end_unix_nano:6793005417} status:{code:STATUS_OK message:"OK"} roles:{role_name:"Controller"}
  Request 19: role:{role_name:"Controller"} action_name:"Restart"
  Response 19: return_values:{str_value:"0|REVIEWED_AND_PROVEN|5|5|implementation,proof,review|0|1|1|1|1"} exec_time:{start_unix_nano:6793315625 end_unix_nano:8583096000} status:{code:STATUS_OK message:"OK"} roles:{role_name:"Controller"}
  Request 20: role:{role_name:"Controller"} action_name:"Proof"
  Response 20: return_values:{str_value:"DISABLED"} exec_time:{start_unix_nano:8583759917 end_unix_nano:8583771167} status:{code:STATUS_OK message:"OK"} roles:{role_name:"Controller"}
  Request 21: role:{role_name:"Controller"} action_name:"Corrupt"
  Response 21: return_values:{str_value:"DISABLED"} exec_time:{start_unix_nano:8584021042 end_unix_nano:8584026792} status:{code:STATUS_OK message:"OK"} roles:{role_name:"Controller"}
  Request 22: role:{role_name:"Controller"} action_name:"Corrupt"
  Response 22: return_values:{str_value:"DISABLED"} exec_time:{start_unix_nano:8584513084 end_unix_nano:8584524625} status:{code:STATUS_OK message:"OK"} roles:{role_name:"Controller"}
  Request 23: role:{role_name:"Controller"} action_name:"Overlap"
  Response 23: return_values:{str_value:"DISABLED"} exec_time:{start_unix_nano:8584833542 end_unix_nano:8584839750} status:{code:STATUS_OK message:"OK"} roles:{role_name:"Controller"}
  Request 24: role:{role_name:"Controller"} action_name:"Resume"
  Response 24: return_values:{str_value:"0|REVIEWED_AND_PROVEN|5|5|implementation,proof,review|0|1|1|1|1"} exec_time:{start_unix_nano:8585198959 end_unix_nano:9347204292} status:{code:STATUS_OK message:"OK"} roles:{role_name:"Controller"}
  Request 25: role:{role_name:"Controller"} action_name:"Overlap"
  Response 25: return_values:{str_value:"DISABLED"} exec_time:{start_unix_nano:9347769750 end_unix_nano:9347779459} status:{code:STATUS_OK message:"OK"} roles:{role_name:"Controller"}
  Request 26: role:{role_name:"Controller"} action_name:"Resume"
  Response 26: return_values:{str_value:"0|REVIEWED_AND_PROVEN|5|5|implementation,proof,review|0|1|1|1|1"} exec_time:{start_unix_nano:9348090584 end_unix_nano:10113772417} status:{code:STATUS_OK message:"OK"} roles:{role_name:"Controller"}
  Request 27: role:{role_name:"Controller"} action_name:"Corrupt"
  Response 27: return_values:{str_value:"DISABLED"} exec_time:{start_unix_nano:10114339084 end_unix_nano:10114349500} status:{code:STATUS_OK message:"OK"} roles:{role_name:"Controller"}
  Request 28: role:{role_name:"Controller"} action_name:"Overlap"
  Response 28: return_values:{str_value:"DISABLED"} exec_time:{start_unix_nano:10114592542 end_unix_nano:10114598334} status:{code:STATUS_OK message:"OK"} roles:{role_name:"Controller"}
  Request 29: role:{role_name:"Controller"} action_name:"Overlap"
  Response 29: return_values:{str_value:"DISABLED"} exec_time:{start_unix_nano:10114848084 end_unix_nano:10114858459} status:{code:STATUS_OK message:"OK"} roles:{role_name:"Controller"}
  Request 30: role:{role_name:"Controller"} action_name:"Corrupt"
  Response 30: return_values:{str_value:"DISABLED"} exec_time:{start_unix_nano:10115135417 end_unix_nano:10115142000} status:{code:STATUS_OK message:"OK"} roles:{role_name:"Controller"}
  Request 31: role:{role_name:"Controller"} action_name:"Proof"
  Response 31: return_values:{str_value:"DISABLED"} exec_time:{start_unix_nano:10115497417 end_unix_nano:10115502750} status:{code:STATUS_OK message:"OK"} roles:{role_name:"Controller"}
  Request 32: role:{role_name:"Controller"} action_name:"Start"
  Response 32: return_values:{str_value:"DISABLED"} exec_time:{start_unix_nano:10115800167 end_unix_nano:10115806917} status:{code:STATUS_OK message:"OK"} roles:{role_name:"Controller"}
  Request 33: role:{role_name:"Controller"} action_name:"Corrupt"
  Response 33: return_values:{str_value:"DISABLED"} exec_time:{start_unix_nano:10116031500 end_unix_nano:10116036417} status:{code:STATUS_OK message:"OK"} roles:{role_name:"Controller"}
  Request 34: role:{role_name:"Controller"} action_name:"Restart"
  Response 34: return_values:{str_value:"DISABLED"} exec_time:{start_unix_nano:10116670667 end_unix_nano:10116682375} status:{code:STATUS_OK message:"OK"} roles:{role_name:"Controller"}
  Request 35: role:{role_name:"Controller"} action_name:"Review"
  Response 35: return_values:{str_value:"DISABLED"} exec_time:{start_unix_nano:10117011500 end_unix_nano:10117019292} status:{code:STATUS_OK message:"OK"} roles:{role_name:"Controller"}
  Request 36: role:{role_name:"Controller"} action_name:"Review"
  Response 36: return_values:{str_value:"DISABLED"} exec_time:{start_unix_nano:10117359584 end_unix_nano:10117366459} status:{code:STATUS_OK message:"OK"} roles:{role_name:"Controller"}
  Request 37: role:{role_name:"Controller"} action_name:"Corrupt"
  Response 37: return_values:{str_value:"DISABLED"} exec_time:{start_unix_nano:10117653125 end_unix_nano:10117658292} status:{code:STATUS_OK message:"OK"} roles:{role_name:"Controller"}
  Request 38: role:{role_name:"Controller"} action_name:"Resume"
  Response 38: return_values:{str_value:"DISABLED"} exec_time:{start_unix_nano:10117902292 end_unix_nano:10117909625} status:{code:STATUS_OK message:"OK"} roles:{role_name:"Controller"}
  Request 39: role:{role_name:"Controller"} action_name:"Start"
  Response 39: return_values:{str_value:"DISABLED"} exec_time:{start_unix_nano:10118273209 end_unix_nano:10118279250} status:{code:STATUS_OK message:"OK"} roles:{role_name:"Controller"}
  Request 40: role:{role_name:"Controller"} action_name:"Start"
  Response 40: return_values:{str_value:"DISABLED"} exec_time:{start_unix_nano:10118542584 end_unix_nano:10118550292} status:{code:STATUS_OK message:"OK"} roles:{role_name:"Controller"}
  Request 41: role:{role_name:"Controller"} action_name:"Resume"
  Response 41: return_values:{str_value:"DISABLED"} exec_time:{start_unix_nano:10118998042 end_unix_nano:10119005584} status:{code:STATUS_OK message:"OK"} roles:{role_name:"Controller"}
  Request 42: role:{role_name:"Controller"} action_name:"Overlap"
  Response 42: return_values:{str_value:"DISABLED"} exec_time:{start_unix_nano:10119229625 end_unix_nano:10119233875} status:{code:STATUS_OK message:"OK"} roles:{role_name:"Controller"}
  Request 43: role:{role_name:"Controller"} action_name:"Start"
  Response 43: return_values:{str_value:"DISABLED"} exec_time:{start_unix_nano:10119441459 end_unix_nano:10119446709} status:{code:STATUS_OK message:"OK"} roles:{role_name:"Controller"}
  Request 44: role:{role_name:"Controller"} action_name:"Proof"
  Response 44: return_values:{str_value:"DISABLED"} exec_time:{start_unix_nano:10119747625 end_unix_nano:10119754750} status:{code:STATUS_OK message:"OK"} roles:{role_name:"Controller"}
  Request 45: role:{role_name:"Controller"} action_name:"Review"
  Response 45: return_values:{str_value:"DISABLED"} exec_time:{start_unix_nano:10120065334 end_unix_nano:10120070000} status:{code:STATUS_OK message:"OK"} roles:{role_name:"Controller"}
  Request 46: role:{role_name:"Controller"} action_name:"Start"
  Response 46: return_values:{str_value:"DISABLED"} exec_time:{start_unix_nano:10120281750 end_unix_nano:10120285834} status:{code:STATUS_OK message:"OK"} roles:{role_name:"Controller"}
  Request 47: role:{role_name:"Controller"} action_name:"Start"
  Response 47: return_values:{str_value:"DISABLED"} exec_time:{start_unix_nano:10120564500 end_unix_nano:10120572542} status:{code:STATUS_OK message:"OK"} roles:{role_name:"Controller"}
  Request 48: role:{role_name:"Controller"} action_name:"Restart"
  Response 48: return_values:{str_value:"DISABLED"} exec_time:{start_unix_nano:10120814792 end_unix_nano:10120821792} status:{code:STATUS_OK message:"OK"} roles:{role_name:"Controller"}
  Request 49: role:{role_name:"Controller"} action_name:"Corrupt"
  Response 49: return_values:{str_value:"DISABLED"} exec_time:{start_unix_nano:10121080750 end_unix_nano:10121085917} status:{code:STATUS_OK message:"OK"} roles:{role_name:"Controller"}
  Request 50: role:{role_name:"Controller"} action_name:"Review"
  Response 50: return_values:{str_value:"DISABLED"} exec_time:{start_unix_nano:10121317917 end_unix_nano:10121323209} status:{code:STATUS_OK message:"OK"} roles:{role_name:"Controller"}
  Request 51: role:{role_name:"Controller"} action_name:"Corrupt"
  Response 51: return_values:{str_value:"DISABLED"} exec_time:{start_unix_nano:10121566709 end_unix_nano:10121571834} status:{code:STATUS_OK message:"OK"} roles:{role_name:"Controller"}
  Request 52: role:{role_name:"Controller"} action_name:"Review"
  Response 52: return_values:{str_value:"DISABLED"} exec_time:{start_unix_nano:10121824250 end_unix_nano:10121829709} status:{code:STATUS_OK message:"OK"} roles:{role_name:"Controller"}
  Request 53: role:{role_name:"Controller"} action_name:"Review"
  Response 53: return_values:{str_value:"DISABLED"} exec_time:{start_unix_nano:10122064375 end_unix_nano:10122070459} status:{code:STATUS_OK message:"OK"} roles:{role_name:"Controller"}
  Request 54: role:{role_name:"Controller"} action_name:"Corrupt"
  Response 54: return_values:{str_value:"DISABLED"} exec_time:{start_unix_nano:10122276459 end_unix_nano:10122280875} status:{code:STATUS_OK message:"OK"} roles:{role_name:"Controller"}
  Request 55: role:{role_name:"Controller"} action_name:"Corrupt"
  Response 55: return_values:{str_value:"DISABLED"} exec_time:{start_unix_nano:10122454959 end_unix_nano:10122459500} status:{code:STATUS_OK message:"OK"} roles:{role_name:"Controller"}
  Request 56: role:{role_name:"Controller"} action_name:"Start"
  Response 56: return_values:{str_value:"DISABLED"} exec_time:{start_unix_nano:10122696500 end_unix_nano:10122701292} status:{code:STATUS_OK message:"OK"} roles:{role_name:"Controller"}
  Request 57: role:{role_name:"Controller"} action_name:"Proof"
  Response 57: return_values:{str_value:"DISABLED"} exec_time:{start_unix_nano:10122989959 end_unix_nano:10122998292} status:{code:STATUS_OK message:"OK"} roles:{role_name:"Controller"}
  Request 58: role:{role_name:"Controller"} action_name:"Inspect"
  Response 58: return_values:{str_value:"DISABLED"} exec_time:{start_unix_nano:10123219167 end_unix_nano:10123225375} status:{code:STATUS_OK message:"OK"} roles:{role_name:"Controller"}
  Request 59: role:{role_name:"Controller"} action_name:"Inspect"
  Response 59: return_values:{str_value:"DISABLED"} exec_time:{start_unix_nano:10123417584 end_unix_nano:10123421792} status:{code:STATUS_OK message:"OK"} roles:{role_name:"Controller"}
  Request 60: role:{role_name:"Controller"} action_name:"Inspect"
  Response 60: return_values:{str_value:"DISABLED"} exec_time:{start_unix_nano:10123633625 end_unix_nano:10123639125} status:{code:STATUS_OK message:"OK"} roles:{role_name:"Controller"}
  Request 61: role:{role_name:"Controller"} action_name:"Review"
  Response 61: return_values:{str_value:"DISABLED"} exec_time:{start_unix_nano:10123885500 end_unix_nano:10123891334} status:{code:STATUS_OK message:"OK"} roles:{role_name:"Controller"}
  Request 62: role:{role_name:"Controller"} action_name:"Start"
  Response 62: return_values:{str_value:"DISABLED"} exec_time:{start_unix_nano:10124110625 end_unix_nano:10124117000} status:{code:STATUS_OK message:"OK"} roles:{role_name:"Controller"}
  Request 63: role:{role_name:"Controller"} action_name:"Resume"
  Response 63: return_values:{str_value:"DISABLED"} exec_time:{start_unix_nano:10124327334 end_unix_nano:10124334334} status:{code:STATUS_OK message:"OK"} roles:{role_name:"Controller"}
  Request 64: role:{role_name:"Controller"} action_name:"Proof"
  Response 64: return_values:{str_value:"DISABLED"} exec_time:{start_unix_nano:10124541959 end_unix_nano:10124546417} status:{code:STATUS_OK message:"OK"} roles:{role_name:"Controller"}
  Request 65: role:{role_name:"Controller"} action_name:"Overlap"
  Response 65: return_values:{str_value:"DISABLED"} exec_time:{start_unix_nano:10124742167 end_unix_nano:10124747542} status:{code:STATUS_OK message:"OK"} roles:{role_name:"Controller"}
  Request 66: role:{role_name:"Controller"} action_name:"Review"
  Response 66: return_values:{str_value:"DISABLED"} exec_time:{start_unix_nano:10124942459 end_unix_nano:10124946959} status:{code:STATUS_OK message:"OK"} roles:{role_name:"Controller"}
  Request 67: role:{role_name:"Controller"} action_name:"Review"
  Response 67: return_values:{str_value:"DISABLED"} exec_time:{start_unix_nano:10125291292 end_unix_nano:10125299584} status:{code:STATUS_OK message:"OK"} roles:{role_name:"Controller"}
  Request 68: role:{role_name:"Controller"} action_name:"Proof"
  Response 68: return_values:{str_value:"DISABLED"} exec_time:{start_unix_nano:10125508000 end_unix_nano:10125512792} status:{code:STATUS_OK message:"OK"} roles:{role_name:"Controller"}
  Request 69: role:{role_name:"Controller"} action_name:"Proof"
  Response 69: return_values:{str_value:"DISABLED"} exec_time:{start_unix_nano:10125754000 end_unix_nano:10125759792} status:{code:STATUS_OK message:"OK"} roles:{role_name:"Controller"}
  Request 70: role:{role_name:"Controller"} action_name:"Inspect"
  Response 70: return_values:{str_value:"DISABLED"} exec_time:{start_unix_nano:10126006084 end_unix_nano:10126011459} status:{code:STATUS_OK message:"OK"} roles:{role_name:"Controller"}
  Request 71: role:{role_name:"Controller"} action_name:"Start"
  Response 71: return_values:{str_value:"DISABLED"} exec_time:{start_unix_nano:10126256250 end_unix_nano:10126264334} status:{code:STATUS_OK message:"OK"} roles:{role_name:"Controller"}
  Request 72: role:{role_name:"Controller"} action_name:"Proof"
  Response 72: return_values:{str_value:"DISABLED"} exec_time:{start_unix_nano:10126516125 end_unix_nano:10126520959} status:{code:STATUS_OK message:"OK"} roles:{role_name:"Controller"}
  Request 73: role:{role_name:"Controller"} action_name:"Overlap"
  Response 73: return_values:{str_value:"DISABLED"} exec_time:{start_unix_nano:10126776292 end_unix_nano:10126782709} status:{code:STATUS_OK message:"OK"} roles:{role_name:"Controller"}
  Request 74: role:{role_name:"Controller"} action_name:"Overlap"
  Response 74: return_values:{str_value:"DISABLED"} exec_time:{start_unix_nano:10127000709 end_unix_nano:10127005959} status:{code:STATUS_OK message:"OK"} roles:{role_name:"Controller"}
  Request 75: role:{role_name:"Controller"} action_name:"Resume"
  Response 75: return_values:{str_value:"DISABLED"} exec_time:{start_unix_nano:10127168209 end_unix_nano:10127172042} status:{code:STATUS_OK message:"OK"} roles:{role_name:"Controller"}
  Request 76: role:{role_name:"Controller"} action_name:"Proof"
  Response 76: return_values:{str_value:"DISABLED"} exec_time:{start_unix_nano:10127309875 end_unix_nano:10127314500} status:{code:STATUS_OK message:"OK"} roles:{role_name:"Controller"}
  Request 77: role:{role_name:"Controller"} action_name:"Start"
  Response 77: return_values:{str_value:"DISABLED"} exec_time:{start_unix_nano:10127506500 end_unix_nano:10127511667} status:{code:STATUS_OK message:"OK"} roles:{role_name:"Controller"}
  Request 78: role:{role_name:"Controller"} action_name:"Overlap"
  Response 78: return_values:{str_value:"DISABLED"} exec_time:{start_unix_nano:10127737334 end_unix_nano:10127743375} status:{code:STATUS_OK message:"OK"} roles:{role_name:"Controller"}
  Request 79: role:{role_name:"Controller"} action_name:"Start"
  Response 79: return_values:{str_value:"DISABLED"} exec_time:{start_unix_nano:10127942584 end_unix_nano:10127946625} status:{code:STATUS_OK message:"OK"} roles:{role_name:"Controller"}
  Request 80: role:{role_name:"Controller"} action_name:"Corrupt"
  Response 80: return_values:{str_value:"DISABLED"} exec_time:{start_unix_nano:10128136167 end_unix_nano:10128142375} status:{code:STATUS_OK message:"OK"} roles:{role_name:"Controller"}
  Request 81: role:{role_name:"Controller"} action_name:"Corrupt"
  Response 81: return_values:{str_value:"DISABLED"} exec_time:{start_unix_nano:10128317000 end_unix_nano:10128323042} status:{code:STATUS_OK message:"OK"} roles:{role_name:"Controller"}
  Request 82: role:{role_name:"Controller"} action_name:"Inspect"
  Response 82: return_values:{str_value:"DISABLED"} exec_time:{start_unix_nano:10128522042 end_unix_nano:10128528709} status:{code:STATUS_OK message:"OK"} roles:{role_name:"Controller"}
  Request 83: role:{role_name:"Controller"} action_name:"Inspect"
  Response 83: return_values:{str_value:"DISABLED"} exec_time:{start_unix_nano:10128779417 end_unix_nano:10128787209} status:{code:STATUS_OK message:"OK"} roles:{role_name:"Controller"}
  Request 84: role:{role_name:"Controller"} action_name:"Start"
  Response 84: return_values:{str_value:"DISABLED"} exec_time:{start_unix_nano:10129005125 end_unix_nano:10129009625} status:{code:STATUS_OK message:"OK"} roles:{role_name:"Controller"}
  Request 85: role:{role_name:"Controller"} action_name:"Review"
  Response 85: return_values:{str_value:"DISABLED"} exec_time:{start_unix_nano:10129284250 end_unix_nano:10129293292} status:{code:STATUS_OK message:"OK"} roles:{role_name:"Controller"}
  Request 86: role:{role_name:"Controller"} action_name:"Resume"
  Response 86: return_values:{str_value:"DISABLED"} exec_time:{start_unix_nano:10129502917 end_unix_nano:10129507250} status:{code:STATUS_OK message:"OK"} roles:{role_name:"Controller"}
  Request 87: role:{role_name:"Controller"} action_name:"Inspect"
  Response 87: return_values:{str_value:"DISABLED"} exec_time:{start_unix_nano:10129705375 end_unix_nano:10129711709} status:{code:STATUS_OK message:"OK"} roles:{role_name:"Controller"}
  Request 88: role:{role_name:"Controller"} action_name:"Proof"
  Response 88: return_values:{str_value:"DISABLED"} exec_time:{start_unix_nano:10129899209 end_unix_nano:10129904292} status:{code:STATUS_OK message:"OK"} roles:{role_name:"Controller"}
  Request 89: role:{role_name:"Controller"} action_name:"Restart"
  Response 89: return_values:{str_value:"DISABLED"} exec_time:{start_unix_nano:10130089625 end_unix_nano:10130094667} status:{code:STATUS_OK message:"OK"} roles:{role_name:"Controller"}
  Request 90: role:{role_name:"Controller"} action_name:"Resume"
  Response 90: return_values:{str_value:"DISABLED"} exec_time:{start_unix_nano:10130245959 end_unix_nano:10130249625} status:{code:STATUS_OK message:"OK"} roles:{role_name:"Controller"}
  Request 91: role:{role_name:"Controller"} action_name:"Overlap"
  Response 91: return_values:{str_value:"DISABLED"} exec_time:{start_unix_nano:10130541167 end_unix_nano:10130547000} status:{code:STATUS_OK message:"OK"} roles:{role_name:"Controller"}
  Request 92: role:{role_name:"Controller"} action_name:"Overlap"
  Response 92: return_values:{str_value:"DISABLED"} exec_time:{start_unix_nano:10130735375 end_unix_nano:10130740209} status:{code:STATUS_OK message:"OK"} roles:{role_name:"Controller"}
  Request 93: role:{role_name:"Controller"} action_name:"Resume"
  Response 93: return_values:{str_value:"DISABLED"} exec_time:{start_unix_nano:10130894834 end_unix_nano:10130900417} status:{code:STATUS_OK message:"OK"} roles:{role_name:"Controller"}
  Request 94: role:{role_name:"Controller"} action_name:"Overlap"
  Response 94: return_values:{str_value:"DISABLED"} exec_time:{start_unix_nano:10131054584 end_unix_nano:10131058209} status:{code:STATUS_OK message:"OK"} roles:{role_name:"Controller"}
  Request 95: role:{role_name:"Controller"} action_name:"Resume"
  Response 95: return_values:{str_value:"DISABLED"} exec_time:{start_unix_nano:10131219625 end_unix_nano:10131225459} status:{code:STATUS_OK message:"OK"} roles:{role_name:"Controller"}
  Request 96: role:{role_name:"Controller"} action_name:"Corrupt"
  Response 96: return_values:{str_value:"DISABLED"} exec_time:{start_unix_nano:10131433375 end_unix_nano:10131437875} status:{code:STATUS_OK message:"OK"} roles:{role_name:"Controller"}
  Request 97: role:{role_name:"Controller"} action_name:"Inspect"
  Response 97: return_values:{str_value:"DISABLED"} exec_time:{start_unix_nano:10131616667 end_unix_nano:10131621417} status:{code:STATUS_OK message:"OK"} roles:{role_name:"Controller"}
  Request 98: role:{role_name:"Controller"} action_name:"Start"
  Response 98: return_values:{str_value:"DISABLED"} exec_time:{start_unix_nano:10131795750 end_unix_nano:10131801834} status:{code:STATUS_OK message:"OK"} roles:{role_name:"Controller"}
  Request 99: role:{role_name:"Controller"} action_name:"Corrupt"
  Response 99: return_values:{str_value:"DISABLED"} exec_time:{start_unix_nano:10131976792 end_unix_nano:10131981625} status:{code:STATUS_OK message:"OK"} roles:{role_name:"Controller"}
  Request 100: role:{role_name:"Controller"} action_name:"Start"
  Response 100: return_values:{str_value:"DISABLED"} exec_time:{start_unix_nano:10132190000 end_unix_nano:10132196084} status:{code:STATUS_OK message:"OK"} roles:{role_name:"Controller"}
  Request 101: role:{role_name:"Controller"} action_name:"Review"
  Response 101: return_values:{str_value:"DISABLED"} exec_time:{start_unix_nano:10132446250 end_unix_nano:10132451375} status:{code:STATUS_OK message:"OK"} roles:{role_name:"Controller"}
  Request 102: role:{role_name:"Controller"} action_name:"Review"
  Response 102: return_values:{str_value:"DISABLED"} exec_time:{start_unix_nano:10132702834 end_unix_nano:10132710709} status:{code:STATUS_OK message:"OK"} roles:{role_name:"Controller"}
  Request 103: role:{role_name:"Controller"} action_name:"Inspect"
  Response 103: return_values:{str_value:"DISABLED"} exec_time:{start_unix_nano:10132884750 end_unix_nano:10132889875} status:{code:STATUS_OK message:"OK"} roles:{role_name:"Controller"}
  Request 104: role:{role_name:"Controller"} action_name:"Resume"
  Response 104: return_values:{str_value:"DISABLED"} exec_time:{start_unix_nano:10133055500 end_unix_nano:10133059459} status:{code:STATUS_OK message:"OK"} roles:{role_name:"Controller"}
  Request 105: role:{role_name:"Controller"} action_name:"Inspect"
  Response 105: return_values:{str_value:"DISABLED"} exec_time:{start_unix_nano:10133287667 end_unix_nano:10133298667} status:{code:STATUS_OK message:"OK"} roles:{role_name:"Controller"}
  Request 106: role:{role_name:"Controller"} action_name:"Inspect"
  Response 106: return_values:{str_value:"DISABLED"} exec_time:{start_unix_nano:10133483709 end_unix_nano:10133487375} status:{code:STATUS_OK message:"OK"} roles:{role_name:"Controller"}
  Request 107: role:{role_name:"Controller"} action_name:"Inspect"
  Response 107: return_values:{str_value:"DISABLED"} exec_time:{start_unix_nano:10133691417 end_unix_nano:10133695750} status:{code:STATUS_OK message:"OK"} roles:{role_name:"Controller"}
  Request 108: role:{role_name:"Controller"} action_name:"Review"
  Response 108: return_values:{str_value:"DISABLED"} exec_time:{start_unix_nano:10133904959 end_unix_nano:10133910084} status:{code:STATUS_OK message:"OK"} roles:{role_name:"Controller"}
  Request 109: role:{role_name:"Controller"} action_name:"Corrupt"
  Response 109: return_values:{str_value:"DISABLED"} exec_time:{start_unix_nano:10134109334 end_unix_nano:10134114084} status:{code:STATUS_OK message:"OK"} roles:{role_name:"Controller"}
  Request 110: role:{role_name:"Controller"} action_name:"Start"
  Response 110: return_values:{str_value:"DISABLED"} exec_time:{start_unix_nano:10134342167 end_unix_nano:10134347625} status:{code:STATUS_OK message:"OK"} roles:{role_name:"Controller"}
  Request 111: role:{role_name:"Controller"} action_name:"Review"
  Response 111: return_values:{str_value:"DISABLED"} exec_time:{start_unix_nano:10134540792 end_unix_nano:10134545667} status:{code:STATUS_OK message:"OK"} roles:{role_name:"Controller"}
  Request 112: role:{role_name:"Controller"} action_name:"Inspect"
  Response 112: return_values:{str_value:"DISABLED"} exec_time:{start_unix_nano:10134764292 end_unix_nano:10134773042} status:{code:STATUS_OK message:"OK"} roles:{role_name:"Controller"}
  Request 113: role:{role_name:"Controller"} action_name:"Review"
  Response 113: return_values:{str_value:"DISABLED"} exec_time:{start_unix_nano:10134953042 end_unix_nano:10134960750} status:{code:STATUS_OK message:"OK"} roles:{role_name:"Controller"}
  Request 114: role:{role_name:"Controller"} action_name:"Start"
  Response 114: return_values:{str_value:"DISABLED"} exec_time:{start_unix_nano:10135121000 end_unix_nano:10135124542} status:{code:STATUS_OK message:"OK"} roles:{role_name:"Controller"}
  Request 115: role:{role_name:"Controller"} action_name:"Inspect"
  Response 115: return_values:{str_value:"DISABLED"} exec_time:{start_unix_nano:10135427542 end_unix_nano:10135431792} status:{code:STATUS_OK message:"OK"} roles:{role_name:"Controller"}
  Request 116: role:{role_name:"Controller"} action_name:"Review"
  Response 116: return_values:{str_value:"DISABLED"} exec_time:{start_unix_nano:10135589417 end_unix_nano:10135592959} status:{code:STATUS_OK message:"OK"} roles:{role_name:"Controller"}
  Request 117: role:{role_name:"Controller"} action_name:"Start"
  Response 117: return_values:{str_value:"DISABLED"} exec_time:{start_unix_nano:10135767792 end_unix_nano:10135771209} status:{code:STATUS_OK message:"OK"} roles:{role_name:"Controller"}
  Request 118: role:{role_name:"Controller"} action_name:"Proof"
  Response 118: return_values:{str_value:"DISABLED"} exec_time:{start_unix_nano:10135912209 end_unix_nano:10135915709} status:{code:STATUS_OK message:"OK"} roles:{role_name:"Controller"}
  Request 119: role:{role_name:"Controller"} action_name:"Corrupt"
  Response 119: return_values:{str_value:"DISABLED"} exec_time:{start_unix_nano:10136068584 end_unix_nano:10136072292} status:{code:STATUS_OK message:"OK"} roles:{role_name:"Controller"}
  Request 120: role:{role_name:"Controller"} action_name:"Inspect"
  Response 120: return_values:{str_value:"DISABLED"} exec_time:{start_unix_nano:10136266167 end_unix_nano:10136270167} status:{code:STATUS_OK message:"OK"} roles:{role_name:"Controller"}
  Request 121: role:{role_name:"Controller"} action_name:"Review"
  Response 121: return_values:{str_value:"DISABLED"} exec_time:{start_unix_nano:10136465625 end_unix_nano:10136469625} status:{code:STATUS_OK message:"OK"} roles:{role_name:"Controller"}
  Request 122: role:{role_name:"Controller"} action_name:"Resume"
  Response 122: return_values:{str_value:"DISABLED"} exec_time:{start_unix_nano:10136632459 end_unix_nano:10136637459} status:{code:STATUS_OK message:"OK"} roles:{role_name:"Controller"}
  Request 123: role:{role_name:"Controller"} action_name:"Corrupt"
  Response 123: return_values:{str_value:"DISABLED"} exec_time:{start_unix_nano:10136830625 end_unix_nano:10136833959} status:{code:STATUS_OK message:"OK"} roles:{role_name:"Controller"}
  Request 124: role:{role_name:"Controller"} action_name:"Start"
  Response 124: return_values:{str_value:"DISABLED"} exec_time:{start_unix_nano:10136995209 end_unix_nano:10136998417} status:{code:STATUS_OK message:"OK"} roles:{role_name:"Controller"}
  Request 125: role:{role_name:"Controller"} action_name:"Proof"
  Response 125: return_values:{str_value:"DISABLED"} exec_time:{start_unix_nano:10137150792 end_unix_nano:10137154750} status:{code:STATUS_OK message:"OK"} roles:{role_name:"Controller"}
  Request 126: role:{role_name:"Controller"} action_name:"Review"
  Response 126: return_values:{str_value:"DISABLED"} exec_time:{start_unix_nano:10137318000 end_unix_nano:10137321209} status:{code:STATUS_OK message:"OK"} roles:{role_name:"Controller"}
  Request 127: role:{role_name:"Controller"} action_name:"Restart"
  Response 127: return_values:{str_value:"DISABLED"} exec_time:{start_unix_nano:10137532625 end_unix_nano:10137537917} status:{code:STATUS_OK message:"OK"} roles:{role_name:"Controller"}
  Request 128: role:{role_name:"Controller"} action_name:"Resume"
  Response 128: return_values:{str_value:"DISABLED"} exec_time:{start_unix_nano:10137746417 end_unix_nano:10137752084} status:{code:STATUS_OK message:"OK"} roles:{role_name:"Controller"}
  Request 129: role:{role_name:"Controller"} action_name:"Review"
  Response 129: return_values:{str_value:"DISABLED"} exec_time:{start_unix_nano:10137989834 end_unix_nano:10137994917} status:{code:STATUS_OK message:"OK"} roles:{role_name:"Controller"}
  Request 130: role:{role_name:"Controller"} action_name:"Restart"
  Response 130: return_values:{str_value:"DISABLED"} exec_time:{start_unix_nano:10138208667 end_unix_nano:10138215375} status:{code:STATUS_OK message:"OK"} roles:{role_name:"Controller"}
  Request 131: role:{role_name:"Controller"} action_name:"Inspect"
  Response 131: return_values:{str_value:"DISABLED"} exec_time:{start_unix_nano:10138383959 end_unix_nano:10138388125} status:{code:STATUS_OK message:"OK"} roles:{role_name:"Controller"}
  Request 132: role:{role_name:"Controller"} action_name:"Resume"
  Response 132: return_values:{str_value:"DISABLED"} exec_time:{start_unix_nano:10138573750 end_unix_nano:10138577584} status:{code:STATUS_OK message:"OK"} roles:{role_name:"Controller"}
  Request 133: role:{role_name:"Controller"} action_name:"Restart"
  Response 133: return_values:{str_value:"DISABLED"} exec_time:{start_unix_nano:10138794875 end_unix_nano:10138800459} status:{code:STATUS_OK message:"OK"} roles:{role_name:"Controller"}
  Request 134: role:{role_name:"Controller"} action_name:"Review"
  Response 134: return_values:{str_value:"DISABLED"} exec_time:{start_unix_nano:10139065750 end_unix_nano:10139071875} status:{code:STATUS_OK message:"OK"} roles:{role_name:"Controller"}
  Request 135: role:{role_name:"Controller"} action_name:"Overlap"
  Response 135: return_values:{str_value:"DISABLED"} exec_time:{start_unix_nano:10139316167 end_unix_nano:10139322542} status:{code:STATUS_OK message:"OK"} roles:{role_name:"Controller"}
  Request 136: role:{role_name:"Controller"} action_name:"Restart"
  Response 136: return_values:{str_value:"DISABLED"} exec_time:{start_unix_nano:10139559000 end_unix_nano:10139564667} status:{code:STATUS_OK message:"OK"} roles:{role_name:"Controller"}
  Request 137: role:{role_name:"Controller"} action_name:"Restart"
  Response 137: return_values:{str_value:"DISABLED"} exec_time:{start_unix_nano:10139787000 end_unix_nano:10139795417} status:{code:STATUS_OK message:"OK"} roles:{role_name:"Controller"}
  Request 138: role:{role_name:"Controller"} action_name:"Restart"
  Response 138: return_values:{str_value:"DISABLED"} exec_time:{start_unix_nano:10139996334 end_unix_nano:10140000875} status:{code:STATUS_OK message:"OK"} roles:{role_name:"Controller"}
  Request 139: role:{role_name:"Controller"} action_name:"Start"
  Response 139: return_values:{str_value:"DISABLED"} exec_time:{start_unix_nano:10140363209 end_unix_nano:10140367542} status:{code:STATUS_OK message:"OK"} roles:{role_name:"Controller"}
  Request 140: role:{role_name:"Controller"} action_name:"Proof"
  Response 140: return_values:{str_value:"DISABLED"} exec_time:{start_unix_nano:10140569209 end_unix_nano:10140575250} status:{code:STATUS_OK message:"OK"} roles:{role_name:"Controller"}
  Request 141: role:{role_name:"Controller"} action_name:"Resume"
  Response 141: return_values:{str_value:"DISABLED"} exec_time:{start_unix_nano:10140783417 end_unix_nano:10140787959} status:{code:STATUS_OK message:"OK"} roles:{role_name:"Controller"}
  Request 142: role:{role_name:"Controller"} action_name:"Review"
  Response 142: return_values:{str_value:"DISABLED"} exec_time:{start_unix_nano:10140969792 end_unix_nano:10140973000} status:{code:STATUS_OK message:"OK"} roles:{role_name:"Controller"}
  Request 143: role:{role_name:"Controller"} action_name:"Review"
  Response 143: return_values:{str_value:"DISABLED"} exec_time:{start_unix_nano:10141170584 end_unix_nano:10141175792} status:{code:STATUS_OK message:"OK"} roles:{role_name:"Controller"}
  Request 144: role:{role_name:"Controller"} action_name:"Corrupt"
  Response 144: return_values:{str_value:"DISABLED"} exec_time:{start_unix_nano:10141371709 end_unix_nano:10141375542} status:{code:STATUS_OK message:"OK"} roles:{role_name:"Controller"}
  Request 145: role:{role_name:"Controller"} action_name:"Proof"
  Response 145: return_values:{str_value:"DISABLED"} exec_time:{start_unix_nano:10141557667 end_unix_nano:10141562250} status:{code:STATUS_OK message:"OK"} roles:{role_name:"Controller"}
  Request 146: role:{role_name:"Controller"} action_name:"Restart"
  Response 146: return_values:{str_value:"DISABLED"} exec_time:{start_unix_nano:10141764334 end_unix_nano:10141770709} status:{code:STATUS_OK message:"OK"} roles:{role_name:"Controller"}
  Request 147: role:{role_name:"Controller"} action_name:"Inspect"
  Response 147: return_values:{str_value:"DISABLED"} exec_time:{start_unix_nano:10141999375 end_unix_nano:10142004125} status:{code:STATUS_OK message:"OK"} roles:{role_name:"Controller"}
  Request 148: role:{role_name:"Controller"} action_name:"Proof"
  Response 148: return_values:{str_value:"DISABLED"} exec_time:{start_unix_nano:10142254292 end_unix_nano:10142261875} status:{code:STATUS_OK message:"OK"} roles:{role_name:"Controller"}
  Request 149: role:{role_name:"Controller"} action_name:"Restart"
  Response 149: return_values:{str_value:"DISABLED"} exec_time:{start_unix_nano:10142440667 end_unix_nano:10142445375} status:{code:STATUS_OK message:"OK"} roles:{role_name:"Controller"}
  Request 150: role:{role_name:"Controller"} action_name:"Review"
  Response 150: return_values:{str_value:"DISABLED"} exec_time:{start_unix_nano:10142638125 end_unix_nano:10142641917} status:{code:STATUS_OK message:"OK"} roles:{role_name:"Controller"}
  Request 151: role:{role_name:"Controller"} action_name:"Review"
  Response 151: return_values:{str_value:"DISABLED"} exec_time:{start_unix_nano:10142801000 end_unix_nano:10142804375} status:{code:STATUS_OK message:"OK"} roles:{role_name:"Controller"}
  Request 152: role:{role_name:"Controller"} action_name:"Review"
  Response 152: return_values:{str_value:"DISABLED"} exec_time:{start_unix_nano:10142951042 end_unix_nano:10142954000} status:{code:STATUS_OK message:"OK"} roles:{role_name:"Controller"}
  Request 153: role:{role_name:"Controller"} action_name:"Restart"
  Response 153: return_values:{str_value:"DISABLED"} exec_time:{start_unix_nano:10143123334 end_unix_nano:10143129500} status:{code:STATUS_OK message:"OK"} roles:{role_name:"Controller"}
  Request 154: role:{role_name:"Controller"} action_name:"Resume"
  Response 154: return_values:{str_value:"DISABLED"} exec_time:{start_unix_nano:10143357959 end_unix_nano:10143362042} status:{code:STATUS_OK message:"OK"} roles:{role_name:"Controller"}
  Request 155: role:{role_name:"Controller"} action_name:"Inspect"
  Response 155: return_values:{str_value:"DISABLED"} exec_time:{start_unix_nano:10143563542 end_unix_nano:10143569167} status:{code:STATUS_OK message:"OK"} roles:{role_name:"Controller"}
  Request 156: role:{role_name:"Controller"} action_name:"Restart"
  Response 156: return_values:{str_value:"DISABLED"} exec_time:{start_unix_nano:10143755459 end_unix_nano:10143760709} status:{code:STATUS_OK message:"OK"} roles:{role_name:"Controller"}
  Request 157: role:{role_name:"Controller"} action_name:"Proof"
  Response 157: return_values:{str_value:"DISABLED"} exec_time:{start_unix_nano:10143954917 end_unix_nano:10143958334} status:{code:STATUS_OK message:"OK"} roles:{role_name:"Controller"}
  Request 158: role:{role_name:"Controller"} action_name:"Resume"
  Response 158: return_values:{str_value:"DISABLED"} exec_time:{start_unix_nano:10144145209 end_unix_nano:10144148334} status:{code:STATUS_OK message:"OK"} roles:{role_name:"Controller"}
  Request 159: role:{role_name:"Controller"} action_name:"Inspect"
  Response 159: return_values:{str_value:"DISABLED"} exec_time:{start_unix_nano:10144341875 end_unix_nano:10144346042} status:{code:STATUS_OK message:"OK"} roles:{role_name:"Controller"}
  Request 160: role:{role_name:"Controller"} action_name:"Proof"
  Response 160: return_values:{str_value:"DISABLED"} exec_time:{start_unix_nano:10144531875 end_unix_nano:10144535125} status:{code:STATUS_OK message:"OK"} roles:{role_name:"Controller"}
  Request 161: role:{role_name:"Controller"} action_name:"Proof"
  Response 161: return_values:{str_value:"DISABLED"} exec_time:{start_unix_nano:10144744500 end_unix_nano:10144749125} status:{code:STATUS_OK message:"OK"} roles:{role_name:"Controller"}
  Request 162: role:{role_name:"Controller"} action_name:"Restart"
  Response 162: return_values:{str_value:"DISABLED"} exec_time:{start_unix_nano:10144903917 end_unix_nano:10144914250} status:{code:STATUS_OK message:"OK"} roles:{role_name:"Controller"}
  Request 163: role:{role_name:"Controller"} action_name:"Start"
  Response 163: return_values:{str_value:"DISABLED"} exec_time:{start_unix_nano:10145313917 end_unix_nano:10145317875} status:{code:STATUS_OK message:"OK"} roles:{role_name:"Controller"}
  Request 164: role:{role_name:"Controller"} action_name:"Restart"
  Response 164: return_values:{str_value:"DISABLED"} exec_time:{start_unix_nano:10145517459 end_unix_nano:10145524459} status:{code:STATUS_OK message:"OK"} roles:{role_name:"Controller"}
  Request 165: role:{role_name:"Controller"} action_name:"Overlap"
  Response 165: return_values:{str_value:"DISABLED"} exec_time:{start_unix_nano:10145673750 end_unix_nano:10145677584} status:{code:STATUS_OK message:"OK"} roles:{role_name:"Controller"}
  Request 166: role:{role_name:"Controller"} action_name:"Resume"
  Response 166: return_values:{str_value:"DISABLED"} exec_time:{start_unix_nano:10145836584 end_unix_nano:10145839834} status:{code:STATUS_OK message:"OK"} roles:{role_name:"Controller"}
  Request 167: role:{role_name:"Controller"} action_name:"Restart"
  Response 167: return_values:{str_value:"DISABLED"} exec_time:{start_unix_nano:10146028125 end_unix_nano:10146031667} status:{code:STATUS_OK message:"OK"} roles:{role_name:"Controller"}
  Request 168: role:{role_name:"Controller"} action_name:"Start"
  Response 168: return_values:{str_value:"DISABLED"} exec_time:{start_unix_nano:10146226500 end_unix_nano:10146232125} status:{code:STATUS_OK message:"OK"} roles:{role_name:"Controller"}
  Request 169: role:{role_name:"Controller"} action_name:"Proof"
  Response 169: return_values:{str_value:"DISABLED"} exec_time:{start_unix_nano:10146482250 end_unix_nano:10146487709} status:{code:STATUS_OK message:"OK"} roles:{role_name:"Controller"}
  Request 170: role:{role_name:"Controller"} action_name:"Start"
  Response 170: return_values:{str_value:"DISABLED"} exec_time:{start_unix_nano:10146716792 end_unix_nano:10146722250} status:{code:STATUS_OK message:"OK"} roles:{role_name:"Controller"}
  Request 171: role:{role_name:"Controller"} action_name:"Corrupt"
  Response 171: return_values:{str_value:"DISABLED"} exec_time:{start_unix_nano:10146930875 end_unix_nano:10146934834} status:{code:STATUS_OK message:"OK"} roles:{role_name:"Controller"}
  Request 172: role:{role_name:"Controller"} action_name:"Review"
  Response 172: return_values:{str_value:"DISABLED"} exec_time:{start_unix_nano:10147102625 end_unix_nano:10147106000} status:{code:STATUS_OK message:"OK"} roles:{role_name:"Controller"}
  Request 173: role:{role_name:"Controller"} action_name:"Proof"
  Response 173: return_values:{str_value:"DISABLED"} exec_time:{start_unix_nano:10147266709 end_unix_nano:10147270125} status:{code:STATUS_OK message:"OK"} roles:{role_name:"Controller"}
  Request 174: role:{role_name:"Controller"} action_name:"Review"
  Response 174: return_values:{str_value:"DISABLED"} exec_time:{start_unix_nano:10147453459 end_unix_nano:10147458250} status:{code:STATUS_OK message:"OK"} roles:{role_name:"Controller"}
  Request 175: role:{role_name:"Controller"} action_name:"Inspect"
  Response 175: return_values:{str_value:"DISABLED"} exec_time:{start_unix_nano:10147674542 end_unix_nano:10147678875} status:{code:STATUS_OK message:"OK"} roles:{role_name:"Controller"}
  Request 176: role:{role_name:"Controller"} action_name:"Inspect"
  Response 176: return_values:{str_value:"DISABLED"} exec_time:{start_unix_nano:10147856084 end_unix_nano:10147859834} status:{code:STATUS_OK message:"OK"} roles:{role_name:"Controller"}
  Request 177: role:{role_name:"Controller"} action_name:"Restart"
  Response 177: return_values:{str_value:"DISABLED"} exec_time:{start_unix_nano:10148017959 end_unix_nano:10148021125} status:{code:STATUS_OK message:"OK"} roles:{role_name:"Controller"}
  Request 178: role:{role_name:"Controller"} action_name:"Restart"
  Response 178: return_values:{str_value:"DISABLED"} exec_time:{start_unix_nano:10148221500 end_unix_nano:10148227209} status:{code:STATUS_OK message:"OK"} roles:{role_name:"Controller"}
  Request 179: role:{role_name:"Controller"} action_name:"Corrupt"
  Response 179: return_values:{str_value:"DISABLED"} exec_time:{start_unix_nano:10148438750 end_unix_nano:10148442084} status:{code:STATUS_OK message:"OK"} roles:{role_name:"Controller"}
  Request 180: role:{role_name:"Controller"} action_name:"Proof"
  Response 180: return_values:{str_value:"DISABLED"} exec_time:{start_unix_nano:10148610250 end_unix_nano:10148614167} status:{code:STATUS_OK message:"OK"} roles:{role_name:"Controller"}
  Request 181: role:{role_name:"Controller"} action_name:"Resume"
  Response 181: return_values:{str_value:"DISABLED"} exec_time:{start_unix_nano:10148797667 end_unix_nano:10148801042} status:{code:STATUS_OK message:"OK"} roles:{role_name:"Controller"}
  Request 182: role:{role_name:"Controller"} action_name:"Proof"
  Response 182: return_values:{str_value:"DISABLED"} exec_time:{start_unix_nano:10148960334 end_unix_nano:10148963292} status:{code:STATUS_OK message:"OK"} roles:{role_name:"Controller"}
  Request 183: role:{role_name:"Controller"} action_name:"Start"
  Response 183: return_values:{str_value:"DISABLED"} exec_time:{start_unix_nano:10149147167 end_unix_nano:10149151667} status:{code:STATUS_OK message:"OK"} roles:{role_name:"Controller"}
  Request 184: role:{role_name:"Controller"} action_name:"Resume"
  Response 184: return_values:{str_value:"DISABLED"} exec_time:{start_unix_nano:10149305584 end_unix_nano:10149308917} status:{code:STATUS_OK message:"OK"} roles:{role_name:"Controller"}
  Request 185: role:{role_name:"Controller"} action_name:"Start"
  Response 185: return_values:{str_value:"DISABLED"} exec_time:{start_unix_nano:10149501042 end_unix_nano:10149505042} status:{code:STATUS_OK message:"OK"} roles:{role_name:"Controller"}
  Request 186: role:{role_name:"Controller"} action_name:"Inspect"
  Response 186: return_values:{str_value:"DISABLED"} exec_time:{start_unix_nano:10149715375 end_unix_nano:10149719042} status:{code:STATUS_OK message:"OK"} roles:{role_name:"Controller"}
  Request 187: role:{role_name:"Controller"} action_name:"Inspect"
  Response 187: return_values:{str_value:"DISABLED"} exec_time:{start_unix_nano:10150058917 end_unix_nano:10150061917} status:{code:STATUS_OK message:"OK"} roles:{role_name:"Controller"}
  Request 188: role:{role_name:"Controller"} action_name:"Inspect"
  Response 188: return_values:{str_value:"DISABLED"} exec_time:{start_unix_nano:10150248709 end_unix_nano:10150251417} status:{code:STATUS_OK message:"OK"} roles:{role_name:"Controller"}
  Request 189: role:{role_name:"Controller"} action_name:"Overlap"
  Response 189: return_values:{str_value:"DISABLED"} exec_time:{start_unix_nano:10150384917 end_unix_nano:10150387709} status:{code:STATUS_OK message:"OK"} roles:{role_name:"Controller"}
  Request 190: role:{role_name:"Controller"} action_name:"Proof"
  Response 190: return_values:{str_value:"DISABLED"} exec_time:{start_unix_nano:10150509459 end_unix_nano:10150512292} status:{code:STATUS_OK message:"OK"} roles:{role_name:"Controller"}
  Request 191: role:{role_name:"Controller"} action_name:"Inspect"
  Response 191: return_values:{str_value:"DISABLED"} exec_time:{start_unix_nano:10150668917 end_unix_nano:10150672334} status:{code:STATUS_OK message:"OK"} roles:{role_name:"Controller"}
  Request 192: role:{role_name:"Controller"} action_name:"Resume"
  Response 192: return_values:{str_value:"DISABLED"} exec_time:{start_unix_nano:10150837709 end_unix_nano:10150840959} status:{code:STATUS_OK message:"OK"} roles:{role_name:"Controller"}
  Request 193: role:{role_name:"Controller"} action_name:"Corrupt"
  Response 193: return_values:{str_value:"DISABLED"} exec_time:{start_unix_nano:10151007250 end_unix_nano:10151010125} status:{code:STATUS_OK message:"OK"} roles:{role_name:"Controller"}
  Request 194: role:{role_name:"Controller"} action_name:"Restart"
  Response 194: return_values:{str_value:"DISABLED"} exec_time:{start_unix_nano:10151199459 end_unix_nano:10151202625} status:{code:STATUS_OK message:"OK"} roles:{role_name:"Controller"}
  Request 195: role:{role_name:"Controller"} action_name:"Review"
  Response 195: return_values:{str_value:"DISABLED"} exec_time:{start_unix_nano:10151396875 end_unix_nano:10151400209} status:{code:STATUS_OK message:"OK"} roles:{role_name:"Controller"}
  Request 196: role:{role_name:"Controller"} action_name:"Start"
  Response 196: return_values:{str_value:"DISABLED"} exec_time:{start_unix_nano:10151609959 end_unix_nano:10151616042} status:{code:STATUS_OK message:"OK"} roles:{role_name:"Controller"}
  Request 197: role:{role_name:"Controller"} action_name:"Proof"
  Response 197: return_values:{str_value:"DISABLED"} exec_time:{start_unix_nano:10151828667 end_unix_nano:10151833625} status:{code:STATUS_OK message:"OK"} roles:{role_name:"Controller"}
  Request 198: role:{role_name:"Controller"} action_name:"Resume"
  Response 198: return_values:{str_value:"DISABLED"} exec_time:{start_unix_nano:10152041625 end_unix_nano:10152044792} status:{code:STATUS_OK message:"OK"} roles:{role_name:"Controller"}
  Request 199: role:{role_name:"Controller"} action_name:"Review"
  Response 199: return_values:{str_value:"DISABLED"} exec_time:{start_unix_nano:10152200417 end_unix_nano:10152203959} status:{code:STATUS_OK message:"OK"} roles:{role_name:"Controller"}
  Request 200: role:{role_name:"Controller"} action_name:"Corrupt"
  Response 200: return_values:{str_value:"DISABLED"} exec_time:{start_unix_nano:10152394167 end_unix_nano:10152397250} status:{code:STATUS_OK message:"OK"} roles:{role_name:"Controller"}
  Request 201: role:{role_name:"Controller"} action_name:"Inspect"
  Response 201: return_values:{str_value:"DISABLED"} exec_time:{start_unix_nano:10152592500 end_unix_nano:10152597209} status:{code:STATUS_OK message:"OK"} roles:{role_name:"Controller"}
  Request 202: role:{role_name:"Controller"} action_name:"Overlap"
  Response 202: return_values:{str_value:"DISABLED"} exec_time:{start_unix_nano:10152780084 end_unix_nano:10152783834} status:{code:STATUS_OK message:"OK"} roles:{role_name:"Controller"}
  Request 203: role:{role_name:"Controller"} action_name:"Review"
  Response 203: return_values:{str_value:"DISABLED"} exec_time:{start_unix_nano:10152970292 end_unix_nano:10152973250} status:{code:STATUS_OK message:"OK"} roles:{role_name:"Controller"}
  Request 204: role:{role_name:"Controller"} action_name:"Restart"
  Response 204: return_values:{str_value:"DISABLED"} exec_time:{start_unix_nano:10153150834 end_unix_nano:10153153542} status:{code:STATUS_OK message:"OK"} roles:{role_name:"Controller"}
  Request 205: role:{role_name:"Controller"} action_name:"Start"
  Response 205: return_values:{str_value:"DISABLED"} exec_time:{start_unix_nano:10153318625 end_unix_nano:10153322209} status:{code:STATUS_OK message:"OK"} roles:{role_name:"Controller"}
  Request 206: role:{role_name:"Controller"} action_name:"Overlap"
  Response 206: return_values:{str_value:"DISABLED"} exec_time:{start_unix_nano:10153544167 end_unix_nano:10153550292} status:{code:STATUS_OK message:"OK"} roles:{role_name:"Controller"}
  Request 207: role:{role_name:"Controller"} action_name:"Overlap"
  Response 207: return_values:{str_value:"DISABLED"} exec_time:{start_unix_nano:10153732834 end_unix_nano:10153736875} status:{code:STATUS_OK message:"OK"} roles:{role_name:"Controller"}
  Request 208: role:{role_name:"Controller"} action_name:"Inspect"
  Response 208: return_values:{str_value:"DISABLED"} exec_time:{start_unix_nano:10153917375 end_unix_nano:10153921209} status:{code:STATUS_OK message:"OK"} roles:{role_name:"Controller"}
  Request 209: role:{role_name:"Controller"} action_name:"Review"
  Response 209: return_values:{str_value:"DISABLED"} exec_time:{start_unix_nano:10154092042 end_unix_nano:10154094917} status:{code:STATUS_OK message:"OK"} roles:{role_name:"Controller"}
  Request 210: role:{role_name:"Controller"} action_name:"Overlap"
  Response 210: return_values:{str_value:"DISABLED"} exec_time:{start_unix_nano:10154270209 end_unix_nano:10154273167} status:{code:STATUS_OK message:"OK"} roles:{role_name:"Controller"}
  Request 211: role:{role_name:"Controller"} action_name:"Inspect"
  Response 211: return_values:{str_value:"DISABLED"} exec_time:{start_unix_nano:10154470792 end_unix_nano:10154475875} status:{code:STATUS_OK message:"OK"} roles:{role_name:"Controller"}
  Request 212: role:{role_name:"Controller"} action_name:"Proof"
  Response 212: return_values:{str_value:"DISABLED"} exec_time:{start_unix_nano:10154863292 end_unix_nano:10154867375} status:{code:STATUS_OK message:"OK"} roles:{role_name:"Controller"}
  Request 213: role:{role_name:"Controller"} action_name:"Restart"
  Response 213: return_values:{str_value:"DISABLED"} exec_time:{start_unix_nano:10155056709 end_unix_nano:10155059917} status:{code:STATUS_OK message:"OK"} roles:{role_name:"Controller"}
  Request 214: role:{role_name:"Controller"} action_name:"Start"
  Response 214: return_values:{str_value:"DISABLED"} exec_time:{start_unix_nano:10155233417 end_unix_nano:10155236084} status:{code:STATUS_OK message:"OK"} roles:{role_name:"Controller"}
  Request 215: role:{role_name:"Controller"} action_name:"Inspect"
  Response 215: return_values:{str_value:"DISABLED"} exec_time:{start_unix_nano:10155425250 end_unix_nano:10155429834} status:{code:STATUS_OK message:"OK"} roles:{role_name:"Controller"}
  Request 216: role:{role_name:"Controller"} action_name:"Corrupt"
  Response 216: return_values:{str_value:"DISABLED"} exec_time:{start_unix_nano:10155623500 end_unix_nano:10155626375} status:{code:STATUS_OK message:"OK"} roles:{role_name:"Controller"}
  Request 217: role:{role_name:"Controller"} action_name:"Overlap"
  Response 217: return_values:{str_value:"DISABLED"} exec_time:{start_unix_nano:10155790334 end_unix_nano:10155792875} status:{code:STATUS_OK message:"OK"} roles:{role_name:"Controller"}
  Request 218: role:{role_name:"Controller"} action_name:"Review"
  Response 218: return_values:{str_value:"DISABLED"} exec_time:{start_unix_nano:10155973917 end_unix_nano:10155978334} status:{code:STATUS_OK message:"OK"} roles:{role_name:"Controller"}
  Request 219: role:{role_name:"Controller"} action_name:"Resume"
  Response 219: return_values:{str_value:"DISABLED"} exec_time:{start_unix_nano:10156160667 end_unix_nano:10156163500} status:{code:STATUS_OK message:"OK"} roles:{role_name:"Controller"}
  Request 220: role:{role_name:"Controller"} action_name:"Restart"
  Response 220: return_values:{str_value:"DISABLED"} exec_time:{start_unix_nano:10156707167 end_unix_nano:10156712875} status:{code:STATUS_OK message:"OK"} roles:{role_name:"Controller"}
  Request 221: role:{role_name:"Controller"} action_name:"Start"
  Response 221: return_values:{str_value:"DISABLED"} exec_time:{start_unix_nano:10157013042 end_unix_nano:10157018709} status:{code:STATUS_OK message:"OK"} roles:{role_name:"Controller"}
  Request 222: role:{role_name:"Controller"} action_name:"Restart"
  Response 222: return_values:{str_value:"DISABLED"} exec_time:{start_unix_nano:10157201125 end_unix_nano:10157203959} status:{code:STATUS_OK message:"OK"} roles:{role_name:"Controller"}
  Request 223: role:{role_name:"Controller"} action_name:"Inspect"
  Response 223: return_values:{str_value:"DISABLED"} exec_time:{start_unix_nano:10157352167 end_unix_nano:10157354834} status:{code:STATUS_OK message:"OK"} roles:{role_name:"Controller"}
  Request 224: role:{role_name:"Controller"} action_name:"Resume"
  Response 224: return_values:{str_value:"DISABLED"} exec_time:{start_unix_nano:10157523875 end_unix_nano:10157529292} status:{code:STATUS_OK message:"OK"} roles:{role_name:"Controller"}
  Request 225: role:{role_name:"Controller"} action_name:"Start"
  Response 225: return_values:{str_value:"DISABLED"} exec_time:{start_unix_nano:10157694042 end_unix_nano:10157699917} status:{code:STATUS_OK message:"OK"} roles:{role_name:"Controller"}
  Request 226: role:{role_name:"Controller"} action_name:"Inspect"
  Response 226: return_values:{str_value:"DISABLED"} exec_time:{start_unix_nano:10157844750 end_unix_nano:10157847792} status:{code:STATUS_OK message:"OK"} roles:{role_name:"Controller"}
  Request 227: role:{role_name:"Controller"} action_name:"Overlap"
  Response 227: return_values:{str_value:"DISABLED"} exec_time:{start_unix_nano:10157970542 end_unix_nano:10157973292} status:{code:STATUS_OK message:"OK"} roles:{role_name:"Controller"}
  Request 228: role:{role_name:"Controller"} action_name:"Corrupt"
  Response 228: return_values:{str_value:"DISABLED"} exec_time:{start_unix_nano:10158093292 end_unix_nano:10158096334} status:{code:STATUS_OK message:"OK"} roles:{role_name:"Controller"}
  Request 229: role:{role_name:"Controller"} action_name:"Corrupt"
  Response 229: return_values:{str_value:"DISABLED"} exec_time:{start_unix_nano:10158273792 end_unix_nano:10158278750} status:{code:STATUS_OK message:"OK"} roles:{role_name:"Controller"}
  Request 230: role:{role_name:"Controller"} action_name:"Corrupt"
  Response 230: return_values:{str_value:"DISABLED"} exec_time:{start_unix_nano:10158473542 end_unix_nano:10158476792} status:{code:STATUS_OK message:"OK"} roles:{role_name:"Controller"}
  Request 231: role:{role_name:"Controller"} action_name:"Restart"
  Response 231: return_values:{str_value:"DISABLED"} exec_time:{start_unix_nano:10158655584 end_unix_nano:10158658292} status:{code:STATUS_OK message:"OK"} roles:{role_name:"Controller"}
  Request 232: role:{role_name:"Controller"} action_name:"Resume"
  Response 232: return_values:{str_value:"DISABLED"} exec_time:{start_unix_nano:10158842542 end_unix_nano:10158846792} status:{code:STATUS_OK message:"OK"} roles:{role_name:"Controller"}
  Request 233: role:{role_name:"Controller"} action_name:"Corrupt"
  Response 233: return_values:{str_value:"DISABLED"} exec_time:{start_unix_nano:10159034667 end_unix_nano:10159038000} status:{code:STATUS_OK message:"OK"} roles:{role_name:"Controller"}
  Request 234: role:{role_name:"Controller"} action_name:"Start"
  Response 234: return_values:{str_value:"DISABLED"} exec_time:{start_unix_nano:10159264750 end_unix_nano:10159270334} status:{code:STATUS_OK message:"OK"} roles:{role_name:"Controller"}
  Request 235: role:{role_name:"Controller"} action_name:"Proof"
  Response 235: return_values:{str_value:"DISABLED"} exec_time:{start_unix_nano:10159456625 end_unix_nano:10159459875} status:{code:STATUS_OK message:"OK"} roles:{role_name:"Controller"}
  Request 236: role:{role_name:"Controller"} action_name:"Start"
  Response 236: return_values:{str_value:"DISABLED"} exec_time:{start_unix_nano:10159637917 end_unix_nano:10159641209} status:{code:STATUS_OK message:"OK"} roles:{role_name:"Controller"}
  Request 237: role:{role_name:"Controller"} action_name:"Resume"
  Response 237: return_values:{str_value:"DISABLED"} exec_time:{start_unix_nano:10159839542 end_unix_nano:10159843792} status:{code:STATUS_OK message:"OK"} roles:{role_name:"Controller"}
  Request 238: role:{role_name:"Controller"} action_name:"Proof"
  Response 238: return_values:{str_value:"DISABLED"} exec_time:{start_unix_nano:10160027375 end_unix_nano:10160030209} status:{code:STATUS_OK message:"OK"} roles:{role_name:"Controller"}
  Request 239: role:{role_name:"Controller"} action_name:"Proof"
  Response 239: return_values:{str_value:"DISABLED"} exec_time:{start_unix_nano:10160189167 end_unix_nano:10160192000} status:{code:STATUS_OK message:"OK"} roles:{role_name:"Controller"}
  Request 240: role:{role_name:"Controller"} action_name:"Restart"
  Response 240: return_values:{str_value:"DISABLED"} exec_time:{start_unix_nano:10160390875 end_unix_nano:10160395625} status:{code:STATUS_OK message:"OK"} roles:{role_name:"Controller"}
  Request 241: role:{role_name:"Controller"} action_name:"Inspect"
  Response 241: return_values:{str_value:"DISABLED"} exec_time:{start_unix_nano:10160593792 end_unix_nano:10160598709} status:{code:STATUS_OK message:"OK"} roles:{role_name:"Controller"}
  Request 242: role:{role_name:"Controller"} action_name:"Review"
  Response 242: return_values:{str_value:"DISABLED"} exec_time:{start_unix_nano:10160788709 end_unix_nano:10160791375} status:{code:STATUS_OK message:"OK"} roles:{role_name:"Controller"}
  Request 243: role:{role_name:"Controller"} action_name:"Overlap"
  Response 243: return_values:{str_value:"DISABLED"} exec_time:{start_unix_nano:10160957292 end_unix_nano:10160960375} status:{code:STATUS_OK message:"OK"} roles:{role_name:"Controller"}
  Request 244: role:{role_name:"Controller"} action_name:"Proof"
  Response 244: return_values:{str_value:"DISABLED"} exec_time:{start_unix_nano:10161175209 end_unix_nano:10161179292} status:{code:STATUS_OK message:"OK"} roles:{role_name:"Controller"}
  Request 245: role:{role_name:"Controller"} action_name:"Overlap"
  Response 245: return_values:{str_value:"DISABLED"} exec_time:{start_unix_nano:10161420125 end_unix_nano:10161426959} status:{code:STATUS_OK message:"OK"} roles:{role_name:"Controller"}
  Request 246: role:{role_name:"Controller"} action_name:"Review"
  Response 246: return_values:{str_value:"DISABLED"} exec_time:{start_unix_nano:10161617459 end_unix_nano:10161622625} status:{code:STATUS_OK message:"OK"} roles:{role_name:"Controller"}
  Request 247: role:{role_name:"Controller"} action_name:"Restart"
  Response 247: return_values:{str_value:"DISABLED"} exec_time:{start_unix_nano:10161793334 end_unix_nano:10161798125} status:{code:STATUS_OK message:"OK"} roles:{role_name:"Controller"}
  Request 248: role:{role_name:"Controller"} action_name:"Proof"
  Response 248: return_values:{str_value:"DISABLED"} exec_time:{start_unix_nano:10161974792 end_unix_nano:10161978792} status:{code:STATUS_OK message:"OK"} roles:{role_name:"Controller"}
  Request 249: role:{role_name:"Controller"} action_name:"Corrupt"
  Response 249: return_values:{str_value:"DISABLED"} exec_time:{start_unix_nano:10162142542 end_unix_nano:10162147209} status:{code:STATUS_OK message:"OK"} roles:{role_name:"Controller"}
  Request 250: role:{role_name:"Controller"} action_name:"Start"
  Response 250: return_values:{str_value:"DISABLED"} exec_time:{start_unix_nano:10162346292 end_unix_nano:10162351500} status:{code:STATUS_OK message:"OK"} roles:{role_name:"Controller"}
  Request 251: role:{role_name:"Controller"} action_name:"Corrupt"
  Response 251: return_values:{str_value:"DISABLED"} exec_time:{start_unix_nano:10162503792 end_unix_nano:10162506709} status:{code:STATUS_OK message:"OK"} roles:{role_name:"Controller"}
  Request 252: role:{role_name:"Controller"} action_name:"Overlap"
  Response 252: return_values:{str_value:"DISABLED"} exec_time:{start_unix_nano:10162677375 end_unix_nano:10162681209} status:{code:STATUS_OK message:"OK"} roles:{role_name:"Controller"}
  Request 253: role:{role_name:"Controller"} action_name:"Start"
  Response 253: return_values:{str_value:"DISABLED"} exec_time:{start_unix_nano:10162900625 end_unix_nano:10162903917} status:{code:STATUS_OK message:"OK"} roles:{role_name:"Controller"}
  Request 254: role:{role_name:"Controller"} action_name:"Inspect"
  Response 254: return_values:{str_value:"DISABLED"} exec_time:{start_unix_nano:10163138084 end_unix_nano:10163145459} status:{code:STATUS_OK message:"OK"} roles:{role_name:"Controller"}
  Request 255: role:{role_name:"Controller"} action_name:"Corrupt"
  Response 255: return_values:{str_value:"DISABLED"} exec_time:{start_unix_nano:10163362459 end_unix_nano:10163366500} status:{code:STATUS_OK message:"OK"} roles:{role_name:"Controller"}
Validating trace for RunId: demo-run-id
    Action Link: Controller#0.Inspect
    Found matching Source Link: dest:6 name:"Controller#0.Inspect" weight:0.125 type:"action" 10:"\n\x14Controller#0.Inspect\x12\n\"DISABLED\""
  End of Request 0, current nodeId: 6, node: map[channel_messages:map[] channels:map[] current:0 failedInvariants:<nil> name:yield returns:{"Controller#0.Inspect":"DISABLED"} roles:[map[fields:map[attempts:0 current:1 fault:false generation:0 inspected:false phase:new proof:0 repair:0 repeats:0 reports: review:0 saved:0 status:ABSENT] name:Controller params:map[] ref:0 ref_string:Controller#0]] state:map[controller:role Controller#0] stats:map[counts:map[Controller#0.Inspect:1] totalActions:1] threads:[] witness:[[false false false false]]]
. Expected DISABLED
. Actual [str_value:"DISABLED"], len:1
    Action Link: Controller#0.Restart
    Found matching Source Link: src:6 dest:5 name:"Controller#0.Restart" weight:0.125 type:"action" 10:"\n\x14Controller#0.Restart\x12\n\"DISABLED\""
  End of Request 1, current nodeId: 5, node: map[channel_messages:map[] channels:map[] current:0 failedInvariants:<nil> name:yield returns:{"Controller#0.Restart":"DISABLED"} roles:[map[fields:map[attempts:0 current:1 fault:false generation:0 inspected:false phase:new proof:0 repair:0 repeats:0 reports: review:0 saved:0 status:ABSENT] name:Controller params:map[] ref:0 ref_string:Controller#0]] state:map[controller:role Controller#0] stats:map[counts:map[Controller#0.Restart:1] totalActions:1] threads:[] witness:[[false false false false]]]
. Expected DISABLED
. Actual [str_value:"DISABLED"], len:1
    Action Link: Controller#0.Start
    Found matching Source Link: src:5 dest:1 name:"Controller#0.Start" labels:"Projection.call" weight:0.125 type:"action" 10:"\n\x12Controller#0.Start\x12)\"77|RUNNING|3|3|implementation|0|1|0|0|1\""
  End of Request 2, current nodeId: 1, node: map[channel_messages:map[] channels:map[] current:0 failedInvariants:<nil> name:yield returns:{"Controller#0.Start":"77|RUNNING|3|3|implementation|0|1|0|0|1"} roles:[map[fields:map[attempts:3 current:1 fault:false generation:1 inspected:false phase:review proof:0 repair:0 repeats:0 reports:implementation review:0 saved:3 status:RUNNING] name:Controller params:map[] ref:0 ref_string:Controller#0]] state:map[controller:role Controller#0] stats:map[counts:map[Controller#0.Start:1] totalActions:1] threads:[] witness:[[false false false false]]]
. Expected 77|RUNNING|3|3|implementation|0|1|0|0|1
. Actual [str_value:"77|RUNNING|3|3|implementation|0|1|0|0|1"], len:1
    Action Link: Controller#0.Resume
    Found matching Source Link: src:1 dest:15 name:"Controller#0.Resume" weight:0.125 type:"action" 10:"\n\x13Controller#0.Resume\x12\n\"DISABLED\""
  End of Request 3, current nodeId: 15, node: map[channel_messages:map[] channels:map[] current:0 failedInvariants:<nil> name:yield returns:{"Controller#0.Resume":"DISABLED"} roles:[map[fields:map[attempts:3 current:1 fault:false generation:1 inspected:false phase:review proof:0 repair:0 repeats:0 reports:implementation review:0 saved:3 status:RUNNING] name:Controller params:map[] ref:0 ref_string:Controller#0]] state:map[controller:role Controller#0] stats:map[counts:map[Controller#0.Resume:1 Controller#0.Start:1] totalActions:2] threads:[] witness:[[false false false false]]]
. Expected DISABLED
. Actual [str_value:"DISABLED"], len:1
    Action Link: Controller#0.Corrupt
    Found matching Source Link: src:15 dest:12 name:"Controller#0.Corrupt" weight:0.125 type:"action" 10:"\n\x14Controller#0.Corrupt\x12\n\"DISABLED\""
  End of Request 4, current nodeId: 12, node: map[channel_messages:map[] channels:map[] current:0 failedInvariants:<nil> name:yield returns:{"Controller#0.Corrupt":"DISABLED"} roles:[map[fields:map[attempts:3 current:1 fault:false generation:1 inspected:false phase:review proof:0 repair:0 repeats:0 reports:implementation review:0 saved:3 status:RUNNING] name:Controller params:map[] ref:0 ref_string:Controller#0]] state:map[controller:role Controller#0] stats:map[counts:map[Controller#0.Corrupt:1 Controller#0.Start:1] totalActions:2] threads:[] witness:[[false false false false]]]
. Expected DISABLED
. Actual [str_value:"DISABLED"], len:1
    Action Link: Controller#0.Inspect
    Found matching Source Link: src:12 dest:14 name:"Controller#0.Inspect" labels:"Projection.call" weight:0.125 type:"action" 10:"\n\x14Controller#0.Inspect\x12(\"1|RUNNING|3|3|implementation|0|1|0|0|1\""
  End of Request 5, current nodeId: 14, node: map[channel_messages:map[] channels:map[] current:0 failedInvariants:<nil> name:yield returns:{"Controller#0.Inspect":"1|RUNNING|3|3|implementation|0|1|0|0|1"} roles:[map[fields:map[attempts:3 current:1 fault:false generation:1 inspected:true phase:review proof:0 repair:0 repeats:0 reports:implementation review:0 saved:3 status:RUNNING] name:Controller params:map[] ref:0 ref_string:Controller#0]] state:map[controller:role Controller#0] stats:map[counts:map[Controller#0.Inspect:1 Controller#0.Start:1] totalActions:2] threads:[] witness:[[false false false false]]]
. Expected 1|RUNNING|3|3|implementation|0|1|0|0|1
. Actual [str_value:"1|RUNNING|3|3|implementation|0|1|0|0|1"], len:1
    Action Link: Controller#0.Start
    Found matching Source Link: src:14 dest:25 name:"Controller#0.Start" weight:0.125 type:"action" 10:"\n\x12Controller#0.Start\x12\n\"DISABLED\""
  End of Request 6, current nodeId: 25, node: map[channel_messages:map[] channels:map[] current:0 failedInvariants:<nil> name:yield returns:{"Controller#0.Start":"DISABLED"} roles:[map[fields:map[attempts:3 current:1 fault:false generation:1 inspected:true phase:review proof:0 repair:0 repeats:0 reports:implementation review:0 saved:3 status:RUNNING] name:Controller params:map[] ref:0 ref_string:Controller#0]] state:map[controller:role Controller#0] stats:map[counts:map[Controller#0.Inspect:1 Controller#0.Start:2] totalActions:3] threads:[] witness:[[false false false false]]]
. Expected DISABLED
. Actual [str_value:"DISABLED"], len:1
    Action Link: Controller#0.Restart
    Found matching Source Link: src:25 dest:29 name:"Controller#0.Restart" weight:0.125 type:"action" 10:"\n\x14Controller#0.Restart\x12\n\"DISABLED\""
  End of Request 7, current nodeId: 29, node: map[channel_messages:map[] channels:map[] current:0 failedInvariants:<nil> name:yield returns:{"Controller#0.Restart":"DISABLED"} roles:[map[fields:map[attempts:3 current:1 fault:false generation:1 inspected:true phase:review proof:0 repair:0 repeats:0 reports:implementation review:0 saved:3 status:RUNNING] name:Controller params:map[] ref:0 ref_string:Controller#0]] state:map[controller:role Controller#0] stats:map[counts:map[Controller#0.Inspect:1 Controller#0.Restart:1 Controller#0.Start:1] totalActions:3] threads:[] witness:[[false false false false]]]
. Expected DISABLED
. Actual [str_value:"DISABLED"], len:1
    Action Link: Controller#0.Restart
    Found matching Source Link: src:29 dest:29 name:"Controller#0.Restart" weight:0.125 type:"action" 10:"\n\x14Controller#0.Restart\x12\n\"DISABLED\""
  End of Request 8, current nodeId: 29, node: map[channel_messages:map[] channels:map[] current:0 failedInvariants:<nil> name:yield returns:{"Controller#0.Restart":"DISABLED"} roles:[map[fields:map[attempts:3 current:1 fault:false generation:1 inspected:true phase:review proof:0 repair:0 repeats:0 reports:implementation review:0 saved:3 status:RUNNING] name:Controller params:map[] ref:0 ref_string:Controller#0]] state:map[controller:role Controller#0] stats:map[counts:map[Controller#0.Inspect:1 Controller#0.Restart:1 Controller#0.Start:1] totalActions:3] threads:[] witness:[[false false false false]]]
. Expected DISABLED
. Actual [str_value:"DISABLED"], len:1
    Action Link: Controller#0.Start
    Found matching Source Link: src:29 dest:25 name:"Controller#0.Start" weight:0.125 type:"action" 10:"\n\x12Controller#0.Start\x12\n\"DISABLED\""
  End of Request 9, current nodeId: 25, node: map[channel_messages:map[] channels:map[] current:0 failedInvariants:<nil> name:yield returns:{"Controller#0.Start":"DISABLED"} roles:[map[fields:map[attempts:3 current:1 fault:false generation:1 inspected:true phase:review proof:0 repair:0 repeats:0 reports:implementation review:0 saved:3 status:RUNNING] name:Controller params:map[] ref:0 ref_string:Controller#0]] state:map[controller:role Controller#0] stats:map[counts:map[Controller#0.Inspect:1 Controller#0.Start:2] totalActions:3] threads:[] witness:[[false false false false]]]
. Expected DISABLED
. Actual [str_value:"DISABLED"], len:1
    Action Link: Controller#0.Overlap
    Found matching Source Link: src:25 dest:32 name:"Controller#0.Overlap" weight:0.125 type:"action" 10:"\n\x14Controller#0.Overlap\x12\n\"DISABLED\""
  End of Request 10, current nodeId: 32, node: map[channel_messages:map[] channels:map[] current:0 failedInvariants:<nil> name:yield returns:{"Controller#0.Overlap":"DISABLED"} roles:[map[fields:map[attempts:3 current:1 fault:false generation:1 inspected:true phase:review proof:0 repair:0 repeats:0 reports:implementation review:0 saved:3 status:RUNNING] name:Controller params:map[] ref:0 ref_string:Controller#0]] state:map[controller:role Controller#0] stats:map[counts:map[Controller#0.Inspect:1 Controller#0.Overlap:1 Controller#0.Start:1] totalActions:3] threads:[] witness:[[false false false false]]]
. Expected DISABLED
. Actual [str_value:"DISABLED"], len:1
    Action Link: Controller#0.Restart
    Found matching Source Link: src:32 dest:29 name:"Controller#0.Restart" weight:0.125 type:"action" 10:"\n\x14Controller#0.Restart\x12\n\"DISABLED\""
  End of Request 11, current nodeId: 29, node: map[channel_messages:map[] channels:map[] current:0 failedInvariants:<nil> name:yield returns:{"Controller#0.Restart":"DISABLED"} roles:[map[fields:map[attempts:3 current:1 fault:false generation:1 inspected:true phase:review proof:0 repair:0 repeats:0 reports:implementation review:0 saved:3 status:RUNNING] name:Controller params:map[] ref:0 ref_string:Controller#0]] state:map[controller:role Controller#0] stats:map[counts:map[Controller#0.Inspect:1 Controller#0.Restart:1 Controller#0.Start:1] totalActions:3] threads:[] witness:[[false false false false]]]
. Expected DISABLED
. Actual [str_value:"DISABLED"], len:1
    Action Link: Controller#0.Corrupt
    Found matching Source Link: src:29 dest:28 name:"Controller#0.Corrupt" weight:0.125 type:"action" 10:"\n\x14Controller#0.Corrupt\x12\n\"DISABLED\""
  End of Request 12, current nodeId: 28, node: map[channel_messages:map[] channels:map[] current:0 failedInvariants:<nil> name:yield returns:{"Controller#0.Corrupt":"DISABLED"} roles:[map[fields:map[attempts:3 current:1 fault:false generation:1 inspected:true phase:review proof:0 repair:0 repeats:0 reports:implementation review:0 saved:3 status:RUNNING] name:Controller params:map[] ref:0 ref_string:Controller#0]] state:map[controller:role Controller#0] stats:map[counts:map[Controller#0.Corrupt:1 Controller#0.Inspect:1 Controller#0.Start:1] totalActions:3] threads:[] witness:[[false false false false]]]
. Expected DISABLED
. Actual [str_value:"DISABLED"], len:1
    Action Link: Controller#0.Overlap
    Found matching Source Link: src:28 dest:32 name:"Controller#0.Overlap" weight:0.125 type:"action" 10:"\n\x14Controller#0.Overlap\x12\n\"DISABLED\""
  End of Request 13, current nodeId: 32, node: map[channel_messages:map[] channels:map[] current:0 failedInvariants:<nil> name:yield returns:{"Controller#0.Overlap":"DISABLED"} roles:[map[fields:map[attempts:3 current:1 fault:false generation:1 inspected:true phase:review proof:0 repair:0 repeats:0 reports:implementation review:0 saved:3 status:RUNNING] name:Controller params:map[] ref:0 ref_string:Controller#0]] state:map[controller:role Controller#0] stats:map[counts:map[Controller#0.Inspect:1 Controller#0.Overlap:1 Controller#0.Start:1] totalActions:3] threads:[] witness:[[false false false false]]]
. Expected DISABLED
. Actual [str_value:"DISABLED"], len:1
    Action Link: Controller#0.Proof
    Found matching Source Link: src:32 dest:27 name:"Controller#0.Proof" weight:0.125 type:"action" 10:"\n\x12Controller#0.Proof\x12\n\"DISABLED\""
  End of Request 14, current nodeId: 27, node: map[channel_messages:map[] channels:map[] current:0 failedInvariants:<nil> name:yield returns:{"Controller#0.Proof":"DISABLED"} roles:[map[fields:map[attempts:3 current:1 fault:false generation:1 inspected:true phase:review proof:0 repair:0 repeats:0 reports:implementation review:0 saved:3 status:RUNNING] name:Controller params:map[] ref:0 ref_string:Controller#0]] state:map[controller:role Controller#0] stats:map[counts:map[Controller#0.Inspect:1 Controller#0.Proof:1 Controller#0.Start:1] totalActions:3] threads:[] witness:[[false false false false]]]
. Expected DISABLED
. Actual [str_value:"DISABLED"], len:1
    Action Link: Controller#0.Review
    Found matching Source Link: src:27 dest:26 name:"Controller#0.Review" labels:"Projection.call" weight:0.125 type:"action" 10:"\n\x13Controller#0.Review\x120\"77|RUNNING|4|4|implementation,review|0|1|1|0|1\""
  End of Request 15, current nodeId: 26, node: map[channel_messages:map[] channels:map[] current:0 failedInvariants:<nil> name:yield returns:{"Controller#0.Review":"77|RUNNING|4|4|implementation,review|0|1|1|0|1"} roles:[map[fields:map[attempts:4 current:1 fault:false generation:1 inspected:true phase:proof proof:0 repair:0 repeats:0 reports:implementation,review review:1 saved:4 status:RUNNING] name:Controller params:map[] ref:0 ref_string:Controller#0]] state:map[controller:role Controller#0] stats:map[counts:map[Controller#0.Inspect:1 Controller#0.Review:1 Controller#0.Start:1] totalActions:3] threads:[] witness:[[false false false false]]]
. Expected 77|RUNNING|4|4|implementation,review|0|1|1|0|1
. Actual [str_value:"77|RUNNING|4|4|implementation,review|0|1|1|0|1"], len:1
    Action Link: Controller#0.Proof
    Found matching Source Link: src:26 dest:43 name:"Controller#0.Proof" labels:"Projection.call" weight:0.125 type:"action" 10:"\n\x12Controller#0.Proof\x120\"77|RUNNING|5|4|implementation,review|0|1|1|0|1\""
  End of Request 16, current nodeId: 43, node: map[channel_messages:map[] channels:map[] current:0 failedInvariants:<nil> name:yield returns:{"Controller#0.Proof":"77|RUNNING|5|4|implementation,review|0|1|1|0|1"} roles:[map[fields:map[attempts:5 current:1 fault:false generation:1 inspected:true phase:pending proof:0 repair:0 repeats:0 reports:implementation,review review:1 saved:4 status:RUNNING] name:Controller params:map[] ref:0 ref_string:Controller#0]] state:map[controller:role Controller#0] stats:map[counts:map[Controller#0.Inspect:1 Controller#0.Proof:1 Controller#0.Review:1 Controller#0.Start:1] totalActions:4] threads:[] witness:[[false false false false]]]
. Expected 77|RUNNING|5|4|implementation,review|0|1|1|0|1
. Actual [str_value:"77|RUNNING|5|4|implementation,review|0|1|1|0|1"], len:1
    Action Link: Controller#0.Resume
    Found matching Source Link: src:43 dest:63 name:"Controller#0.Resume" weight:0.125 type:"action" 10:"\n\x13Controller#0.Resume\x12\n\"DISABLED\""
  End of Request 17, current nodeId: 63, node: map[channel_messages:map[] channels:map[] current:0 failedInvariants:<nil> name:yield returns:{"Controller#0.Resume":"DISABLED"} roles:[map[fields:map[attempts:5 current:1 fault:false generation:1 inspected:true phase:pending proof:0 repair:0 repeats:0 reports:implementation,review review:1 saved:4 status:RUNNING] name:Controller params:map[] ref:0 ref_string:Controller#0]] state:map[controller:role Controller#0] stats:map[counts:map[Controller#0.Inspect:1 Controller#0.Proof:1 Controller#0.Resume:1 Controller#0.Review:1 Controller#0.Start:1] totalActions:5] threads:[] witness:[[false false false false]]]
. Expected DISABLED
. Actual [str_value:"DISABLED"], len:1
    Action Link: Controller#0.Review
    Found matching Source Link: src:63 dest:58 name:"Controller#0.Review" weight:0.125 type:"action" 10:"\n\x13Controller#0.Review\x12\n\"DISABLED\""
  End of Request 18, current nodeId: 58, node: map[channel_messages:map[] channels:map[] current:0 failedInvariants:<nil> name:yield returns:{"Controller#0.Review":"DISABLED"} roles:[map[fields:map[attempts:5 current:1 fault:false generation:1 inspected:true phase:pending proof:0 repair:0 repeats:0 reports:implementation,review review:1 saved:4 status:RUNNING] name:Controller params:map[] ref:0 ref_string:Controller#0]] state:map[controller:role Controller#0] stats:map[counts:map[Controller#0.Inspect:1 Controller#0.Proof:1 Controller#0.Review:2 Controller#0.Start:1] totalActions:5] threads:[] witness:[[false false false false]]]
. Expected DISABLED
. Actual [str_value:"DISABLED"], len:1
    Action Link: Controller#0.Restart
    Found matching Source Link: src:58 dest:61 name:"Controller#0.Restart" labels:"Projection.call" weight:0.125 type:"action" 10:"\n\x14Controller#0.Restart\x12A\"0|REVIEWED_AND_PROVEN|5|5|implementation,proof,review|0|1|1|1|1\""
  End of Request 19, current nodeId: 61, node: map[channel_messages:map[] channels:map[] current:0 failedInvariants:<nil> name:yield returns:{"Controller#0.Restart":"0|REVIEWED_AND_PROVEN|5|5|implementation,proof,review|0|1|1|1|1"} roles:[map[fields:map[attempts:5 current:1 fault:false generation:1 inspected:true phase:terminal proof:1 repair:0 repeats:0 reports:implementation,proof,review review:1 saved:5 status:REVIEWED_AND_PROVEN] name:Controller params:map[] ref:0 ref_string:Controller#0]] state:map[controller:role Controller#0] stats:map[counts:map[Controller#0.Inspect:1 Controller#0.Proof:1 Controller#0.Restart:1 Controller#0.Review:1 Controller#0.Start:1] totalActions:5] threads:[] witness:[[false false false false]]]
. Expected 0|REVIEWED_AND_PROVEN|5|5|implementation,proof,review|0|1|1|1|1
. Actual [str_value:"0|REVIEWED_AND_PROVEN|5|5|implementation,proof,review|0|1|1|1|1"], len:1
    Action Link: Controller#0.Proof
    Found matching Source Link: src:61 dest:75 name:"Controller#0.Proof" weight:0.125 type:"action" 10:"\n\x12Controller#0.Proof\x12\n\"DISABLED\""
  End of Request 20, current nodeId: 75, node: map[channel_messages:map[] channels:map[] current:0 failedInvariants:<nil> name:yield returns:{"Controller#0.Proof":"DISABLED"} roles:[map[fields:map[attempts:5 current:1 fault:false generation:1 inspected:true phase:terminal proof:1 repair:0 repeats:0 reports:implementation,proof,review review:1 saved:5 status:REVIEWED_AND_PROVEN] name:Controller params:map[] ref:0 ref_string:Controller#0]] state:map[controller:role Controller#0] stats:map[counts:map[Controller#0.Inspect:1 Controller#0.Proof:2 Controller#0.Restart:1 Controller#0.Review:1 Controller#0.Start:1] totalActions:6] threads:[] witness:[[false false false false]]]
. Expected DISABLED
. Actual [str_value:"DISABLED"], len:1
    Action Link: Controller#0.Corrupt
    Found matching Source Link: src:75 dest:76 name:"Controller#0.Corrupt" weight:0.125 type:"action" 10:"\n\x14Controller#0.Corrupt\x12\n\"DISABLED\""
  End of Request 21, current nodeId: 76, node: map[channel_messages:map[] channels:map[] current:0 failedInvariants:<nil> name:yield returns:{"Controller#0.Corrupt":"DISABLED"} roles:[map[fields:map[attempts:5 current:1 fault:false generation:1 inspected:true phase:terminal proof:1 repair:0 repeats:0 reports:implementation,proof,review review:1 saved:5 status:REVIEWED_AND_PROVEN] name:Controller params:map[] ref:0 ref_string:Controller#0]] state:map[controller:role Controller#0] stats:map[counts:map[Controller#0.Corrupt:1 Controller#0.Inspect:1 Controller#0.Proof:1 Controller#0.Restart:1 Controller#0.Review:1 Controller#0.Start:1] totalActions:6] threads:[] witness:[[false false false false]]]
. Expected DISABLED
. Actual [str_value:"DISABLED"], len:1
    Action Link: Controller#0.Corrupt
    Found matching Source Link: src:76 dest:76 name:"Controller#0.Corrupt" weight:0.125 type:"action" 10:"\n\x14Controller#0.Corrupt\x12\n\"DISABLED\""
  End of Request 22, current nodeId: 76, node: map[channel_messages:map[] channels:map[] current:0 failedInvariants:<nil> name:yield returns:{"Controller#0.Corrupt":"DISABLED"} roles:[map[fields:map[attempts:5 current:1 fault:false generation:1 inspected:true phase:terminal proof:1 repair:0 repeats:0 reports:implementation,proof,review review:1 saved:5 status:REVIEWED_AND_PROVEN] name:Controller params:map[] ref:0 ref_string:Controller#0]] state:map[controller:role Controller#0] stats:map[counts:map[Controller#0.Corrupt:1 Controller#0.Inspect:1 Controller#0.Proof:1 Controller#0.Restart:1 Controller#0.Review:1 Controller#0.Start:1] totalActions:6] threads:[] witness:[[false false false false]]]
. Expected DISABLED
. Actual [str_value:"DISABLED"], len:1
    Action Link: Controller#0.Overlap
    Found matching Source Link: src:76 dest:80 name:"Controller#0.Overlap" weight:0.125 type:"action" 10:"\n\x14Controller#0.Overlap\x12\n\"DISABLED\""
  End of Request 23, current nodeId: 80, node: map[channel_messages:map[] channels:map[] current:0 failedInvariants:<nil> name:yield returns:{"Controller#0.Overlap":"DISABLED"} roles:[map[fields:map[attempts:5 current:1 fault:false generation:1 inspected:true phase:terminal proof:1 repair:0 repeats:0 reports:implementation,proof,review review:1 saved:5 status:REVIEWED_AND_PROVEN] name:Controller params:map[] ref:0 ref_string:Controller#0]] state:map[controller:role Controller#0] stats:map[counts:map[Controller#0.Inspect:1 Controller#0.Overlap:1 Controller#0.Proof:1 Controller#0.Restart:1 Controller#0.Review:1 Controller#0.Start:1] totalActions:6] threads:[] witness:[[false false false false]]]
. Expected DISABLED
. Actual [str_value:"DISABLED"], len:1
    Action Link: Controller#0.Resume
    Found matching Source Link: src:80 dest:79 name:"Controller#0.Resume" labels:"Projection.call" weight:0.125 type:"action" 10:"\n\x13Controller#0.Resume\x12A\"0|REVIEWED_AND_PROVEN|5|5|implementation,proof,review|0|1|1|1|1\""
  End of Request 24, current nodeId: 79, node: map[channel_messages:map[] channels:map[] current:0 failedInvariants:<nil> name:yield returns:{"Controller#0.Resume":"0|REVIEWED_AND_PROVEN|5|5|implementation,proof,review|0|1|1|1|1"} roles:[map[fields:map[attempts:5 current:1 fault:false generation:1 inspected:true phase:terminal proof:1 repair:0 repeats:1 reports:implementation,proof,review review:1 saved:5 status:REVIEWED_AND_PROVEN] name:Controller params:map[] ref:0 ref_string:Controller#0]] state:map[controller:role Controller#0] stats:map[counts:map[Controller#0.Inspect:1 Controller#0.Proof:1 Controller#0.Restart:1 Controller#0.Resume:1 Controller#0.Review:1 Controller#0.Start:1] totalActions:6] threads:[] witness:[[false false false false]]]
. Expected 0|REVIEWED_AND_PROVEN|5|5|implementation,proof,review|0|1|1|1|1
. Actual [str_value:"0|REVIEWED_AND_PROVEN|5|5|implementation,proof,review|0|1|1|1|1"], len:1
    Action Link: Controller#0.Overlap
    Found matching Source Link: src:79 dest:96 name:"Controller#0.Overlap" weight:0.125 type:"action" 10:"\n\x14Controller#0.Overlap\x12\n\"DISABLED\""
  End of Request 25, current nodeId: 96, node: map[channel_messages:map[] channels:map[] current:0 failedInvariants:<nil> name:yield returns:{"Controller#0.Overlap":"DISABLED"} roles:[map[fields:map[attempts:5 current:1 fault:false generation:1 inspected:true phase:terminal proof:1 repair:0 repeats:1 reports:implementation,proof,review review:1 saved:5 status:REVIEWED_AND_PROVEN] name:Controller params:map[] ref:0 ref_string:Controller#0]] state:map[controller:role Controller#0] stats:map[counts:map[Controller#0.Inspect:1 Controller#0.Overlap:1 Controller#0.Proof:1 Controller#0.Restart:1 Controller#0.Resume:1 Controller#0.Review:1 Controller#0.Start:1] totalActions:7] threads:[] witness:[[false false false false]]]
. Expected DISABLED
. Actual [str_value:"DISABLED"], len:1
    Action Link: Controller#0.Resume
    Found matching Source Link: src:96 dest:95 name:"Controller#0.Resume" labels:"Projection.call" weight:0.125 type:"action" 10:"\n\x13Controller#0.Resume\x12A\"0|REVIEWED_AND_PROVEN|5|5|implementation,proof,review|0|1|1|1|1\""
  End of Request 26, current nodeId: 95, node: map[channel_messages:map[] channels:map[] current:0 failedInvariants:<nil> name:yield returns:{"Controller#0.Resume":"0|REVIEWED_AND_PROVEN|5|5|implementation,proof,review|0|1|1|1|1"} roles:[map[fields:map[attempts:5 current:1 fault:false generation:1 inspected:true phase:terminal proof:1 repair:0 repeats:2 reports:implementation,proof,review review:1 saved:5 status:REVIEWED_AND_PROVEN] name:Controller params:map[] ref:0 ref_string:Controller#0]] state:map[controller:role Controller#0] stats:map[counts:map[Controller#0.Inspect:1 Controller#0.Proof:1 Controller#0.Restart:1 Controller#0.Resume:2 Controller#0.Review:1 Controller#0.Start:1] totalActions:7] threads:[] witness:[[false false false false]]]
. Expected 0|REVIEWED_AND_PROVEN|5|5|implementation,proof,review|0|1|1|1|1
. Actual [str_value:"0|REVIEWED_AND_PROVEN|5|5|implementation,proof,review|0|1|1|1|1"], len:1
    Action Link: Controller#0.Corrupt
    Found matching Source Link: src:95 dest:100 name:"Controller#0.Corrupt" weight:0.125 type:"action" 10:"\n\x14Controller#0.Corrupt\x12\n\"DISABLED\""
  End of Request 27, current nodeId: 100, node: map[channel_messages:map[] channels:map[] current:0 failedInvariants:<nil> name:yield returns:{"Controller#0.Corrupt":"DISABLED"} roles:[map[fields:map[attempts:5 current:1 fault:false generation:1 inspected:true phase:terminal proof:1 repair:0 repeats:2 reports:implementation,proof,review review:1 saved:5 status:REVIEWED_AND_PROVEN] name:Controller params:map[] ref:0 ref_string:Controller#0]] state:map[controller:role Controller#0] stats:map[counts:map[Controller#0.Corrupt:1 Controller#0.Inspect:1 Controller#0.Proof:1 Controller#0.Restart:1 Controller#0.Resume:2 Controller#0.Review:1 Controller#0.Start:1] totalActions:8] threads:[] witness:[[false false false false]]]
. Expected DISABLED
. Actual [str_value:"DISABLED"], len:1
    Action Link: Controller#0.Overlap
    Found matching Source Link: src:100 dest:104 name:"Controller#0.Overlap" weight:0.125 type:"action" 10:"\n\x14Controller#0.Overlap\x12\n\"DISABLED\""
  End of Request 28, current nodeId: 104, node: map[channel_messages:map[] channels:map[] current:0 failedInvariants:<nil> name:yield returns:{"Controller#0.Overlap":"DISABLED"} roles:[map[fields:map[attempts:5 current:1 fault:false generation:1 inspected:true phase:terminal proof:1 repair:0 repeats:2 reports:implementation,proof,review review:1 saved:5 status:REVIEWED_AND_PROVEN] name:Controller params:map[] ref:0 ref_string:Controller#0]] state:map[controller:role Controller#0] stats:map[counts:map[Controller#0.Inspect:1 Controller#0.Overlap:1 Controller#0.Proof:1 Controller#0.Restart:1 Controller#0.Resume:2 Controller#0.Review:1 Controller#0.Start:1] totalActions:8] threads:[] witness:[[false false false false]]]
. Expected DISABLED
. Actual [str_value:"DISABLED"], len:1
    Action Link: Controller#0.Overlap
    Found matching Source Link: src:104 dest:104 name:"Controller#0.Overlap" weight:0.125 type:"action" 10:"\n\x14Controller#0.Overlap\x12\n\"DISABLED\""
  End of Request 29, current nodeId: 104, node: map[channel_messages:map[] channels:map[] current:0 failedInvariants:<nil> name:yield returns:{"Controller#0.Overlap":"DISABLED"} roles:[map[fields:map[attempts:5 current:1 fault:false generation:1 inspected:true phase:terminal proof:1 repair:0 repeats:2 reports:implementation,proof,review review:1 saved:5 status:REVIEWED_AND_PROVEN] name:Controller params:map[] ref:0 ref_string:Controller#0]] state:map[controller:role Controller#0] stats:map[counts:map[Controller#0.Inspect:1 Controller#0.Overlap:1 Controller#0.Proof:1 Controller#0.Restart:1 Controller#0.Resume:2 Controller#0.Review:1 Controller#0.Start:1] totalActions:8] threads:[] witness:[[false false false false]]]
. Expected DISABLED
. Actual [str_value:"DISABLED"], len:1
    Action Link: Controller#0.Corrupt
    Found matching Source Link: src:104 dest:100 name:"Controller#0.Corrupt" weight:0.125 type:"action" 10:"\n\x14Controller#0.Corrupt\x12\n\"DISABLED\""
  End of Request 30, current nodeId: 100, node: map[channel_messages:map[] channels:map[] current:0 failedInvariants:<nil> name:yield returns:{"Controller#0.Corrupt":"DISABLED"} roles:[map[fields:map[attempts:5 current:1 fault:false generation:1 inspected:true phase:terminal proof:1 repair:0 repeats:2 reports:implementation,proof,review review:1 saved:5 status:REVIEWED_AND_PROVEN] name:Controller params:map[] ref:0 ref_string:Controller#0]] state:map[controller:role Controller#0] stats:map[counts:map[Controller#0.Corrupt:1 Controller#0.Inspect:1 Controller#0.Proof:1 Controller#0.Restart:1 Controller#0.Resume:2 Controller#0.Review:1 Controller#0.Start:1] totalActions:8] threads:[] witness:[[false false false false]]]
. Expected DISABLED
. Actual [str_value:"DISABLED"], len:1
    Action Link: Controller#0.Proof
    Found matching Source Link: src:100 dest:99 name:"Controller#0.Proof" weight:0.125 type:"action" 10:"\n\x12Controller#0.Proof\x12\n\"DISABLED\""
  End of Request 31, current nodeId: 99, node: map[channel_messages:map[] channels:map[] current:0 failedInvariants:<nil> name:yield returns:{"Controller#0.Proof":"DISABLED"} roles:[map[fields:map[attempts:5 current:1 fault:false generation:1 inspected:true phase:terminal proof:1 repair:0 repeats:2 reports:implementation,proof,review review:1 saved:5 status:REVIEWED_AND_PROVEN] name:Controller params:map[] ref:0 ref_string:Controller#0]] state:map[controller:role Controller#0] stats:map[counts:map[Controller#0.Inspect:1 Controller#0.Proof:2 Controller#0.Restart:1 Controller#0.Resume:2 Controller#0.Review:1 Controller#0.Start:1] totalActions:8] threads:[] witness:[[false false false false]]]
. Expected DISABLED
. Actual [str_value:"DISABLED"], len:1
    Action Link: Controller#0.Start
    Found matching Source Link: src:99 dest:97 name:"Controller#0.Start" weight:0.125 type:"action" 10:"\n\x12Controller#0.Start\x12\n\"DISABLED\""
  End of Request 32, current nodeId: 97, node: map[channel_messages:map[] channels:map[] current:0 failedInvariants:<nil> name:yield returns:{"Controller#0.Start":"DISABLED"} roles:[map[fields:map[attempts:5 current:1 fault:false generation:1 inspected:true phase:terminal proof:1 repair:0 repeats:2 reports:implementation,proof,review review:1 saved:5 status:REVIEWED_AND_PROVEN] name:Controller params:map[] ref:0 ref_string:Controller#0]] state:map[controller:role Controller#0] stats:map[counts:map[Controller#0.Inspect:1 Controller#0.Proof:1 Controller#0.Restart:1 Controller#0.Resume:2 Controller#0.Review:1 Controller#0.Start:2] totalActions:8] threads:[] witness:[[false false false false]]]
. Expected DISABLED
. Actual [str_value:"DISABLED"], len:1
    Action Link: Controller#0.Corrupt
    Found matching Source Link: src:97 dest:100 name:"Controller#0.Corrupt" weight:0.125 type:"action" 10:"\n\x14Controller#0.Corrupt\x12\n\"DISABLED\""
  End of Request 33, current nodeId: 100, node: map[channel_messages:map[] channels:map[] current:0 failedInvariants:<nil> name:yield returns:{"Controller#0.Corrupt":"DISABLED"} roles:[map[fields:map[attempts:5 current:1 fault:false generation:1 inspected:true phase:terminal proof:1 repair:0 repeats:2 reports:implementation,proof,review review:1 saved:5 status:REVIEWED_AND_PROVEN] name:Controller params:map[] ref:0 ref_string:Controller#0]] state:map[controller:role Controller#0] stats:map[counts:map[Controller#0.Corrupt:1 Controller#0.Inspect:1 Controller#0.Proof:1 Controller#0.Restart:1 Controller#0.Resume:2 Controller#0.Review:1 Controller#0.Start:1] totalActions:8] threads:[] witness:[[false false false false]]]
. Expected DISABLED
. Actual [str_value:"DISABLED"], len:1
    Action Link: Controller#0.Restart
    Found matching Source Link: src:100 dest:101 name:"Controller#0.Restart" weight:0.125 type:"action" 10:"\n\x14Controller#0.Restart\x12\n\"DISABLED\""
  End of Request 34, current nodeId: 101, node: map[channel_messages:map[] channels:map[] current:0 failedInvariants:<nil> name:yield returns:{"Controller#0.Restart":"DISABLED"} roles:[map[fields:map[attempts:5 current:1 fault:false generation:1 inspected:true phase:terminal proof:1 repair:0 repeats:2 reports:implementation,proof,review review:1 saved:5 status:REVIEWED_AND_PROVEN] name:Controller params:map[] ref:0 ref_string:Controller#0]] state:map[controller:role Controller#0] stats:map[counts:map[Controller#0.Inspect:1 Controller#0.Proof:1 Controller#0.Restart:2 Controller#0.Resume:2 Controller#0.Review:1 Controller#0.Start:1] totalActions:8] threads:[] witness:[[false false false false]]]
. Expected DISABLED
. Actual [str_value:"DISABLED"], len:1
    Action Link: Controller#0.Review
    Found matching Source Link: src:101 dest:98 name:"Controller#0.Review" weight:0.125 type:"action" 10:"\n\x13Controller#0.Review\x12\n\"DISABLED\""
  End of Request 35, current nodeId: 98, node: map[channel_messages:map[] channels:map[] current:0 failedInvariants:<nil> name:yield returns:{"Controller#0.Review":"DISABLED"} roles:[map[fields:map[attempts:5 current:1 fault:false generation:1 inspected:true phase:terminal proof:1 repair:0 repeats:2 reports:implementation,proof,review review:1 saved:5 status:REVIEWED_AND_PROVEN] name:Controller params:map[] ref:0 ref_string:Controller#0]] state:map[controller:role Controller#0] stats:map[counts:map[Controller#0.Inspect:1 Controller#0.Proof:1 Controller#0.Restart:1 Controller#0.Resume:2 Controller#0.Review:2 Controller#0.Start:1] totalActions:8] threads:[] witness:[[false false false false]]]
. Expected DISABLED
. Actual [str_value:"DISABLED"], len:1
    Action Link: Controller#0.Review
    Found matching Source Link: src:98 dest:98 name:"Controller#0.Review" weight:0.125 type:"action" 10:"\n\x13Controller#0.Review\x12\n\"DISABLED\""
  End of Request 36, current nodeId: 98, node: map[channel_messages:map[] channels:map[] current:0 failedInvariants:<nil> name:yield returns:{"Controller#0.Review":"DISABLED"} roles:[map[fields:map[attempts:5 current:1 fault:false generation:1 inspected:true phase:terminal proof:1 repair:0 repeats:2 reports:implementation,proof,review review:1 saved:5 status:REVIEWED_AND_PROVEN] name:Controller params:map[] ref:0 ref_string:Controller#0]] state:map[controller:role Controller#0] stats:map[counts:map[Controller#0.Inspect:1 Controller#0.Proof:1 Controller#0.Restart:1 Controller#0.Resume:2 Controller#0.Review:2 Controller#0.Start:1] totalActions:8] threads:[] witness:[[false false false false]]]
. Expected DISABLED
. Actual [str_value:"DISABLED"], len:1
    Action Link: Controller#0.Corrupt
    Found matching Source Link: src:98 dest:100 name:"Controller#0.Corrupt" weight:0.125 type:"action" 10:"\n\x14Controller#0.Corrupt\x12\n\"DISABLED\""
  End of Request 37, current nodeId: 100, node: map[channel_messages:map[] channels:map[] current:0 failedInvariants:<nil> name:yield returns:{"Controller#0.Corrupt":"DISABLED"} roles:[map[fields:map[attempts:5 current:1 fault:false generation:1 inspected:true phase:terminal proof:1 repair:0 repeats:2 reports:implementation,proof,review review:1 saved:5 status:REVIEWED_AND_PROVEN] name:Controller params:map[] ref:0 ref_string:Controller#0]] state:map[controller:role Controller#0] stats:map[counts:map[Controller#0.Corrupt:1 Controller#0.Inspect:1 Controller#0.Proof:1 Controller#0.Restart:1 Controller#0.Resume:2 Controller#0.Review:1 Controller#0.Start:1] totalActions:8] threads:[] witness:[[false false false false]]]
. Expected DISABLED
. Actual [str_value:"DISABLED"], len:1
    Action Link: Controller#0.Resume
    Found matching Source Link: src:100 dest:103 name:"Controller#0.Resume" weight:0.125 type:"action" 10:"\n\x13Controller#0.Resume\x12\n\"DISABLED\""
  End of Request 38, current nodeId: 103, node: map[channel_messages:map[] channels:map[] current:0 failedInvariants:<nil> name:yield returns:{"Controller#0.Resume":"DISABLED"} roles:[map[fields:map[attempts:5 current:1 fault:false generation:1 inspected:true phase:terminal proof:1 repair:0 repeats:2 reports:implementation,proof,review review:1 saved:5 status:REVIEWED_AND_PROVEN] name:Controller params:map[] ref:0 ref_string:Controller#0]] state:map[controller:role Controller#0] stats:map[counts:map[Controller#0.Inspect:1 Controller#0.Proof:1 Controller#0.Restart:1 Controller#0.Resume:3 Controller#0.Review:1 Controller#0.Start:1] totalActions:8] threads:[] witness:[[false false false false]]]
. Expected DISABLED
. Actual [str_value:"DISABLED"], len:1
    Action Link: Controller#0.Start
    Found matching Source Link: src:103 dest:97 name:"Controller#0.Start" weight:0.125 type:"action" 10:"\n\x12Controller#0.Start\x12\n\"DISABLED\""
  End of Request 39, current nodeId: 97, node: map[channel_messages:map[] channels:map[] current:0 failedInvariants:<nil> name:yield returns:{"Controller#0.Start":"DISABLED"} roles:[map[fields:map[attempts:5 current:1 fault:false generation:1 inspected:true phase:terminal proof:1 repair:0 repeats:2 reports:implementation,proof,review review:1 saved:5 status:REVIEWED_AND_PROVEN] name:Controller params:map[] ref:0 ref_string:Controller#0]] state:map[controller:role Controller#0] stats:map[counts:map[Controller#0.Inspect:1 Controller#0.Proof:1 Controller#0.Restart:1 Controller#0.Resume:2 Controller#0.Review:1 Controller#0.Start:2] totalActions:8] threads:[] witness:[[false false false false]]]
. Expected DISABLED
. Actual [str_value:"DISABLED"], len:1
    Action Link: Controller#0.Start
    Found matching Source Link: src:97 dest:97 name:"Controller#0.Start" weight:0.125 type:"action" 10:"\n\x12Controller#0.Start\x12\n\"DISABLED\""
  End of Request 40, current nodeId: 97, node: map[channel_messages:map[] channels:map[] current:0 failedInvariants:<nil> name:yield returns:{"Controller#0.Start":"DISABLED"} roles:[map[fields:map[attempts:5 current:1 fault:false generation:1 inspected:true phase:terminal proof:1 repair:0 repeats:2 reports:implementation,proof,review review:1 saved:5 status:REVIEWED_AND_PROVEN] name:Controller params:map[] ref:0 ref_string:Controller#0]] state:map[controller:role Controller#0] stats:map[counts:map[Controller#0.Inspect:1 Controller#0.Proof:1 Controller#0.Restart:1 Controller#0.Resume:2 Controller#0.Review:1 Controller#0.Start:2] totalActions:8] threads:[] witness:[[false false false false]]]
. Expected DISABLED
. Actual [str_value:"DISABLED"], len:1
    Action Link: Controller#0.Resume
    Found matching Source Link: src:97 dest:103 name:"Controller#0.Resume" weight:0.125 type:"action" 10:"\n\x13Controller#0.Resume\x12\n\"DISABLED\""
  End of Request 41, current nodeId: 103, node: map[channel_messages:map[] channels:map[] current:0 failedInvariants:<nil> name:yield returns:{"Controller#0.Resume":"DISABLED"} roles:[map[fields:map[attempts:5 current:1 fault:false generation:1 inspected:true phase:terminal proof:1 repair:0 repeats:2 reports:implementation,proof,review review:1 saved:5 status:REVIEWED_AND_PROVEN] name:Controller params:map[] ref:0 ref_string:Controller#0]] state:map[controller:role Controller#0] stats:map[counts:map[Controller#0.Inspect:1 Controller#0.Proof:1 Controller#0.Restart:1 Controller#0.Resume:3 Controller#0.Review:1 Controller#0.Start:1] totalActions:8] threads:[] witness:[[false false false false]]]
. Expected DISABLED
. Actual [str_value:"DISABLED"], len:1
    Action Link: Controller#0.Overlap
    Found matching Source Link: src:103 dest:104 name:"Controller#0.Overlap" weight:0.125 type:"action" 10:"\n\x14Controller#0.Overlap\x12\n\"DISABLED\""
  End of Request 42, current nodeId: 104, node: map[channel_messages:map[] channels:map[] current:0 failedInvariants:<nil> name:yield returns:{"Controller#0.Overlap":"DISABLED"} roles:[map[fields:map[attempts:5 current:1 fault:false generation:1 inspected:true phase:terminal proof:1 repair:0 repeats:2 reports:implementation,proof,review review:1 saved:5 status:REVIEWED_AND_PROVEN] name:Controller params:map[] ref:0 ref_string:Controller#0]] state:map[controller:role Controller#0] stats:map[counts:map[Controller#0.Inspect:1 Controller#0.Overlap:1 Controller#0.Proof:1 Controller#0.Restart:1 Controller#0.Resume:2 Controller#0.Review:1 Controller#0.Start:1] totalActions:8] threads:[] witness:[[false false false false]]]
. Expected DISABLED
. Actual [str_value:"DISABLED"], len:1
    Action Link: Controller#0.Start
    Found matching Source Link: src:104 dest:97 name:"Controller#0.Start" weight:0.125 type:"action" 10:"\n\x12Controller#0.Start\x12\n\"DISABLED\""
  End of Request 43, current nodeId: 97, node: map[channel_messages:map[] channels:map[] current:0 failedInvariants:<nil> name:yield returns:{"Controller#0.Start":"DISABLED"} roles:[map[fields:map[attempts:5 current:1 fault:false generation:1 inspected:true phase:terminal proof:1 repair:0 repeats:2 reports:implementation,proof,review review:1 saved:5 status:REVIEWED_AND_PROVEN] name:Controller params:map[] ref:0 ref_string:Controller#0]] state:map[controller:role Controller#0] stats:map[counts:map[Controller#0.Inspect:1 Controller#0.Proof:1 Controller#0.Restart:1 Controller#0.Resume:2 Controller#0.Review:1 Controller#0.Start:2] totalActions:8] threads:[] witness:[[false false false false]]]
. Expected DISABLED
. Actual [str_value:"DISABLED"], len:1
    Action Link: Controller#0.Proof
    Found matching Source Link: src:97 dest:99 name:"Controller#0.Proof" weight:0.125 type:"action" 10:"\n\x12Controller#0.Proof\x12\n\"DISABLED\""
  End of Request 44, current nodeId: 99, node: map[channel_messages:map[] channels:map[] current:0 failedInvariants:<nil> name:yield returns:{"Controller#0.Proof":"DISABLED"} roles:[map[fields:map[attempts:5 current:1 fault:false generation:1 inspected:true phase:terminal proof:1 repair:0 repeats:2 reports:implementation,proof,review review:1 saved:5 status:REVIEWED_AND_PROVEN] name:Controller params:map[] ref:0 ref_string:Controller#0]] state:map[controller:role Controller#0] stats:map[counts:map[Controller#0.Inspect:1 Controller#0.Proof:2 Controller#0.Restart:1 Controller#0.Resume:2 Controller#0.Review:1 Controller#0.Start:1] totalActions:8] threads:[] witness:[[false false false false]]]
. Expected DISABLED
. Actual [str_value:"DISABLED"], len:1
    Action Link: Controller#0.Review
    Found matching Source Link: src:99 dest:98 name:"Controller#0.Review" weight:0.125 type:"action" 10:"\n\x13Controller#0.Review\x12\n\"DISABLED\""
  End of Request 45, current nodeId: 98, node: map[channel_messages:map[] channels:map[] current:0 failedInvariants:<nil> name:yield returns:{"Controller#0.Review":"DISABLED"} roles:[map[fields:map[attempts:5 current:1 fault:false generation:1 inspected:true phase:terminal proof:1 repair:0 repeats:2 reports:implementation,proof,review review:1 saved:5 status:REVIEWED_AND_PROVEN] name:Controller params:map[] ref:0 ref_string:Controller#0]] state:map[controller:role Controller#0] stats:map[counts:map[Controller#0.Inspect:1 Controller#0.Proof:1 Controller#0.Restart:1 Controller#0.Resume:2 Controller#0.Review:2 Controller#0.Start:1] totalActions:8] threads:[] witness:[[false false false false]]]
. Expected DISABLED
. Actual [str_value:"DISABLED"], len:1
    Action Link: Controller#0.Start
    Found matching Source Link: src:98 dest:97 name:"Controller#0.Start" weight:0.125 type:"action" 10:"\n\x12Controller#0.Start\x12\n\"DISABLED\""
  End of Request 46, current nodeId: 97, node: map[channel_messages:map[] channels:map[] current:0 failedInvariants:<nil> name:yield returns:{"Controller#0.Start":"DISABLED"} roles:[map[fields:map[attempts:5 current:1 fault:false generation:1 inspected:true phase:terminal proof:1 repair:0 repeats:2 reports:implementation,proof,review review:1 saved:5 status:REVIEWED_AND_PROVEN] name:Controller params:map[] ref:0 ref_string:Controller#0]] state:map[controller:role Controller#0] stats:map[counts:map[Controller#0.Inspect:1 Controller#0.Proof:1 Controller#0.Restart:1 Controller#0.Resume:2 Controller#0.Review:1 Controller#0.Start:2] totalActions:8] threads:[] witness:[[false false false false]]]
. Expected DISABLED
. Actual [str_value:"DISABLED"], len:1
    Action Link: Controller#0.Start
    Found matching Source Link: src:97 dest:97 name:"Controller#0.Start" weight:0.125 type:"action" 10:"\n\x12Controller#0.Start\x12\n\"DISABLED\""
  End of Request 47, current nodeId: 97, node: map[channel_messages:map[] channels:map[] current:0 failedInvariants:<nil> name:yield returns:{"Controller#0.Start":"DISABLED"} roles:[map[fields:map[attempts:5 current:1 fault:false generation:1 inspected:true phase:terminal proof:1 repair:0 repeats:2 reports:implementation,proof,review review:1 saved:5 status:REVIEWED_AND_PROVEN] name:Controller params:map[] ref:0 ref_string:Controller#0]] state:map[controller:role Controller#0] stats:map[counts:map[Controller#0.Inspect:1 Controller#0.Proof:1 Controller#0.Restart:1 Controller#0.Resume:2 Controller#0.Review:1 Controller#0.Start:2] totalActions:8] threads:[] witness:[[false false false false]]]
. Expected DISABLED
. Actual [str_value:"DISABLED"], len:1
    Action Link: Controller#0.Restart
    Found matching Source Link: src:97 dest:101 name:"Controller#0.Restart" weight:0.125 type:"action" 10:"\n\x14Controller#0.Restart\x12\n\"DISABLED\""
  End of Request 48, current nodeId: 101, node: map[channel_messages:map[] channels:map[] current:0 failedInvariants:<nil> name:yield returns:{"Controller#0.Restart":"DISABLED"} roles:[map[fields:map[attempts:5 current:1 fault:false generation:1 inspected:true phase:terminal proof:1 repair:0 repeats:2 reports:implementation,proof,review review:1 saved:5 status:REVIEWED_AND_PROVEN] name:Controller params:map[] ref:0 ref_string:Controller#0]] state:map[controller:role Controller#0] stats:map[counts:map[Controller#0.Inspect:1 Controller#0.Proof:1 Controller#0.Restart:2 Controller#0.Resume:2 Controller#0.Review:1 Controller#0.Start:1] totalActions:8] threads:[] witness:[[false false false false]]]
. Expected DISABLED
. Actual [str_value:"DISABLED"], len:1
    Action Link: Controller#0.Corrupt
    Found matching Source Link: src:101 dest:100 name:"Controller#0.Corrupt" weight:0.125 type:"action" 10:"\n\x14Controller#0.Corrupt\x12\n\"DISABLED\""
  End of Request 49, current nodeId: 100, node: map[channel_messages:map[] channels:map[] current:0 failedInvariants:<nil> name:yield returns:{"Controller#0.Corrupt":"DISABLED"} roles:[map[fields:map[attempts:5 current:1 fault:false generation:1 inspected:true phase:terminal proof:1 repair:0 repeats:2 reports:implementation,proof,review review:1 saved:5 status:REVIEWED_AND_PROVEN] name:Controller params:map[] ref:0 ref_string:Controller#0]] state:map[controller:role Controller#0] stats:map[counts:map[Controller#0.Corrupt:1 Controller#0.Inspect:1 Controller#0.Proof:1 Controller#0.Restart:1 Controller#0.Resume:2 Controller#0.Review:1 Controller#0.Start:1] totalActions:8] threads:[] witness:[[false false false false]]]
. Expected DISABLED
. Actual [str_value:"DISABLED"], len:1
    Action Link: Controller#0.Review
    Found matching Source Link: src:100 dest:98 name:"Controller#0.Review" weight:0.125 type:"action" 10:"\n\x13Controller#0.Review\x12\n\"DISABLED\""
  End of Request 50, current nodeId: 98, node: map[channel_messages:map[] channels:map[] current:0 failedInvariants:<nil> name:yield returns:{"Controller#0.Review":"DISABLED"} roles:[map[fields:map[attempts:5 current:1 fault:false generation:1 inspected:true phase:terminal proof:1 repair:0 repeats:2 reports:implementation,proof,review review:1 saved:5 status:REVIEWED_AND_PROVEN] name:Controller params:map[] ref:0 ref_string:Controller#0]] state:map[controller:role Controller#0] stats:map[counts:map[Controller#0.Inspect:1 Controller#0.Proof:1 Controller#0.Restart:1 Controller#0.Resume:2 Controller#0.Review:2 Controller#0.Start:1] totalActions:8] threads:[] witness:[[false false false false]]]
. Expected DISABLED
. Actual [str_value:"DISABLED"], len:1
    Action Link: Controller#0.Corrupt
    Found matching Source Link: src:98 dest:100 name:"Controller#0.Corrupt" weight:0.125 type:"action" 10:"\n\x14Controller#0.Corrupt\x12\n\"DISABLED\""
  End of Request 51, current nodeId: 100, node: map[channel_messages:map[] channels:map[] current:0 failedInvariants:<nil> name:yield returns:{"Controller#0.Corrupt":"DISABLED"} roles:[map[fields:map[attempts:5 current:1 fault:false generation:1 inspected:true phase:terminal proof:1 repair:0 repeats:2 reports:implementation,proof,review review:1 saved:5 status:REVIEWED_AND_PROVEN] name:Controller params:map[] ref:0 ref_string:Controller#0]] state:map[controller:role Controller#0] stats:map[counts:map[Controller#0.Corrupt:1 Controller#0.Inspect:1 Controller#0.Proof:1 Controller#0.Restart:1 Controller#0.Resume:2 Controller#0.Review:1 Controller#0.Start:1] totalActions:8] threads:[] witness:[[false false false false]]]
. Expected DISABLED
. Actual [str_value:"DISABLED"], len:1
    Action Link: Controller#0.Review
    Found matching Source Link: src:100 dest:98 name:"Controller#0.Review" weight:0.125 type:"action" 10:"\n\x13Controller#0.Review\x12\n\"DISABLED\""
  End of Request 52, current nodeId: 98, node: map[channel_messages:map[] channels:map[] current:0 failedInvariants:<nil> name:yield returns:{"Controller#0.Review":"DISABLED"} roles:[map[fields:map[attempts:5 current:1 fault:false generation:1 inspected:true phase:terminal proof:1 repair:0 repeats:2 reports:implementation,proof,review review:1 saved:5 status:REVIEWED_AND_PROVEN] name:Controller params:map[] ref:0 ref_string:Controller#0]] state:map[controller:role Controller#0] stats:map[counts:map[Controller#0.Inspect:1 Controller#0.Proof:1 Controller#0.Restart:1 Controller#0.Resume:2 Controller#0.Review:2 Controller#0.Start:1] totalActions:8] threads:[] witness:[[false false false false]]]
. Expected DISABLED
. Actual [str_value:"DISABLED"], len:1
    Action Link: Controller#0.Review
    Found matching Source Link: src:98 dest:98 name:"Controller#0.Review" weight:0.125 type:"action" 10:"\n\x13Controller#0.Review\x12\n\"DISABLED\""
  End of Request 53, current nodeId: 98, node: map[channel_messages:map[] channels:map[] current:0 failedInvariants:<nil> name:yield returns:{"Controller#0.Review":"DISABLED"} roles:[map[fields:map[attempts:5 current:1 fault:false generation:1 inspected:true phase:terminal proof:1 repair:0 repeats:2 reports:implementation,proof,review review:1 saved:5 status:REVIEWED_AND_PROVEN] name:Controller params:map[] ref:0 ref_string:Controller#0]] state:map[controller:role Controller#0] stats:map[counts:map[Controller#0.Inspect:1 Controller#0.Proof:1 Controller#0.Restart:1 Controller#0.Resume:2 Controller#0.Review:2 Controller#0.Start:1] totalActions:8] threads:[] witness:[[false false false false]]]
. Expected DISABLED
. Actual [str_value:"DISABLED"], len:1
    Action Link: Controller#0.Corrupt
    Found matching Source Link: src:98 dest:100 name:"Controller#0.Corrupt" weight:0.125 type:"action" 10:"\n\x14Controller#0.Corrupt\x12\n\"DISABLED\""
  End of Request 54, current nodeId: 100, node: map[channel_messages:map[] channels:map[] current:0 failedInvariants:<nil> name:yield returns:{"Controller#0.Corrupt":"DISABLED"} roles:[map[fields:map[attempts:5 current:1 fault:false generation:1 inspected:true phase:terminal proof:1 repair:0 repeats:2 reports:implementation,proof,review review:1 saved:5 status:REVIEWED_AND_PROVEN] name:Controller params:map[] ref:0 ref_string:Controller#0]] state:map[controller:role Controller#0] stats:map[counts:map[Controller#0.Corrupt:1 Controller#0.Inspect:1 Controller#0.Proof:1 Controller#0.Restart:1 Controller#0.Resume:2 Controller#0.Review:1 Controller#0.Start:1] totalActions:8] threads:[] witness:[[false false false false]]]
. Expected DISABLED
. Actual [str_value:"DISABLED"], len:1
    Action Link: Controller#0.Corrupt
    Found matching Source Link: src:100 dest:100 name:"Controller#0.Corrupt" weight:0.125 type:"action" 10:"\n\x14Controller#0.Corrupt\x12\n\"DISABLED\""
  End of Request 55, current nodeId: 100, node: map[channel_messages:map[] channels:map[] current:0 failedInvariants:<nil> name:yield returns:{"Controller#0.Corrupt":"DISABLED"} roles:[map[fields:map[attempts:5 current:1 fault:false generation:1 inspected:true phase:terminal proof:1 repair:0 repeats:2 reports:implementation,proof,review review:1 saved:5 status:REVIEWED_AND_PROVEN] name:Controller params:map[] ref:0 ref_string:Controller#0]] state:map[controller:role Controller#0] stats:map[counts:map[Controller#0.Corrupt:1 Controller#0.Inspect:1 Controller#0.Proof:1 Controller#0.Restart:1 Controller#0.Resume:2 Controller#0.Review:1 Controller#0.Start:1] totalActions:8] threads:[] witness:[[false false false false]]]
. Expected DISABLED
. Actual [str_value:"DISABLED"], len:1
    Action Link: Controller#0.Start
    Found matching Source Link: src:100 dest:97 name:"Controller#0.Start" weight:0.125 type:"action" 10:"\n\x12Controller#0.Start\x12\n\"DISABLED\""
  End of Request 56, current nodeId: 97, node: map[channel_messages:map[] channels:map[] current:0 failedInvariants:<nil> name:yield returns:{"Controller#0.Start":"DISABLED"} roles:[map[fields:map[attempts:5 current:1 fault:false generation:1 inspected:true phase:terminal proof:1 repair:0 repeats:2 reports:implementation,proof,review review:1 saved:5 status:REVIEWED_AND_PROVEN] name:Controller params:map[] ref:0 ref_string:Controller#0]] state:map[controller:role Controller#0] stats:map[counts:map[Controller#0.Inspect:1 Controller#0.Proof:1 Controller#0.Restart:1 Controller#0.Resume:2 Controller#0.Review:1 Controller#0.Start:2] totalActions:8] threads:[] witness:[[false false false false]]]
. Expected DISABLED
. Actual [str_value:"DISABLED"], len:1
    Action Link: Controller#0.Proof
    Found matching Source Link: src:97 dest:99 name:"Controller#0.Proof" weight:0.125 type:"action" 10:"\n\x12Controller#0.Proof\x12\n\"DISABLED\""
  End of Request 57, current nodeId: 99, node: map[channel_messages:map[] channels:map[] current:0 failedInvariants:<nil> name:yield returns:{"Controller#0.Proof":"DISABLED"} roles:[map[fields:map[attempts:5 current:1 fault:false generation:1 inspected:true phase:terminal proof:1 repair:0 repeats:2 reports:implementation,proof,review review:1 saved:5 status:REVIEWED_AND_PROVEN] name:Controller params:map[] ref:0 ref_string:Controller#0]] state:map[controller:role Controller#0] stats:map[counts:map[Controller#0.Inspect:1 Controller#0.Proof:2 Controller#0.Restart:1 Controller#0.Resume:2 Controller#0.Review:1 Controller#0.Start:1] totalActions:8] threads:[] witness:[[false false false false]]]
. Expected DISABLED
. Actual [str_value:"DISABLED"], len:1
    Action Link: Controller#0.Inspect
    Found matching Source Link: src:99 dest:102 name:"Controller#0.Inspect" weight:0.125 type:"action" 10:"\n\x14Controller#0.Inspect\x12\n\"DISABLED\""
  End of Request 58, current nodeId: 102, node: map[channel_messages:map[] channels:map[] current:0 failedInvariants:<nil> name:yield returns:{"Controller#0.Inspect":"DISABLED"} roles:[map[fields:map[attempts:5 current:1 fault:false generation:1 inspected:true phase:terminal proof:1 repair:0 repeats:2 reports:implementation,proof,review review:1 saved:5 status:REVIEWED_AND_PROVEN] name:Controller params:map[] ref:0 ref_string:Controller#0]] state:map[controller:role Controller#0] stats:map[counts:map[Controller#0.Inspect:2 Controller#0.Proof:1 Controller#0.Restart:1 Controller#0.Resume:2 Controller#0.Review:1 Controller#0.Start:1] totalActions:8] threads:[] witness:[[false false false false]]]
. Expected DISABLED
. Actual [str_value:"DISABLED"], len:1
    Action Link: Controller#0.Inspect
    Found matching Source Link: src:102 dest:102 name:"Controller#0.Inspect" weight:0.125 type:"action" 10:"\n\x14Controller#0.Inspect\x12\n\"DISABLED\""
  End of Request 59, current nodeId: 102, node: map[channel_messages:map[] channels:map[] current:0 failedInvariants:<nil> name:yield returns:{"Controller#0.Inspect":"DISABLED"} roles:[map[fields:map[attempts:5 current:1 fault:false generation:1 inspected:true phase:terminal proof:1 repair:0 repeats:2 reports:implementation,proof,review review:1 saved:5 status:REVIEWED_AND_PROVEN] name:Controller params:map[] ref:0 ref_string:Controller#0]] state:map[controller:role Controller#0] stats:map[counts:map[Controller#0.Inspect:2 Controller#0.Proof:1 Controller#0.Restart:1 Controller#0.Resume:2 Controller#0.Review:1 Controller#0.Start:1] totalActions:8] threads:[] witness:[[false false false false]]]
. Expected DISABLED
. Actual [str_value:"DISABLED"], len:1
    Action Link: Controller#0.Inspect
    Found matching Source Link: src:102 dest:102 name:"Controller#0.Inspect" weight:0.125 type:"action" 10:"\n\x14Controller#0.Inspect\x12\n\"DISABLED\""
  End of Request 60, current nodeId: 102, node: map[channel_messages:map[] channels:map[] current:0 failedInvariants:<nil> name:yield returns:{"Controller#0.Inspect":"DISABLED"} roles:[map[fields:map[attempts:5 current:1 fault:false generation:1 inspected:true phase:terminal proof:1 repair:0 repeats:2 reports:implementation,proof,review review:1 saved:5 status:REVIEWED_AND_PROVEN] name:Controller params:map[] ref:0 ref_string:Controller#0]] state:map[controller:role Controller#0] stats:map[counts:map[Controller#0.Inspect:2 Controller#0.Proof:1 Controller#0.Restart:1 Controller#0.Resume:2 Controller#0.Review:1 Controller#0.Start:1] totalActions:8] threads:[] witness:[[false false false false]]]
. Expected DISABLED
. Actual [str_value:"DISABLED"], len:1
    Action Link: Controller#0.Review
    Found matching Source Link: src:102 dest:98 name:"Controller#0.Review" weight:0.125 type:"action" 10:"\n\x13Controller#0.Review\x12\n\"DISABLED\""
  End of Request 61, current nodeId: 98, node: map[channel_messages:map[] channels:map[] current:0 failedInvariants:<nil> name:yield returns:{"Controller#0.Review":"DISABLED"} roles:[map[fields:map[attempts:5 current:1 fault:false generation:1 inspected:true phase:terminal proof:1 repair:0 repeats:2 reports:implementation,proof,review review:1 saved:5 status:REVIEWED_AND_PROVEN] name:Controller params:map[] ref:0 ref_string:Controller#0]] state:map[controller:role Controller#0] stats:map[counts:map[Controller#0.Inspect:1 Controller#0.Proof:1 Controller#0.Restart:1 Controller#0.Resume:2 Controller#0.Review:2 Controller#0.Start:1] totalActions:8] threads:[] witness:[[false false false false]]]
. Expected DISABLED
. Actual [str_value:"DISABLED"], len:1
    Action Link: Controller#0.Start
    Found matching Source Link: src:98 dest:97 name:"Controller#0.Start" weight:0.125 type:"action" 10:"\n\x12Controller#0.Start\x12\n\"DISABLED\""
  End of Request 62, current nodeId: 97, node: map[channel_messages:map[] channels:map[] current:0 failedInvariants:<nil> name:yield returns:{"Controller#0.Start":"DISABLED"} roles:[map[fields:map[attempts:5 current:1 fault:false generation:1 inspected:true phase:terminal proof:1 repair:0 repeats:2 reports:implementation,proof,review review:1 saved:5 status:REVIEWED_AND_PROVEN] name:Controller params:map[] ref:0 ref_string:Controller#0]] state:map[controller:role Controller#0] stats:map[counts:map[Controller#0.Inspect:1 Controller#0.Proof:1 Controller#0.Restart:1 Controller#0.Resume:2 Controller#0.Review:1 Controller#0.Start:2] totalActions:8] threads:[] witness:[[false false false false]]]
. Expected DISABLED
. Actual [str_value:"DISABLED"], len:1
    Action Link: Controller#0.Resume
    Found matching Source Link: src:97 dest:103 name:"Controller#0.Resume" weight:0.125 type:"action" 10:"\n\x13Controller#0.Resume\x12\n\"DISABLED\""
  End of Request 63, current nodeId: 103, node: map[channel_messages:map[] channels:map[] current:0 failedInvariants:<nil> name:yield returns:{"Controller#0.Resume":"DISABLED"} roles:[map[fields:map[attempts:5 current:1 fault:false generation:1 inspected:true phase:terminal proof:1 repair:0 repeats:2 reports:implementation,proof,review review:1 saved:5 status:REVIEWED_AND_PROVEN] name:Controller params:map[] ref:0 ref_string:Controller#0]] state:map[controller:role Controller#0] stats:map[counts:map[Controller#0.Inspect:1 Controller#0.Proof:1 Controller#0.Restart:1 Controller#0.Resume:3 Controller#0.Review:1 Controller#0.Start:1] totalActions:8] threads:[] witness:[[false false false false]]]
. Expected DISABLED
. Actual [str_value:"DISABLED"], len:1
    Action Link: Controller#0.Proof
    Found matching Source Link: src:103 dest:99 name:"Controller#0.Proof" weight:0.125 type:"action" 10:"\n\x12Controller#0.Proof\x12\n\"DISABLED\""
  End of Request 64, current nodeId: 99, node: map[channel_messages:map[] channels:map[] current:0 failedInvariants:<nil> name:yield returns:{"Controller#0.Proof":"DISABLED"} roles:[map[fields:map[attempts:5 current:1 fault:false generation:1 inspected:true phase:terminal proof:1 repair:0 repeats:2 reports:implementation,proof,review review:1 saved:5 status:REVIEWED_AND_PROVEN] name:Controller params:map[] ref:0 ref_string:Controller#0]] state:map[controller:role Controller#0] stats:map[counts:map[Controller#0.Inspect:1 Controller#0.Proof:2 Controller#0.Restart:1 Controller#0.Resume:2 Controller#0.Review:1 Controller#0.Start:1] totalActions:8] threads:[] witness:[[false false false false]]]
. Expected DISABLED
. Actual [str_value:"DISABLED"], len:1
    Action Link: Controller#0.Overlap
    Found matching Source Link: src:99 dest:104 name:"Controller#0.Overlap" weight:0.125 type:"action" 10:"\n\x14Controller#0.Overlap\x12\n\"DISABLED\""
  End of Request 65, current nodeId: 104, node: map[channel_messages:map[] channels:map[] current:0 failedInvariants:<nil> name:yield returns:{"Controller#0.Overlap":"DISABLED"} roles:[map[fields:map[attempts:5 current:1 fault:false generation:1 inspected:true phase:terminal proof:1 repair:0 repeats:2 reports:implementation,proof,review review:1 saved:5 status:REVIEWED_AND_PROVEN] name:Controller params:map[] ref:0 ref_string:Controller#0]] state:map[controller:role Controller#0] stats:map[counts:map[Controller#0.Inspect:1 Controller#0.Overlap:1 Controller#0.Proof:1 Controller#0.Restart:1 Controller#0.Resume:2 Controller#0.Review:1 Controller#0.Start:1] totalActions:8] threads:[] witness:[[false false false false]]]
. Expected DISABLED
. Actual [str_value:"DISABLED"], len:1
    Action Link: Controller#0.Review
    Found matching Source Link: src:104 dest:98 name:"Controller#0.Review" weight:0.125 type:"action" 10:"\n\x13Controller#0.Review\x12\n\"DISABLED\""
  End of Request 66, current nodeId: 98, node: map[channel_messages:map[] channels:map[] current:0 failedInvariants:<nil> name:yield returns:{"Controller#0.Review":"DISABLED"} roles:[map[fields:map[attempts:5 current:1 fault:false generation:1 inspected:true phase:terminal proof:1 repair:0 repeats:2 reports:implementation,proof,review review:1 saved:5 status:REVIEWED_AND_PROVEN] name:Controller params:map[] ref:0 ref_string:Controller#0]] state:map[controller:role Controller#0] stats:map[counts:map[Controller#0.Inspect:1 Controller#0.Proof:1 Controller#0.Restart:1 Controller#0.Resume:2 Controller#0.Review:2 Controller#0.Start:1] totalActions:8] threads:[] witness:[[false false false false]]]
. Expected DISABLED
. Actual [str_value:"DISABLED"], len:1
    Action Link: Controller#0.Review
    Found matching Source Link: src:98 dest:98 name:"Controller#0.Review" weight:0.125 type:"action" 10:"\n\x13Controller#0.Review\x12\n\"DISABLED\""
  End of Request 67, current nodeId: 98, node: map[channel_messages:map[] channels:map[] current:0 failedInvariants:<nil> name:yield returns:{"Controller#0.Review":"DISABLED"} roles:[map[fields:map[attempts:5 current:1 fault:false generation:1 inspected:true phase:terminal proof:1 repair:0 repeats:2 reports:implementation,proof,review review:1 saved:5 status:REVIEWED_AND_PROVEN] name:Controller params:map[] ref:0 ref_string:Controller#0]] state:map[controller:role Controller#0] stats:map[counts:map[Controller#0.Inspect:1 Controller#0.Proof:1 Controller#0.Restart:1 Controller#0.Resume:2 Controller#0.Review:2 Controller#0.Start:1] totalActions:8] threads:[] witness:[[false false false false]]]
. Expected DISABLED
. Actual [str_value:"DISABLED"], len:1
    Action Link: Controller#0.Proof
    Found matching Source Link: src:98 dest:99 name:"Controller#0.Proof" weight:0.125 type:"action" 10:"\n\x12Controller#0.Proof\x12\n\"DISABLED\""
  End of Request 68, current nodeId: 99, node: map[channel_messages:map[] channels:map[] current:0 failedInvariants:<nil> name:yield returns:{"Controller#0.Proof":"DISABLED"} roles:[map[fields:map[attempts:5 current:1 fault:false generation:1 inspected:true phase:terminal proof:1 repair:0 repeats:2 reports:implementation,proof,review review:1 saved:5 status:REVIEWED_AND_PROVEN] name:Controller params:map[] ref:0 ref_string:Controller#0]] state:map[controller:role Controller#0] stats:map[counts:map[Controller#0.Inspect:1 Controller#0.Proof:2 Controller#0.Restart:1 Controller#0.Resume:2 Controller#0.Review:1 Controller#0.Start:1] totalActions:8] threads:[] witness:[[false false false false]]]
. Expected DISABLED
. Actual [str_value:"DISABLED"], len:1
    Action Link: Controller#0.Proof
    Found matching Source Link: src:99 dest:99 name:"Controller#0.Proof" weight:0.125 type:"action" 10:"\n\x12Controller#0.Proof\x12\n\"DISABLED\""
  End of Request 69, current nodeId: 99, node: map[channel_messages:map[] channels:map[] current:0 failedInvariants:<nil> name:yield returns:{"Controller#0.Proof":"DISABLED"} roles:[map[fields:map[attempts:5 current:1 fault:false generation:1 inspected:true phase:terminal proof:1 repair:0 repeats:2 reports:implementation,proof,review review:1 saved:5 status:REVIEWED_AND_PROVEN] name:Controller params:map[] ref:0 ref_string:Controller#0]] state:map[controller:role Controller#0] stats:map[counts:map[Controller#0.Inspect:1 Controller#0.Proof:2 Controller#0.Restart:1 Controller#0.Resume:2 Controller#0.Review:1 Controller#0.Start:1] totalActions:8] threads:[] witness:[[false false false false]]]
. Expected DISABLED
. Actual [str_value:"DISABLED"], len:1
    Action Link: Controller#0.Inspect
    Found matching Source Link: src:99 dest:102 name:"Controller#0.Inspect" weight:0.125 type:"action" 10:"\n\x14Controller#0.Inspect\x12\n\"DISABLED\""
  End of Request 70, current nodeId: 102, node: map[channel_messages:map[] channels:map[] current:0 failedInvariants:<nil> name:yield returns:{"Controller#0.Inspect":"DISABLED"} roles:[map[fields:map[attempts:5 current:1 fault:false generation:1 inspected:true phase:terminal proof:1 repair:0 repeats:2 reports:implementation,proof,review review:1 saved:5 status:REVIEWED_AND_PROVEN] name:Controller params:map[] ref:0 ref_string:Controller#0]] state:map[controller:role Controller#0] stats:map[counts:map[Controller#0.Inspect:2 Controller#0.Proof:1 Controller#0.Restart:1 Controller#0.Resume:2 Controller#0.Review:1 Controller#0.Start:1] totalActions:8] threads:[] witness:[[false false false false]]]
. Expected DISABLED
. Actual [str_value:"DISABLED"], len:1
    Action Link: Controller#0.Start
    Found matching Source Link: src:102 dest:97 name:"Controller#0.Start" weight:0.125 type:"action" 10:"\n\x12Controller#0.Start\x12\n\"DISABLED\""
  End of Request 71, current nodeId: 97, node: map[channel_messages:map[] channels:map[] current:0 failedInvariants:<nil> name:yield returns:{"Controller#0.Start":"DISABLED"} roles:[map[fields:map[attempts:5 current:1 fault:false generation:1 inspected:true phase:terminal proof:1 repair:0 repeats:2 reports:implementation,proof,review review:1 saved:5 status:REVIEWED_AND_PROVEN] name:Controller params:map[] ref:0 ref_string:Controller#0]] state:map[controller:role Controller#0] stats:map[counts:map[Controller#0.Inspect:1 Controller#0.Proof:1 Controller#0.Restart:1 Controller#0.Resume:2 Controller#0.Review:1 Controller#0.Start:2] totalActions:8] threads:[] witness:[[false false false false]]]
. Expected DISABLED
. Actual [str_value:"DISABLED"], len:1
    Action Link: Controller#0.Proof
    Found matching Source Link: src:97 dest:99 name:"Controller#0.Proof" weight:0.125 type:"action" 10:"\n\x12Controller#0.Proof\x12\n\"DISABLED\""
  End of Request 72, current nodeId: 99, node: map[channel_messages:map[] channels:map[] current:0 failedInvariants:<nil> name:yield returns:{"Controller#0.Proof":"DISABLED"} roles:[map[fields:map[attempts:5 current:1 fault:false generation:1 inspected:true phase:terminal proof:1 repair:0 repeats:2 reports:implementation,proof,review review:1 saved:5 status:REVIEWED_AND_PROVEN] name:Controller params:map[] ref:0 ref_string:Controller#0]] state:map[controller:role Controller#0] stats:map[counts:map[Controller#0.Inspect:1 Controller#0.Proof:2 Controller#0.Restart:1 Controller#0.Resume:2 Controller#0.Review:1 Controller#0.Start:1] totalActions:8] threads:[] witness:[[false false false false]]]
. Expected DISABLED
. Actual [str_value:"DISABLED"], len:1
    Action Link: Controller#0.Overlap
    Found matching Source Link: src:99 dest:104 name:"Controller#0.Overlap" weight:0.125 type:"action" 10:"\n\x14Controller#0.Overlap\x12\n\"DISABLED\""
  End of Request 73, current nodeId: 104, node: map[channel_messages:map[] channels:map[] current:0 failedInvariants:<nil> name:yield returns:{"Controller#0.Overlap":"DISABLED"} roles:[map[fields:map[attempts:5 current:1 fault:false generation:1 inspected:true phase:terminal proof:1 repair:0 repeats:2 reports:implementation,proof,review review:1 saved:5 status:REVIEWED_AND_PROVEN] name:Controller params:map[] ref:0 ref_string:Controller#0]] state:map[controller:role Controller#0] stats:map[counts:map[Controller#0.Inspect:1 Controller#0.Overlap:1 Controller#0.Proof:1 Controller#0.Restart:1 Controller#0.Resume:2 Controller#0.Review:1 Controller#0.Start:1] totalActions:8] threads:[] witness:[[false false false false]]]
. Expected DISABLED
. Actual [str_value:"DISABLED"], len:1
    Action Link: Controller#0.Overlap
    Found matching Source Link: src:104 dest:104 name:"Controller#0.Overlap" weight:0.125 type:"action" 10:"\n\x14Controller#0.Overlap\x12\n\"DISABLED\""
  End of Request 74, current nodeId: 104, node: map[channel_messages:map[] channels:map[] current:0 failedInvariants:<nil> name:yield returns:{"Controller#0.Overlap":"DISABLED"} roles:[map[fields:map[attempts:5 current:1 fault:false generation:1 inspected:true phase:terminal proof:1 repair:0 repeats:2 reports:implementation,proof,review review:1 saved:5 status:REVIEWED_AND_PROVEN] name:Controller params:map[] ref:0 ref_string:Controller#0]] state:map[controller:role Controller#0] stats:map[counts:map[Controller#0.Inspect:1 Controller#0.Overlap:1 Controller#0.Proof:1 Controller#0.Restart:1 Controller#0.Resume:2 Controller#0.Review:1 Controller#0.Start:1] totalActions:8] threads:[] witness:[[false false false false]]]
. Expected DISABLED
. Actual [str_value:"DISABLED"], len:1
    Action Link: Controller#0.Resume
    Found matching Source Link: src:104 dest:103 name:"Controller#0.Resume" weight:0.125 type:"action" 10:"\n\x13Controller#0.Resume\x12\n\"DISABLED\""
  End of Request 75, current nodeId: 103, node: map[channel_messages:map[] channels:map[] current:0 failedInvariants:<nil> name:yield returns:{"Controller#0.Resume":"DISABLED"} roles:[map[fields:map[attempts:5 current:1 fault:false generation:1 inspected:true phase:terminal proof:1 repair:0 repeats:2 reports:implementation,proof,review review:1 saved:5 status:REVIEWED_AND_PROVEN] name:Controller params:map[] ref:0 ref_string:Controller#0]] state:map[controller:role Controller#0] stats:map[counts:map[Controller#0.Inspect:1 Controller#0.Proof:1 Controller#0.Restart:1 Controller#0.Resume:3 Controller#0.Review:1 Controller#0.Start:1] totalActions:8] threads:[] witness:[[false false false false]]]
. Expected DISABLED
. Actual [str_value:"DISABLED"], len:1
    Action Link: Controller#0.Proof
    Found matching Source Link: src:103 dest:99 name:"Controller#0.Proof" weight:0.125 type:"action" 10:"\n\x12Controller#0.Proof\x12\n\"DISABLED\""
  End of Request 76, current nodeId: 99, node: map[channel_messages:map[] channels:map[] current:0 failedInvariants:<nil> name:yield returns:{"Controller#0.Proof":"DISABLED"} roles:[map[fields:map[attempts:5 current:1 fault:false generation:1 inspected:true phase:terminal proof:1 repair:0 repeats:2 reports:implementation,proof,review review:1 saved:5 status:REVIEWED_AND_PROVEN] name:Controller params:map[] ref:0 ref_string:Controller#0]] state:map[controller:role Controller#0] stats:map[counts:map[Controller#0.Inspect:1 Controller#0.Proof:2 Controller#0.Restart:1 Controller#0.Resume:2 Controller#0.Review:1 Controller#0.Start:1] totalActions:8] threads:[] witness:[[false false false false]]]
. Expected DISABLED
. Actual [str_value:"DISABLED"], len:1
    Action Link: Controller#0.Start
    Found matching Source Link: src:99 dest:97 name:"Controller#0.Start" weight:0.125 type:"action" 10:"\n\x12Controller#0.Start\x12\n\"DISABLED\""
  End of Request 77, current nodeId: 97, node: map[channel_messages:map[] channels:map[] current:0 failedInvariants:<nil> name:yield returns:{"Controller#0.Start":"DISABLED"} roles:[map[fields:map[attempts:5 current:1 fault:false generation:1 inspected:true phase:terminal proof:1 repair:0 repeats:2 reports:implementation,proof,review review:1 saved:5 status:REVIEWED_AND_PROVEN] name:Controller params:map[] ref:0 ref_string:Controller#0]] state:map[controller:role Controller#0] stats:map[counts:map[Controller#0.Inspect:1 Controller#0.Proof:1 Controller#0.Restart:1 Controller#0.Resume:2 Controller#0.Review:1 Controller#0.Start:2] totalActions:8] threads:[] witness:[[false false false false]]]
. Expected DISABLED
. Actual [str_value:"DISABLED"], len:1
    Action Link: Controller#0.Overlap
    Found matching Source Link: src:97 dest:104 name:"Controller#0.Overlap" weight:0.125 type:"action" 10:"\n\x14Controller#0.Overlap\x12\n\"DISABLED\""
  End of Request 78, current nodeId: 104, node: map[channel_messages:map[] channels:map[] current:0 failedInvariants:<nil> name:yield returns:{"Controller#0.Overlap":"DISABLED"} roles:[map[fields:map[attempts:5 current:1 fault:false generation:1 inspected:true phase:terminal proof:1 repair:0 repeats:2 reports:implementation,proof,review review:1 saved:5 status:REVIEWED_AND_PROVEN] name:Controller params:map[] ref:0 ref_string:Controller#0]] state:map[controller:role Controller#0] stats:map[counts:map[Controller#0.Inspect:1 Controller#0.Overlap:1 Controller#0.Proof:1 Controller#0.Restart:1 Controller#0.Resume:2 Controller#0.Review:1 Controller#0.Start:1] totalActions:8] threads:[] witness:[[false false false false]]]
. Expected DISABLED
. Actual [str_value:"DISABLED"], len:1
    Action Link: Controller#0.Start
    Found matching Source Link: src:104 dest:97 name:"Controller#0.Start" weight:0.125 type:"action" 10:"\n\x12Controller#0.Start\x12\n\"DISABLED\""
  End of Request 79, current nodeId: 97, node: map[channel_messages:map[] channels:map[] current:0 failedInvariants:<nil> name:yield returns:{"Controller#0.Start":"DISABLED"} roles:[map[fields:map[attempts:5 current:1 fault:false generation:1 inspected:true phase:terminal proof:1 repair:0 repeats:2 reports:implementation,proof,review review:1 saved:5 status:REVIEWED_AND_PROVEN] name:Controller params:map[] ref:0 ref_string:Controller#0]] state:map[controller:role Controller#0] stats:map[counts:map[Controller#0.Inspect:1 Controller#0.Proof:1 Controller#0.Restart:1 Controller#0.Resume:2 Controller#0.Review:1 Controller#0.Start:2] totalActions:8] threads:[] witness:[[false false false false]]]
. Expected DISABLED
. Actual [str_value:"DISABLED"], len:1
    Action Link: Controller#0.Corrupt
    Found matching Source Link: src:97 dest:100 name:"Controller#0.Corrupt" weight:0.125 type:"action" 10:"\n\x14Controller#0.Corrupt\x12\n\"DISABLED\""
  End of Request 80, current nodeId: 100, node: map[channel_messages:map[] channels:map[] current:0 failedInvariants:<nil> name:yield returns:{"Controller#0.Corrupt":"DISABLED"} roles:[map[fields:map[attempts:5 current:1 fault:false generation:1 inspected:true phase:terminal proof:1 repair:0 repeats:2 reports:implementation,proof,review review:1 saved:5 status:REVIEWED_AND_PROVEN] name:Controller params:map[] ref:0 ref_string:Controller#0]] state:map[controller:role Controller#0] stats:map[counts:map[Controller#0.Corrupt:1 Controller#0.Inspect:1 Controller#0.Proof:1 Controller#0.Restart:1 Controller#0.Resume:2 Controller#0.Review:1 Controller#0.Start:1] totalActions:8] threads:[] witness:[[false false false false]]]
. Expected DISABLED
. Actual [str_value:"DISABLED"], len:1
    Action Link: Controller#0.Corrupt
    Found matching Source Link: src:100 dest:100 name:"Controller#0.Corrupt" weight:0.125 type:"action" 10:"\n\x14Controller#0.Corrupt\x12\n\"DISABLED\""
  End of Request 81, current nodeId: 100, node: map[channel_messages:map[] channels:map[] current:0 failedInvariants:<nil> name:yield returns:{"Controller#0.Corrupt":"DISABLED"} roles:[map[fields:map[attempts:5 current:1 fault:false generation:1 inspected:true phase:terminal proof:1 repair:0 repeats:2 reports:implementation,proof,review review:1 saved:5 status:REVIEWED_AND_PROVEN] name:Controller params:map[] ref:0 ref_string:Controller#0]] state:map[controller:role Controller#0] stats:map[counts:map[Controller#0.Corrupt:1 Controller#0.Inspect:1 Controller#0.Proof:1 Controller#0.Restart:1 Controller#0.Resume:2 Controller#0.Review:1 Controller#0.Start:1] totalActions:8] threads:[] witness:[[false false false false]]]
. Expected DISABLED
. Actual [str_value:"DISABLED"], len:1
    Action Link: Controller#0.Inspect
    Found matching Source Link: src:100 dest:102 name:"Controller#0.Inspect" weight:0.125 type:"action" 10:"\n\x14Controller#0.Inspect\x12\n\"DISABLED\""
  End of Request 82, current nodeId: 102, node: map[channel_messages:map[] channels:map[] current:0 failedInvariants:<nil> name:yield returns:{"Controller#0.Inspect":"DISABLED"} roles:[map[fields:map[attempts:5 current:1 fault:false generation:1 inspected:true phase:terminal proof:1 repair:0 repeats:2 reports:implementation,proof,review review:1 saved:5 status:REVIEWED_AND_PROVEN] name:Controller params:map[] ref:0 ref_string:Controller#0]] state:map[controller:role Controller#0] stats:map[counts:map[Controller#0.Inspect:2 Controller#0.Proof:1 Controller#0.Restart:1 Controller#0.Resume:2 Controller#0.Review:1 Controller#0.Start:1] totalActions:8] threads:[] witness:[[false false false false]]]
. Expected DISABLED
. Actual [str_value:"DISABLED"], len:1
    Action Link: Controller#0.Inspect
    Found matching Source Link: src:102 dest:102 name:"Controller#0.Inspect" weight:0.125 type:"action" 10:"\n\x14Controller#0.Inspect\x12\n\"DISABLED\""
  End of Request 83, current nodeId: 102, node: map[channel_messages:map[] channels:map[] current:0 failedInvariants:<nil> name:yield returns:{"Controller#0.Inspect":"DISABLED"} roles:[map[fields:map[attempts:5 current:1 fault:false generation:1 inspected:true phase:terminal proof:1 repair:0 repeats:2 reports:implementation,proof,review review:1 saved:5 status:REVIEWED_AND_PROVEN] name:Controller params:map[] ref:0 ref_string:Controller#0]] state:map[controller:role Controller#0] stats:map[counts:map[Controller#0.Inspect:2 Controller#0.Proof:1 Controller#0.Restart:1 Controller#0.Resume:2 Controller#0.Review:1 Controller#0.Start:1] totalActions:8] threads:[] witness:[[false false false false]]]
. Expected DISABLED
. Actual [str_value:"DISABLED"], len:1
    Action Link: Controller#0.Start
    Found matching Source Link: src:102 dest:97 name:"Controller#0.Start" weight:0.125 type:"action" 10:"\n\x12Controller#0.Start\x12\n\"DISABLED\""
  End of Request 84, current nodeId: 97, node: map[channel_messages:map[] channels:map[] current:0 failedInvariants:<nil> name:yield returns:{"Controller#0.Start":"DISABLED"} roles:[map[fields:map[attempts:5 current:1 fault:false generation:1 inspected:true phase:terminal proof:1 repair:0 repeats:2 reports:implementation,proof,review review:1 saved:5 status:REVIEWED_AND_PROVEN] name:Controller params:map[] ref:0 ref_string:Controller#0]] state:map[controller:role Controller#0] stats:map[counts:map[Controller#0.Inspect:1 Controller#0.Proof:1 Controller#0.Restart:1 Controller#0.Resume:2 Controller#0.Review:1 Controller#0.Start:2] totalActions:8] threads:[] witness:[[false false false false]]]
. Expected DISABLED
. Actual [str_value:"DISABLED"], len:1
    Action Link: Controller#0.Review
    Found matching Source Link: src:97 dest:98 name:"Controller#0.Review" weight:0.125 type:"action" 10:"\n\x13Controller#0.Review\x12\n\"DISABLED\""
  End of Request 85, current nodeId: 98, node: map[channel_messages:map[] channels:map[] current:0 failedInvariants:<nil> name:yield returns:{"Controller#0.Review":"DISABLED"} roles:[map[fields:map[attempts:5 current:1 fault:false generation:1 inspected:true phase:terminal proof:1 repair:0 repeats:2 reports:implementation,proof,review review:1 saved:5 status:REVIEWED_AND_PROVEN] name:Controller params:map[] ref:0 ref_string:Controller#0]] state:map[controller:role Controller#0] stats:map[counts:map[Controller#0.Inspect:1 Controller#0.Proof:1 Controller#0.Restart:1 Controller#0.Resume:2 Controller#0.Review:2 Controller#0.Start:1] totalActions:8] threads:[] witness:[[false false false false]]]
. Expected DISABLED
. Actual [str_value:"DISABLED"], len:1
    Action Link: Controller#0.Resume
    Found matching Source Link: src:98 dest:103 name:"Controller#0.Resume" weight:0.125 type:"action" 10:"\n\x13Controller#0.Resume\x12\n\"DISABLED\""
  End of Request 86, current nodeId: 103, node: map[channel_messages:map[] channels:map[] current:0 failedInvariants:<nil> name:yield returns:{"Controller#0.Resume":"DISABLED"} roles:[map[fields:map[attempts:5 current:1 fault:false generation:1 inspected:true phase:terminal proof:1 repair:0 repeats:2 reports:implementation,proof,review review:1 saved:5 status:REVIEWED_AND_PROVEN] name:Controller params:map[] ref:0 ref_string:Controller#0]] state:map[controller:role Controller#0] stats:map[counts:map[Controller#0.Inspect:1 Controller#0.Proof:1 Controller#0.Restart:1 Controller#0.Resume:3 Controller#0.Review:1 Controller#0.Start:1] totalActions:8] threads:[] witness:[[false false false false]]]
. Expected DISABLED
. Actual [str_value:"DISABLED"], len:1
    Action Link: Controller#0.Inspect
    Found matching Source Link: src:103 dest:102 name:"Controller#0.Inspect" weight:0.125 type:"action" 10:"\n\x14Controller#0.Inspect\x12\n\"DISABLED\""
  End of Request 87, current nodeId: 102, node: map[channel_messages:map[] channels:map[] current:0 failedInvariants:<nil> name:yield returns:{"Controller#0.Inspect":"DISABLED"} roles:[map[fields:map[attempts:5 current:1 fault:false generation:1 inspected:true phase:terminal proof:1 repair:0 repeats:2 reports:implementation,proof,review review:1 saved:5 status:REVIEWED_AND_PROVEN] name:Controller params:map[] ref:0 ref_string:Controller#0]] state:map[controller:role Controller#0] stats:map[counts:map[Controller#0.Inspect:2 Controller#0.Proof:1 Controller#0.Restart:1 Controller#0.Resume:2 Controller#0.Review:1 Controller#0.Start:1] totalActions:8] threads:[] witness:[[false false false false]]]
. Expected DISABLED
. Actual [str_value:"DISABLED"], len:1
    Action Link: Controller#0.Proof
    Found matching Source Link: src:102 dest:99 name:"Controller#0.Proof" weight:0.125 type:"action" 10:"\n\x12Controller#0.Proof\x12\n\"DISABLED\""
  End of Request 88, current nodeId: 99, node: map[channel_messages:map[] channels:map[] current:0 failedInvariants:<nil> name:yield returns:{"Controller#0.Proof":"DISABLED"} roles:[map[fields:map[attempts:5 current:1 fault:false generation:1 inspected:true phase:terminal proof:1 repair:0 repeats:2 reports:implementation,proof,review review:1 saved:5 status:REVIEWED_AND_PROVEN] name:Controller params:map[] ref:0 ref_string:Controller#0]] state:map[controller:role Controller#0] stats:map[counts:map[Controller#0.Inspect:1 Controller#0.Proof:2 Controller#0.Restart:1 Controller#0.Resume:2 Controller#0.Review:1 Controller#0.Start:1] totalActions:8] threads:[] witness:[[false false false false]]]
. Expected DISABLED
. Actual [str_value:"DISABLED"], len:1
    Action Link: Controller#0.Restart
    Found matching Source Link: src:99 dest:101 name:"Controller#0.Restart" weight:0.125 type:"action" 10:"\n\x14Controller#0.Restart\x12\n\"DISABLED\""
  End of Request 89, current nodeId: 101, node: map[channel_messages:map[] channels:map[] current:0 failedInvariants:<nil> name:yield returns:{"Controller#0.Restart":"DISABLED"} roles:[map[fields:map[attempts:5 current:1 fault:false generation:1 inspected:true phase:terminal proof:1 repair:0 repeats:2 reports:implementation,proof,review review:1 saved:5 status:REVIEWED_AND_PROVEN] name:Controller params:map[] ref:0 ref_string:Controller#0]] state:map[controller:role Controller#0] stats:map[counts:map[Controller#0.Inspect:1 Controller#0.Proof:1 Controller#0.Restart:2 Controller#0.Resume:2 Controller#0.Review:1 Controller#0.Start:1] totalActions:8] threads:[] witness:[[false false false false]]]
. Expected DISABLED
. Actual [str_value:"DISABLED"], len:1
    Action Link: Controller#0.Resume
    Found matching Source Link: src:101 dest:103 name:"Controller#0.Resume" weight:0.125 type:"action" 10:"\n\x13Controller#0.Resume\x12\n\"DISABLED\""
  End of Request 90, current nodeId: 103, node: map[channel_messages:map[] channels:map[] current:0 failedInvariants:<nil> name:yield returns:{"Controller#0.Resume":"DISABLED"} roles:[map[fields:map[attempts:5 current:1 fault:false generation:1 inspected:true phase:terminal proof:1 repair:0 repeats:2 reports:implementation,proof,review review:1 saved:5 status:REVIEWED_AND_PROVEN] name:Controller params:map[] ref:0 ref_string:Controller#0]] state:map[controller:role Controller#0] stats:map[counts:map[Controller#0.Inspect:1 Controller#0.Proof:1 Controller#0.Restart:1 Controller#0.Resume:3 Controller#0.Review:1 Controller#0.Start:1] totalActions:8] threads:[] witness:[[false false false false]]]
. Expected DISABLED
. Actual [str_value:"DISABLED"], len:1
    Action Link: Controller#0.Overlap
    Found matching Source Link: src:103 dest:104 name:"Controller#0.Overlap" weight:0.125 type:"action" 10:"\n\x14Controller#0.Overlap\x12\n\"DISABLED\""
  End of Request 91, current nodeId: 104, node: map[channel_messages:map[] channels:map[] current:0 failedInvariants:<nil> name:yield returns:{"Controller#0.Overlap":"DISABLED"} roles:[map[fields:map[attempts:5 current:1 fault:false generation:1 inspected:true phase:terminal proof:1 repair:0 repeats:2 reports:implementation,proof,review review:1 saved:5 status:REVIEWED_AND_PROVEN] name:Controller params:map[] ref:0 ref_string:Controller#0]] state:map[controller:role Controller#0] stats:map[counts:map[Controller#0.Inspect:1 Controller#0.Overlap:1 Controller#0.Proof:1 Controller#0.Restart:1 Controller#0.Resume:2 Controller#0.Review:1 Controller#0.Start:1] totalActions:8] threads:[] witness:[[false false false false]]]
. Expected DISABLED
. Actual [str_value:"DISABLED"], len:1
    Action Link: Controller#0.Overlap
    Found matching Source Link: src:104 dest:104 name:"Controller#0.Overlap" weight:0.125 type:"action" 10:"\n\x14Controller#0.Overlap\x12\n\"DISABLED\""
  End of Request 92, current nodeId: 104, node: map[channel_messages:map[] channels:map[] current:0 failedInvariants:<nil> name:yield returns:{"Controller#0.Overlap":"DISABLED"} roles:[map[fields:map[attempts:5 current:1 fault:false generation:1 inspected:true phase:terminal proof:1 repair:0 repeats:2 reports:implementation,proof,review review:1 saved:5 status:REVIEWED_AND_PROVEN] name:Controller params:map[] ref:0 ref_string:Controller#0]] state:map[controller:role Controller#0] stats:map[counts:map[Controller#0.Inspect:1 Controller#0.Overlap:1 Controller#0.Proof:1 Controller#0.Restart:1 Controller#0.Resume:2 Controller#0.Review:1 Controller#0.Start:1] totalActions:8] threads:[] witness:[[false false false false]]]
. Expected DISABLED
. Actual [str_value:"DISABLED"], len:1
    Action Link: Controller#0.Resume
    Found matching Source Link: src:104 dest:103 name:"Controller#0.Resume" weight:0.125 type:"action" 10:"\n\x13Controller#0.Resume\x12\n\"DISABLED\""
  End of Request 93, current nodeId: 103, node: map[channel_messages:map[] channels:map[] current:0 failedInvariants:<nil> name:yield returns:{"Controller#0.Resume":"DISABLED"} roles:[map[fields:map[attempts:5 current:1 fault:false generation:1 inspected:true phase:terminal proof:1 repair:0 repeats:2 reports:implementation,proof,review review:1 saved:5 status:REVIEWED_AND_PROVEN] name:Controller params:map[] ref:0 ref_string:Controller#0]] state:map[controller:role Controller#0] stats:map[counts:map[Controller#0.Inspect:1 Controller#0.Proof:1 Controller#0.Restart:1 Controller#0.Resume:3 Controller#0.Review:1 Controller#0.Start:1] totalActions:8] threads:[] witness:[[false false false false]]]
. Expected DISABLED
. Actual [str_value:"DISABLED"], len:1
    Action Link: Controller#0.Overlap
    Found matching Source Link: src:103 dest:104 name:"Controller#0.Overlap" weight:0.125 type:"action" 10:"\n\x14Controller#0.Overlap\x12\n\"DISABLED\""
  End of Request 94, current nodeId: 104, node: map[channel_messages:map[] channels:map[] current:0 failedInvariants:<nil> name:yield returns:{"Controller#0.Overlap":"DISABLED"} roles:[map[fields:map[attempts:5 current:1 fault:false generation:1 inspected:true phase:terminal proof:1 repair:0 repeats:2 reports:implementation,proof,review review:1 saved:5 status:REVIEWED_AND_PROVEN] name:Controller params:map[] ref:0 ref_string:Controller#0]] state:map[controller:role Controller#0] stats:map[counts:map[Controller#0.Inspect:1 Controller#0.Overlap:1 Controller#0.Proof:1 Controller#0.Restart:1 Controller#0.Resume:2 Controller#0.Review:1 Controller#0.Start:1] totalActions:8] threads:[] witness:[[false false false false]]]
. Expected DISABLED
. Actual [str_value:"DISABLED"], len:1
    Action Link: Controller#0.Resume
    Found matching Source Link: src:104 dest:103 name:"Controller#0.Resume" weight:0.125 type:"action" 10:"\n\x13Controller#0.Resume\x12\n\"DISABLED\""
  End of Request 95, current nodeId: 103, node: map[channel_messages:map[] channels:map[] current:0 failedInvariants:<nil> name:yield returns:{"Controller#0.Resume":"DISABLED"} roles:[map[fields:map[attempts:5 current:1 fault:false generation:1 inspected:true phase:terminal proof:1 repair:0 repeats:2 reports:implementation,proof,review review:1 saved:5 status:REVIEWED_AND_PROVEN] name:Controller params:map[] ref:0 ref_string:Controller#0]] state:map[controller:role Controller#0] stats:map[counts:map[Controller#0.Inspect:1 Controller#0.Proof:1 Controller#0.Restart:1 Controller#0.Resume:3 Controller#0.Review:1 Controller#0.Start:1] totalActions:8] threads:[] witness:[[false false false false]]]
. Expected DISABLED
. Actual [str_value:"DISABLED"], len:1
    Action Link: Controller#0.Corrupt
    Found matching Source Link: src:103 dest:100 name:"Controller#0.Corrupt" weight:0.125 type:"action" 10:"\n\x14Controller#0.Corrupt\x12\n\"DISABLED\""
  End of Request 96, current nodeId: 100, node: map[channel_messages:map[] channels:map[] current:0 failedInvariants:<nil> name:yield returns:{"Controller#0.Corrupt":"DISABLED"} roles:[map[fields:map[attempts:5 current:1 fault:false generation:1 inspected:true phase:terminal proof:1 repair:0 repeats:2 reports:implementation,proof,review review:1 saved:5 status:REVIEWED_AND_PROVEN] name:Controller params:map[] ref:0 ref_string:Controller#0]] state:map[controller:role Controller#0] stats:map[counts:map[Controller#0.Corrupt:1 Controller#0.Inspect:1 Controller#0.Proof:1 Controller#0.Restart:1 Controller#0.Resume:2 Controller#0.Review:1 Controller#0.Start:1] totalActions:8] threads:[] witness:[[false false false false]]]
. Expected DISABLED
. Actual [str_value:"DISABLED"], len:1
    Action Link: Controller#0.Inspect
    Found matching Source Link: src:100 dest:102 name:"Controller#0.Inspect" weight:0.125 type:"action" 10:"\n\x14Controller#0.Inspect\x12\n\"DISABLED\""
  End of Request 97, current nodeId: 102, node: map[channel_messages:map[] channels:map[] current:0 failedInvariants:<nil> name:yield returns:{"Controller#0.Inspect":"DISABLED"} roles:[map[fields:map[attempts:5 current:1 fault:false generation:1 inspected:true phase:terminal proof:1 repair:0 repeats:2 reports:implementation,proof,review review:1 saved:5 status:REVIEWED_AND_PROVEN] name:Controller params:map[] ref:0 ref_string:Controller#0]] state:map[controller:role Controller#0] stats:map[counts:map[Controller#0.Inspect:2 Controller#0.Proof:1 Controller#0.Restart:1 Controller#0.Resume:2 Controller#0.Review:1 Controller#0.Start:1] totalActions:8] threads:[] witness:[[false false false false]]]
. Expected DISABLED
. Actual [str_value:"DISABLED"], len:1
    Action Link: Controller#0.Start
    Found matching Source Link: src:102 dest:97 name:"Controller#0.Start" weight:0.125 type:"action" 10:"\n\x12Controller#0.Start\x12\n\"DISABLED\""
  End of Request 98, current nodeId: 97, node: map[channel_messages:map[] channels:map[] current:0 failedInvariants:<nil> name:yield returns:{"Controller#0.Start":"DISABLED"} roles:[map[fields:map[attempts:5 current:1 fault:false generation:1 inspected:true phase:terminal proof:1 repair:0 repeats:2 reports:implementation,proof,review review:1 saved:5 status:REVIEWED_AND_PROVEN] name:Controller params:map[] ref:0 ref_string:Controller#0]] state:map[controller:role Controller#0] stats:map[counts:map[Controller#0.Inspect:1 Controller#0.Proof:1 Controller#0.Restart:1 Controller#0.Resume:2 Controller#0.Review:1 Controller#0.Start:2] totalActions:8] threads:[] witness:[[false false false false]]]
. Expected DISABLED
. Actual [str_value:"DISABLED"], len:1
    Action Link: Controller#0.Corrupt
    Found matching Source Link: src:97 dest:100 name:"Controller#0.Corrupt" weight:0.125 type:"action" 10:"\n\x14Controller#0.Corrupt\x12\n\"DISABLED\""
  End of Request 99, current nodeId: 100, node: map[channel_messages:map[] channels:map[] current:0 failedInvariants:<nil> name:yield returns:{"Controller#0.Corrupt":"DISABLED"} roles:[map[fields:map[attempts:5 current:1 fault:false generation:1 inspected:true phase:terminal proof:1 repair:0 repeats:2 reports:implementation,proof,review review:1 saved:5 status:REVIEWED_AND_PROVEN] name:Controller params:map[] ref:0 ref_string:Controller#0]] state:map[controller:role Controller#0] stats:map[counts:map[Controller#0.Corrupt:1 Controller#0.Inspect:1 Controller#0.Proof:1 Controller#0.Restart:1 Controller#0.Resume:2 Controller#0.Review:1 Controller#0.Start:1] totalActions:8] threads:[] witness:[[false false false false]]]
. Expected DISABLED
. Actual [str_value:"DISABLED"], len:1
    Action Link: Controller#0.Start
    Found matching Source Link: src:100 dest:97 name:"Controller#0.Start" weight:0.125 type:"action" 10:"\n\x12Controller#0.Start\x12\n\"DISABLED\""
  End of Request 100, current nodeId: 97, node: map[channel_messages:map[] channels:map[] current:0 failedInvariants:<nil> name:yield returns:{"Controller#0.Start":"DISABLED"} roles:[map[fields:map[attempts:5 current:1 fault:false generation:1 inspected:true phase:terminal proof:1 repair:0 repeats:2 reports:implementation,proof,review review:1 saved:5 status:REVIEWED_AND_PROVEN] name:Controller params:map[] ref:0 ref_string:Controller#0]] state:map[controller:role Controller#0] stats:map[counts:map[Controller#0.Inspect:1 Controller#0.Proof:1 Controller#0.Restart:1 Controller#0.Resume:2 Controller#0.Review:1 Controller#0.Start:2] totalActions:8] threads:[] witness:[[false false false false]]]
. Expected DISABLED
. Actual [str_value:"DISABLED"], len:1
    Action Link: Controller#0.Review
    Found matching Source Link: src:97 dest:98 name:"Controller#0.Review" weight:0.125 type:"action" 10:"\n\x13Controller#0.Review\x12\n\"DISABLED\""
  End of Request 101, current nodeId: 98, node: map[channel_messages:map[] channels:map[] current:0 failedInvariants:<nil> name:yield returns:{"Controller#0.Review":"DISABLED"} roles:[map[fields:map[attempts:5 current:1 fault:false generation:1 inspected:true phase:terminal proof:1 repair:0 repeats:2 reports:implementation,proof,review review:1 saved:5 status:REVIEWED_AND_PROVEN] name:Controller params:map[] ref:0 ref_string:Controller#0]] state:map[controller:role Controller#0] stats:map[counts:map[Controller#0.Inspect:1 Controller#0.Proof:1 Controller#0.Restart:1 Controller#0.Resume:2 Controller#0.Review:2 Controller#0.Start:1] totalActions:8] threads:[] witness:[[false false false false]]]
. Expected DISABLED
. Actual [str_value:"DISABLED"], len:1
    Action Link: Controller#0.Review
    Found matching Source Link: src:98 dest:98 name:"Controller#0.Review" weight:0.125 type:"action" 10:"\n\x13Controller#0.Review\x12\n\"DISABLED\""
  End of Request 102, current nodeId: 98, node: map[channel_messages:map[] channels:map[] current:0 failedInvariants:<nil> name:yield returns:{"Controller#0.Review":"DISABLED"} roles:[map[fields:map[attempts:5 current:1 fault:false generation:1 inspected:true phase:terminal proof:1 repair:0 repeats:2 reports:implementation,proof,review review:1 saved:5 status:REVIEWED_AND_PROVEN] name:Controller params:map[] ref:0 ref_string:Controller#0]] state:map[controller:role Controller#0] stats:map[counts:map[Controller#0.Inspect:1 Controller#0.Proof:1 Controller#0.Restart:1 Controller#0.Resume:2 Controller#0.Review:2 Controller#0.Start:1] totalActions:8] threads:[] witness:[[false false false false]]]
. Expected DISABLED
. Actual [str_value:"DISABLED"], len:1
    Action Link: Controller#0.Inspect
    Found matching Source Link: src:98 dest:102 name:"Controller#0.Inspect" weight:0.125 type:"action" 10:"\n\x14Controller#0.Inspect\x12\n\"DISABLED\""
  End of Request 103, current nodeId: 102, node: map[channel_messages:map[] channels:map[] current:0 failedInvariants:<nil> name:yield returns:{"Controller#0.Inspect":"DISABLED"} roles:[map[fields:map[attempts:5 current:1 fault:false generation:1 inspected:true phase:terminal proof:1 repair:0 repeats:2 reports:implementation,proof,review review:1 saved:5 status:REVIEWED_AND_PROVEN] name:Controller params:map[] ref:0 ref_string:Controller#0]] state:map[controller:role Controller#0] stats:map[counts:map[Controller#0.Inspect:2 Controller#0.Proof:1 Controller#0.Restart:1 Controller#0.Resume:2 Controller#0.Review:1 Controller#0.Start:1] totalActions:8] threads:[] witness:[[false false false false]]]
. Expected DISABLED
. Actual [str_value:"DISABLED"], len:1
    Action Link: Controller#0.Resume
    Found matching Source Link: src:102 dest:103 name:"Controller#0.Resume" weight:0.125 type:"action" 10:"\n\x13Controller#0.Resume\x12\n\"DISABLED\""
  End of Request 104, current nodeId: 103, node: map[channel_messages:map[] channels:map[] current:0 failedInvariants:<nil> name:yield returns:{"Controller#0.Resume":"DISABLED"} roles:[map[fields:map[attempts:5 current:1 fault:false generation:1 inspected:true phase:terminal proof:1 repair:0 repeats:2 reports:implementation,proof,review review:1 saved:5 status:REVIEWED_AND_PROVEN] name:Controller params:map[] ref:0 ref_string:Controller#0]] state:map[controller:role Controller#0] stats:map[counts:map[Controller#0.Inspect:1 Controller#0.Proof:1 Controller#0.Restart:1 Controller#0.Resume:3 Controller#0.Review:1 Controller#0.Start:1] totalActions:8] threads:[] witness:[[false false false false]]]
. Expected DISABLED
. Actual [str_value:"DISABLED"], len:1
    Action Link: Controller#0.Inspect
    Found matching Source Link: src:103 dest:102 name:"Controller#0.Inspect" weight:0.125 type:"action" 10:"\n\x14Controller#0.Inspect\x12\n\"DISABLED\""
  End of Request 105, current nodeId: 102, node: map[channel_messages:map[] channels:map[] current:0 failedInvariants:<nil> name:yield returns:{"Controller#0.Inspect":"DISABLED"} roles:[map[fields:map[attempts:5 current:1 fault:false generation:1 inspected:true phase:terminal proof:1 repair:0 repeats:2 reports:implementation,proof,review review:1 saved:5 status:REVIEWED_AND_PROVEN] name:Controller params:map[] ref:0 ref_string:Controller#0]] state:map[controller:role Controller#0] stats:map[counts:map[Controller#0.Inspect:2 Controller#0.Proof:1 Controller#0.Restart:1 Controller#0.Resume:2 Controller#0.Review:1 Controller#0.Start:1] totalActions:8] threads:[] witness:[[false false false false]]]
. Expected DISABLED
. Actual [str_value:"DISABLED"], len:1
    Action Link: Controller#0.Inspect
    Found matching Source Link: src:102 dest:102 name:"Controller#0.Inspect" weight:0.125 type:"action" 10:"\n\x14Controller#0.Inspect\x12\n\"DISABLED\""
  End of Request 106, current nodeId: 102, node: map[channel_messages:map[] channels:map[] current:0 failedInvariants:<nil> name:yield returns:{"Controller#0.Inspect":"DISABLED"} roles:[map[fields:map[attempts:5 current:1 fault:false generation:1 inspected:true phase:terminal proof:1 repair:0 repeats:2 reports:implementation,proof,review review:1 saved:5 status:REVIEWED_AND_PROVEN] name:Controller params:map[] ref:0 ref_string:Controller#0]] state:map[controller:role Controller#0] stats:map[counts:map[Controller#0.Inspect:2 Controller#0.Proof:1 Controller#0.Restart:1 Controller#0.Resume:2 Controller#0.Review:1 Controller#0.Start:1] totalActions:8] threads:[] witness:[[false false false false]]]
. Expected DISABLED
. Actual [str_value:"DISABLED"], len:1
    Action Link: Controller#0.Inspect
    Found matching Source Link: src:102 dest:102 name:"Controller#0.Inspect" weight:0.125 type:"action" 10:"\n\x14Controller#0.Inspect\x12\n\"DISABLED\""
  End of Request 107, current nodeId: 102, node: map[channel_messages:map[] channels:map[] current:0 failedInvariants:<nil> name:yield returns:{"Controller#0.Inspect":"DISABLED"} roles:[map[fields:map[attempts:5 current:1 fault:false generation:1 inspected:true phase:terminal proof:1 repair:0 repeats:2 reports:implementation,proof,review review:1 saved:5 status:REVIEWED_AND_PROVEN] name:Controller params:map[] ref:0 ref_string:Controller#0]] state:map[controller:role Controller#0] stats:map[counts:map[Controller#0.Inspect:2 Controller#0.Proof:1 Controller#0.Restart:1 Controller#0.Resume:2 Controller#0.Review:1 Controller#0.Start:1] totalActions:8] threads:[] witness:[[false false false false]]]
. Expected DISABLED
. Actual [str_value:"DISABLED"], len:1
    Action Link: Controller#0.Review
    Found matching Source Link: src:102 dest:98 name:"Controller#0.Review" weight:0.125 type:"action" 10:"\n\x13Controller#0.Review\x12\n\"DISABLED\""
  End of Request 108, current nodeId: 98, node: map[channel_messages:map[] channels:map[] current:0 failedInvariants:<nil> name:yield returns:{"Controller#0.Review":"DISABLED"} roles:[map[fields:map[attempts:5 current:1 fault:false generation:1 inspected:true phase:terminal proof:1 repair:0 repeats:2 reports:implementation,proof,review review:1 saved:5 status:REVIEWED_AND_PROVEN] name:Controller params:map[] ref:0 ref_string:Controller#0]] state:map[controller:role Controller#0] stats:map[counts:map[Controller#0.Inspect:1 Controller#0.Proof:1 Controller#0.Restart:1 Controller#0.Resume:2 Controller#0.Review:2 Controller#0.Start:1] totalActions:8] threads:[] witness:[[false false false false]]]
. Expected DISABLED
. Actual [str_value:"DISABLED"], len:1
    Action Link: Controller#0.Corrupt
    Found matching Source Link: src:98 dest:100 name:"Controller#0.Corrupt" weight:0.125 type:"action" 10:"\n\x14Controller#0.Corrupt\x12\n\"DISABLED\""
  End of Request 109, current nodeId: 100, node: map[channel_messages:map[] channels:map[] current:0 failedInvariants:<nil> name:yield returns:{"Controller#0.Corrupt":"DISABLED"} roles:[map[fields:map[attempts:5 current:1 fault:false generation:1 inspected:true phase:terminal proof:1 repair:0 repeats:2 reports:implementation,proof,review review:1 saved:5 status:REVIEWED_AND_PROVEN] name:Controller params:map[] ref:0 ref_string:Controller#0]] state:map[controller:role Controller#0] stats:map[counts:map[Controller#0.Corrupt:1 Controller#0.Inspect:1 Controller#0.Proof:1 Controller#0.Restart:1 Controller#0.Resume:2 Controller#0.Review:1 Controller#0.Start:1] totalActions:8] threads:[] witness:[[false false false false]]]
. Expected DISABLED
. Actual [str_value:"DISABLED"], len:1
    Action Link: Controller#0.Start
    Found matching Source Link: src:100 dest:97 name:"Controller#0.Start" weight:0.125 type:"action" 10:"\n\x12Controller#0.Start\x12\n\"DISABLED\""
  End of Request 110, current nodeId: 97, node: map[channel_messages:map[] channels:map[] current:0 failedInvariants:<nil> name:yield returns:{"Controller#0.Start":"DISABLED"} roles:[map[fields:map[attempts:5 current:1 fault:false generation:1 inspected:true phase:terminal proof:1 repair:0 repeats:2 reports:implementation,proof,review review:1 saved:5 status:REVIEWED_AND_PROVEN] name:Controller params:map[] ref:0 ref_string:Controller#0]] state:map[controller:role Controller#0] stats:map[counts:map[Controller#0.Inspect:1 Controller#0.Proof:1 Controller#0.Restart:1 Controller#0.Resume:2 Controller#0.Review:1 Controller#0.Start:2] totalActions:8] threads:[] witness:[[false false false false]]]
. Expected DISABLED
. Actual [str_value:"DISABLED"], len:1
    Action Link: Controller#0.Review
    Found matching Source Link: src:97 dest:98 name:"Controller#0.Review" weight:0.125 type:"action" 10:"\n\x13Controller#0.Review\x12\n\"DISABLED\""
  End of Request 111, current nodeId: 98, node: map[channel_messages:map[] channels:map[] current:0 failedInvariants:<nil> name:yield returns:{"Controller#0.Review":"DISABLED"} roles:[map[fields:map[attempts:5 current:1 fault:false generation:1 inspected:true phase:terminal proof:1 repair:0 repeats:2 reports:implementation,proof,review review:1 saved:5 status:REVIEWED_AND_PROVEN] name:Controller params:map[] ref:0 ref_string:Controller#0]] state:map[controller:role Controller#0] stats:map[counts:map[Controller#0.Inspect:1 Controller#0.Proof:1 Controller#0.Restart:1 Controller#0.Resume:2 Controller#0.Review:2 Controller#0.Start:1] totalActions:8] threads:[] witness:[[false false false false]]]
. Expected DISABLED
. Actual [str_value:"DISABLED"], len:1
    Action Link: Controller#0.Inspect
    Found matching Source Link: src:98 dest:102 name:"Controller#0.Inspect" weight:0.125 type:"action" 10:"\n\x14Controller#0.Inspect\x12\n\"DISABLED\""
  End of Request 112, current nodeId: 102, node: map[channel_messages:map[] channels:map[] current:0 failedInvariants:<nil> name:yield returns:{"Controller#0.Inspect":"DISABLED"} roles:[map[fields:map[attempts:5 current:1 fault:false generation:1 inspected:true phase:terminal proof:1 repair:0 repeats:2 reports:implementation,proof,review review:1 saved:5 status:REVIEWED_AND_PROVEN] name:Controller params:map[] ref:0 ref_string:Controller#0]] state:map[controller:role Controller#0] stats:map[counts:map[Controller#0.Inspect:2 Controller#0.Proof:1 Controller#0.Restart:1 Controller#0.Resume:2 Controller#0.Review:1 Controller#0.Start:1] totalActions:8] threads:[] witness:[[false false false false]]]
. Expected DISABLED
. Actual [str_value:"DISABLED"], len:1
    Action Link: Controller#0.Review
    Found matching Source Link: src:102 dest:98 name:"Controller#0.Review" weight:0.125 type:"action" 10:"\n\x13Controller#0.Review\x12\n\"DISABLED\""
  End of Request 113, current nodeId: 98, node: map[channel_messages:map[] channels:map[] current:0 failedInvariants:<nil> name:yield returns:{"Controller#0.Review":"DISABLED"} roles:[map[fields:map[attempts:5 current:1 fault:false generation:1 inspected:true phase:terminal proof:1 repair:0 repeats:2 reports:implementation,proof,review review:1 saved:5 status:REVIEWED_AND_PROVEN] name:Controller params:map[] ref:0 ref_string:Controller#0]] state:map[controller:role Controller#0] stats:map[counts:map[Controller#0.Inspect:1 Controller#0.Proof:1 Controller#0.Restart:1 Controller#0.Resume:2 Controller#0.Review:2 Controller#0.Start:1] totalActions:8] threads:[] witness:[[false false false false]]]
. Expected DISABLED
. Actual [str_value:"DISABLED"], len:1
    Action Link: Controller#0.Start
    Found matching Source Link: src:98 dest:97 name:"Controller#0.Start" weight:0.125 type:"action" 10:"\n\x12Controller#0.Start\x12\n\"DISABLED\""
  End of Request 114, current nodeId: 97, node: map[channel_messages:map[] channels:map[] current:0 failedInvariants:<nil> name:yield returns:{"Controller#0.Start":"DISABLED"} roles:[map[fields:map[attempts:5 current:1 fault:false generation:1 inspected:true phase:terminal proof:1 repair:0 repeats:2 reports:implementation,proof,review review:1 saved:5 status:REVIEWED_AND_PROVEN] name:Controller params:map[] ref:0 ref_string:Controller#0]] state:map[controller:role Controller#0] stats:map[counts:map[Controller#0.Inspect:1 Controller#0.Proof:1 Controller#0.Restart:1 Controller#0.Resume:2 Controller#0.Review:1 Controller#0.Start:2] totalActions:8] threads:[] witness:[[false false false false]]]
. Expected DISABLED
. Actual [str_value:"DISABLED"], len:1
    Action Link: Controller#0.Inspect
    Found matching Source Link: src:97 dest:102 name:"Controller#0.Inspect" weight:0.125 type:"action" 10:"\n\x14Controller#0.Inspect\x12\n\"DISABLED\""
  End of Request 115, current nodeId: 102, node: map[channel_messages:map[] channels:map[] current:0 failedInvariants:<nil> name:yield returns:{"Controller#0.Inspect":"DISABLED"} roles:[map[fields:map[attempts:5 current:1 fault:false generation:1 inspected:true phase:terminal proof:1 repair:0 repeats:2 reports:implementation,proof,review review:1 saved:5 status:REVIEWED_AND_PROVEN] name:Controller params:map[] ref:0 ref_string:Controller#0]] state:map[controller:role Controller#0] stats:map[counts:map[Controller#0.Inspect:2 Controller#0.Proof:1 Controller#0.Restart:1 Controller#0.Resume:2 Controller#0.Review:1 Controller#0.Start:1] totalActions:8] threads:[] witness:[[false false false false]]]
. Expected DISABLED
. Actual [str_value:"DISABLED"], len:1
    Action Link: Controller#0.Review
    Found matching Source Link: src:102 dest:98 name:"Controller#0.Review" weight:0.125 type:"action" 10:"\n\x13Controller#0.Review\x12\n\"DISABLED\""
  End of Request 116, current nodeId: 98, node: map[channel_messages:map[] channels:map[] current:0 failedInvariants:<nil> name:yield returns:{"Controller#0.Review":"DISABLED"} roles:[map[fields:map[attempts:5 current:1 fault:false generation:1 inspected:true phase:terminal proof:1 repair:0 repeats:2 reports:implementation,proof,review review:1 saved:5 status:REVIEWED_AND_PROVEN] name:Controller params:map[] ref:0 ref_string:Controller#0]] state:map[controller:role Controller#0] stats:map[counts:map[Controller#0.Inspect:1 Controller#0.Proof:1 Controller#0.Restart:1 Controller#0.Resume:2 Controller#0.Review:2 Controller#0.Start:1] totalActions:8] threads:[] witness:[[false false false false]]]
. Expected DISABLED
. Actual [str_value:"DISABLED"], len:1
    Action Link: Controller#0.Start
    Found matching Source Link: src:98 dest:97 name:"Controller#0.Start" weight:0.125 type:"action" 10:"\n\x12Controller#0.Start\x12\n\"DISABLED\""
  End of Request 117, current nodeId: 97, node: map[channel_messages:map[] channels:map[] current:0 failedInvariants:<nil> name:yield returns:{"Controller#0.Start":"DISABLED"} roles:[map[fields:map[attempts:5 current:1 fault:false generation:1 inspected:true phase:terminal proof:1 repair:0 repeats:2 reports:implementation,proof,review review:1 saved:5 status:REVIEWED_AND_PROVEN] name:Controller params:map[] ref:0 ref_string:Controller#0]] state:map[controller:role Controller#0] stats:map[counts:map[Controller#0.Inspect:1 Controller#0.Proof:1 Controller#0.Restart:1 Controller#0.Resume:2 Controller#0.Review:1 Controller#0.Start:2] totalActions:8] threads:[] witness:[[false false false false]]]
. Expected DISABLED
. Actual [str_value:"DISABLED"], len:1
    Action Link: Controller#0.Proof
    Found matching Source Link: src:97 dest:99 name:"Controller#0.Proof" weight:0.125 type:"action" 10:"\n\x12Controller#0.Proof\x12\n\"DISABLED\""
  End of Request 118, current nodeId: 99, node: map[channel_messages:map[] channels:map[] current:0 failedInvariants:<nil> name:yield returns:{"Controller#0.Proof":"DISABLED"} roles:[map[fields:map[attempts:5 current:1 fault:false generation:1 inspected:true phase:terminal proof:1 repair:0 repeats:2 reports:implementation,proof,review review:1 saved:5 status:REVIEWED_AND_PROVEN] name:Controller params:map[] ref:0 ref_string:Controller#0]] state:map[controller:role Controller#0] stats:map[counts:map[Controller#0.Inspect:1 Controller#0.Proof:2 Controller#0.Restart:1 Controller#0.Resume:2 Controller#0.Review:1 Controller#0.Start:1] totalActions:8] threads:[] witness:[[false false false false]]]
. Expected DISABLED
. Actual [str_value:"DISABLED"], len:1
    Action Link: Controller#0.Corrupt
    Found matching Source Link: src:99 dest:100 name:"Controller#0.Corrupt" weight:0.125 type:"action" 10:"\n\x14Controller#0.Corrupt\x12\n\"DISABLED\""
  End of Request 119, current nodeId: 100, node: map[channel_messages:map[] channels:map[] current:0 failedInvariants:<nil> name:yield returns:{"Controller#0.Corrupt":"DISABLED"} roles:[map[fields:map[attempts:5 current:1 fault:false generation:1 inspected:true phase:terminal proof:1 repair:0 repeats:2 reports:implementation,proof,review review:1 saved:5 status:REVIEWED_AND_PROVEN] name:Controller params:map[] ref:0 ref_string:Controller#0]] state:map[controller:role Controller#0] stats:map[counts:map[Controller#0.Corrupt:1 Controller#0.Inspect:1 Controller#0.Proof:1 Controller#0.Restart:1 Controller#0.Resume:2 Controller#0.Review:1 Controller#0.Start:1] totalActions:8] threads:[] witness:[[false false false false]]]
. Expected DISABLED
. Actual [str_value:"DISABLED"], len:1
    Action Link: Controller#0.Inspect
    Found matching Source Link: src:100 dest:102 name:"Controller#0.Inspect" weight:0.125 type:"action" 10:"\n\x14Controller#0.Inspect\x12\n\"DISABLED\""
  End of Request 120, current nodeId: 102, node: map[channel_messages:map[] channels:map[] current:0 failedInvariants:<nil> name:yield returns:{"Controller#0.Inspect":"DISABLED"} roles:[map[fields:map[attempts:5 current:1 fault:false generation:1 inspected:true phase:terminal proof:1 repair:0 repeats:2 reports:implementation,proof,review review:1 saved:5 status:REVIEWED_AND_PROVEN] name:Controller params:map[] ref:0 ref_string:Controller#0]] state:map[controller:role Controller#0] stats:map[counts:map[Controller#0.Inspect:2 Controller#0.Proof:1 Controller#0.Restart:1 Controller#0.Resume:2 Controller#0.Review:1 Controller#0.Start:1] totalActions:8] threads:[] witness:[[false false false false]]]
. Expected DISABLED
. Actual [str_value:"DISABLED"], len:1
    Action Link: Controller#0.Review
    Found matching Source Link: src:102 dest:98 name:"Controller#0.Review" weight:0.125 type:"action" 10:"\n\x13Controller#0.Review\x12\n\"DISABLED\""
  End of Request 121, current nodeId: 98, node: map[channel_messages:map[] channels:map[] current:0 failedInvariants:<nil> name:yield returns:{"Controller#0.Review":"DISABLED"} roles:[map[fields:map[attempts:5 current:1 fault:false generation:1 inspected:true phase:terminal proof:1 repair:0 repeats:2 reports:implementation,proof,review review:1 saved:5 status:REVIEWED_AND_PROVEN] name:Controller params:map[] ref:0 ref_string:Controller#0]] state:map[controller:role Controller#0] stats:map[counts:map[Controller#0.Inspect:1 Controller#0.Proof:1 Controller#0.Restart:1 Controller#0.Resume:2 Controller#0.Review:2 Controller#0.Start:1] totalActions:8] threads:[] witness:[[false false false false]]]
. Expected DISABLED
. Actual [str_value:"DISABLED"], len:1
    Action Link: Controller#0.Resume
    Found matching Source Link: src:98 dest:103 name:"Controller#0.Resume" weight:0.125 type:"action" 10:"\n\x13Controller#0.Resume\x12\n\"DISABLED\""
  End of Request 122, current nodeId: 103, node: map[channel_messages:map[] channels:map[] current:0 failedInvariants:<nil> name:yield returns:{"Controller#0.Resume":"DISABLED"} roles:[map[fields:map[attempts:5 current:1 fault:false generation:1 inspected:true phase:terminal proof:1 repair:0 repeats:2 reports:implementation,proof,review review:1 saved:5 status:REVIEWED_AND_PROVEN] name:Controller params:map[] ref:0 ref_string:Controller#0]] state:map[controller:role Controller#0] stats:map[counts:map[Controller#0.Inspect:1 Controller#0.Proof:1 Controller#0.Restart:1 Controller#0.Resume:3 Controller#0.Review:1 Controller#0.Start:1] totalActions:8] threads:[] witness:[[false false false false]]]
. Expected DISABLED
. Actual [str_value:"DISABLED"], len:1
    Action Link: Controller#0.Corrupt
    Found matching Source Link: src:103 dest:100 name:"Controller#0.Corrupt" weight:0.125 type:"action" 10:"\n\x14Controller#0.Corrupt\x12\n\"DISABLED\""
  End of Request 123, current nodeId: 100, node: map[channel_messages:map[] channels:map[] current:0 failedInvariants:<nil> name:yield returns:{"Controller#0.Corrupt":"DISABLED"} roles:[map[fields:map[attempts:5 current:1 fault:false generation:1 inspected:true phase:terminal proof:1 repair:0 repeats:2 reports:implementation,proof,review review:1 saved:5 status:REVIEWED_AND_PROVEN] name:Controller params:map[] ref:0 ref_string:Controller#0]] state:map[controller:role Controller#0] stats:map[counts:map[Controller#0.Corrupt:1 Controller#0.Inspect:1 Controller#0.Proof:1 Controller#0.Restart:1 Controller#0.Resume:2 Controller#0.Review:1 Controller#0.Start:1] totalActions:8] threads:[] witness:[[false false false false]]]
. Expected DISABLED
. Actual [str_value:"DISABLED"], len:1
    Action Link: Controller#0.Start
    Found matching Source Link: src:100 dest:97 name:"Controller#0.Start" weight:0.125 type:"action" 10:"\n\x12Controller#0.Start\x12\n\"DISABLED\""
  End of Request 124, current nodeId: 97, node: map[channel_messages:map[] channels:map[] current:0 failedInvariants:<nil> name:yield returns:{"Controller#0.Start":"DISABLED"} roles:[map[fields:map[attempts:5 current:1 fault:false generation:1 inspected:true phase:terminal proof:1 repair:0 repeats:2 reports:implementation,proof,review review:1 saved:5 status:REVIEWED_AND_PROVEN] name:Controller params:map[] ref:0 ref_string:Controller#0]] state:map[controller:role Controller#0] stats:map[counts:map[Controller#0.Inspect:1 Controller#0.Proof:1 Controller#0.Restart:1 Controller#0.Resume:2 Controller#0.Review:1 Controller#0.Start:2] totalActions:8] threads:[] witness:[[false false false false]]]
. Expected DISABLED
. Actual [str_value:"DISABLED"], len:1
    Action Link: Controller#0.Proof
    Found matching Source Link: src:97 dest:99 name:"Controller#0.Proof" weight:0.125 type:"action" 10:"\n\x12Controller#0.Proof\x12\n\"DISABLED\""
  End of Request 125, current nodeId: 99, node: map[channel_messages:map[] channels:map[] current:0 failedInvariants:<nil> name:yield returns:{"Controller#0.Proof":"DISABLED"} roles:[map[fields:map[attempts:5 current:1 fault:false generation:1 inspected:true phase:terminal proof:1 repair:0 repeats:2 reports:implementation,proof,review review:1 saved:5 status:REVIEWED_AND_PROVEN] name:Controller params:map[] ref:0 ref_string:Controller#0]] state:map[controller:role Controller#0] stats:map[counts:map[Controller#0.Inspect:1 Controller#0.Proof:2 Controller#0.Restart:1 Controller#0.Resume:2 Controller#0.Review:1 Controller#0.Start:1] totalActions:8] threads:[] witness:[[false false false false]]]
. Expected DISABLED
. Actual [str_value:"DISABLED"], len:1
    Action Link: Controller#0.Review
    Found matching Source Link: src:99 dest:98 name:"Controller#0.Review" weight:0.125 type:"action" 10:"\n\x13Controller#0.Review\x12\n\"DISABLED\""
  End of Request 126, current nodeId: 98, node: map[channel_messages:map[] channels:map[] current:0 failedInvariants:<nil> name:yield returns:{"Controller#0.Review":"DISABLED"} roles:[map[fields:map[attempts:5 current:1 fault:false generation:1 inspected:true phase:terminal proof:1 repair:0 repeats:2 reports:implementation,proof,review review:1 saved:5 status:REVIEWED_AND_PROVEN] name:Controller params:map[] ref:0 ref_string:Controller#0]] state:map[controller:role Controller#0] stats:map[counts:map[Controller#0.Inspect:1 Controller#0.Proof:1 Controller#0.Restart:1 Controller#0.Resume:2 Controller#0.Review:2 Controller#0.Start:1] totalActions:8] threads:[] witness:[[false false false false]]]
. Expected DISABLED
. Actual [str_value:"DISABLED"], len:1
    Action Link: Controller#0.Restart
    Found matching Source Link: src:98 dest:101 name:"Controller#0.Restart" weight:0.125 type:"action" 10:"\n\x14Controller#0.Restart\x12\n\"DISABLED\""
  End of Request 127, current nodeId: 101, node: map[channel_messages:map[] channels:map[] current:0 failedInvariants:<nil> name:yield returns:{"Controller#0.Restart":"DISABLED"} roles:[map[fields:map[attempts:5 current:1 fault:false generation:1 inspected:true phase:terminal proof:1 repair:0 repeats:2 reports:implementation,proof,review review:1 saved:5 status:REVIEWED_AND_PROVEN] name:Controller params:map[] ref:0 ref_string:Controller#0]] state:map[controller:role Controller#0] stats:map[counts:map[Controller#0.Inspect:1 Controller#0.Proof:1 Controller#0.Restart:2 Controller#0.Resume:2 Controller#0.Review:1 Controller#0.Start:1] totalActions:8] threads:[] witness:[[false false false false]]]
. Expected DISABLED
. Actual [str_value:"DISABLED"], len:1
    Action Link: Controller#0.Resume
    Found matching Source Link: src:101 dest:103 name:"Controller#0.Resume" weight:0.125 type:"action" 10:"\n\x13Controller#0.Resume\x12\n\"DISABLED\""
  End of Request 128, current nodeId: 103, node: map[channel_messages:map[] channels:map[] current:0 failedInvariants:<nil> name:yield returns:{"Controller#0.Resume":"DISABLED"} roles:[map[fields:map[attempts:5 current:1 fault:false generation:1 inspected:true phase:terminal proof:1 repair:0 repeats:2 reports:implementation,proof,review review:1 saved:5 status:REVIEWED_AND_PROVEN] name:Controller params:map[] ref:0 ref_string:Controller#0]] state:map[controller:role Controller#0] stats:map[counts:map[Controller#0.Inspect:1 Controller#0.Proof:1 Controller#0.Restart:1 Controller#0.Resume:3 Controller#0.Review:1 Controller#0.Start:1] totalActions:8] threads:[] witness:[[false false false false]]]
. Expected DISABLED
. Actual [str_value:"DISABLED"], len:1
    Action Link: Controller#0.Review
    Found matching Source Link: src:103 dest:98 name:"Controller#0.Review" weight:0.125 type:"action" 10:"\n\x13Controller#0.Review\x12\n\"DISABLED\""
  End of Request 129, current nodeId: 98, node: map[channel_messages:map[] channels:map[] current:0 failedInvariants:<nil> name:yield returns:{"Controller#0.Review":"DISABLED"} roles:[map[fields:map[attempts:5 current:1 fault:false generation:1 inspected:true phase:terminal proof:1 repair:0 repeats:2 reports:implementation,proof,review review:1 saved:5 status:REVIEWED_AND_PROVEN] name:Controller params:map[] ref:0 ref_string:Controller#0]] state:map[controller:role Controller#0] stats:map[counts:map[Controller#0.Inspect:1 Controller#0.Proof:1 Controller#0.Restart:1 Controller#0.Resume:2 Controller#0.Review:2 Controller#0.Start:1] totalActions:8] threads:[] witness:[[false false false false]]]
. Expected DISABLED
. Actual [str_value:"DISABLED"], len:1
    Action Link: Controller#0.Restart
    Found matching Source Link: src:98 dest:101 name:"Controller#0.Restart" weight:0.125 type:"action" 10:"\n\x14Controller#0.Restart\x12\n\"DISABLED\""
  End of Request 130, current nodeId: 101, node: map[channel_messages:map[] channels:map[] current:0 failedInvariants:<nil> name:yield returns:{"Controller#0.Restart":"DISABLED"} roles:[map[fields:map[attempts:5 current:1 fault:false generation:1 inspected:true phase:terminal proof:1 repair:0 repeats:2 reports:implementation,proof,review review:1 saved:5 status:REVIEWED_AND_PROVEN] name:Controller params:map[] ref:0 ref_string:Controller#0]] state:map[controller:role Controller#0] stats:map[counts:map[Controller#0.Inspect:1 Controller#0.Proof:1 Controller#0.Restart:2 Controller#0.Resume:2 Controller#0.Review:1 Controller#0.Start:1] totalActions:8] threads:[] witness:[[false false false false]]]
. Expected DISABLED
. Actual [str_value:"DISABLED"], len:1
    Action Link: Controller#0.Inspect
    Found matching Source Link: src:101 dest:102 name:"Controller#0.Inspect" weight:0.125 type:"action" 10:"\n\x14Controller#0.Inspect\x12\n\"DISABLED\""
  End of Request 131, current nodeId: 102, node: map[channel_messages:map[] channels:map[] current:0 failedInvariants:<nil> name:yield returns:{"Controller#0.Inspect":"DISABLED"} roles:[map[fields:map[attempts:5 current:1 fault:false generation:1 inspected:true phase:terminal proof:1 repair:0 repeats:2 reports:implementation,proof,review review:1 saved:5 status:REVIEWED_AND_PROVEN] name:Controller params:map[] ref:0 ref_string:Controller#0]] state:map[controller:role Controller#0] stats:map[counts:map[Controller#0.Inspect:2 Controller#0.Proof:1 Controller#0.Restart:1 Controller#0.Resume:2 Controller#0.Review:1 Controller#0.Start:1] totalActions:8] threads:[] witness:[[false false false false]]]
. Expected DISABLED
. Actual [str_value:"DISABLED"], len:1
    Action Link: Controller#0.Resume
    Found matching Source Link: src:102 dest:103 name:"Controller#0.Resume" weight:0.125 type:"action" 10:"\n\x13Controller#0.Resume\x12\n\"DISABLED\""
  End of Request 132, current nodeId: 103, node: map[channel_messages:map[] channels:map[] current:0 failedInvariants:<nil> name:yield returns:{"Controller#0.Resume":"DISABLED"} roles:[map[fields:map[attempts:5 current:1 fault:false generation:1 inspected:true phase:terminal proof:1 repair:0 repeats:2 reports:implementation,proof,review review:1 saved:5 status:REVIEWED_AND_PROVEN] name:Controller params:map[] ref:0 ref_string:Controller#0]] state:map[controller:role Controller#0] stats:map[counts:map[Controller#0.Inspect:1 Controller#0.Proof:1 Controller#0.Restart:1 Controller#0.Resume:3 Controller#0.Review:1 Controller#0.Start:1] totalActions:8] threads:[] witness:[[false false false false]]]
. Expected DISABLED
. Actual [str_value:"DISABLED"], len:1
    Action Link: Controller#0.Restart
    Found matching Source Link: src:103 dest:101 name:"Controller#0.Restart" weight:0.125 type:"action" 10:"\n\x14Controller#0.Restart\x12\n\"DISABLED\""
  End of Request 133, current nodeId: 101, node: map[channel_messages:map[] channels:map[] current:0 failedInvariants:<nil> name:yield returns:{"Controller#0.Restart":"DISABLED"} roles:[map[fields:map[attempts:5 current:1 fault:false generation:1 inspected:true phase:terminal proof:1 repair:0 repeats:2 reports:implementation,proof,review review:1 saved:5 status:REVIEWED_AND_PROVEN] name:Controller params:map[] ref:0 ref_string:Controller#0]] state:map[controller:role Controller#0] stats:map[counts:map[Controller#0.Inspect:1 Controller#0.Proof:1 Controller#0.Restart:2 Controller#0.Resume:2 Controller#0.Review:1 Controller#0.Start:1] totalActions:8] threads:[] witness:[[false false false false]]]
. Expected DISABLED
. Actual [str_value:"DISABLED"], len:1
    Action Link: Controller#0.Review
    Found matching Source Link: src:101 dest:98 name:"Controller#0.Review" weight:0.125 type:"action" 10:"\n\x13Controller#0.Review\x12\n\"DISABLED\""
  End of Request 134, current nodeId: 98, node: map[channel_messages:map[] channels:map[] current:0 failedInvariants:<nil> name:yield returns:{"Controller#0.Review":"DISABLED"} roles:[map[fields:map[attempts:5 current:1 fault:false generation:1 inspected:true phase:terminal proof:1 repair:0 repeats:2 reports:implementation,proof,review review:1 saved:5 status:REVIEWED_AND_PROVEN] name:Controller params:map[] ref:0 ref_string:Controller#0]] state:map[controller:role Controller#0] stats:map[counts:map[Controller#0.Inspect:1 Controller#0.Proof:1 Controller#0.Restart:1 Controller#0.Resume:2 Controller#0.Review:2 Controller#0.Start:1] totalActions:8] threads:[] witness:[[false false false false]]]
. Expected DISABLED
. Actual [str_value:"DISABLED"], len:1
    Action Link: Controller#0.Overlap
    Found matching Source Link: src:98 dest:104 name:"Controller#0.Overlap" weight:0.125 type:"action" 10:"\n\x14Controller#0.Overlap\x12\n\"DISABLED\""
  End of Request 135, current nodeId: 104, node: map[channel_messages:map[] channels:map[] current:0 failedInvariants:<nil> name:yield returns:{"Controller#0.Overlap":"DISABLED"} roles:[map[fields:map[attempts:5 current:1 fault:false generation:1 inspected:true phase:terminal proof:1 repair:0 repeats:2 reports:implementation,proof,review review:1 saved:5 status:REVIEWED_AND_PROVEN] name:Controller params:map[] ref:0 ref_string:Controller#0]] state:map[controller:role Controller#0] stats:map[counts:map[Controller#0.Inspect:1 Controller#0.Overlap:1 Controller#0.Proof:1 Controller#0.Restart:1 Controller#0.Resume:2 Controller#0.Review:1 Controller#0.Start:1] totalActions:8] threads:[] witness:[[false false false false]]]
. Expected DISABLED
. Actual [str_value:"DISABLED"], len:1
    Action Link: Controller#0.Restart
    Found matching Source Link: src:104 dest:101 name:"Controller#0.Restart" weight:0.125 type:"action" 10:"\n\x14Controller#0.Restart\x12\n\"DISABLED\""
  End of Request 136, current nodeId: 101, node: map[channel_messages:map[] channels:map[] current:0 failedInvariants:<nil> name:yield returns:{"Controller#0.Restart":"DISABLED"} roles:[map[fields:map[attempts:5 current:1 fault:false generation:1 inspected:true phase:terminal proof:1 repair:0 repeats:2 reports:implementation,proof,review review:1 saved:5 status:REVIEWED_AND_PROVEN] name:Controller params:map[] ref:0 ref_string:Controller#0]] state:map[controller:role Controller#0] stats:map[counts:map[Controller#0.Inspect:1 Controller#0.Proof:1 Controller#0.Restart:2 Controller#0.Resume:2 Controller#0.Review:1 Controller#0.Start:1] totalActions:8] threads:[] witness:[[false false false false]]]
. Expected DISABLED
. Actual [str_value:"DISABLED"], len:1
    Action Link: Controller#0.Restart
    Found matching Source Link: src:101 dest:101 name:"Controller#0.Restart" weight:0.125 type:"action" 10:"\n\x14Controller#0.Restart\x12\n\"DISABLED\""
  End of Request 137, current nodeId: 101, node: map[channel_messages:map[] channels:map[] current:0 failedInvariants:<nil> name:yield returns:{"Controller#0.Restart":"DISABLED"} roles:[map[fields:map[attempts:5 current:1 fault:false generation:1 inspected:true phase:terminal proof:1 repair:0 repeats:2 reports:implementation,proof,review review:1 saved:5 status:REVIEWED_AND_PROVEN] name:Controller params:map[] ref:0 ref_string:Controller#0]] state:map[controller:role Controller#0] stats:map[counts:map[Controller#0.Inspect:1 Controller#0.Proof:1 Controller#0.Restart:2 Controller#0.Resume:2 Controller#0.Review:1 Controller#0.Start:1] totalActions:8] threads:[] witness:[[false false false false]]]
. Expected DISABLED
. Actual [str_value:"DISABLED"], len:1
    Action Link: Controller#0.Restart
    Found matching Source Link: src:101 dest:101 name:"Controller#0.Restart" weight:0.125 type:"action" 10:"\n\x14Controller#0.Restart\x12\n\"DISABLED\""
  End of Request 138, current nodeId: 101, node: map[channel_messages:map[] channels:map[] current:0 failedInvariants:<nil> name:yield returns:{"Controller#0.Restart":"DISABLED"} roles:[map[fields:map[attempts:5 current:1 fault:false generation:1 inspected:true phase:terminal proof:1 repair:0 repeats:2 reports:implementation,proof,review review:1 saved:5 status:REVIEWED_AND_PROVEN] name:Controller params:map[] ref:0 ref_string:Controller#0]] state:map[controller:role Controller#0] stats:map[counts:map[Controller#0.Inspect:1 Controller#0.Proof:1 Controller#0.Restart:2 Controller#0.Resume:2 Controller#0.Review:1 Controller#0.Start:1] totalActions:8] threads:[] witness:[[false false false false]]]
. Expected DISABLED
. Actual [str_value:"DISABLED"], len:1
    Action Link: Controller#0.Start
    Found matching Source Link: src:101 dest:97 name:"Controller#0.Start" weight:0.125 type:"action" 10:"\n\x12Controller#0.Start\x12\n\"DISABLED\""
  End of Request 139, current nodeId: 97, node: map[channel_messages:map[] channels:map[] current:0 failedInvariants:<nil> name:yield returns:{"Controller#0.Start":"DISABLED"} roles:[map[fields:map[attempts:5 current:1 fault:false generation:1 inspected:true phase:terminal proof:1 repair:0 repeats:2 reports:implementation,proof,review review:1 saved:5 status:REVIEWED_AND_PROVEN] name:Controller params:map[] ref:0 ref_string:Controller#0]] state:map[controller:role Controller#0] stats:map[counts:map[Controller#0.Inspect:1 Controller#0.Proof:1 Controller#0.Restart:1 Controller#0.Resume:2 Controller#0.Review:1 Controller#0.Start:2] totalActions:8] threads:[] witness:[[false false false false]]]
. Expected DISABLED
. Actual [str_value:"DISABLED"], len:1
    Action Link: Controller#0.Proof
    Found matching Source Link: src:97 dest:99 name:"Controller#0.Proof" weight:0.125 type:"action" 10:"\n\x12Controller#0.Proof\x12\n\"DISABLED\""
  End of Request 140, current nodeId: 99, node: map[channel_messages:map[] channels:map[] current:0 failedInvariants:<nil> name:yield returns:{"Controller#0.Proof":"DISABLED"} roles:[map[fields:map[attempts:5 current:1 fault:false generation:1 inspected:true phase:terminal proof:1 repair:0 repeats:2 reports:implementation,proof,review review:1 saved:5 status:REVIEWED_AND_PROVEN] name:Controller params:map[] ref:0 ref_string:Controller#0]] state:map[controller:role Controller#0] stats:map[counts:map[Controller#0.Inspect:1 Controller#0.Proof:2 Controller#0.Restart:1 Controller#0.Resume:2 Controller#0.Review:1 Controller#0.Start:1] totalActions:8] threads:[] witness:[[false false false false]]]
. Expected DISABLED
. Actual [str_value:"DISABLED"], len:1
    Action Link: Controller#0.Resume
    Found matching Source Link: src:99 dest:103 name:"Controller#0.Resume" weight:0.125 type:"action" 10:"\n\x13Controller#0.Resume\x12\n\"DISABLED\""
  End of Request 141, current nodeId: 103, node: map[channel_messages:map[] channels:map[] current:0 failedInvariants:<nil> name:yield returns:{"Controller#0.Resume":"DISABLED"} roles:[map[fields:map[attempts:5 current:1 fault:false generation:1 inspected:true phase:terminal proof:1 repair:0 repeats:2 reports:implementation,proof,review review:1 saved:5 status:REVIEWED_AND_PROVEN] name:Controller params:map[] ref:0 ref_string:Controller#0]] state:map[controller:role Controller#0] stats:map[counts:map[Controller#0.Inspect:1 Controller#0.Proof:1 Controller#0.Restart:1 Controller#0.Resume:3 Controller#0.Review:1 Controller#0.Start:1] totalActions:8] threads:[] witness:[[false false false false]]]
. Expected DISABLED
. Actual [str_value:"DISABLED"], len:1
    Action Link: Controller#0.Review
    Found matching Source Link: src:103 dest:98 name:"Controller#0.Review" weight:0.125 type:"action" 10:"\n\x13Controller#0.Review\x12\n\"DISABLED\""
  End of Request 142, current nodeId: 98, node: map[channel_messages:map[] channels:map[] current:0 failedInvariants:<nil> name:yield returns:{"Controller#0.Review":"DISABLED"} roles:[map[fields:map[attempts:5 current:1 fault:false generation:1 inspected:true phase:terminal proof:1 repair:0 repeats:2 reports:implementation,proof,review review:1 saved:5 status:REVIEWED_AND_PROVEN] name:Controller params:map[] ref:0 ref_string:Controller#0]] state:map[controller:role Controller#0] stats:map[counts:map[Controller#0.Inspect:1 Controller#0.Proof:1 Controller#0.Restart:1 Controller#0.Resume:2 Controller#0.Review:2 Controller#0.Start:1] totalActions:8] threads:[] witness:[[false false false false]]]
. Expected DISABLED
. Actual [str_value:"DISABLED"], len:1
    Action Link: Controller#0.Review
    Found matching Source Link: src:98 dest:98 name:"Controller#0.Review" weight:0.125 type:"action" 10:"\n\x13Controller#0.Review\x12\n\"DISABLED\""
  End of Request 143, current nodeId: 98, node: map[channel_messages:map[] channels:map[] current:0 failedInvariants:<nil> name:yield returns:{"Controller#0.Review":"DISABLED"} roles:[map[fields:map[attempts:5 current:1 fault:false generation:1 inspected:true phase:terminal proof:1 repair:0 repeats:2 reports:implementation,proof,review review:1 saved:5 status:REVIEWED_AND_PROVEN] name:Controller params:map[] ref:0 ref_string:Controller#0]] state:map[controller:role Controller#0] stats:map[counts:map[Controller#0.Inspect:1 Controller#0.Proof:1 Controller#0.Restart:1 Controller#0.Resume:2 Controller#0.Review:2 Controller#0.Start:1] totalActions:8] threads:[] witness:[[false false false false]]]
. Expected DISABLED
. Actual [str_value:"DISABLED"], len:1
    Action Link: Controller#0.Corrupt
    Found matching Source Link: src:98 dest:100 name:"Controller#0.Corrupt" weight:0.125 type:"action" 10:"\n\x14Controller#0.Corrupt\x12\n\"DISABLED\""
  End of Request 144, current nodeId: 100, node: map[channel_messages:map[] channels:map[] current:0 failedInvariants:<nil> name:yield returns:{"Controller#0.Corrupt":"DISABLED"} roles:[map[fields:map[attempts:5 current:1 fault:false generation:1 inspected:true phase:terminal proof:1 repair:0 repeats:2 reports:implementation,proof,review review:1 saved:5 status:REVIEWED_AND_PROVEN] name:Controller params:map[] ref:0 ref_string:Controller#0]] state:map[controller:role Controller#0] stats:map[counts:map[Controller#0.Corrupt:1 Controller#0.Inspect:1 Controller#0.Proof:1 Controller#0.Restart:1 Controller#0.Resume:2 Controller#0.Review:1 Controller#0.Start:1] totalActions:8] threads:[] witness:[[false false false false]]]
. Expected DISABLED
. Actual [str_value:"DISABLED"], len:1
    Action Link: Controller#0.Proof
    Found matching Source Link: src:100 dest:99 name:"Controller#0.Proof" weight:0.125 type:"action" 10:"\n\x12Controller#0.Proof\x12\n\"DISABLED\""
  End of Request 145, current nodeId: 99, node: map[channel_messages:map[] channels:map[] current:0 failedInvariants:<nil> name:yield returns:{"Controller#0.Proof":"DISABLED"} roles:[map[fields:map[attempts:5 current:1 fault:false generation:1 inspected:true phase:terminal proof:1 repair:0 repeats:2 reports:implementation,proof,review review:1 saved:5 status:REVIEWED_AND_PROVEN] name:Controller params:map[] ref:0 ref_string:Controller#0]] state:map[controller:role Controller#0] stats:map[counts:map[Controller#0.Inspect:1 Controller#0.Proof:2 Controller#0.Restart:1 Controller#0.Resume:2 Controller#0.Review:1 Controller#0.Start:1] totalActions:8] threads:[] witness:[[false false false false]]]
. Expected DISABLED
. Actual [str_value:"DISABLED"], len:1
    Action Link: Controller#0.Restart
    Found matching Source Link: src:99 dest:101 name:"Controller#0.Restart" weight:0.125 type:"action" 10:"\n\x14Controller#0.Restart\x12\n\"DISABLED\""
  End of Request 146, current nodeId: 101, node: map[channel_messages:map[] channels:map[] current:0 failedInvariants:<nil> name:yield returns:{"Controller#0.Restart":"DISABLED"} roles:[map[fields:map[attempts:5 current:1 fault:false generation:1 inspected:true phase:terminal proof:1 repair:0 repeats:2 reports:implementation,proof,review review:1 saved:5 status:REVIEWED_AND_PROVEN] name:Controller params:map[] ref:0 ref_string:Controller#0]] state:map[controller:role Controller#0] stats:map[counts:map[Controller#0.Inspect:1 Controller#0.Proof:1 Controller#0.Restart:2 Controller#0.Resume:2 Controller#0.Review:1 Controller#0.Start:1] totalActions:8] threads:[] witness:[[false false false false]]]
. Expected DISABLED
. Actual [str_value:"DISABLED"], len:1
    Action Link: Controller#0.Inspect
    Found matching Source Link: src:101 dest:102 name:"Controller#0.Inspect" weight:0.125 type:"action" 10:"\n\x14Controller#0.Inspect\x12\n\"DISABLED\""
  End of Request 147, current nodeId: 102, node: map[channel_messages:map[] channels:map[] current:0 failedInvariants:<nil> name:yield returns:{"Controller#0.Inspect":"DISABLED"} roles:[map[fields:map[attempts:5 current:1 fault:false generation:1 inspected:true phase:terminal proof:1 repair:0 repeats:2 reports:implementation,proof,review review:1 saved:5 status:REVIEWED_AND_PROVEN] name:Controller params:map[] ref:0 ref_string:Controller#0]] state:map[controller:role Controller#0] stats:map[counts:map[Controller#0.Inspect:2 Controller#0.Proof:1 Controller#0.Restart:1 Controller#0.Resume:2 Controller#0.Review:1 Controller#0.Start:1] totalActions:8] threads:[] witness:[[false false false false]]]
. Expected DISABLED
. Actual [str_value:"DISABLED"], len:1
    Action Link: Controller#0.Proof
    Found matching Source Link: src:102 dest:99 name:"Controller#0.Proof" weight:0.125 type:"action" 10:"\n\x12Controller#0.Proof\x12\n\"DISABLED\""
  End of Request 148, current nodeId: 99, node: map[channel_messages:map[] channels:map[] current:0 failedInvariants:<nil> name:yield returns:{"Controller#0.Proof":"DISABLED"} roles:[map[fields:map[attempts:5 current:1 fault:false generation:1 inspected:true phase:terminal proof:1 repair:0 repeats:2 reports:implementation,proof,review review:1 saved:5 status:REVIEWED_AND_PROVEN] name:Controller params:map[] ref:0 ref_string:Controller#0]] state:map[controller:role Controller#0] stats:map[counts:map[Controller#0.Inspect:1 Controller#0.Proof:2 Controller#0.Restart:1 Controller#0.Resume:2 Controller#0.Review:1 Controller#0.Start:1] totalActions:8] threads:[] witness:[[false false false false]]]
. Expected DISABLED
. Actual [str_value:"DISABLED"], len:1
    Action Link: Controller#0.Restart
    Found matching Source Link: src:99 dest:101 name:"Controller#0.Restart" weight:0.125 type:"action" 10:"\n\x14Controller#0.Restart\x12\n\"DISABLED\""
  End of Request 149, current nodeId: 101, node: map[channel_messages:map[] channels:map[] current:0 failedInvariants:<nil> name:yield returns:{"Controller#0.Restart":"DISABLED"} roles:[map[fields:map[attempts:5 current:1 fault:false generation:1 inspected:true phase:terminal proof:1 repair:0 repeats:2 reports:implementation,proof,review review:1 saved:5 status:REVIEWED_AND_PROVEN] name:Controller params:map[] ref:0 ref_string:Controller#0]] state:map[controller:role Controller#0] stats:map[counts:map[Controller#0.Inspect:1 Controller#0.Proof:1 Controller#0.Restart:2 Controller#0.Resume:2 Controller#0.Review:1 Controller#0.Start:1] totalActions:8] threads:[] witness:[[false false false false]]]
. Expected DISABLED
. Actual [str_value:"DISABLED"], len:1
    Action Link: Controller#0.Review
    Found matching Source Link: src:101 dest:98 name:"Controller#0.Review" weight:0.125 type:"action" 10:"\n\x13Controller#0.Review\x12\n\"DISABLED\""
  End of Request 150, current nodeId: 98, node: map[channel_messages:map[] channels:map[] current:0 failedInvariants:<nil> name:yield returns:{"Controller#0.Review":"DISABLED"} roles:[map[fields:map[attempts:5 current:1 fault:false generation:1 inspected:true phase:terminal proof:1 repair:0 repeats:2 reports:implementation,proof,review review:1 saved:5 status:REVIEWED_AND_PROVEN] name:Controller params:map[] ref:0 ref_string:Controller#0]] state:map[controller:role Controller#0] stats:map[counts:map[Controller#0.Inspect:1 Controller#0.Proof:1 Controller#0.Restart:1 Controller#0.Resume:2 Controller#0.Review:2 Controller#0.Start:1] totalActions:8] threads:[] witness:[[false false false false]]]
. Expected DISABLED
. Actual [str_value:"DISABLED"], len:1
    Action Link: Controller#0.Review
    Found matching Source Link: src:98 dest:98 name:"Controller#0.Review" weight:0.125 type:"action" 10:"\n\x13Controller#0.Review\x12\n\"DISABLED\""
  End of Request 151, current nodeId: 98, node: map[channel_messages:map[] channels:map[] current:0 failedInvariants:<nil> name:yield returns:{"Controller#0.Review":"DISABLED"} roles:[map[fields:map[attempts:5 current:1 fault:false generation:1 inspected:true phase:terminal proof:1 repair:0 repeats:2 reports:implementation,proof,review review:1 saved:5 status:REVIEWED_AND_PROVEN] name:Controller params:map[] ref:0 ref_string:Controller#0]] state:map[controller:role Controller#0] stats:map[counts:map[Controller#0.Inspect:1 Controller#0.Proof:1 Controller#0.Restart:1 Controller#0.Resume:2 Controller#0.Review:2 Controller#0.Start:1] totalActions:8] threads:[] witness:[[false false false false]]]
. Expected DISABLED
. Actual [str_value:"DISABLED"], len:1
    Action Link: Controller#0.Review
    Found matching Source Link: src:98 dest:98 name:"Controller#0.Review" weight:0.125 type:"action" 10:"\n\x13Controller#0.Review\x12\n\"DISABLED\""
  End of Request 152, current nodeId: 98, node: map[channel_messages:map[] channels:map[] current:0 failedInvariants:<nil> name:yield returns:{"Controller#0.Review":"DISABLED"} roles:[map[fields:map[attempts:5 current:1 fault:false generation:1 inspected:true phase:terminal proof:1 repair:0 repeats:2 reports:implementation,proof,review review:1 saved:5 status:REVIEWED_AND_PROVEN] name:Controller params:map[] ref:0 ref_string:Controller#0]] state:map[controller:role Controller#0] stats:map[counts:map[Controller#0.Inspect:1 Controller#0.Proof:1 Controller#0.Restart:1 Controller#0.Resume:2 Controller#0.Review:2 Controller#0.Start:1] totalActions:8] threads:[] witness:[[false false false false]]]
. Expected DISABLED
. Actual [str_value:"DISABLED"], len:1
    Action Link: Controller#0.Restart
    Found matching Source Link: src:98 dest:101 name:"Controller#0.Restart" weight:0.125 type:"action" 10:"\n\x14Controller#0.Restart\x12\n\"DISABLED\""
  End of Request 153, current nodeId: 101, node: map[channel_messages:map[] channels:map[] current:0 failedInvariants:<nil> name:yield returns:{"Controller#0.Restart":"DISABLED"} roles:[map[fields:map[attempts:5 current:1 fault:false generation:1 inspected:true phase:terminal proof:1 repair:0 repeats:2 reports:implementation,proof,review review:1 saved:5 status:REVIEWED_AND_PROVEN] name:Controller params:map[] ref:0 ref_string:Controller#0]] state:map[controller:role Controller#0] stats:map[counts:map[Controller#0.Inspect:1 Controller#0.Proof:1 Controller#0.Restart:2 Controller#0.Resume:2 Controller#0.Review:1 Controller#0.Start:1] totalActions:8] threads:[] witness:[[false false false false]]]
. Expected DISABLED
. Actual [str_value:"DISABLED"], len:1
    Action Link: Controller#0.Resume
    Found matching Source Link: src:101 dest:103 name:"Controller#0.Resume" weight:0.125 type:"action" 10:"\n\x13Controller#0.Resume\x12\n\"DISABLED\""
  End of Request 154, current nodeId: 103, node: map[channel_messages:map[] channels:map[] current:0 failedInvariants:<nil> name:yield returns:{"Controller#0.Resume":"DISABLED"} roles:[map[fields:map[attempts:5 current:1 fault:false generation:1 inspected:true phase:terminal proof:1 repair:0 repeats:2 reports:implementation,proof,review review:1 saved:5 status:REVIEWED_AND_PROVEN] name:Controller params:map[] ref:0 ref_string:Controller#0]] state:map[controller:role Controller#0] stats:map[counts:map[Controller#0.Inspect:1 Controller#0.Proof:1 Controller#0.Restart:1 Controller#0.Resume:3 Controller#0.Review:1 Controller#0.Start:1] totalActions:8] threads:[] witness:[[false false false false]]]
. Expected DISABLED
. Actual [str_value:"DISABLED"], len:1
    Action Link: Controller#0.Inspect
    Found matching Source Link: src:103 dest:102 name:"Controller#0.Inspect" weight:0.125 type:"action" 10:"\n\x14Controller#0.Inspect\x12\n\"DISABLED\""
  End of Request 155, current nodeId: 102, node: map[channel_messages:map[] channels:map[] current:0 failedInvariants:<nil> name:yield returns:{"Controller#0.Inspect":"DISABLED"} roles:[map[fields:map[attempts:5 current:1 fault:false generation:1 inspected:true phase:terminal proof:1 repair:0 repeats:2 reports:implementation,proof,review review:1 saved:5 status:REVIEWED_AND_PROVEN] name:Controller params:map[] ref:0 ref_string:Controller#0]] state:map[controller:role Controller#0] stats:map[counts:map[Controller#0.Inspect:2 Controller#0.Proof:1 Controller#0.Restart:1 Controller#0.Resume:2 Controller#0.Review:1 Controller#0.Start:1] totalActions:8] threads:[] witness:[[false false false false]]]
. Expected DISABLED
. Actual [str_value:"DISABLED"], len:1
    Action Link: Controller#0.Restart
    Found matching Source Link: src:102 dest:101 name:"Controller#0.Restart" weight:0.125 type:"action" 10:"\n\x14Controller#0.Restart\x12\n\"DISABLED\""
  End of Request 156, current nodeId: 101, node: map[channel_messages:map[] channels:map[] current:0 failedInvariants:<nil> name:yield returns:{"Controller#0.Restart":"DISABLED"} roles:[map[fields:map[attempts:5 current:1 fault:false generation:1 inspected:true phase:terminal proof:1 repair:0 repeats:2 reports:implementation,proof,review review:1 saved:5 status:REVIEWED_AND_PROVEN] name:Controller params:map[] ref:0 ref_string:Controller#0]] state:map[controller:role Controller#0] stats:map[counts:map[Controller#0.Inspect:1 Controller#0.Proof:1 Controller#0.Restart:2 Controller#0.Resume:2 Controller#0.Review:1 Controller#0.Start:1] totalActions:8] threads:[] witness:[[false false false false]]]
. Expected DISABLED
. Actual [str_value:"DISABLED"], len:1
    Action Link: Controller#0.Proof
    Found matching Source Link: src:101 dest:99 name:"Controller#0.Proof" weight:0.125 type:"action" 10:"\n\x12Controller#0.Proof\x12\n\"DISABLED\""
  End of Request 157, current nodeId: 99, node: map[channel_messages:map[] channels:map[] current:0 failedInvariants:<nil> name:yield returns:{"Controller#0.Proof":"DISABLED"} roles:[map[fields:map[attempts:5 current:1 fault:false generation:1 inspected:true phase:terminal proof:1 repair:0 repeats:2 reports:implementation,proof,review review:1 saved:5 status:REVIEWED_AND_PROVEN] name:Controller params:map[] ref:0 ref_string:Controller#0]] state:map[controller:role Controller#0] stats:map[counts:map[Controller#0.Inspect:1 Controller#0.Proof:2 Controller#0.Restart:1 Controller#0.Resume:2 Controller#0.Review:1 Controller#0.Start:1] totalActions:8] threads:[] witness:[[false false false false]]]
. Expected DISABLED
. Actual [str_value:"DISABLED"], len:1
    Action Link: Controller#0.Resume
    Found matching Source Link: src:99 dest:103 name:"Controller#0.Resume" weight:0.125 type:"action" 10:"\n\x13Controller#0.Resume\x12\n\"DISABLED\""
  End of Request 158, current nodeId: 103, node: map[channel_messages:map[] channels:map[] current:0 failedInvariants:<nil> name:yield returns:{"Controller#0.Resume":"DISABLED"} roles:[map[fields:map[attempts:5 current:1 fault:false generation:1 inspected:true phase:terminal proof:1 repair:0 repeats:2 reports:implementation,proof,review review:1 saved:5 status:REVIEWED_AND_PROVEN] name:Controller params:map[] ref:0 ref_string:Controller#0]] state:map[controller:role Controller#0] stats:map[counts:map[Controller#0.Inspect:1 Controller#0.Proof:1 Controller#0.Restart:1 Controller#0.Resume:3 Controller#0.Review:1 Controller#0.Start:1] totalActions:8] threads:[] witness:[[false false false false]]]
. Expected DISABLED
. Actual [str_value:"DISABLED"], len:1
    Action Link: Controller#0.Inspect
    Found matching Source Link: src:103 dest:102 name:"Controller#0.Inspect" weight:0.125 type:"action" 10:"\n\x14Controller#0.Inspect\x12\n\"DISABLED\""
  End of Request 159, current nodeId: 102, node: map[channel_messages:map[] channels:map[] current:0 failedInvariants:<nil> name:yield returns:{"Controller#0.Inspect":"DISABLED"} roles:[map[fields:map[attempts:5 current:1 fault:false generation:1 inspected:true phase:terminal proof:1 repair:0 repeats:2 reports:implementation,proof,review review:1 saved:5 status:REVIEWED_AND_PROVEN] name:Controller params:map[] ref:0 ref_string:Controller#0]] state:map[controller:role Controller#0] stats:map[counts:map[Controller#0.Inspect:2 Controller#0.Proof:1 Controller#0.Restart:1 Controller#0.Resume:2 Controller#0.Review:1 Controller#0.Start:1] totalActions:8] threads:[] witness:[[false false false false]]]
. Expected DISABLED
. Actual [str_value:"DISABLED"], len:1
    Action Link: Controller#0.Proof
    Found matching Source Link: src:102 dest:99 name:"Controller#0.Proof" weight:0.125 type:"action" 10:"\n\x12Controller#0.Proof\x12\n\"DISABLED\""
  End of Request 160, current nodeId: 99, node: map[channel_messages:map[] channels:map[] current:0 failedInvariants:<nil> name:yield returns:{"Controller#0.Proof":"DISABLED"} roles:[map[fields:map[attempts:5 current:1 fault:false generation:1 inspected:true phase:terminal proof:1 repair:0 repeats:2 reports:implementation,proof,review review:1 saved:5 status:REVIEWED_AND_PROVEN] name:Controller params:map[] ref:0 ref_string:Controller#0]] state:map[controller:role Controller#0] stats:map[counts:map[Controller#0.Inspect:1 Controller#0.Proof:2 Controller#0.Restart:1 Controller#0.Resume:2 Controller#0.Review:1 Controller#0.Start:1] totalActions:8] threads:[] witness:[[false false false false]]]
. Expected DISABLED
. Actual [str_value:"DISABLED"], len:1
    Action Link: Controller#0.Proof
    Found matching Source Link: src:99 dest:99 name:"Controller#0.Proof" weight:0.125 type:"action" 10:"\n\x12Controller#0.Proof\x12\n\"DISABLED\""
  End of Request 161, current nodeId: 99, node: map[channel_messages:map[] channels:map[] current:0 failedInvariants:<nil> name:yield returns:{"Controller#0.Proof":"DISABLED"} roles:[map[fields:map[attempts:5 current:1 fault:false generation:1 inspected:true phase:terminal proof:1 repair:0 repeats:2 reports:implementation,proof,review review:1 saved:5 status:REVIEWED_AND_PROVEN] name:Controller params:map[] ref:0 ref_string:Controller#0]] state:map[controller:role Controller#0] stats:map[counts:map[Controller#0.Inspect:1 Controller#0.Proof:2 Controller#0.Restart:1 Controller#0.Resume:2 Controller#0.Review:1 Controller#0.Start:1] totalActions:8] threads:[] witness:[[false false false false]]]
. Expected DISABLED
. Actual [str_value:"DISABLED"], len:1
    Action Link: Controller#0.Restart
    Found matching Source Link: src:99 dest:101 name:"Controller#0.Restart" weight:0.125 type:"action" 10:"\n\x14Controller#0.Restart\x12\n\"DISABLED\""
  End of Request 162, current nodeId: 101, node: map[channel_messages:map[] channels:map[] current:0 failedInvariants:<nil> name:yield returns:{"Controller#0.Restart":"DISABLED"} roles:[map[fields:map[attempts:5 current:1 fault:false generation:1 inspected:true phase:terminal proof:1 repair:0 repeats:2 reports:implementation,proof,review review:1 saved:5 status:REVIEWED_AND_PROVEN] name:Controller params:map[] ref:0 ref_string:Controller#0]] state:map[controller:role Controller#0] stats:map[counts:map[Controller#0.Inspect:1 Controller#0.Proof:1 Controller#0.Restart:2 Controller#0.Resume:2 Controller#0.Review:1 Controller#0.Start:1] totalActions:8] threads:[] witness:[[false false false false]]]
. Expected DISABLED
. Actual [str_value:"DISABLED"], len:1
    Action Link: Controller#0.Start
    Found matching Source Link: src:101 dest:97 name:"Controller#0.Start" weight:0.125 type:"action" 10:"\n\x12Controller#0.Start\x12\n\"DISABLED\""
  End of Request 163, current nodeId: 97, node: map[channel_messages:map[] channels:map[] current:0 failedInvariants:<nil> name:yield returns:{"Controller#0.Start":"DISABLED"} roles:[map[fields:map[attempts:5 current:1 fault:false generation:1 inspected:true phase:terminal proof:1 repair:0 repeats:2 reports:implementation,proof,review review:1 saved:5 status:REVIEWED_AND_PROVEN] name:Controller params:map[] ref:0 ref_string:Controller#0]] state:map[controller:role Controller#0] stats:map[counts:map[Controller#0.Inspect:1 Controller#0.Proof:1 Controller#0.Restart:1 Controller#0.Resume:2 Controller#0.Review:1 Controller#0.Start:2] totalActions:8] threads:[] witness:[[false false false false]]]
. Expected DISABLED
. Actual [str_value:"DISABLED"], len:1
    Action Link: Controller#0.Restart
    Found matching Source Link: src:97 dest:101 name:"Controller#0.Restart" weight:0.125 type:"action" 10:"\n\x14Controller#0.Restart\x12\n\"DISABLED\""
  End of Request 164, current nodeId: 101, node: map[channel_messages:map[] channels:map[] current:0 failedInvariants:<nil> name:yield returns:{"Controller#0.Restart":"DISABLED"} roles:[map[fields:map[attempts:5 current:1 fault:false generation:1 inspected:true phase:terminal proof:1 repair:0 repeats:2 reports:implementation,proof,review review:1 saved:5 status:REVIEWED_AND_PROVEN] name:Controller params:map[] ref:0 ref_string:Controller#0]] state:map[controller:role Controller#0] stats:map[counts:map[Controller#0.Inspect:1 Controller#0.Proof:1 Controller#0.Restart:2 Controller#0.Resume:2 Controller#0.Review:1 Controller#0.Start:1] totalActions:8] threads:[] witness:[[false false false false]]]
. Expected DISABLED
. Actual [str_value:"DISABLED"], len:1
    Action Link: Controller#0.Overlap
    Found matching Source Link: src:101 dest:104 name:"Controller#0.Overlap" weight:0.125 type:"action" 10:"\n\x14Controller#0.Overlap\x12\n\"DISABLED\""
  End of Request 165, current nodeId: 104, node: map[channel_messages:map[] channels:map[] current:0 failedInvariants:<nil> name:yield returns:{"Controller#0.Overlap":"DISABLED"} roles:[map[fields:map[attempts:5 current:1 fault:false generation:1 inspected:true phase:terminal proof:1 repair:0 repeats:2 reports:implementation,proof,review review:1 saved:5 status:REVIEWED_AND_PROVEN] name:Controller params:map[] ref:0 ref_string:Controller#0]] state:map[controller:role Controller#0] stats:map[counts:map[Controller#0.Inspect:1 Controller#0.Overlap:1 Controller#0.Proof:1 Controller#0.Restart:1 Controller#0.Resume:2 Controller#0.Review:1 Controller#0.Start:1] totalActions:8] threads:[] witness:[[false false false false]]]
. Expected DISABLED
. Actual [str_value:"DISABLED"], len:1
    Action Link: Controller#0.Resume
    Found matching Source Link: src:104 dest:103 name:"Controller#0.Resume" weight:0.125 type:"action" 10:"\n\x13Controller#0.Resume\x12\n\"DISABLED\""
  End of Request 166, current nodeId: 103, node: map[channel_messages:map[] channels:map[] current:0 failedInvariants:<nil> name:yield returns:{"Controller#0.Resume":"DISABLED"} roles:[map[fields:map[attempts:5 current:1 fault:false generation:1 inspected:true phase:terminal proof:1 repair:0 repeats:2 reports:implementation,proof,review review:1 saved:5 status:REVIEWED_AND_PROVEN] name:Controller params:map[] ref:0 ref_string:Controller#0]] state:map[controller:role Controller#0] stats:map[counts:map[Controller#0.Inspect:1 Controller#0.Proof:1 Controller#0.Restart:1 Controller#0.Resume:3 Controller#0.Review:1 Controller#0.Start:1] totalActions:8] threads:[] witness:[[false false false false]]]
. Expected DISABLED
. Actual [str_value:"DISABLED"], len:1
    Action Link: Controller#0.Restart
    Found matching Source Link: src:103 dest:101 name:"Controller#0.Restart" weight:0.125 type:"action" 10:"\n\x14Controller#0.Restart\x12\n\"DISABLED\""
  End of Request 167, current nodeId: 101, node: map[channel_messages:map[] channels:map[] current:0 failedInvariants:<nil> name:yield returns:{"Controller#0.Restart":"DISABLED"} roles:[map[fields:map[attempts:5 current:1 fault:false generation:1 inspected:true phase:terminal proof:1 repair:0 repeats:2 reports:implementation,proof,review review:1 saved:5 status:REVIEWED_AND_PROVEN] name:Controller params:map[] ref:0 ref_string:Controller#0]] state:map[controller:role Controller#0] stats:map[counts:map[Controller#0.Inspect:1 Controller#0.Proof:1 Controller#0.Restart:2 Controller#0.Resume:2 Controller#0.Review:1 Controller#0.Start:1] totalActions:8] threads:[] witness:[[false false false false]]]
. Expected DISABLED
. Actual [str_value:"DISABLED"], len:1
    Action Link: Controller#0.Start
    Found matching Source Link: src:101 dest:97 name:"Controller#0.Start" weight:0.125 type:"action" 10:"\n\x12Controller#0.Start\x12\n\"DISABLED\""
  End of Request 168, current nodeId: 97, node: map[channel_messages:map[] channels:map[] current:0 failedInvariants:<nil> name:yield returns:{"Controller#0.Start":"DISABLED"} roles:[map[fields:map[attempts:5 current:1 fault:false generation:1 inspected:true phase:terminal proof:1 repair:0 repeats:2 reports:implementation,proof,review review:1 saved:5 status:REVIEWED_AND_PROVEN] name:Controller params:map[] ref:0 ref_string:Controller#0]] state:map[controller:role Controller#0] stats:map[counts:map[Controller#0.Inspect:1 Controller#0.Proof:1 Controller#0.Restart:1 Controller#0.Resume:2 Controller#0.Review:1 Controller#0.Start:2] totalActions:8] threads:[] witness:[[false false false false]]]
. Expected DISABLED
. Actual [str_value:"DISABLED"], len:1
    Action Link: Controller#0.Proof
    Found matching Source Link: src:97 dest:99 name:"Controller#0.Proof" weight:0.125 type:"action" 10:"\n\x12Controller#0.Proof\x12\n\"DISABLED\""
  End of Request 169, current nodeId: 99, node: map[channel_messages:map[] channels:map[] current:0 failedInvariants:<nil> name:yield returns:{"Controller#0.Proof":"DISABLED"} roles:[map[fields:map[attempts:5 current:1 fault:false generation:1 inspected:true phase:terminal proof:1 repair:0 repeats:2 reports:implementation,proof,review review:1 saved:5 status:REVIEWED_AND_PROVEN] name:Controller params:map[] ref:0 ref_string:Controller#0]] state:map[controller:role Controller#0] stats:map[counts:map[Controller#0.Inspect:1 Controller#0.Proof:2 Controller#0.Restart:1 Controller#0.Resume:2 Controller#0.Review:1 Controller#0.Start:1] totalActions:8] threads:[] witness:[[false false false false]]]
. Expected DISABLED
. Actual [str_value:"DISABLED"], len:1
    Action Link: Controller#0.Start
    Found matching Source Link: src:99 dest:97 name:"Controller#0.Start" weight:0.125 type:"action" 10:"\n\x12Controller#0.Start\x12\n\"DISABLED\""
  End of Request 170, current nodeId: 97, node: map[channel_messages:map[] channels:map[] current:0 failedInvariants:<nil> name:yield returns:{"Controller#0.Start":"DISABLED"} roles:[map[fields:map[attempts:5 current:1 fault:false generation:1 inspected:true phase:terminal proof:1 repair:0 repeats:2 reports:implementation,proof,review review:1 saved:5 status:REVIEWED_AND_PROVEN] name:Controller params:map[] ref:0 ref_string:Controller#0]] state:map[controller:role Controller#0] stats:map[counts:map[Controller#0.Inspect:1 Controller#0.Proof:1 Controller#0.Restart:1 Controller#0.Resume:2 Controller#0.Review:1 Controller#0.Start:2] totalActions:8] threads:[] witness:[[false false false false]]]
. Expected DISABLED
. Actual [str_value:"DISABLED"], len:1
    Action Link: Controller#0.Corrupt
    Found matching Source Link: src:97 dest:100 name:"Controller#0.Corrupt" weight:0.125 type:"action" 10:"\n\x14Controller#0.Corrupt\x12\n\"DISABLED\""
  End of Request 171, current nodeId: 100, node: map[channel_messages:map[] channels:map[] current:0 failedInvariants:<nil> name:yield returns:{"Controller#0.Corrupt":"DISABLED"} roles:[map[fields:map[attempts:5 current:1 fault:false generation:1 inspected:true phase:terminal proof:1 repair:0 repeats:2 reports:implementation,proof,review review:1 saved:5 status:REVIEWED_AND_PROVEN] name:Controller params:map[] ref:0 ref_string:Controller#0]] state:map[controller:role Controller#0] stats:map[counts:map[Controller#0.Corrupt:1 Controller#0.Inspect:1 Controller#0.Proof:1 Controller#0.Restart:1 Controller#0.Resume:2 Controller#0.Review:1 Controller#0.Start:1] totalActions:8] threads:[] witness:[[false false false false]]]
. Expected DISABLED
. Actual [str_value:"DISABLED"], len:1
    Action Link: Controller#0.Review
    Found matching Source Link: src:100 dest:98 name:"Controller#0.Review" weight:0.125 type:"action" 10:"\n\x13Controller#0.Review\x12\n\"DISABLED\""
  End of Request 172, current nodeId: 98, node: map[channel_messages:map[] channels:map[] current:0 failedInvariants:<nil> name:yield returns:{"Controller#0.Review":"DISABLED"} roles:[map[fields:map[attempts:5 current:1 fault:false generation:1 inspected:true phase:terminal proof:1 repair:0 repeats:2 reports:implementation,proof,review review:1 saved:5 status:REVIEWED_AND_PROVEN] name:Controller params:map[] ref:0 ref_string:Controller#0]] state:map[controller:role Controller#0] stats:map[counts:map[Controller#0.Inspect:1 Controller#0.Proof:1 Controller#0.Restart:1 Controller#0.Resume:2 Controller#0.Review:2 Controller#0.Start:1] totalActions:8] threads:[] witness:[[false false false false]]]
. Expected DISABLED
. Actual [str_value:"DISABLED"], len:1
    Action Link: Controller#0.Proof
    Found matching Source Link: src:98 dest:99 name:"Controller#0.Proof" weight:0.125 type:"action" 10:"\n\x12Controller#0.Proof\x12\n\"DISABLED\""
  End of Request 173, current nodeId: 99, node: map[channel_messages:map[] channels:map[] current:0 failedInvariants:<nil> name:yield returns:{"Controller#0.Proof":"DISABLED"} roles:[map[fields:map[attempts:5 current:1 fault:false generation:1 inspected:true phase:terminal proof:1 repair:0 repeats:2 reports:implementation,proof,review review:1 saved:5 status:REVIEWED_AND_PROVEN] name:Controller params:map[] ref:0 ref_string:Controller#0]] state:map[controller:role Controller#0] stats:map[counts:map[Controller#0.Inspect:1 Controller#0.Proof:2 Controller#0.Restart:1 Controller#0.Resume:2 Controller#0.Review:1 Controller#0.Start:1] totalActions:8] threads:[] witness:[[false false false false]]]
. Expected DISABLED
. Actual [str_value:"DISABLED"], len:1
    Action Link: Controller#0.Review
    Found matching Source Link: src:99 dest:98 name:"Controller#0.Review" weight:0.125 type:"action" 10:"\n\x13Controller#0.Review\x12\n\"DISABLED\""
  End of Request 174, current nodeId: 98, node: map[channel_messages:map[] channels:map[] current:0 failedInvariants:<nil> name:yield returns:{"Controller#0.Review":"DISABLED"} roles:[map[fields:map[attempts:5 current:1 fault:false generation:1 inspected:true phase:terminal proof:1 repair:0 repeats:2 reports:implementation,proof,review review:1 saved:5 status:REVIEWED_AND_PROVEN] name:Controller params:map[] ref:0 ref_string:Controller#0]] state:map[controller:role Controller#0] stats:map[counts:map[Controller#0.Inspect:1 Controller#0.Proof:1 Controller#0.Restart:1 Controller#0.Resume:2 Controller#0.Review:2 Controller#0.Start:1] totalActions:8] threads:[] witness:[[false false false false]]]
. Expected DISABLED
. Actual [str_value:"DISABLED"], len:1
    Action Link: Controller#0.Inspect
    Found matching Source Link: src:98 dest:102 name:"Controller#0.Inspect" weight:0.125 type:"action" 10:"\n\x14Controller#0.Inspect\x12\n\"DISABLED\""
  End of Request 175, current nodeId: 102, node: map[channel_messages:map[] channels:map[] current:0 failedInvariants:<nil> name:yield returns:{"Controller#0.Inspect":"DISABLED"} roles:[map[fields:map[attempts:5 current:1 fault:false generation:1 inspected:true phase:terminal proof:1 repair:0 repeats:2 reports:implementation,proof,review review:1 saved:5 status:REVIEWED_AND_PROVEN] name:Controller params:map[] ref:0 ref_string:Controller#0]] state:map[controller:role Controller#0] stats:map[counts:map[Controller#0.Inspect:2 Controller#0.Proof:1 Controller#0.Restart:1 Controller#0.Resume:2 Controller#0.Review:1 Controller#0.Start:1] totalActions:8] threads:[] witness:[[false false false false]]]
. Expected DISABLED
. Actual [str_value:"DISABLED"], len:1
    Action Link: Controller#0.Inspect
    Found matching Source Link: src:102 dest:102 name:"Controller#0.Inspect" weight:0.125 type:"action" 10:"\n\x14Controller#0.Inspect\x12\n\"DISABLED\""
  End of Request 176, current nodeId: 102, node: map[channel_messages:map[] channels:map[] current:0 failedInvariants:<nil> name:yield returns:{"Controller#0.Inspect":"DISABLED"} roles:[map[fields:map[attempts:5 current:1 fault:false generation:1 inspected:true phase:terminal proof:1 repair:0 repeats:2 reports:implementation,proof,review review:1 saved:5 status:REVIEWED_AND_PROVEN] name:Controller params:map[] ref:0 ref_string:Controller#0]] state:map[controller:role Controller#0] stats:map[counts:map[Controller#0.Inspect:2 Controller#0.Proof:1 Controller#0.Restart:1 Controller#0.Resume:2 Controller#0.Review:1 Controller#0.Start:1] totalActions:8] threads:[] witness:[[false false false false]]]
. Expected DISABLED
. Actual [str_value:"DISABLED"], len:1
    Action Link: Controller#0.Restart
    Found matching Source Link: src:102 dest:101 name:"Controller#0.Restart" weight:0.125 type:"action" 10:"\n\x14Controller#0.Restart\x12\n\"DISABLED\""
  End of Request 177, current nodeId: 101, node: map[channel_messages:map[] channels:map[] current:0 failedInvariants:<nil> name:yield returns:{"Controller#0.Restart":"DISABLED"} roles:[map[fields:map[attempts:5 current:1 fault:false generation:1 inspected:true phase:terminal proof:1 repair:0 repeats:2 reports:implementation,proof,review review:1 saved:5 status:REVIEWED_AND_PROVEN] name:Controller params:map[] ref:0 ref_string:Controller#0]] state:map[controller:role Controller#0] stats:map[counts:map[Controller#0.Inspect:1 Controller#0.Proof:1 Controller#0.Restart:2 Controller#0.Resume:2 Controller#0.Review:1 Controller#0.Start:1] totalActions:8] threads:[] witness:[[false false false false]]]
. Expected DISABLED
. Actual [str_value:"DISABLED"], len:1
    Action Link: Controller#0.Restart
    Found matching Source Link: src:101 dest:101 name:"Controller#0.Restart" weight:0.125 type:"action" 10:"\n\x14Controller#0.Restart\x12\n\"DISABLED\""
  End of Request 178, current nodeId: 101, node: map[channel_messages:map[] channels:map[] current:0 failedInvariants:<nil> name:yield returns:{"Controller#0.Restart":"DISABLED"} roles:[map[fields:map[attempts:5 current:1 fault:false generation:1 inspected:true phase:terminal proof:1 repair:0 repeats:2 reports:implementation,proof,review review:1 saved:5 status:REVIEWED_AND_PROVEN] name:Controller params:map[] ref:0 ref_string:Controller#0]] state:map[controller:role Controller#0] stats:map[counts:map[Controller#0.Inspect:1 Controller#0.Proof:1 Controller#0.Restart:2 Controller#0.Resume:2 Controller#0.Review:1 Controller#0.Start:1] totalActions:8] threads:[] witness:[[false false false false]]]
. Expected DISABLED
. Actual [str_value:"DISABLED"], len:1
    Action Link: Controller#0.Corrupt
    Found matching Source Link: src:101 dest:100 name:"Controller#0.Corrupt" weight:0.125 type:"action" 10:"\n\x14Controller#0.Corrupt\x12\n\"DISABLED\""
  End of Request 179, current nodeId: 100, node: map[channel_messages:map[] channels:map[] current:0 failedInvariants:<nil> name:yield returns:{"Controller#0.Corrupt":"DISABLED"} roles:[map[fields:map[attempts:5 current:1 fault:false generation:1 inspected:true phase:terminal proof:1 repair:0 repeats:2 reports:implementation,proof,review review:1 saved:5 status:REVIEWED_AND_PROVEN] name:Controller params:map[] ref:0 ref_string:Controller#0]] state:map[controller:role Controller#0] stats:map[counts:map[Controller#0.Corrupt:1 Controller#0.Inspect:1 Controller#0.Proof:1 Controller#0.Restart:1 Controller#0.Resume:2 Controller#0.Review:1 Controller#0.Start:1] totalActions:8] threads:[] witness:[[false false false false]]]
. Expected DISABLED
. Actual [str_value:"DISABLED"], len:1
    Action Link: Controller#0.Proof
    Found matching Source Link: src:100 dest:99 name:"Controller#0.Proof" weight:0.125 type:"action" 10:"\n\x12Controller#0.Proof\x12\n\"DISABLED\""
  End of Request 180, current nodeId: 99, node: map[channel_messages:map[] channels:map[] current:0 failedInvariants:<nil> name:yield returns:{"Controller#0.Proof":"DISABLED"} roles:[map[fields:map[attempts:5 current:1 fault:false generation:1 inspected:true phase:terminal proof:1 repair:0 repeats:2 reports:implementation,proof,review review:1 saved:5 status:REVIEWED_AND_PROVEN] name:Controller params:map[] ref:0 ref_string:Controller#0]] state:map[controller:role Controller#0] stats:map[counts:map[Controller#0.Inspect:1 Controller#0.Proof:2 Controller#0.Restart:1 Controller#0.Resume:2 Controller#0.Review:1 Controller#0.Start:1] totalActions:8] threads:[] witness:[[false false false false]]]
. Expected DISABLED
. Actual [str_value:"DISABLED"], len:1
    Action Link: Controller#0.Resume
    Found matching Source Link: src:99 dest:103 name:"Controller#0.Resume" weight:0.125 type:"action" 10:"\n\x13Controller#0.Resume\x12\n\"DISABLED\""
  End of Request 181, current nodeId: 103, node: map[channel_messages:map[] channels:map[] current:0 failedInvariants:<nil> name:yield returns:{"Controller#0.Resume":"DISABLED"} roles:[map[fields:map[attempts:5 current:1 fault:false generation:1 inspected:true phase:terminal proof:1 repair:0 repeats:2 reports:implementation,proof,review review:1 saved:5 status:REVIEWED_AND_PROVEN] name:Controller params:map[] ref:0 ref_string:Controller#0]] state:map[controller:role Controller#0] stats:map[counts:map[Controller#0.Inspect:1 Controller#0.Proof:1 Controller#0.Restart:1 Controller#0.Resume:3 Controller#0.Review:1 Controller#0.Start:1] totalActions:8] threads:[] witness:[[false false false false]]]
. Expected DISABLED
. Actual [str_value:"DISABLED"], len:1
    Action Link: Controller#0.Proof
    Found matching Source Link: src:103 dest:99 name:"Controller#0.Proof" weight:0.125 type:"action" 10:"\n\x12Controller#0.Proof\x12\n\"DISABLED\""
  End of Request 182, current nodeId: 99, node: map[channel_messages:map[] channels:map[] current:0 failedInvariants:<nil> name:yield returns:{"Controller#0.Proof":"DISABLED"} roles:[map[fields:map[attempts:5 current:1 fault:false generation:1 inspected:true phase:terminal proof:1 repair:0 repeats:2 reports:implementation,proof,review review:1 saved:5 status:REVIEWED_AND_PROVEN] name:Controller params:map[] ref:0 ref_string:Controller#0]] state:map[controller:role Controller#0] stats:map[counts:map[Controller#0.Inspect:1 Controller#0.Proof:2 Controller#0.Restart:1 Controller#0.Resume:2 Controller#0.Review:1 Controller#0.Start:1] totalActions:8] threads:[] witness:[[false false false false]]]
. Expected DISABLED
. Actual [str_value:"DISABLED"], len:1
    Action Link: Controller#0.Start
    Found matching Source Link: src:99 dest:97 name:"Controller#0.Start" weight:0.125 type:"action" 10:"\n\x12Controller#0.Start\x12\n\"DISABLED\""
  End of Request 183, current nodeId: 97, node: map[channel_messages:map[] channels:map[] current:0 failedInvariants:<nil> name:yield returns:{"Controller#0.Start":"DISABLED"} roles:[map[fields:map[attempts:5 current:1 fault:false generation:1 inspected:true phase:terminal proof:1 repair:0 repeats:2 reports:implementation,proof,review review:1 saved:5 status:REVIEWED_AND_PROVEN] name:Controller params:map[] ref:0 ref_string:Controller#0]] state:map[controller:role Controller#0] stats:map[counts:map[Controller#0.Inspect:1 Controller#0.Proof:1 Controller#0.Restart:1 Controller#0.Resume:2 Controller#0.Review:1 Controller#0.Start:2] totalActions:8] threads:[] witness:[[false false false false]]]
. Expected DISABLED
. Actual [str_value:"DISABLED"], len:1
    Action Link: Controller#0.Resume
    Found matching Source Link: src:97 dest:103 name:"Controller#0.Resume" weight:0.125 type:"action" 10:"\n\x13Controller#0.Resume\x12\n\"DISABLED\""
  End of Request 184, current nodeId: 103, node: map[channel_messages:map[] channels:map[] current:0 failedInvariants:<nil> name:yield returns:{"Controller#0.Resume":"DISABLED"} roles:[map[fields:map[attempts:5 current:1 fault:false generation:1 inspected:true phase:terminal proof:1 repair:0 repeats:2 reports:implementation,proof,review review:1 saved:5 status:REVIEWED_AND_PROVEN] name:Controller params:map[] ref:0 ref_string:Controller#0]] state:map[controller:role Controller#0] stats:map[counts:map[Controller#0.Inspect:1 Controller#0.Proof:1 Controller#0.Restart:1 Controller#0.Resume:3 Controller#0.Review:1 Controller#0.Start:1] totalActions:8] threads:[] witness:[[false false false false]]]
. Expected DISABLED
. Actual [str_value:"DISABLED"], len:1
    Action Link: Controller#0.Start
    Found matching Source Link: src:103 dest:97 name:"Controller#0.Start" weight:0.125 type:"action" 10:"\n\x12Controller#0.Start\x12\n\"DISABLED\""
  End of Request 185, current nodeId: 97, node: map[channel_messages:map[] channels:map[] current:0 failedInvariants:<nil> name:yield returns:{"Controller#0.Start":"DISABLED"} roles:[map[fields:map[attempts:5 current:1 fault:false generation:1 inspected:true phase:terminal proof:1 repair:0 repeats:2 reports:implementation,proof,review review:1 saved:5 status:REVIEWED_AND_PROVEN] name:Controller params:map[] ref:0 ref_string:Controller#0]] state:map[controller:role Controller#0] stats:map[counts:map[Controller#0.Inspect:1 Controller#0.Proof:1 Controller#0.Restart:1 Controller#0.Resume:2 Controller#0.Review:1 Controller#0.Start:2] totalActions:8] threads:[] witness:[[false false false false]]]
. Expected DISABLED
. Actual [str_value:"DISABLED"], len:1
    Action Link: Controller#0.Inspect
    Found matching Source Link: src:97 dest:102 name:"Controller#0.Inspect" weight:0.125 type:"action" 10:"\n\x14Controller#0.Inspect\x12\n\"DISABLED\""
  End of Request 186, current nodeId: 102, node: map[channel_messages:map[] channels:map[] current:0 failedInvariants:<nil> name:yield returns:{"Controller#0.Inspect":"DISABLED"} roles:[map[fields:map[attempts:5 current:1 fault:false generation:1 inspected:true phase:terminal proof:1 repair:0 repeats:2 reports:implementation,proof,review review:1 saved:5 status:REVIEWED_AND_PROVEN] name:Controller params:map[] ref:0 ref_string:Controller#0]] state:map[controller:role Controller#0] stats:map[counts:map[Controller#0.Inspect:2 Controller#0.Proof:1 Controller#0.Restart:1 Controller#0.Resume:2 Controller#0.Review:1 Controller#0.Start:1] totalActions:8] threads:[] witness:[[false false false false]]]
. Expected DISABLED
. Actual [str_value:"DISABLED"], len:1
    Action Link: Controller#0.Inspect
    Found matching Source Link: src:102 dest:102 name:"Controller#0.Inspect" weight:0.125 type:"action" 10:"\n\x14Controller#0.Inspect\x12\n\"DISABLED\""
  End of Request 187, current nodeId: 102, node: map[channel_messages:map[] channels:map[] current:0 failedInvariants:<nil> name:yield returns:{"Controller#0.Inspect":"DISABLED"} roles:[map[fields:map[attempts:5 current:1 fault:false generation:1 inspected:true phase:terminal proof:1 repair:0 repeats:2 reports:implementation,proof,review review:1 saved:5 status:REVIEWED_AND_PROVEN] name:Controller params:map[] ref:0 ref_string:Controller#0]] state:map[controller:role Controller#0] stats:map[counts:map[Controller#0.Inspect:2 Controller#0.Proof:1 Controller#0.Restart:1 Controller#0.Resume:2 Controller#0.Review:1 Controller#0.Start:1] totalActions:8] threads:[] witness:[[false false false false]]]
. Expected DISABLED
. Actual [str_value:"DISABLED"], len:1
    Action Link: Controller#0.Inspect
    Found matching Source Link: src:102 dest:102 name:"Controller#0.Inspect" weight:0.125 type:"action" 10:"\n\x14Controller#0.Inspect\x12\n\"DISABLED\""
  End of Request 188, current nodeId: 102, node: map[channel_messages:map[] channels:map[] current:0 failedInvariants:<nil> name:yield returns:{"Controller#0.Inspect":"DISABLED"} roles:[map[fields:map[attempts:5 current:1 fault:false generation:1 inspected:true phase:terminal proof:1 repair:0 repeats:2 reports:implementation,proof,review review:1 saved:5 status:REVIEWED_AND_PROVEN] name:Controller params:map[] ref:0 ref_string:Controller#0]] state:map[controller:role Controller#0] stats:map[counts:map[Controller#0.Inspect:2 Controller#0.Proof:1 Controller#0.Restart:1 Controller#0.Resume:2 Controller#0.Review:1 Controller#0.Start:1] totalActions:8] threads:[] witness:[[false false false false]]]
. Expected DISABLED
. Actual [str_value:"DISABLED"], len:1
    Action Link: Controller#0.Overlap
    Found matching Source Link: src:102 dest:104 name:"Controller#0.Overlap" weight:0.125 type:"action" 10:"\n\x14Controller#0.Overlap\x12\n\"DISABLED\""
  End of Request 189, current nodeId: 104, node: map[channel_messages:map[] channels:map[] current:0 failedInvariants:<nil> name:yield returns:{"Controller#0.Overlap":"DISABLED"} roles:[map[fields:map[attempts:5 current:1 fault:false generation:1 inspected:true phase:terminal proof:1 repair:0 repeats:2 reports:implementation,proof,review review:1 saved:5 status:REVIEWED_AND_PROVEN] name:Controller params:map[] ref:0 ref_string:Controller#0]] state:map[controller:role Controller#0] stats:map[counts:map[Controller#0.Inspect:1 Controller#0.Overlap:1 Controller#0.Proof:1 Controller#0.Restart:1 Controller#0.Resume:2 Controller#0.Review:1 Controller#0.Start:1] totalActions:8] threads:[] witness:[[false false false false]]]
. Expected DISABLED
. Actual [str_value:"DISABLED"], len:1
    Action Link: Controller#0.Proof
    Found matching Source Link: src:104 dest:99 name:"Controller#0.Proof" weight:0.125 type:"action" 10:"\n\x12Controller#0.Proof\x12\n\"DISABLED\""
  End of Request 190, current nodeId: 99, node: map[channel_messages:map[] channels:map[] current:0 failedInvariants:<nil> name:yield returns:{"Controller#0.Proof":"DISABLED"} roles:[map[fields:map[attempts:5 current:1 fault:false generation:1 inspected:true phase:terminal proof:1 repair:0 repeats:2 reports:implementation,proof,review review:1 saved:5 status:REVIEWED_AND_PROVEN] name:Controller params:map[] ref:0 ref_string:Controller#0]] state:map[controller:role Controller#0] stats:map[counts:map[Controller#0.Inspect:1 Controller#0.Proof:2 Controller#0.Restart:1 Controller#0.Resume:2 Controller#0.Review:1 Controller#0.Start:1] totalActions:8] threads:[] witness:[[false false false false]]]
. Expected DISABLED
. Actual [str_value:"DISABLED"], len:1
    Action Link: Controller#0.Inspect
    Found matching Source Link: src:99 dest:102 name:"Controller#0.Inspect" weight:0.125 type:"action" 10:"\n\x14Controller#0.Inspect\x12\n\"DISABLED\""
  End of Request 191, current nodeId: 102, node: map[channel_messages:map[] channels:map[] current:0 failedInvariants:<nil> name:yield returns:{"Controller#0.Inspect":"DISABLED"} roles:[map[fields:map[attempts:5 current:1 fault:false generation:1 inspected:true phase:terminal proof:1 repair:0 repeats:2 reports:implementation,proof,review review:1 saved:5 status:REVIEWED_AND_PROVEN] name:Controller params:map[] ref:0 ref_string:Controller#0]] state:map[controller:role Controller#0] stats:map[counts:map[Controller#0.Inspect:2 Controller#0.Proof:1 Controller#0.Restart:1 Controller#0.Resume:2 Controller#0.Review:1 Controller#0.Start:1] totalActions:8] threads:[] witness:[[false false false false]]]
. Expected DISABLED
. Actual [str_value:"DISABLED"], len:1
    Action Link: Controller#0.Resume
    Found matching Source Link: src:102 dest:103 name:"Controller#0.Resume" weight:0.125 type:"action" 10:"\n\x13Controller#0.Resume\x12\n\"DISABLED\""
  End of Request 192, current nodeId: 103, node: map[channel_messages:map[] channels:map[] current:0 failedInvariants:<nil> name:yield returns:{"Controller#0.Resume":"DISABLED"} roles:[map[fields:map[attempts:5 current:1 fault:false generation:1 inspected:true phase:terminal proof:1 repair:0 repeats:2 reports:implementation,proof,review review:1 saved:5 status:REVIEWED_AND_PROVEN] name:Controller params:map[] ref:0 ref_string:Controller#0]] state:map[controller:role Controller#0] stats:map[counts:map[Controller#0.Inspect:1 Controller#0.Proof:1 Controller#0.Restart:1 Controller#0.Resume:3 Controller#0.Review:1 Controller#0.Start:1] totalActions:8] threads:[] witness:[[false false false false]]]
. Expected DISABLED
. Actual [str_value:"DISABLED"], len:1
    Action Link: Controller#0.Corrupt
    Found matching Source Link: src:103 dest:100 name:"Controller#0.Corrupt" weight:0.125 type:"action" 10:"\n\x14Controller#0.Corrupt\x12\n\"DISABLED\""
  End of Request 193, current nodeId: 100, node: map[channel_messages:map[] channels:map[] current:0 failedInvariants:<nil> name:yield returns:{"Controller#0.Corrupt":"DISABLED"} roles:[map[fields:map[attempts:5 current:1 fault:false generation:1 inspected:true phase:terminal proof:1 repair:0 repeats:2 reports:implementation,proof,review review:1 saved:5 status:REVIEWED_AND_PROVEN] name:Controller params:map[] ref:0 ref_string:Controller#0]] state:map[controller:role Controller#0] stats:map[counts:map[Controller#0.Corrupt:1 Controller#0.Inspect:1 Controller#0.Proof:1 Controller#0.Restart:1 Controller#0.Resume:2 Controller#0.Review:1 Controller#0.Start:1] totalActions:8] threads:[] witness:[[false false false false]]]
. Expected DISABLED
. Actual [str_value:"DISABLED"], len:1
    Action Link: Controller#0.Restart
    Found matching Source Link: src:100 dest:101 name:"Controller#0.Restart" weight:0.125 type:"action" 10:"\n\x14Controller#0.Restart\x12\n\"DISABLED\""
  End of Request 194, current nodeId: 101, node: map[channel_messages:map[] channels:map[] current:0 failedInvariants:<nil> name:yield returns:{"Controller#0.Restart":"DISABLED"} roles:[map[fields:map[attempts:5 current:1 fault:false generation:1 inspected:true phase:terminal proof:1 repair:0 repeats:2 reports:implementation,proof,review review:1 saved:5 status:REVIEWED_AND_PROVEN] name:Controller params:map[] ref:0 ref_string:Controller#0]] state:map[controller:role Controller#0] stats:map[counts:map[Controller#0.Inspect:1 Controller#0.Proof:1 Controller#0.Restart:2 Controller#0.Resume:2 Controller#0.Review:1 Controller#0.Start:1] totalActions:8] threads:[] witness:[[false false false false]]]
. Expected DISABLED
. Actual [str_value:"DISABLED"], len:1
    Action Link: Controller#0.Review
    Found matching Source Link: src:101 dest:98 name:"Controller#0.Review" weight:0.125 type:"action" 10:"\n\x13Controller#0.Review\x12\n\"DISABLED\""
  End of Request 195, current nodeId: 98, node: map[channel_messages:map[] channels:map[] current:0 failedInvariants:<nil> name:yield returns:{"Controller#0.Review":"DISABLED"} roles:[map[fields:map[attempts:5 current:1 fault:false generation:1 inspected:true phase:terminal proof:1 repair:0 repeats:2 reports:implementation,proof,review review:1 saved:5 status:REVIEWED_AND_PROVEN] name:Controller params:map[] ref:0 ref_string:Controller#0]] state:map[controller:role Controller#0] stats:map[counts:map[Controller#0.Inspect:1 Controller#0.Proof:1 Controller#0.Restart:1 Controller#0.Resume:2 Controller#0.Review:2 Controller#0.Start:1] totalActions:8] threads:[] witness:[[false false false false]]]
. Expected DISABLED
. Actual [str_value:"DISABLED"], len:1
    Action Link: Controller#0.Start
    Found matching Source Link: src:98 dest:97 name:"Controller#0.Start" weight:0.125 type:"action" 10:"\n\x12Controller#0.Start\x12\n\"DISABLED\""
  End of Request 196, current nodeId: 97, node: map[channel_messages:map[] channels:map[] current:0 failedInvariants:<nil> name:yield returns:{"Controller#0.Start":"DISABLED"} roles:[map[fields:map[attempts:5 current:1 fault:false generation:1 inspected:true phase:terminal proof:1 repair:0 repeats:2 reports:implementation,proof,review review:1 saved:5 status:REVIEWED_AND_PROVEN] name:Controller params:map[] ref:0 ref_string:Controller#0]] state:map[controller:role Controller#0] stats:map[counts:map[Controller#0.Inspect:1 Controller#0.Proof:1 Controller#0.Restart:1 Controller#0.Resume:2 Controller#0.Review:1 Controller#0.Start:2] totalActions:8] threads:[] witness:[[false false false false]]]
. Expected DISABLED
. Actual [str_value:"DISABLED"], len:1
    Action Link: Controller#0.Proof
    Found matching Source Link: src:97 dest:99 name:"Controller#0.Proof" weight:0.125 type:"action" 10:"\n\x12Controller#0.Proof\x12\n\"DISABLED\""
  End of Request 197, current nodeId: 99, node: map[channel_messages:map[] channels:map[] current:0 failedInvariants:<nil> name:yield returns:{"Controller#0.Proof":"DISABLED"} roles:[map[fields:map[attempts:5 current:1 fault:false generation:1 inspected:true phase:terminal proof:1 repair:0 repeats:2 reports:implementation,proof,review review:1 saved:5 status:REVIEWED_AND_PROVEN] name:Controller params:map[] ref:0 ref_string:Controller#0]] state:map[controller:role Controller#0] stats:map[counts:map[Controller#0.Inspect:1 Controller#0.Proof:2 Controller#0.Restart:1 Controller#0.Resume:2 Controller#0.Review:1 Controller#0.Start:1] totalActions:8] threads:[] witness:[[false false false false]]]
. Expected DISABLED
. Actual [str_value:"DISABLED"], len:1
    Action Link: Controller#0.Resume
    Found matching Source Link: src:99 dest:103 name:"Controller#0.Resume" weight:0.125 type:"action" 10:"\n\x13Controller#0.Resume\x12\n\"DISABLED\""
  End of Request 198, current nodeId: 103, node: map[channel_messages:map[] channels:map[] current:0 failedInvariants:<nil> name:yield returns:{"Controller#0.Resume":"DISABLED"} roles:[map[fields:map[attempts:5 current:1 fault:false generation:1 inspected:true phase:terminal proof:1 repair:0 repeats:2 reports:implementation,proof,review review:1 saved:5 status:REVIEWED_AND_PROVEN] name:Controller params:map[] ref:0 ref_string:Controller#0]] state:map[controller:role Controller#0] stats:map[counts:map[Controller#0.Inspect:1 Controller#0.Proof:1 Controller#0.Restart:1 Controller#0.Resume:3 Controller#0.Review:1 Controller#0.Start:1] totalActions:8] threads:[] witness:[[false false false false]]]
. Expected DISABLED
. Actual [str_value:"DISABLED"], len:1
    Action Link: Controller#0.Review
    Found matching Source Link: src:103 dest:98 name:"Controller#0.Review" weight:0.125 type:"action" 10:"\n\x13Controller#0.Review\x12\n\"DISABLED\""
  End of Request 199, current nodeId: 98, node: map[channel_messages:map[] channels:map[] current:0 failedInvariants:<nil> name:yield returns:{"Controller#0.Review":"DISABLED"} roles:[map[fields:map[attempts:5 current:1 fault:false generation:1 inspected:true phase:terminal proof:1 repair:0 repeats:2 reports:implementation,proof,review review:1 saved:5 status:REVIEWED_AND_PROVEN] name:Controller params:map[] ref:0 ref_string:Controller#0]] state:map[controller:role Controller#0] stats:map[counts:map[Controller#0.Inspect:1 Controller#0.Proof:1 Controller#0.Restart:1 Controller#0.Resume:2 Controller#0.Review:2 Controller#0.Start:1] totalActions:8] threads:[] witness:[[false false false false]]]
. Expected DISABLED
. Actual [str_value:"DISABLED"], len:1
    Action Link: Controller#0.Corrupt
    Found matching Source Link: src:98 dest:100 name:"Controller#0.Corrupt" weight:0.125 type:"action" 10:"\n\x14Controller#0.Corrupt\x12\n\"DISABLED\""
  End of Request 200, current nodeId: 100, node: map[channel_messages:map[] channels:map[] current:0 failedInvariants:<nil> name:yield returns:{"Controller#0.Corrupt":"DISABLED"} roles:[map[fields:map[attempts:5 current:1 fault:false generation:1 inspected:true phase:terminal proof:1 repair:0 repeats:2 reports:implementation,proof,review review:1 saved:5 status:REVIEWED_AND_PROVEN] name:Controller params:map[] ref:0 ref_string:Controller#0]] state:map[controller:role Controller#0] stats:map[counts:map[Controller#0.Corrupt:1 Controller#0.Inspect:1 Controller#0.Proof:1 Controller#0.Restart:1 Controller#0.Resume:2 Controller#0.Review:1 Controller#0.Start:1] totalActions:8] threads:[] witness:[[false false false false]]]
. Expected DISABLED
. Actual [str_value:"DISABLED"], len:1
    Action Link: Controller#0.Inspect
    Found matching Source Link: src:100 dest:102 name:"Controller#0.Inspect" weight:0.125 type:"action" 10:"\n\x14Controller#0.Inspect\x12\n\"DISABLED\""
  End of Request 201, current nodeId: 102, node: map[channel_messages:map[] channels:map[] current:0 failedInvariants:<nil> name:yield returns:{"Controller#0.Inspect":"DISABLED"} roles:[map[fields:map[attempts:5 current:1 fault:false generation:1 inspected:true phase:terminal proof:1 repair:0 repeats:2 reports:implementation,proof,review review:1 saved:5 status:REVIEWED_AND_PROVEN] name:Controller params:map[] ref:0 ref_string:Controller#0]] state:map[controller:role Controller#0] stats:map[counts:map[Controller#0.Inspect:2 Controller#0.Proof:1 Controller#0.Restart:1 Controller#0.Resume:2 Controller#0.Review:1 Controller#0.Start:1] totalActions:8] threads:[] witness:[[false false false false]]]
. Expected DISABLED
. Actual [str_value:"DISABLED"], len:1
    Action Link: Controller#0.Overlap
    Found matching Source Link: src:102 dest:104 name:"Controller#0.Overlap" weight:0.125 type:"action" 10:"\n\x14Controller#0.Overlap\x12\n\"DISABLED\""
  End of Request 202, current nodeId: 104, node: map[channel_messages:map[] channels:map[] current:0 failedInvariants:<nil> name:yield returns:{"Controller#0.Overlap":"DISABLED"} roles:[map[fields:map[attempts:5 current:1 fault:false generation:1 inspected:true phase:terminal proof:1 repair:0 repeats:2 reports:implementation,proof,review review:1 saved:5 status:REVIEWED_AND_PROVEN] name:Controller params:map[] ref:0 ref_string:Controller#0]] state:map[controller:role Controller#0] stats:map[counts:map[Controller#0.Inspect:1 Controller#0.Overlap:1 Controller#0.Proof:1 Controller#0.Restart:1 Controller#0.Resume:2 Controller#0.Review:1 Controller#0.Start:1] totalActions:8] threads:[] witness:[[false false false false]]]
. Expected DISABLED
. Actual [str_value:"DISABLED"], len:1
    Action Link: Controller#0.Review
    Found matching Source Link: src:104 dest:98 name:"Controller#0.Review" weight:0.125 type:"action" 10:"\n\x13Controller#0.Review\x12\n\"DISABLED\""
  End of Request 203, current nodeId: 98, node: map[channel_messages:map[] channels:map[] current:0 failedInvariants:<nil> name:yield returns:{"Controller#0.Review":"DISABLED"} roles:[map[fields:map[attempts:5 current:1 fault:false generation:1 inspected:true phase:terminal proof:1 repair:0 repeats:2 reports:implementation,proof,review review:1 saved:5 status:REVIEWED_AND_PROVEN] name:Controller params:map[] ref:0 ref_string:Controller#0]] state:map[controller:role Controller#0] stats:map[counts:map[Controller#0.Inspect:1 Controller#0.Proof:1 Controller#0.Restart:1 Controller#0.Resume:2 Controller#0.Review:2 Controller#0.Start:1] totalActions:8] threads:[] witness:[[false false false false]]]
. Expected DISABLED
. Actual [str_value:"DISABLED"], len:1
    Action Link: Controller#0.Restart
    Found matching Source Link: src:98 dest:101 name:"Controller#0.Restart" weight:0.125 type:"action" 10:"\n\x14Controller#0.Restart\x12\n\"DISABLED\""
  End of Request 204, current nodeId: 101, node: map[channel_messages:map[] channels:map[] current:0 failedInvariants:<nil> name:yield returns:{"Controller#0.Restart":"DISABLED"} roles:[map[fields:map[attempts:5 current:1 fault:false generation:1 inspected:true phase:terminal proof:1 repair:0 repeats:2 reports:implementation,proof,review review:1 saved:5 status:REVIEWED_AND_PROVEN] name:Controller params:map[] ref:0 ref_string:Controller#0]] state:map[controller:role Controller#0] stats:map[counts:map[Controller#0.Inspect:1 Controller#0.Proof:1 Controller#0.Restart:2 Controller#0.Resume:2 Controller#0.Review:1 Controller#0.Start:1] totalActions:8] threads:[] witness:[[false false false false]]]
. Expected DISABLED
. Actual [str_value:"DISABLED"], len:1
    Action Link: Controller#0.Start
    Found matching Source Link: src:101 dest:97 name:"Controller#0.Start" weight:0.125 type:"action" 10:"\n\x12Controller#0.Start\x12\n\"DISABLED\""
  End of Request 205, current nodeId: 97, node: map[channel_messages:map[] channels:map[] current:0 failedInvariants:<nil> name:yield returns:{"Controller#0.Start":"DISABLED"} roles:[map[fields:map[attempts:5 current:1 fault:false generation:1 inspected:true phase:terminal proof:1 repair:0 repeats:2 reports:implementation,proof,review review:1 saved:5 status:REVIEWED_AND_PROVEN] name:Controller params:map[] ref:0 ref_string:Controller#0]] state:map[controller:role Controller#0] stats:map[counts:map[Controller#0.Inspect:1 Controller#0.Proof:1 Controller#0.Restart:1 Controller#0.Resume:2 Controller#0.Review:1 Controller#0.Start:2] totalActions:8] threads:[] witness:[[false false false false]]]
. Expected DISABLED
. Actual [str_value:"DISABLED"], len:1
    Action Link: Controller#0.Overlap
    Found matching Source Link: src:97 dest:104 name:"Controller#0.Overlap" weight:0.125 type:"action" 10:"\n\x14Controller#0.Overlap\x12\n\"DISABLED\""
  End of Request 206, current nodeId: 104, node: map[channel_messages:map[] channels:map[] current:0 failedInvariants:<nil> name:yield returns:{"Controller#0.Overlap":"DISABLED"} roles:[map[fields:map[attempts:5 current:1 fault:false generation:1 inspected:true phase:terminal proof:1 repair:0 repeats:2 reports:implementation,proof,review review:1 saved:5 status:REVIEWED_AND_PROVEN] name:Controller params:map[] ref:0 ref_string:Controller#0]] state:map[controller:role Controller#0] stats:map[counts:map[Controller#0.Inspect:1 Controller#0.Overlap:1 Controller#0.Proof:1 Controller#0.Restart:1 Controller#0.Resume:2 Controller#0.Review:1 Controller#0.Start:1] totalActions:8] threads:[] witness:[[false false false false]]]
. Expected DISABLED
. Actual [str_value:"DISABLED"], len:1
    Action Link: Controller#0.Overlap
    Found matching Source Link: src:104 dest:104 name:"Controller#0.Overlap" weight:0.125 type:"action" 10:"\n\x14Controller#0.Overlap\x12\n\"DISABLED\""
  End of Request 207, current nodeId: 104, node: map[channel_messages:map[] channels:map[] current:0 failedInvariants:<nil> name:yield returns:{"Controller#0.Overlap":"DISABLED"} roles:[map[fields:map[attempts:5 current:1 fault:false generation:1 inspected:true phase:terminal proof:1 repair:0 repeats:2 reports:implementation,proof,review review:1 saved:5 status:REVIEWED_AND_PROVEN] name:Controller params:map[] ref:0 ref_string:Controller#0]] state:map[controller:role Controller#0] stats:map[counts:map[Controller#0.Inspect:1 Controller#0.Overlap:1 Controller#0.Proof:1 Controller#0.Restart:1 Controller#0.Resume:2 Controller#0.Review:1 Controller#0.Start:1] totalActions:8] threads:[] witness:[[false false false false]]]
. Expected DISABLED
. Actual [str_value:"DISABLED"], len:1
    Action Link: Controller#0.Inspect
    Found matching Source Link: src:104 dest:102 name:"Controller#0.Inspect" weight:0.125 type:"action" 10:"\n\x14Controller#0.Inspect\x12\n\"DISABLED\""
  End of Request 208, current nodeId: 102, node: map[channel_messages:map[] channels:map[] current:0 failedInvariants:<nil> name:yield returns:{"Controller#0.Inspect":"DISABLED"} roles:[map[fields:map[attempts:5 current:1 fault:false generation:1 inspected:true phase:terminal proof:1 repair:0 repeats:2 reports:implementation,proof,review review:1 saved:5 status:REVIEWED_AND_PROVEN] name:Controller params:map[] ref:0 ref_string:Controller#0]] state:map[controller:role Controller#0] stats:map[counts:map[Controller#0.Inspect:2 Controller#0.Proof:1 Controller#0.Restart:1 Controller#0.Resume:2 Controller#0.Review:1 Controller#0.Start:1] totalActions:8] threads:[] witness:[[false false false false]]]
. Expected DISABLED
. Actual [str_value:"DISABLED"], len:1
    Action Link: Controller#0.Review
    Found matching Source Link: src:102 dest:98 name:"Controller#0.Review" weight:0.125 type:"action" 10:"\n\x13Controller#0.Review\x12\n\"DISABLED\""
  End of Request 209, current nodeId: 98, node: map[channel_messages:map[] channels:map[] current:0 failedInvariants:<nil> name:yield returns:{"Controller#0.Review":"DISABLED"} roles:[map[fields:map[attempts:5 current:1 fault:false generation:1 inspected:true phase:terminal proof:1 repair:0 repeats:2 reports:implementation,proof,review review:1 saved:5 status:REVIEWED_AND_PROVEN] name:Controller params:map[] ref:0 ref_string:Controller#0]] state:map[controller:role Controller#0] stats:map[counts:map[Controller#0.Inspect:1 Controller#0.Proof:1 Controller#0.Restart:1 Controller#0.Resume:2 Controller#0.Review:2 Controller#0.Start:1] totalActions:8] threads:[] witness:[[false false false false]]]
. Expected DISABLED
. Actual [str_value:"DISABLED"], len:1
    Action Link: Controller#0.Overlap
    Found matching Source Link: src:98 dest:104 name:"Controller#0.Overlap" weight:0.125 type:"action" 10:"\n\x14Controller#0.Overlap\x12\n\"DISABLED\""
  End of Request 210, current nodeId: 104, node: map[channel_messages:map[] channels:map[] current:0 failedInvariants:<nil> name:yield returns:{"Controller#0.Overlap":"DISABLED"} roles:[map[fields:map[attempts:5 current:1 fault:false generation:1 inspected:true phase:terminal proof:1 repair:0 repeats:2 reports:implementation,proof,review review:1 saved:5 status:REVIEWED_AND_PROVEN] name:Controller params:map[] ref:0 ref_string:Controller#0]] state:map[controller:role Controller#0] stats:map[counts:map[Controller#0.Inspect:1 Controller#0.Overlap:1 Controller#0.Proof:1 Controller#0.Restart:1 Controller#0.Resume:2 Controller#0.Review:1 Controller#0.Start:1] totalActions:8] threads:[] witness:[[false false false false]]]
. Expected DISABLED
. Actual [str_value:"DISABLED"], len:1
    Action Link: Controller#0.Inspect
    Found matching Source Link: src:104 dest:102 name:"Controller#0.Inspect" weight:0.125 type:"action" 10:"\n\x14Controller#0.Inspect\x12\n\"DISABLED\""
  End of Request 211, current nodeId: 102, node: map[channel_messages:map[] channels:map[] current:0 failedInvariants:<nil> name:yield returns:{"Controller#0.Inspect":"DISABLED"} roles:[map[fields:map[attempts:5 current:1 fault:false generation:1 inspected:true phase:terminal proof:1 repair:0 repeats:2 reports:implementation,proof,review review:1 saved:5 status:REVIEWED_AND_PROVEN] name:Controller params:map[] ref:0 ref_string:Controller#0]] state:map[controller:role Controller#0] stats:map[counts:map[Controller#0.Inspect:2 Controller#0.Proof:1 Controller#0.Restart:1 Controller#0.Resume:2 Controller#0.Review:1 Controller#0.Start:1] totalActions:8] threads:[] witness:[[false false false false]]]
. Expected DISABLED
. Actual [str_value:"DISABLED"], len:1
    Action Link: Controller#0.Proof
    Found matching Source Link: src:102 dest:99 name:"Controller#0.Proof" weight:0.125 type:"action" 10:"\n\x12Controller#0.Proof\x12\n\"DISABLED\""
  End of Request 212, current nodeId: 99, node: map[channel_messages:map[] channels:map[] current:0 failedInvariants:<nil> name:yield returns:{"Controller#0.Proof":"DISABLED"} roles:[map[fields:map[attempts:5 current:1 fault:false generation:1 inspected:true phase:terminal proof:1 repair:0 repeats:2 reports:implementation,proof,review review:1 saved:5 status:REVIEWED_AND_PROVEN] name:Controller params:map[] ref:0 ref_string:Controller#0]] state:map[controller:role Controller#0] stats:map[counts:map[Controller#0.Inspect:1 Controller#0.Proof:2 Controller#0.Restart:1 Controller#0.Resume:2 Controller#0.Review:1 Controller#0.Start:1] totalActions:8] threads:[] witness:[[false false false false]]]
. Expected DISABLED
. Actual [str_value:"DISABLED"], len:1
    Action Link: Controller#0.Restart
    Found matching Source Link: src:99 dest:101 name:"Controller#0.Restart" weight:0.125 type:"action" 10:"\n\x14Controller#0.Restart\x12\n\"DISABLED\""
  End of Request 213, current nodeId: 101, node: map[channel_messages:map[] channels:map[] current:0 failedInvariants:<nil> name:yield returns:{"Controller#0.Restart":"DISABLED"} roles:[map[fields:map[attempts:5 current:1 fault:false generation:1 inspected:true phase:terminal proof:1 repair:0 repeats:2 reports:implementation,proof,review review:1 saved:5 status:REVIEWED_AND_PROVEN] name:Controller params:map[] ref:0 ref_string:Controller#0]] state:map[controller:role Controller#0] stats:map[counts:map[Controller#0.Inspect:1 Controller#0.Proof:1 Controller#0.Restart:2 Controller#0.Resume:2 Controller#0.Review:1 Controller#0.Start:1] totalActions:8] threads:[] witness:[[false false false false]]]
. Expected DISABLED
. Actual [str_value:"DISABLED"], len:1
    Action Link: Controller#0.Start
    Found matching Source Link: src:101 dest:97 name:"Controller#0.Start" weight:0.125 type:"action" 10:"\n\x12Controller#0.Start\x12\n\"DISABLED\""
  End of Request 214, current nodeId: 97, node: map[channel_messages:map[] channels:map[] current:0 failedInvariants:<nil> name:yield returns:{"Controller#0.Start":"DISABLED"} roles:[map[fields:map[attempts:5 current:1 fault:false generation:1 inspected:true phase:terminal proof:1 repair:0 repeats:2 reports:implementation,proof,review review:1 saved:5 status:REVIEWED_AND_PROVEN] name:Controller params:map[] ref:0 ref_string:Controller#0]] state:map[controller:role Controller#0] stats:map[counts:map[Controller#0.Inspect:1 Controller#0.Proof:1 Controller#0.Restart:1 Controller#0.Resume:2 Controller#0.Review:1 Controller#0.Start:2] totalActions:8] threads:[] witness:[[false false false false]]]
. Expected DISABLED
. Actual [str_value:"DISABLED"], len:1
    Action Link: Controller#0.Inspect
    Found matching Source Link: src:97 dest:102 name:"Controller#0.Inspect" weight:0.125 type:"action" 10:"\n\x14Controller#0.Inspect\x12\n\"DISABLED\""
  End of Request 215, current nodeId: 102, node: map[channel_messages:map[] channels:map[] current:0 failedInvariants:<nil> name:yield returns:{"Controller#0.Inspect":"DISABLED"} roles:[map[fields:map[attempts:5 current:1 fault:false generation:1 inspected:true phase:terminal proof:1 repair:0 repeats:2 reports:implementation,proof,review review:1 saved:5 status:REVIEWED_AND_PROVEN] name:Controller params:map[] ref:0 ref_string:Controller#0]] state:map[controller:role Controller#0] stats:map[counts:map[Controller#0.Inspect:2 Controller#0.Proof:1 Controller#0.Restart:1 Controller#0.Resume:2 Controller#0.Review:1 Controller#0.Start:1] totalActions:8] threads:[] witness:[[false false false false]]]
. Expected DISABLED
. Actual [str_value:"DISABLED"], len:1
    Action Link: Controller#0.Corrupt
    Found matching Source Link: src:102 dest:100 name:"Controller#0.Corrupt" weight:0.125 type:"action" 10:"\n\x14Controller#0.Corrupt\x12\n\"DISABLED\""
  End of Request 216, current nodeId: 100, node: map[channel_messages:map[] channels:map[] current:0 failedInvariants:<nil> name:yield returns:{"Controller#0.Corrupt":"DISABLED"} roles:[map[fields:map[attempts:5 current:1 fault:false generation:1 inspected:true phase:terminal proof:1 repair:0 repeats:2 reports:implementation,proof,review review:1 saved:5 status:REVIEWED_AND_PROVEN] name:Controller params:map[] ref:0 ref_string:Controller#0]] state:map[controller:role Controller#0] stats:map[counts:map[Controller#0.Corrupt:1 Controller#0.Inspect:1 Controller#0.Proof:1 Controller#0.Restart:1 Controller#0.Resume:2 Controller#0.Review:1 Controller#0.Start:1] totalActions:8] threads:[] witness:[[false false false false]]]
. Expected DISABLED
. Actual [str_value:"DISABLED"], len:1
    Action Link: Controller#0.Overlap
    Found matching Source Link: src:100 dest:104 name:"Controller#0.Overlap" weight:0.125 type:"action" 10:"\n\x14Controller#0.Overlap\x12\n\"DISABLED\""
  End of Request 217, current nodeId: 104, node: map[channel_messages:map[] channels:map[] current:0 failedInvariants:<nil> name:yield returns:{"Controller#0.Overlap":"DISABLED"} roles:[map[fields:map[attempts:5 current:1 fault:false generation:1 inspected:true phase:terminal proof:1 repair:0 repeats:2 reports:implementation,proof,review review:1 saved:5 status:REVIEWED_AND_PROVEN] name:Controller params:map[] ref:0 ref_string:Controller#0]] state:map[controller:role Controller#0] stats:map[counts:map[Controller#0.Inspect:1 Controller#0.Overlap:1 Controller#0.Proof:1 Controller#0.Restart:1 Controller#0.Resume:2 Controller#0.Review:1 Controller#0.Start:1] totalActions:8] threads:[] witness:[[false false false false]]]
. Expected DISABLED
. Actual [str_value:"DISABLED"], len:1
    Action Link: Controller#0.Review
    Found matching Source Link: src:104 dest:98 name:"Controller#0.Review" weight:0.125 type:"action" 10:"\n\x13Controller#0.Review\x12\n\"DISABLED\""
  End of Request 218, current nodeId: 98, node: map[channel_messages:map[] channels:map[] current:0 failedInvariants:<nil> name:yield returns:{"Controller#0.Review":"DISABLED"} roles:[map[fields:map[attempts:5 current:1 fault:false generation:1 inspected:true phase:terminal proof:1 repair:0 repeats:2 reports:implementation,proof,review review:1 saved:5 status:REVIEWED_AND_PROVEN] name:Controller params:map[] ref:0 ref_string:Controller#0]] state:map[controller:role Controller#0] stats:map[counts:map[Controller#0.Inspect:1 Controller#0.Proof:1 Controller#0.Restart:1 Controller#0.Resume:2 Controller#0.Review:2 Controller#0.Start:1] totalActions:8] threads:[] witness:[[false false false false]]]
. Expected DISABLED
. Actual [str_value:"DISABLED"], len:1
    Action Link: Controller#0.Resume
    Found matching Source Link: src:98 dest:103 name:"Controller#0.Resume" weight:0.125 type:"action" 10:"\n\x13Controller#0.Resume\x12\n\"DISABLED\""
  End of Request 219, current nodeId: 103, node: map[channel_messages:map[] channels:map[] current:0 failedInvariants:<nil> name:yield returns:{"Controller#0.Resume":"DISABLED"} roles:[map[fields:map[attempts:5 current:1 fault:false generation:1 inspected:true phase:terminal proof:1 repair:0 repeats:2 reports:implementation,proof,review review:1 saved:5 status:REVIEWED_AND_PROVEN] name:Controller params:map[] ref:0 ref_string:Controller#0]] state:map[controller:role Controller#0] stats:map[counts:map[Controller#0.Inspect:1 Controller#0.Proof:1 Controller#0.Restart:1 Controller#0.Resume:3 Controller#0.Review:1 Controller#0.Start:1] totalActions:8] threads:[] witness:[[false false false false]]]
. Expected DISABLED
. Actual [str_value:"DISABLED"], len:1
    Action Link: Controller#0.Restart
    Found matching Source Link: src:103 dest:101 name:"Controller#0.Restart" weight:0.125 type:"action" 10:"\n\x14Controller#0.Restart\x12\n\"DISABLED\""
  End of Request 220, current nodeId: 101, node: map[channel_messages:map[] channels:map[] current:0 failedInvariants:<nil> name:yield returns:{"Controller#0.Restart":"DISABLED"} roles:[map[fields:map[attempts:5 current:1 fault:false generation:1 inspected:true phase:terminal proof:1 repair:0 repeats:2 reports:implementation,proof,review review:1 saved:5 status:REVIEWED_AND_PROVEN] name:Controller params:map[] ref:0 ref_string:Controller#0]] state:map[controller:role Controller#0] stats:map[counts:map[Controller#0.Inspect:1 Controller#0.Proof:1 Controller#0.Restart:2 Controller#0.Resume:2 Controller#0.Review:1 Controller#0.Start:1] totalActions:8] threads:[] witness:[[false false false false]]]
. Expected DISABLED
. Actual [str_value:"DISABLED"], len:1
    Action Link: Controller#0.Start
    Found matching Source Link: src:101 dest:97 name:"Controller#0.Start" weight:0.125 type:"action" 10:"\n\x12Controller#0.Start\x12\n\"DISABLED\""
  End of Request 221, current nodeId: 97, node: map[channel_messages:map[] channels:map[] current:0 failedInvariants:<nil> name:yield returns:{"Controller#0.Start":"DISABLED"} roles:[map[fields:map[attempts:5 current:1 fault:false generation:1 inspected:true phase:terminal proof:1 repair:0 repeats:2 reports:implementation,proof,review review:1 saved:5 status:REVIEWED_AND_PROVEN] name:Controller params:map[] ref:0 ref_string:Controller#0]] state:map[controller:role Controller#0] stats:map[counts:map[Controller#0.Inspect:1 Controller#0.Proof:1 Controller#0.Restart:1 Controller#0.Resume:2 Controller#0.Review:1 Controller#0.Start:2] totalActions:8] threads:[] witness:[[false false false false]]]
. Expected DISABLED
. Actual [str_value:"DISABLED"], len:1
    Action Link: Controller#0.Restart
    Found matching Source Link: src:97 dest:101 name:"Controller#0.Restart" weight:0.125 type:"action" 10:"\n\x14Controller#0.Restart\x12\n\"DISABLED\""
  End of Request 222, current nodeId: 101, node: map[channel_messages:map[] channels:map[] current:0 failedInvariants:<nil> name:yield returns:{"Controller#0.Restart":"DISABLED"} roles:[map[fields:map[attempts:5 current:1 fault:false generation:1 inspected:true phase:terminal proof:1 repair:0 repeats:2 reports:implementation,proof,review review:1 saved:5 status:REVIEWED_AND_PROVEN] name:Controller params:map[] ref:0 ref_string:Controller#0]] state:map[controller:role Controller#0] stats:map[counts:map[Controller#0.Inspect:1 Controller#0.Proof:1 Controller#0.Restart:2 Controller#0.Resume:2 Controller#0.Review:1 Controller#0.Start:1] totalActions:8] threads:[] witness:[[false false false false]]]
. Expected DISABLED
. Actual [str_value:"DISABLED"], len:1
    Action Link: Controller#0.Inspect
    Found matching Source Link: src:101 dest:102 name:"Controller#0.Inspect" weight:0.125 type:"action" 10:"\n\x14Controller#0.Inspect\x12\n\"DISABLED\""
  End of Request 223, current nodeId: 102, node: map[channel_messages:map[] channels:map[] current:0 failedInvariants:<nil> name:yield returns:{"Controller#0.Inspect":"DISABLED"} roles:[map[fields:map[attempts:5 current:1 fault:false generation:1 inspected:true phase:terminal proof:1 repair:0 repeats:2 reports:implementation,proof,review review:1 saved:5 status:REVIEWED_AND_PROVEN] name:Controller params:map[] ref:0 ref_string:Controller#0]] state:map[controller:role Controller#0] stats:map[counts:map[Controller#0.Inspect:2 Controller#0.Proof:1 Controller#0.Restart:1 Controller#0.Resume:2 Controller#0.Review:1 Controller#0.Start:1] totalActions:8] threads:[] witness:[[false false false false]]]
. Expected DISABLED
. Actual [str_value:"DISABLED"], len:1
    Action Link: Controller#0.Resume
    Found matching Source Link: src:102 dest:103 name:"Controller#0.Resume" weight:0.125 type:"action" 10:"\n\x13Controller#0.Resume\x12\n\"DISABLED\""
  End of Request 224, current nodeId: 103, node: map[channel_messages:map[] channels:map[] current:0 failedInvariants:<nil> name:yield returns:{"Controller#0.Resume":"DISABLED"} roles:[map[fields:map[attempts:5 current:1 fault:false generation:1 inspected:true phase:terminal proof:1 repair:0 repeats:2 reports:implementation,proof,review review:1 saved:5 status:REVIEWED_AND_PROVEN] name:Controller params:map[] ref:0 ref_string:Controller#0]] state:map[controller:role Controller#0] stats:map[counts:map[Controller#0.Inspect:1 Controller#0.Proof:1 Controller#0.Restart:1 Controller#0.Resume:3 Controller#0.Review:1 Controller#0.Start:1] totalActions:8] threads:[] witness:[[false false false false]]]
. Expected DISABLED
. Actual [str_value:"DISABLED"], len:1
    Action Link: Controller#0.Start
    Found matching Source Link: src:103 dest:97 name:"Controller#0.Start" weight:0.125 type:"action" 10:"\n\x12Controller#0.Start\x12\n\"DISABLED\""
  End of Request 225, current nodeId: 97, node: map[channel_messages:map[] channels:map[] current:0 failedInvariants:<nil> name:yield returns:{"Controller#0.Start":"DISABLED"} roles:[map[fields:map[attempts:5 current:1 fault:false generation:1 inspected:true phase:terminal proof:1 repair:0 repeats:2 reports:implementation,proof,review review:1 saved:5 status:REVIEWED_AND_PROVEN] name:Controller params:map[] ref:0 ref_string:Controller#0]] state:map[controller:role Controller#0] stats:map[counts:map[Controller#0.Inspect:1 Controller#0.Proof:1 Controller#0.Restart:1 Controller#0.Resume:2 Controller#0.Review:1 Controller#0.Start:2] totalActions:8] threads:[] witness:[[false false false false]]]
. Expected DISABLED
. Actual [str_value:"DISABLED"], len:1
    Action Link: Controller#0.Inspect
    Found matching Source Link: src:97 dest:102 name:"Controller#0.Inspect" weight:0.125 type:"action" 10:"\n\x14Controller#0.Inspect\x12\n\"DISABLED\""
  End of Request 226, current nodeId: 102, node: map[channel_messages:map[] channels:map[] current:0 failedInvariants:<nil> name:yield returns:{"Controller#0.Inspect":"DISABLED"} roles:[map[fields:map[attempts:5 current:1 fault:false generation:1 inspected:true phase:terminal proof:1 repair:0 repeats:2 reports:implementation,proof,review review:1 saved:5 status:REVIEWED_AND_PROVEN] name:Controller params:map[] ref:0 ref_string:Controller#0]] state:map[controller:role Controller#0] stats:map[counts:map[Controller#0.Inspect:2 Controller#0.Proof:1 Controller#0.Restart:1 Controller#0.Resume:2 Controller#0.Review:1 Controller#0.Start:1] totalActions:8] threads:[] witness:[[false false false false]]]
. Expected DISABLED
. Actual [str_value:"DISABLED"], len:1
    Action Link: Controller#0.Overlap
    Found matching Source Link: src:102 dest:104 name:"Controller#0.Overlap" weight:0.125 type:"action" 10:"\n\x14Controller#0.Overlap\x12\n\"DISABLED\""
  End of Request 227, current nodeId: 104, node: map[channel_messages:map[] channels:map[] current:0 failedInvariants:<nil> name:yield returns:{"Controller#0.Overlap":"DISABLED"} roles:[map[fields:map[attempts:5 current:1 fault:false generation:1 inspected:true phase:terminal proof:1 repair:0 repeats:2 reports:implementation,proof,review review:1 saved:5 status:REVIEWED_AND_PROVEN] name:Controller params:map[] ref:0 ref_string:Controller#0]] state:map[controller:role Controller#0] stats:map[counts:map[Controller#0.Inspect:1 Controller#0.Overlap:1 Controller#0.Proof:1 Controller#0.Restart:1 Controller#0.Resume:2 Controller#0.Review:1 Controller#0.Start:1] totalActions:8] threads:[] witness:[[false false false false]]]
. Expected DISABLED
. Actual [str_value:"DISABLED"], len:1
    Action Link: Controller#0.Corrupt
    Found matching Source Link: src:104 dest:100 name:"Controller#0.Corrupt" weight:0.125 type:"action" 10:"\n\x14Controller#0.Corrupt\x12\n\"DISABLED\""
  End of Request 228, current nodeId: 100, node: map[channel_messages:map[] channels:map[] current:0 failedInvariants:<nil> name:yield returns:{"Controller#0.Corrupt":"DISABLED"} roles:[map[fields:map[attempts:5 current:1 fault:false generation:1 inspected:true phase:terminal proof:1 repair:0 repeats:2 reports:implementation,proof,review review:1 saved:5 status:REVIEWED_AND_PROVEN] name:Controller params:map[] ref:0 ref_string:Controller#0]] state:map[controller:role Controller#0] stats:map[counts:map[Controller#0.Corrupt:1 Controller#0.Inspect:1 Controller#0.Proof:1 Controller#0.Restart:1 Controller#0.Resume:2 Controller#0.Review:1 Controller#0.Start:1] totalActions:8] threads:[] witness:[[false false false false]]]
. Expected DISABLED
. Actual [str_value:"DISABLED"], len:1
    Action Link: Controller#0.Corrupt
    Found matching Source Link: src:100 dest:100 name:"Controller#0.Corrupt" weight:0.125 type:"action" 10:"\n\x14Controller#0.Corrupt\x12\n\"DISABLED\""
  End of Request 229, current nodeId: 100, node: map[channel_messages:map[] channels:map[] current:0 failedInvariants:<nil> name:yield returns:{"Controller#0.Corrupt":"DISABLED"} roles:[map[fields:map[attempts:5 current:1 fault:false generation:1 inspected:true phase:terminal proof:1 repair:0 repeats:2 reports:implementation,proof,review review:1 saved:5 status:REVIEWED_AND_PROVEN] name:Controller params:map[] ref:0 ref_string:Controller#0]] state:map[controller:role Controller#0] stats:map[counts:map[Controller#0.Corrupt:1 Controller#0.Inspect:1 Controller#0.Proof:1 Controller#0.Restart:1 Controller#0.Resume:2 Controller#0.Review:1 Controller#0.Start:1] totalActions:8] threads:[] witness:[[false false false false]]]
. Expected DISABLED
. Actual [str_value:"DISABLED"], len:1
    Action Link: Controller#0.Corrupt
    Found matching Source Link: src:100 dest:100 name:"Controller#0.Corrupt" weight:0.125 type:"action" 10:"\n\x14Controller#0.Corrupt\x12\n\"DISABLED\""
  End of Request 230, current nodeId: 100, node: map[channel_messages:map[] channels:map[] current:0 failedInvariants:<nil> name:yield returns:{"Controller#0.Corrupt":"DISABLED"} roles:[map[fields:map[attempts:5 current:1 fault:false generation:1 inspected:true phase:terminal proof:1 repair:0 repeats:2 reports:implementation,proof,review review:1 saved:5 status:REVIEWED_AND_PROVEN] name:Controller params:map[] ref:0 ref_string:Controller#0]] state:map[controller:role Controller#0] stats:map[counts:map[Controller#0.Corrupt:1 Controller#0.Inspect:1 Controller#0.Proof:1 Controller#0.Restart:1 Controller#0.Resume:2 Controller#0.Review:1 Controller#0.Start:1] totalActions:8] threads:[] witness:[[false false false false]]]
. Expected DISABLED
. Actual [str_value:"DISABLED"], len:1
    Action Link: Controller#0.Restart
    Found matching Source Link: src:100 dest:101 name:"Controller#0.Restart" weight:0.125 type:"action" 10:"\n\x14Controller#0.Restart\x12\n\"DISABLED\""
  End of Request 231, current nodeId: 101, node: map[channel_messages:map[] channels:map[] current:0 failedInvariants:<nil> name:yield returns:{"Controller#0.Restart":"DISABLED"} roles:[map[fields:map[attempts:5 current:1 fault:false generation:1 inspected:true phase:terminal proof:1 repair:0 repeats:2 reports:implementation,proof,review review:1 saved:5 status:REVIEWED_AND_PROVEN] name:Controller params:map[] ref:0 ref_string:Controller#0]] state:map[controller:role Controller#0] stats:map[counts:map[Controller#0.Inspect:1 Controller#0.Proof:1 Controller#0.Restart:2 Controller#0.Resume:2 Controller#0.Review:1 Controller#0.Start:1] totalActions:8] threads:[] witness:[[false false false false]]]
. Expected DISABLED
. Actual [str_value:"DISABLED"], len:1
    Action Link: Controller#0.Resume
    Found matching Source Link: src:101 dest:103 name:"Controller#0.Resume" weight:0.125 type:"action" 10:"\n\x13Controller#0.Resume\x12\n\"DISABLED\""
  End of Request 232, current nodeId: 103, node: map[channel_messages:map[] channels:map[] current:0 failedInvariants:<nil> name:yield returns:{"Controller#0.Resume":"DISABLED"} roles:[map[fields:map[attempts:5 current:1 fault:false generation:1 inspected:true phase:terminal proof:1 repair:0 repeats:2 reports:implementation,proof,review review:1 saved:5 status:REVIEWED_AND_PROVEN] name:Controller params:map[] ref:0 ref_string:Controller#0]] state:map[controller:role Controller#0] stats:map[counts:map[Controller#0.Inspect:1 Controller#0.Proof:1 Controller#0.Restart:1 Controller#0.Resume:3 Controller#0.Review:1 Controller#0.Start:1] totalActions:8] threads:[] witness:[[false false false false]]]
. Expected DISABLED
. Actual [str_value:"DISABLED"], len:1
    Action Link: Controller#0.Corrupt
    Found matching Source Link: src:103 dest:100 name:"Controller#0.Corrupt" weight:0.125 type:"action" 10:"\n\x14Controller#0.Corrupt\x12\n\"DISABLED\""
  End of Request 233, current nodeId: 100, node: map[channel_messages:map[] channels:map[] current:0 failedInvariants:<nil> name:yield returns:{"Controller#0.Corrupt":"DISABLED"} roles:[map[fields:map[attempts:5 current:1 fault:false generation:1 inspected:true phase:terminal proof:1 repair:0 repeats:2 reports:implementation,proof,review review:1 saved:5 status:REVIEWED_AND_PROVEN] name:Controller params:map[] ref:0 ref_string:Controller#0]] state:map[controller:role Controller#0] stats:map[counts:map[Controller#0.Corrupt:1 Controller#0.Inspect:1 Controller#0.Proof:1 Controller#0.Restart:1 Controller#0.Resume:2 Controller#0.Review:1 Controller#0.Start:1] totalActions:8] threads:[] witness:[[false false false false]]]
. Expected DISABLED
. Actual [str_value:"DISABLED"], len:1
    Action Link: Controller#0.Start
    Found matching Source Link: src:100 dest:97 name:"Controller#0.Start" weight:0.125 type:"action" 10:"\n\x12Controller#0.Start\x12\n\"DISABLED\""
  End of Request 234, current nodeId: 97, node: map[channel_messages:map[] channels:map[] current:0 failedInvariants:<nil> name:yield returns:{"Controller#0.Start":"DISABLED"} roles:[map[fields:map[attempts:5 current:1 fault:false generation:1 inspected:true phase:terminal proof:1 repair:0 repeats:2 reports:implementation,proof,review review:1 saved:5 status:REVIEWED_AND_PROVEN] name:Controller params:map[] ref:0 ref_string:Controller#0]] state:map[controller:role Controller#0] stats:map[counts:map[Controller#0.Inspect:1 Controller#0.Proof:1 Controller#0.Restart:1 Controller#0.Resume:2 Controller#0.Review:1 Controller#0.Start:2] totalActions:8] threads:[] witness:[[false false false false]]]
. Expected DISABLED
. Actual [str_value:"DISABLED"], len:1
    Action Link: Controller#0.Proof
    Found matching Source Link: src:97 dest:99 name:"Controller#0.Proof" weight:0.125 type:"action" 10:"\n\x12Controller#0.Proof\x12\n\"DISABLED\""
  End of Request 235, current nodeId: 99, node: map[channel_messages:map[] channels:map[] current:0 failedInvariants:<nil> name:yield returns:{"Controller#0.Proof":"DISABLED"} roles:[map[fields:map[attempts:5 current:1 fault:false generation:1 inspected:true phase:terminal proof:1 repair:0 repeats:2 reports:implementation,proof,review review:1 saved:5 status:REVIEWED_AND_PROVEN] name:Controller params:map[] ref:0 ref_string:Controller#0]] state:map[controller:role Controller#0] stats:map[counts:map[Controller#0.Inspect:1 Controller#0.Proof:2 Controller#0.Restart:1 Controller#0.Resume:2 Controller#0.Review:1 Controller#0.Start:1] totalActions:8] threads:[] witness:[[false false false false]]]
. Expected DISABLED
. Actual [str_value:"DISABLED"], len:1
    Action Link: Controller#0.Start
    Found matching Source Link: src:99 dest:97 name:"Controller#0.Start" weight:0.125 type:"action" 10:"\n\x12Controller#0.Start\x12\n\"DISABLED\""
  End of Request 236, current nodeId: 97, node: map[channel_messages:map[] channels:map[] current:0 failedInvariants:<nil> name:yield returns:{"Controller#0.Start":"DISABLED"} roles:[map[fields:map[attempts:5 current:1 fault:false generation:1 inspected:true phase:terminal proof:1 repair:0 repeats:2 reports:implementation,proof,review review:1 saved:5 status:REVIEWED_AND_PROVEN] name:Controller params:map[] ref:0 ref_string:Controller#0]] state:map[controller:role Controller#0] stats:map[counts:map[Controller#0.Inspect:1 Controller#0.Proof:1 Controller#0.Restart:1 Controller#0.Resume:2 Controller#0.Review:1 Controller#0.Start:2] totalActions:8] threads:[] witness:[[false false false false]]]
. Expected DISABLED
. Actual [str_value:"DISABLED"], len:1
    Action Link: Controller#0.Resume
    Found matching Source Link: src:97 dest:103 name:"Controller#0.Resume" weight:0.125 type:"action" 10:"\n\x13Controller#0.Resume\x12\n\"DISABLED\""
  End of Request 237, current nodeId: 103, node: map[channel_messages:map[] channels:map[] current:0 failedInvariants:<nil> name:yield returns:{"Controller#0.Resume":"DISABLED"} roles:[map[fields:map[attempts:5 current:1 fault:false generation:1 inspected:true phase:terminal proof:1 repair:0 repeats:2 reports:implementation,proof,review review:1 saved:5 status:REVIEWED_AND_PROVEN] name:Controller params:map[] ref:0 ref_string:Controller#0]] state:map[controller:role Controller#0] stats:map[counts:map[Controller#0.Inspect:1 Controller#0.Proof:1 Controller#0.Restart:1 Controller#0.Resume:3 Controller#0.Review:1 Controller#0.Start:1] totalActions:8] threads:[] witness:[[false false false false]]]
. Expected DISABLED
. Actual [str_value:"DISABLED"], len:1
    Action Link: Controller#0.Proof
    Found matching Source Link: src:103 dest:99 name:"Controller#0.Proof" weight:0.125 type:"action" 10:"\n\x12Controller#0.Proof\x12\n\"DISABLED\""
  End of Request 238, current nodeId: 99, node: map[channel_messages:map[] channels:map[] current:0 failedInvariants:<nil> name:yield returns:{"Controller#0.Proof":"DISABLED"} roles:[map[fields:map[attempts:5 current:1 fault:false generation:1 inspected:true phase:terminal proof:1 repair:0 repeats:2 reports:implementation,proof,review review:1 saved:5 status:REVIEWED_AND_PROVEN] name:Controller params:map[] ref:0 ref_string:Controller#0]] state:map[controller:role Controller#0] stats:map[counts:map[Controller#0.Inspect:1 Controller#0.Proof:2 Controller#0.Restart:1 Controller#0.Resume:2 Controller#0.Review:1 Controller#0.Start:1] totalActions:8] threads:[] witness:[[false false false false]]]
. Expected DISABLED
. Actual [str_value:"DISABLED"], len:1
    Action Link: Controller#0.Proof
    Found matching Source Link: src:99 dest:99 name:"Controller#0.Proof" weight:0.125 type:"action" 10:"\n\x12Controller#0.Proof\x12\n\"DISABLED\""
  End of Request 239, current nodeId: 99, node: map[channel_messages:map[] channels:map[] current:0 failedInvariants:<nil> name:yield returns:{"Controller#0.Proof":"DISABLED"} roles:[map[fields:map[attempts:5 current:1 fault:false generation:1 inspected:true phase:terminal proof:1 repair:0 repeats:2 reports:implementation,proof,review review:1 saved:5 status:REVIEWED_AND_PROVEN] name:Controller params:map[] ref:0 ref_string:Controller#0]] state:map[controller:role Controller#0] stats:map[counts:map[Controller#0.Inspect:1 Controller#0.Proof:2 Controller#0.Restart:1 Controller#0.Resume:2 Controller#0.Review:1 Controller#0.Start:1] totalActions:8] threads:[] witness:[[false false false false]]]
. Expected DISABLED
. Actual [str_value:"DISABLED"], len:1
    Action Link: Controller#0.Restart
    Found matching Source Link: src:99 dest:101 name:"Controller#0.Restart" weight:0.125 type:"action" 10:"\n\x14Controller#0.Restart\x12\n\"DISABLED\""
  End of Request 240, current nodeId: 101, node: map[channel_messages:map[] channels:map[] current:0 failedInvariants:<nil> name:yield returns:{"Controller#0.Restart":"DISABLED"} roles:[map[fields:map[attempts:5 current:1 fault:false generation:1 inspected:true phase:terminal proof:1 repair:0 repeats:2 reports:implementation,proof,review review:1 saved:5 status:REVIEWED_AND_PROVEN] name:Controller params:map[] ref:0 ref_string:Controller#0]] state:map[controller:role Controller#0] stats:map[counts:map[Controller#0.Inspect:1 Controller#0.Proof:1 Controller#0.Restart:2 Controller#0.Resume:2 Controller#0.Review:1 Controller#0.Start:1] totalActions:8] threads:[] witness:[[false false false false]]]
. Expected DISABLED
. Actual [str_value:"DISABLED"], len:1
    Action Link: Controller#0.Inspect
    Found matching Source Link: src:101 dest:102 name:"Controller#0.Inspect" weight:0.125 type:"action" 10:"\n\x14Controller#0.Inspect\x12\n\"DISABLED\""
  End of Request 241, current nodeId: 102, node: map[channel_messages:map[] channels:map[] current:0 failedInvariants:<nil> name:yield returns:{"Controller#0.Inspect":"DISABLED"} roles:[map[fields:map[attempts:5 current:1 fault:false generation:1 inspected:true phase:terminal proof:1 repair:0 repeats:2 reports:implementation,proof,review review:1 saved:5 status:REVIEWED_AND_PROVEN] name:Controller params:map[] ref:0 ref_string:Controller#0]] state:map[controller:role Controller#0] stats:map[counts:map[Controller#0.Inspect:2 Controller#0.Proof:1 Controller#0.Restart:1 Controller#0.Resume:2 Controller#0.Review:1 Controller#0.Start:1] totalActions:8] threads:[] witness:[[false false false false]]]
. Expected DISABLED
. Actual [str_value:"DISABLED"], len:1
    Action Link: Controller#0.Review
    Found matching Source Link: src:102 dest:98 name:"Controller#0.Review" weight:0.125 type:"action" 10:"\n\x13Controller#0.Review\x12\n\"DISABLED\""
  End of Request 242, current nodeId: 98, node: map[channel_messages:map[] channels:map[] current:0 failedInvariants:<nil> name:yield returns:{"Controller#0.Review":"DISABLED"} roles:[map[fields:map[attempts:5 current:1 fault:false generation:1 inspected:true phase:terminal proof:1 repair:0 repeats:2 reports:implementation,proof,review review:1 saved:5 status:REVIEWED_AND_PROVEN] name:Controller params:map[] ref:0 ref_string:Controller#0]] state:map[controller:role Controller#0] stats:map[counts:map[Controller#0.Inspect:1 Controller#0.Proof:1 Controller#0.Restart:1 Controller#0.Resume:2 Controller#0.Review:2 Controller#0.Start:1] totalActions:8] threads:[] witness:[[false false false false]]]
. Expected DISABLED
. Actual [str_value:"DISABLED"], len:1
    Action Link: Controller#0.Overlap
    Found matching Source Link: src:98 dest:104 name:"Controller#0.Overlap" weight:0.125 type:"action" 10:"\n\x14Controller#0.Overlap\x12\n\"DISABLED\""
  End of Request 243, current nodeId: 104, node: map[channel_messages:map[] channels:map[] current:0 failedInvariants:<nil> name:yield returns:{"Controller#0.Overlap":"DISABLED"} roles:[map[fields:map[attempts:5 current:1 fault:false generation:1 inspected:true phase:terminal proof:1 repair:0 repeats:2 reports:implementation,proof,review review:1 saved:5 status:REVIEWED_AND_PROVEN] name:Controller params:map[] ref:0 ref_string:Controller#0]] state:map[controller:role Controller#0] stats:map[counts:map[Controller#0.Inspect:1 Controller#0.Overlap:1 Controller#0.Proof:1 Controller#0.Restart:1 Controller#0.Resume:2 Controller#0.Review:1 Controller#0.Start:1] totalActions:8] threads:[] witness:[[false false false false]]]
. Expected DISABLED
. Actual [str_value:"DISABLED"], len:1
    Action Link: Controller#0.Proof
    Found matching Source Link: src:104 dest:99 name:"Controller#0.Proof" weight:0.125 type:"action" 10:"\n\x12Controller#0.Proof\x12\n\"DISABLED\""
  End of Request 244, current nodeId: 99, node: map[channel_messages:map[] channels:map[] current:0 failedInvariants:<nil> name:yield returns:{"Controller#0.Proof":"DISABLED"} roles:[map[fields:map[attempts:5 current:1 fault:false generation:1 inspected:true phase:terminal proof:1 repair:0 repeats:2 reports:implementation,proof,review review:1 saved:5 status:REVIEWED_AND_PROVEN] name:Controller params:map[] ref:0 ref_string:Controller#0]] state:map[controller:role Controller#0] stats:map[counts:map[Controller#0.Inspect:1 Controller#0.Proof:2 Controller#0.Restart:1 Controller#0.Resume:2 Controller#0.Review:1 Controller#0.Start:1] totalActions:8] threads:[] witness:[[false false false false]]]
. Expected DISABLED
. Actual [str_value:"DISABLED"], len:1
    Action Link: Controller#0.Overlap
    Found matching Source Link: src:99 dest:104 name:"Controller#0.Overlap" weight:0.125 type:"action" 10:"\n\x14Controller#0.Overlap\x12\n\"DISABLED\""
  End of Request 245, current nodeId: 104, node: map[channel_messages:map[] channels:map[] current:0 failedInvariants:<nil> name:yield returns:{"Controller#0.Overlap":"DISABLED"} roles:[map[fields:map[attempts:5 current:1 fault:false generation:1 inspected:true phase:terminal proof:1 repair:0 repeats:2 reports:implementation,proof,review review:1 saved:5 status:REVIEWED_AND_PROVEN] name:Controller params:map[] ref:0 ref_string:Controller#0]] state:map[controller:role Controller#0] stats:map[counts:map[Controller#0.Inspect:1 Controller#0.Overlap:1 Controller#0.Proof:1 Controller#0.Restart:1 Controller#0.Resume:2 Controller#0.Review:1 Controller#0.Start:1] totalActions:8] threads:[] witness:[[false false false false]]]
. Expected DISABLED
. Actual [str_value:"DISABLED"], len:1
    Action Link: Controller#0.Review
    Found matching Source Link: src:104 dest:98 name:"Controller#0.Review" weight:0.125 type:"action" 10:"\n\x13Controller#0.Review\x12\n\"DISABLED\""
  End of Request 246, current nodeId: 98, node: map[channel_messages:map[] channels:map[] current:0 failedInvariants:<nil> name:yield returns:{"Controller#0.Review":"DISABLED"} roles:[map[fields:map[attempts:5 current:1 fault:false generation:1 inspected:true phase:terminal proof:1 repair:0 repeats:2 reports:implementation,proof,review review:1 saved:5 status:REVIEWED_AND_PROVEN] name:Controller params:map[] ref:0 ref_string:Controller#0]] state:map[controller:role Controller#0] stats:map[counts:map[Controller#0.Inspect:1 Controller#0.Proof:1 Controller#0.Restart:1 Controller#0.Resume:2 Controller#0.Review:2 Controller#0.Start:1] totalActions:8] threads:[] witness:[[false false false false]]]
. Expected DISABLED
. Actual [str_value:"DISABLED"], len:1
    Action Link: Controller#0.Restart
    Found matching Source Link: src:98 dest:101 name:"Controller#0.Restart" weight:0.125 type:"action" 10:"\n\x14Controller#0.Restart\x12\n\"DISABLED\""
  End of Request 247, current nodeId: 101, node: map[channel_messages:map[] channels:map[] current:0 failedInvariants:<nil> name:yield returns:{"Controller#0.Restart":"DISABLED"} roles:[map[fields:map[attempts:5 current:1 fault:false generation:1 inspected:true phase:terminal proof:1 repair:0 repeats:2 reports:implementation,proof,review review:1 saved:5 status:REVIEWED_AND_PROVEN] name:Controller params:map[] ref:0 ref_string:Controller#0]] state:map[controller:role Controller#0] stats:map[counts:map[Controller#0.Inspect:1 Controller#0.Proof:1 Controller#0.Restart:2 Controller#0.Resume:2 Controller#0.Review:1 Controller#0.Start:1] totalActions:8] threads:[] witness:[[false false false false]]]
. Expected DISABLED
. Actual [str_value:"DISABLED"], len:1
    Action Link: Controller#0.Proof
    Found matching Source Link: src:101 dest:99 name:"Controller#0.Proof" weight:0.125 type:"action" 10:"\n\x12Controller#0.Proof\x12\n\"DISABLED\""
  End of Request 248, current nodeId: 99, node: map[channel_messages:map[] channels:map[] current:0 failedInvariants:<nil> name:yield returns:{"Controller#0.Proof":"DISABLED"} roles:[map[fields:map[attempts:5 current:1 fault:false generation:1 inspected:true phase:terminal proof:1 repair:0 repeats:2 reports:implementation,proof,review review:1 saved:5 status:REVIEWED_AND_PROVEN] name:Controller params:map[] ref:0 ref_string:Controller#0]] state:map[controller:role Controller#0] stats:map[counts:map[Controller#0.Inspect:1 Controller#0.Proof:2 Controller#0.Restart:1 Controller#0.Resume:2 Controller#0.Review:1 Controller#0.Start:1] totalActions:8] threads:[] witness:[[false false false false]]]
. Expected DISABLED
. Actual [str_value:"DISABLED"], len:1
    Action Link: Controller#0.Corrupt
    Found matching Source Link: src:99 dest:100 name:"Controller#0.Corrupt" weight:0.125 type:"action" 10:"\n\x14Controller#0.Corrupt\x12\n\"DISABLED\""
  End of Request 249, current nodeId: 100, node: map[channel_messages:map[] channels:map[] current:0 failedInvariants:<nil> name:yield returns:{"Controller#0.Corrupt":"DISABLED"} roles:[map[fields:map[attempts:5 current:1 fault:false generation:1 inspected:true phase:terminal proof:1 repair:0 repeats:2 reports:implementation,proof,review review:1 saved:5 status:REVIEWED_AND_PROVEN] name:Controller params:map[] ref:0 ref_string:Controller#0]] state:map[controller:role Controller#0] stats:map[counts:map[Controller#0.Corrupt:1 Controller#0.Inspect:1 Controller#0.Proof:1 Controller#0.Restart:1 Controller#0.Resume:2 Controller#0.Review:1 Controller#0.Start:1] totalActions:8] threads:[] witness:[[false false false false]]]
. Expected DISABLED
. Actual [str_value:"DISABLED"], len:1
    Action Link: Controller#0.Start
    Found matching Source Link: src:100 dest:97 name:"Controller#0.Start" weight:0.125 type:"action" 10:"\n\x12Controller#0.Start\x12\n\"DISABLED\""
  End of Request 250, current nodeId: 97, node: map[channel_messages:map[] channels:map[] current:0 failedInvariants:<nil> name:yield returns:{"Controller#0.Start":"DISABLED"} roles:[map[fields:map[attempts:5 current:1 fault:false generation:1 inspected:true phase:terminal proof:1 repair:0 repeats:2 reports:implementation,proof,review review:1 saved:5 status:REVIEWED_AND_PROVEN] name:Controller params:map[] ref:0 ref_string:Controller#0]] state:map[controller:role Controller#0] stats:map[counts:map[Controller#0.Inspect:1 Controller#0.Proof:1 Controller#0.Restart:1 Controller#0.Resume:2 Controller#0.Review:1 Controller#0.Start:2] totalActions:8] threads:[] witness:[[false false false false]]]
. Expected DISABLED
. Actual [str_value:"DISABLED"], len:1
    Action Link: Controller#0.Corrupt
    Found matching Source Link: src:97 dest:100 name:"Controller#0.Corrupt" weight:0.125 type:"action" 10:"\n\x14Controller#0.Corrupt\x12\n\"DISABLED\""
  End of Request 251, current nodeId: 100, node: map[channel_messages:map[] channels:map[] current:0 failedInvariants:<nil> name:yield returns:{"Controller#0.Corrupt":"DISABLED"} roles:[map[fields:map[attempts:5 current:1 fault:false generation:1 inspected:true phase:terminal proof:1 repair:0 repeats:2 reports:implementation,proof,review review:1 saved:5 status:REVIEWED_AND_PROVEN] name:Controller params:map[] ref:0 ref_string:Controller#0]] state:map[controller:role Controller#0] stats:map[counts:map[Controller#0.Corrupt:1 Controller#0.Inspect:1 Controller#0.Proof:1 Controller#0.Restart:1 Controller#0.Resume:2 Controller#0.Review:1 Controller#0.Start:1] totalActions:8] threads:[] witness:[[false false false false]]]
. Expected DISABLED
. Actual [str_value:"DISABLED"], len:1
    Action Link: Controller#0.Overlap
    Found matching Source Link: src:100 dest:104 name:"Controller#0.Overlap" weight:0.125 type:"action" 10:"\n\x14Controller#0.Overlap\x12\n\"DISABLED\""
  End of Request 252, current nodeId: 104, node: map[channel_messages:map[] channels:map[] current:0 failedInvariants:<nil> name:yield returns:{"Controller#0.Overlap":"DISABLED"} roles:[map[fields:map[attempts:5 current:1 fault:false generation:1 inspected:true phase:terminal proof:1 repair:0 repeats:2 reports:implementation,proof,review review:1 saved:5 status:REVIEWED_AND_PROVEN] name:Controller params:map[] ref:0 ref_string:Controller#0]] state:map[controller:role Controller#0] stats:map[counts:map[Controller#0.Inspect:1 Controller#0.Overlap:1 Controller#0.Proof:1 Controller#0.Restart:1 Controller#0.Resume:2 Controller#0.Review:1 Controller#0.Start:1] totalActions:8] threads:[] witness:[[false false false false]]]
. Expected DISABLED
. Actual [str_value:"DISABLED"], len:1
    Action Link: Controller#0.Start
    Found matching Source Link: src:104 dest:97 name:"Controller#0.Start" weight:0.125 type:"action" 10:"\n\x12Controller#0.Start\x12\n\"DISABLED\""
  End of Request 253, current nodeId: 97, node: map[channel_messages:map[] channels:map[] current:0 failedInvariants:<nil> name:yield returns:{"Controller#0.Start":"DISABLED"} roles:[map[fields:map[attempts:5 current:1 fault:false generation:1 inspected:true phase:terminal proof:1 repair:0 repeats:2 reports:implementation,proof,review review:1 saved:5 status:REVIEWED_AND_PROVEN] name:Controller params:map[] ref:0 ref_string:Controller#0]] state:map[controller:role Controller#0] stats:map[counts:map[Controller#0.Inspect:1 Controller#0.Proof:1 Controller#0.Restart:1 Controller#0.Resume:2 Controller#0.Review:1 Controller#0.Start:2] totalActions:8] threads:[] witness:[[false false false false]]]
. Expected DISABLED
. Actual [str_value:"DISABLED"], len:1
    Action Link: Controller#0.Inspect
    Found matching Source Link: src:97 dest:102 name:"Controller#0.Inspect" weight:0.125 type:"action" 10:"\n\x14Controller#0.Inspect\x12\n\"DISABLED\""
  End of Request 254, current nodeId: 102, node: map[channel_messages:map[] channels:map[] current:0 failedInvariants:<nil> name:yield returns:{"Controller#0.Inspect":"DISABLED"} roles:[map[fields:map[attempts:5 current:1 fault:false generation:1 inspected:true phase:terminal proof:1 repair:0 repeats:2 reports:implementation,proof,review review:1 saved:5 status:REVIEWED_AND_PROVEN] name:Controller params:map[] ref:0 ref_string:Controller#0]] state:map[controller:role Controller#0] stats:map[counts:map[Controller#0.Inspect:2 Controller#0.Proof:1 Controller#0.Restart:1 Controller#0.Resume:2 Controller#0.Review:1 Controller#0.Start:1] totalActions:8] threads:[] witness:[[false false false false]]]
. Expected DISABLED
. Actual [str_value:"DISABLED"], len:1
    Action Link: Controller#0.Corrupt
    Found matching Source Link: src:102 dest:100 name:"Controller#0.Corrupt" weight:0.125 type:"action" 10:"\n\x14Controller#0.Corrupt\x12\n\"DISABLED\""
  End of Request 255, current nodeId: 100, node: map[channel_messages:map[] channels:map[] current:0 failedInvariants:<nil> name:yield returns:{"Controller#0.Corrupt":"DISABLED"} roles:[map[fields:map[attempts:5 current:1 fault:false generation:1 inspected:true phase:terminal proof:1 repair:0 repeats:2 reports:implementation,proof,review review:1 saved:5 status:REVIEWED_AND_PROVEN] name:Controller params:map[] ref:0 ref_string:Controller#0]] state:map[controller:role Controller#0] stats:map[counts:map[Controller#0.Corrupt:1 Controller#0.Inspect:1 Controller#0.Proof:1 Controller#0.Restart:1 Controller#0.Resume:2 Controller#0.Review:1 Controller#0.Start:1] totalActions:8] threads:[] witness:[[false false false false]]]
. Expected DISABLED
. Actual [str_value:"DISABLED"], len:1
